Step,Action,Reasoning,Observation,Auxiliary_Observation,Reward,Done
0,ACTION6 x=21 y=42,manual,"State: NOT_FINISHED
Levels completed: 0/7
Action count: 0

========== Start of Direct Observation ==========
<grid_0>
[5, 5, 5, 5, 5, 5, 5, 5, 5, 5, 5, 5, 5, 5, 5, 5, 5, 5, 5, 5, 5, 5, 5, 5, 5, 5, 5, 5, 5, 5, 5, 5, 5, 5, 5, 5, 5, 5, 5, 5, 5, 5, 5, 5, 5, 5, 5, 5, 5, 5, 5, 5, 5, 5, 5, 5, 5, 5, 5, 5, 5, 5, 5, 5]
[5, 9, 9, 9, 9, 9, 9, 9, 9, 9, 9, 9, 9, 9, 9, 9, 9, 9, 9, 9, 9, 9, 9, 9, 9, 9, 9, 9, 9, 9, 9, 9, 9, 9, 9, 9, 9, 9, 9, 9, 9, 9, 9, 9, 9, 9, 9, 9, 9, 9, 9, 9, 9, 9, 9, 9, 9, 9, 9, 9, 9, 9, 5, 5]
[5, 5, 5, 5, 5, 5, 5, 5, 5, 5, 5, 5, 5, 5, 5, 5, 5, 5, 5, 5, 5, 5, 5, 5, 5, 5, 5, 5, 5, 5, 5, 5, 5, 5, 5, 5, 5, 5, 5, 5, 5, 5, 5, 5, 5, 5, 5, 5, 5, 5, 5, 5, 5, 5, 5, 5, 5, 5, 5, 5, 5, 5, 5, 5]
[5, 5, 5, 5, 5, 5, 5, 5, 5, 5, 5, 5, 5, 5, 5, 5, 5, 5, 5, 5, 5, 5, 5, 5, 5, 5, 5, 5, 5, 5, 5, 5, 5, 5, 5, 5, 5, 5, 5, 5, 5, 5, 5, 5, 5, 5, 5, 5, 5, 5, 5, 5, 5, 5, 5, 5, 5, 5, 5, 5, 5, 5, 5, 5]
[5, 5, 5, 5, 5, 5, 5, 5, 5, 5, 5, 5, 5, 5, 5, 5, 5, 5, 5, 5, 5, 5, 5, 5, 5, 5, 5, 5, 5, 5, 5, 5, 5, 5, 5, 5, 5, 5, 5, 5, 5, 5, 5, 5, 5, 5, 5, 5, 5, 5, 5, 5, 5, 5, 5, 5, 5, 5, 5, 5, 5, 5, 5, 5]
[5, 5, 5, 5, 5, 5, 5, 5, 5, 5, 5, 5, 5, 5, 5, 5, 5, 5, 5, 5, 5, 5, 5, 5, 5, 5, 5, 5, 5, 5, 5, 5, 5, 5, 5, 5, 5, 5, 5, 5, 5, 5, 5, 5, 5, 5, 5, 5, 5, 5, 5, 5, 5, 5, 5, 5, 5, 5, 5, 5, 5, 5, 5, 5]
[5, 5, 5, 5, 5, 5, 5, 5, 5, 5, 5, 5, 5, 5, 5, 5, 5, 5, 5, 5, 5, 5, 5, 5, 5, 5, 5, 5, 5, 5, 5, 5, 5, 5, 5, 5, 5, 5, 5, 5, 5, 5, 5, 5, 5, 5, 5, 5, 5, 5, 5, 5, 5, 5, 5, 5, 5, 5, 5, 5, 5, 5, 5, 5]
[5, 5, 5, 5, 5, 5, 5, 5, 5, 5, 5, 5, 5, 5, 5, 5, 5, 5, 5, 5, 5, 5, 5, 5, 5, 5, 5, 5, 5, 5, 5, 5, 5, 5, 5, 5, 5, 5, 5, 5, 5, 5, 5, 5, 5, 5, 5, 5, 5, 5, 5, 5, 5, 5, 5, 5, 5, 5, 5, 5, 5, 5, 5, 5]
[5, 5, 5, 5, 5, 5, 5, 5, 5, 5, 5, 5, 5, 0, 0, 0, 0, 0, 0, 0, 0, 0, 0, 0, 0, 0, 0, 0, 0, 0, 0, 0, 0, 0, 0, 0, 0, 0, 0, 0, 0, 0, 0, 0, 0, 0, 0, 0, 0, 0, 0, 5, 5, 5, 5, 5, 5, 5, 5, 5, 5, 5, 5, 5]
[5, 5, 5, 5, 5, 5, 5, 5, 5, 5, 5, 5, 5, 0, 5, 5, 5, 5, 4, 4, 4, 4, 5, 5, 5, 5, 4, 4, 4, 4, 5, 5, 5, 5, 4, 4, 4, 4, 5, 5, 5, 5, 4, 4, 4, 4, 5, 5, 5, 5, 0, 5, 5, 5, 5, 5, 5, 5, 5, 5, 5, 5, 5, 5]
[5, 5, 5, 5, 5, 5, 5, 5, 5, 5, 5, 5, 5, 0, 5, 5, 5, 5, 4, 4, 4, 4, 5, 5, 5, 5, 4, 4, 4, 4, 5, 5, 5, 5, 4, 4, 4, 4, 5, 5, 5, 5, 4, 4, 4, 4, 5, 5, 5, 5, 0, 5, 5, 5, 5, 5, 5, 5, 5, 5, 5, 5, 5, 5]
[5, 5, 5, 5, 5, 5, 5, 5, 5, 5, 5, 5, 5, 0, 5, 5, 5, 5, 4, 4, 4, 4, 5, 5, 5, 5, 4, 4, 4, 4, 5, 5, 5, 5, 4, 4, 4, 4, 5, 5, 5, 5, 4, 4, 4, 4, 5, 5, 5, 5, 0, 5, 5, 5, 5, 5, 5, 5, 5, 5, 5, 5, 5, 5]
[5, 5, 5, 5, 5, 5, 5, 5, 5, 5, 5, 5, 5, 0, 5, 5, 5, 5, 4, 4, 4, 4, 5, 5, 5, 5, 4, 4, 4, 4, 5, 5, 5, 5, 4, 4, 4, 4, 5, 5, 5, 5, 4, 4, 4, 4, 5, 5, 5, 5, 0, 5, 5, 5, 5, 5, 5, 5, 5, 5, 5, 5, 5, 5]
[5, 5, 5, 5, 5, 5, 5, 5, 5, 5, 5, 5, 5, 0, 4, 4, 4, 4, 5, 5, 5, 5, 4, 4, 4, 4, 5, 5, 5, 5, 11, 11, 11, 11, 5, 5, 5, 5, 4, 4, 4, 4, 5, 5, 5, 5, 4, 4, 4, 4, 0, 5, 5, 5, 5, 5, 5, 5, 5, 5, 5, 5, 5, 5]
[5, 5, 5, 5, 5, 5, 5, 5, 5, 5, 5, 5, 5, 0, 4, 4, 4, 4, 5, 5, 5, 5, 4, 4, 4, 4, 5, 5, 5, 5, 11, 11, 11, 11, 5, 5, 5, 5, 4, 4, 4, 4, 5, 5, 5, 5, 4, 4, 4, 4, 0, 5, 5, 5, 5, 5, 5, 5, 5, 5, 5, 5, 5, 5]
[5, 5, 5, 5, 5, 5, 5, 5, 5, 5, 5, 5, 5, 0, 4, 4, 4, 4, 5, 5, 5, 5, 4, 4, 4, 4, 5, 5, 5, 5, 11, 11, 11, 11, 5, 5, 5, 5, 4, 4, 4, 4, 5, 5, 5, 5, 4, 4, 4, 4, 0, 5, 5, 5, 5, 5, 5, 5, 5, 5, 5, 5, 5, 5]
[5, 5, 5, 5, 5, 5, 5, 5, 5, 5, 5, 5, 5, 0, 4, 4, 4, 4, 5, 5, 5, 5, 4, 4, 4, 4, 5, 5, 5, 5, 11, 4, 4, 11, 5, 5, 5, 5, 4, 4, 4, 4, 5, 5, 5, 5, 4, 4, 4, 4, 0, 5, 5, 5, 5, 5, 5, 5, 5, 5, 5, 5, 5, 5]
[5, 5, 5, 5, 5, 5, 5, 5, 5, 5, 5, 5, 5, 0, 5, 5, 5, 5, 4, 4, 4, 4, 5, 5, 5, 5, 4, 4, 4, 4, 5, 5, 5, 5, 4, 4, 4, 4, 5, 5, 5, 5, 4, 4, 4, 4, 5, 5, 5, 5, 0, 5, 5, 5, 5, 5, 5, 5, 5, 5, 5, 5, 5, 5]
[5, 5, 5, 5, 5, 5, 5, 5, 5, 5, 5, 5, 5, 0, 5, 5, 5, 5, 4, 4, 4, 4, 5, 5, 5, 5, 4, 4, 4, 4, 5, 5, 5, 5, 4, 4, 4, 4, 5, 5, 5, 5, 4, 4, 4, 4, 5, 5, 5, 5, 0, 5, 5, 5, 5, 5, 5, 5, 5, 5, 5, 5, 5, 5]
[5, 5, 5, 5, 5, 5, 5, 5, 5, 5, 5, 5, 5, 0, 5, 5, 5, 5, 4, 4, 4, 4, 5, 5, 5, 5, 4, 4, 4, 4, 5, 5, 5, 5, 4, 4, 4, 4, 5, 5, 5, 5, 4, 4, 4, 4, 5, 5, 5, 5, 0, 5, 5, 5, 5, 5, 5, 5, 5, 5, 5, 5, 5, 5]
[5, 5, 5, 5, 5, 5, 5, 5, 5, 5, 5, 5, 5, 0, 5, 5, 5, 5, 4, 4, 4, 4, 5, 5, 5, 5, 4, 4, 4, 4, 5, 5, 5, 5, 4, 4, 4, 4, 5, 5, 5, 5, 4, 4, 4, 4, 5, 5, 5, 5, 0, 5, 5, 5, 5, 5, 5, 5, 5, 5, 5, 5, 5, 5]
[5, 5, 5, 5, 5, 5, 5, 5, 5, 5, 5, 5, 5, 0, 4, 4, 4, 4, 5, 5, 5, 5, 4, 4, 4, 4, 5, 5, 5, 5, 4, 4, 4, 4, 5, 5, 5, 5, 4, 4, 4, 4, 5, 5, 5, 5, 4, 4, 4, 4, 0, 5, 5, 5, 5, 5, 5, 5, 5, 5, 5, 5, 5, 5]
[5, 5, 5, 5, 5, 5, 5, 5, 5, 5, 5, 5, 5, 0, 4, 4, 4, 4, 5, 5, 5, 5, 4, 4, 4, 4, 5, 5, 5, 5, 4, 4, 4, 4, 5, 5, 5, 5, 4, 4, 4, 4, 5, 5, 5, 5, 4, 4, 4, 4, 0, 5, 5, 5, 5, 5, 5, 5, 5, 5, 5, 5, 5, 5]
[5, 5, 5, 5, 5, 5, 5, 5, 5, 5, 5, 5, 5, 0, 4, 4, 4, 4, 5, 5, 5, 5, 4, 4, 4, 4, 5, 5, 5, 5, 4, 4, 4, 4, 5, 5, 5, 5, 4, 4, 4, 4, 5, 5, 5, 5, 4, 4, 4, 4, 0, 5, 5, 5, 5, 5, 5, 5, 5, 5, 5, 5, 5, 5]
[5, 5, 5, 5, 5, 5, 5, 5, 5, 5, 5, 5, 5, 0, 4, 4, 4, 4, 5, 5, 5, 5, 4, 4, 4, 4, 5, 5, 5, 5, 4, 4, 4, 4, 5, 5, 5, 5, 4, 4, 4, 4, 5, 5, 5, 5, 4, 4, 4, 4, 0, 5, 5, 5, 5, 5, 5, 5, 5, 5, 5, 5, 5, 5]
[5, 5, 5, 5, 5, 5, 5, 5, 5, 5, 5, 5, 5, 0, 5, 5, 5, 5, 4, 4, 4, 4, 5, 5, 5, 5, 4, 4, 4, 4, 5, 5, 5, 5, 4, 4, 4, 4, 5, 5, 5, 5, 4, 4, 4, 4, 5, 5, 5, 5, 0, 5, 5, 5, 5, 5, 5, 5, 5, 5, 5, 5, 5, 5]
[5, 5, 5, 5, 5, 5, 5, 5, 5, 5, 5, 5, 5, 0, 5, 5, 5, 5, 4, 4, 4, 4, 5, 5, 5, 5, 4, 4, 4, 4, 5, 5, 5, 5, 4, 4, 4, 4, 5, 5, 5, 5, 4, 4, 4, 4, 5, 5, 5, 5, 0, 5, 5, 5, 5, 5, 5, 5, 5, 5, 5, 5, 5, 5]
[5, 5, 5, 5, 5, 5, 5, 5, 5, 5, 5, 5, 5, 0, 5, 5, 5, 5, 4, 4, 4, 4, 5, 5, 5, 5, 4, 4, 4, 4, 5, 5, 5, 5, 4, 4, 4, 4, 5, 5, 5, 5, 4, 4, 4, 4, 5, 5, 5, 5, 0, 5, 5, 5, 5, 5, 5, 5, 5, 5, 5, 5, 5, 5]
[5, 5, 5, 5, 5, 5, 5, 5, 5, 5, 5, 5, 5, 0, 5, 5, 5, 5, 4, 4, 4, 4, 5, 5, 5, 5, 4, 4, 4, 4, 5, 5, 5, 5, 4, 4, 4, 4, 5, 5, 5, 5, 4, 4, 4, 4, 5, 5, 5, 5, 0, 5, 5, 5, 5, 5, 5, 5, 5, 5, 5, 5, 5, 5]
[5, 5, 5, 5, 5, 5, 5, 5, 5, 5, 5, 5, 5, 0, 4, 4, 4, 4, 5, 5, 5, 5, 4, 4, 4, 4, 5, 5, 5, 5, 4, 4, 4, 4, 5, 5, 5, 5, 4, 4, 4, 4, 5, 5, 5, 5, 4, 4, 4, 4, 0, 5, 5, 5, 5, 5, 5, 5, 5, 5, 5, 5, 5, 5]
[5, 5, 5, 5, 5, 5, 5, 5, 5, 5, 5, 5, 5, 0, 4, 4, 4, 4, 5, 5, 5, 5, 4, 4, 4, 4, 5, 5, 5, 5, 4, 4, 4, 4, 5, 5, 5, 5, 4, 4, 4, 4, 5, 5, 5, 5, 4, 4, 4, 4, 0, 5, 5, 5, 5, 5, 5, 5, 5, 5, 5, 5, 5, 5]
[5, 5, 5, 5, 5, 5, 5, 5, 5, 5, 5, 5, 5, 0, 4, 4, 4, 4, 5, 5, 5, 5, 4, 4, 4, 4, 5, 5, 5, 5, 4, 4, 4, 4, 5, 5, 5, 5, 4, 4, 4, 4, 5, 5, 5, 5, 4, 4, 4, 4, 0, 5, 5, 5, 5, 5, 5, 5, 5, 5, 5, 5, 5, 5]
[5, 5, 5, 5, 5, 5, 5, 5, 5, 5, 5, 5, 5, 0, 4, 4, 4, 4, 5, 5, 5, 5, 4, 4, 4, 4, 5, 5, 5, 5, 4, 4, 4, 4, 5, 5, 5, 5, 4, 4, 4, 4, 5, 5, 5, 5, 4, 4, 4, 4, 0, 5, 5, 5, 5, 5, 5, 5, 5, 5, 5, 5, 5, 5]
[5, 5, 5, 5, 5, 5, 5, 5, 5, 5, 5, 5, 5, 0, 5, 5, 5, 5, 4, 4, 4, 4, 5, 5, 5, 5, 4, 4, 4, 11, 5, 5, 5, 5, 11, 4, 4, 4, 5, 5, 5, 5, 4, 4, 4, 4, 5, 5, 5, 5, 0, 5, 5, 5, 5, 5, 5, 5, 5, 5, 5, 5, 5, 5]
[5, 5, 5, 5, 5, 5, 5, 5, 5, 5, 5, 5, 5, 0, 5, 5, 5, 5, 4, 4, 4, 4, 5, 5, 5, 5, 4, 4, 4, 11, 5, 5, 5, 5, 11, 4, 4, 4, 5, 5, 5, 5, 4, 4, 4, 4, 5, 5, 5, 5, 0, 5, 5, 5, 5, 5, 5, 5, 5, 5, 5, 5, 5, 5]
[5, 5, 5, 5, 5, 5, 5, 5, 5, 5, 5, 5, 5, 0, 5, 5, 5, 5, 4, 4, 4, 4, 5, 5, 5, 5, 4, 4, 4, 11, 5, 5, 5, 5, 11, 4, 4, 4, 5, 5, 5, 5, 4, 4, 4, 4, 5, 5, 5, 5, 0, 5, 5, 5, 5, 5, 5, 5, 5, 5, 5, 5, 5, 5]
[5, 5, 5, 5, 5, 5, 5, 5, 5, 5, 5, 5, 5, 0, 5, 5, 5, 5, 4, 4, 4, 4, 5, 5, 5, 5, 4, 4, 4, 11, 5, 11, 11, 5, 11, 4, 4, 4, 5, 5, 5, 5, 4, 4, 4, 4, 5, 5, 5, 5, 0, 5, 5, 5, 5, 5, 5, 5, 5, 5, 5, 5, 5, 5]
[5, 5, 5, 5, 5, 5, 5, 5, 5, 5, 5, 5, 5, 0, 4, 4, 4, 4, 5, 5, 5, 5, 4, 4, 4, 4, 5, 5, 5, 11, 11, 11, 11, 11, 11, 5, 5, 5, 4, 4, 4, 4, 5, 5, 5, 5, 4, 4, 4, 4, 0, 5, 5, 5, 5, 5, 5, 5, 5, 5, 5, 5, 5, 5]
[5, 5, 5, 5, 5, 5, 5, 5, 5, 5, 5, 5, 5, 0, 4, 4, 4, 4, 5, 5, 5, 5, 4, 4, 4, 4, 5, 5, 5, 5, 4, 4, 4, 4, 5, 5, 5, 5, 4, 4, 4, 4, 5, 5, 5, 5, 4, 4, 4, 4, 0, 5, 5, 5, 5, 5, 5, 5, 5, 5, 5, 5, 5, 5]
[5, 5, 5, 5, 5, 5, 5, 5, 5, 5, 5, 5, 5, 0, 4, 4, 4, 4, 5, 5, 5, 5, 4, 4, 4, 4, 5, 5, 5, 5, 4, 4, 4, 4, 5, 5, 5, 5, 4, 4, 4, 4, 5, 5, 5, 5, 4, 4, 4, 4, 0, 5, 5, 5, 5, 5, 5, 5, 5, 5, 5, 5, 5, 5]
[5, 5, 5, 5, 5, 5, 5, 5, 5, 5, 5, 5, 5, 0, 4, 4, 4, 4, 5, 5, 5, 5, 4, 4, 4, 4, 5, 5, 5, 5, 4, 4, 4, 4, 5, 5, 5, 5, 4, 4, 4, 4, 5, 5, 5, 5, 4, 4, 4, 4, 0, 5, 5, 5, 5, 5, 5, 5, 5, 5, 5, 5, 5, 5]
[5, 5, 5, 5, 5, 5, 5, 5, 5, 5, 5, 5, 5, 0, 0, 0, 0, 0, 0, 0, 0, 0, 0, 0, 0, 0, 0, 0, 0, 0, 0, 0, 0, 0, 0, 0, 0, 0, 0, 0, 0, 0, 0, 0, 0, 0, 0, 0, 0, 0, 0, 5, 5, 5, 5, 5, 5, 5, 5, 5, 5, 5, 5, 5]
[5, 5, 5, 5, 5, 5, 5, 5, 5, 5, 5, 5, 5, 0, 0, 0, 0, 0, 0, 0, 5, 5, 5, 0, 0, 1, 1, 1, 0, 0, 5, 5, 5, 0, 0, 1, 1, 1, 0, 0, 1, 1, 1, 0, 0, 0, 0, 0, 0, 0, 0, 5, 5, 5, 5, 5, 5, 5, 5, 5, 5, 5, 5, 5]
[5, 5, 5, 5, 5, 5, 5, 5, 5, 5, 5, 5, 5, 0, 0, 0, 0, 0, 0, 0, 0, 0, 0, 0, 0, 0, 0, 0, 0, 0, 0, 0, 0, 0, 0, 0, 0, 0, 0, 0, 0, 0, 0, 0, 0, 0, 0, 0, 0, 0, 0, 5, 5, 5, 5, 5, 5, 5, 5, 5, 5, 5, 5, 5]
[5, 5, 5, 5, 5, 5, 5, 5, 5, 5, 5, 5, 5, 0, 0, 0, 0, 0, 0, 0, 0, 5, 0, 0, 0, 0, 1, 0, 0, 0, 0, 5, 0, 0, 0, 0, 1, 0, 0, 0, 0, 1, 0, 0, 0, 0, 0, 0, 0, 0, 0, 5, 5, 5, 5, 5, 5, 5, 5, 5, 5, 5, 5, 5]
[5, 5, 5, 5, 5, 5, 5, 5, 5, 5, 5, 5, 5, 0, 0, 0, 0, 0, 0, 0, 0, 5, 0, 0, 0, 0, 1, 0, 0, 0, 0, 5, 0, 0, 0, 0, 1, 0, 0, 0, 0, 1, 0, 0, 0, 0, 0, 0, 0, 0, 0, 5, 5, 5, 5, 5, 5, 5, 5, 5, 5, 5, 5, 5]
[5, 5, 5, 5, 5, 5, 5, 5, 5, 5, 5, 5, 5, 0, 0, 0, 0, 0, 0, 0, 0, 5, 0, 0, 0, 0, 1, 0, 0, 0, 0, 5, 0, 0, 0, 0, 1, 0, 0, 0, 0, 1, 0, 0, 0, 0, 0, 0, 0, 0, 0, 5, 5, 5, 5, 5, 5, 5, 5, 5, 5, 5, 5, 5]
[5, 5, 5, 5, 5, 5, 5, 5, 5, 5, 5, 5, 5, 0, 0, 0, 0, 0, 0, 0, 0, 0, 0, 0, 0, 0, 0, 0, 0, 0, 0, 0, 0, 0, 0, 0, 0, 0, 0, 0, 0, 0, 0, 0, 0, 0, 0, 0, 0, 0, 0, 5, 5, 5, 5, 5, 5, 5, 5, 5, 5, 5, 5, 5]
[5, 5, 5, 5, 5, 5, 5, 5, 5, 5, 5, 5, 5, 5, 5, 5, 5, 5, 5, 5, 5, 5, 5, 5, 5, 5, 5, 5, 5, 5, 5, 5, 5, 5, 5, 5, 5, 5, 5, 5, 5, 5, 5, 5, 5, 5, 5, 5, 0, 5, 5, 5, 5, 5, 5, 5, 5, 5, 5, 5, 5, 5, 5, 5]
[5, 5, 5, 5, 5, 5, 5, 5, 5, 5, 5, 5, 5, 5, 5, 5, 5, 5, 5, 5, 5, 5, 5, 5, 5, 5, 5, 5, 5, 5, 5, 5, 5, 5, 5, 5, 0, 0, 0, 0, 0, 0, 0, 0, 0, 0, 0, 0, 0, 5, 5, 5, 5, 5, 5, 5, 5, 5, 5, 5, 5, 5, 5, 5]
[5, 5, 5, 5, 5, 5, 5, 5, 5, 5, 5, 5, 5, 5, 5, 5, 5, 5, 5, 5, 5, 5, 5, 5, 5, 5, 5, 5, 5, 5, 5, 5, 5, 5, 5, 5, 0, 5, 5, 5, 5, 5, 5, 5, 5, 5, 5, 5, 5, 5, 5, 5, 5, 5, 5, 5, 5, 5, 5, 5, 5, 5, 5, 5]
[5, 5, 5, 5, 5, 5, 5, 5, 5, 5, 5, 5, 5, 5, 5, 5, 5, 5, 5, 5, 5, 5, 5, 5, 5, 5, 5, 5, 5, 5, 5, 5, 5, 5, 9, 9, 9, 9, 9, 5, 5, 5, 5, 5, 5, 5, 5, 5, 5, 5, 5, 5, 5, 5, 5, 5, 5, 5, 5, 5, 5, 5, 5, 5]
[5, 5, 5, 5, 5, 5, 5, 5, 5, 5, 5, 5, 5, 5, 5, 5, 5, 5, 5, 5, 5, 5, 5, 5, 5, 5, 5, 5, 5, 5, 5, 5, 5, 9, 9, 9, 9, 9, 9, 9, 5, 5, 5, 5, 5, 5, 5, 5, 5, 5, 5, 5, 5, 5, 5, 5, 5, 5, 5, 5, 5, 5, 5, 5]
[5, 5, 5, 5, 5, 5, 5, 5, 5, 5, 5, 5, 5, 5, 5, 5, 5, 5, 5, 5, 5, 5, 5, 5, 5, 5, 5, 5, 5, 5, 5, 5, 9, 9, 9, 9, 9, 9, 9, 9, 9, 5, 5, 5, 5, 5, 5, 5, 5, 5, 5, 5, 5, 5, 5, 5, 5, 5, 5, 5, 5, 5, 5, 5]
[5, 5, 5, 5, 5, 5, 5, 5, 5, 5, 5, 5, 5, 5, 5, 5, 5, 5, 5, 5, 5, 5, 5, 5, 5, 5, 5, 5, 5, 5, 5, 5, 9, 9, 9, 9, 9, 9, 9, 9, 9, 5, 5, 5, 5, 5, 5, 5, 5, 5, 5, 5, 5, 5, 5, 5, 5, 5, 5, 5, 5, 5, 5, 5]
[5, 5, 5, 5, 5, 5, 5, 5, 5, 5, 5, 5, 5, 5, 5, 5, 5, 5, 5, 5, 5, 5, 5, 5, 5, 5, 5, 5, 5, 5, 5, 5, 9, 9, 9, 9, 9, 9, 9, 9, 9, 5, 5, 5, 5, 5, 5, 5, 5, 5, 5, 5, 5, 5, 5, 5, 5, 5, 5, 5, 5, 5, 5, 5]
[5, 5, 5, 5, 5, 5, 5, 5, 5, 5, 5, 5, 5, 5, 5, 5, 5, 5, 5, 5, 5, 5, 5, 5, 5, 5, 5, 5, 5, 5, 5, 5, 9, 9, 9, 9, 9, 9, 9, 9, 9, 5, 5, 5, 5, 5, 5, 5, 5, 5, 5, 5, 5, 5, 5, 5, 5, 5, 5, 5, 5, 5, 5, 5]
[5, 5, 5, 5, 5, 5, 5, 5, 5, 5, 5, 5, 5, 5, 5, 5, 5, 5, 5, 5, 5, 5, 5, 5, 5, 5, 5, 5, 5, 5, 5, 5, 9, 9, 9, 9, 9, 9, 9, 9, 9, 5, 5, 5, 5, 5, 5, 5, 5, 5, 5, 5, 5, 5, 5, 5, 5, 5, 5, 5, 5, 5, 5, 5]
[5, 5, 5, 5, 5, 5, 5, 5, 5, 5, 5, 5, 5, 5, 5, 5, 5, 5, 5, 5, 5, 5, 5, 5, 5, 5, 5, 5, 5, 5, 5, 5, 5, 9, 9, 9, 9, 9, 9, 9, 5, 5, 5, 5, 5, 5, 5, 5, 5, 5, 5, 5, 5, 5, 5, 5, 5, 5, 5, 5, 5, 5, 5, 5]
[5, 5, 5, 5, 5, 5, 5, 5, 5, 5, 5, 5, 5, 5, 5, 5, 5, 5, 5, 5, 5, 5, 5, 5, 5, 5, 5, 5, 5, 5, 5, 5, 5, 5, 9, 9, 9, 9, 9, 5, 5, 5, 5, 5, 5, 5, 5, 5, 5, 5, 5, 5, 5, 5, 5, 5, 5, 5, 5, 5, 5, 5, 5, 5]
[5, 5, 5, 5, 5, 5, 5, 5, 5, 5, 5, 5, 5, 5, 5, 5, 5, 5, 5, 5, 5, 5, 5, 5, 5, 5, 5, 5, 5, 5, 5, 5, 5, 5, 5, 5, 5, 5, 5, 5, 5, 5, 5, 5, 5, 5, 5, 5, 5, 5, 5, 5, 5, 5, 5, 5, 5, 5, 5, 5, 5, 5, 5, 5]
[5, 5, 5, 5, 5, 5, 5, 5, 5, 5, 5, 5, 5, 5, 5, 5, 5, 5, 5, 5, 5, 5, 5, 5, 5, 5, 5, 5, 5, 5, 5, 5, 5, 5, 5, 5, 5, 5, 5, 5, 5, 5, 5, 5, 5, 5, 5, 5, 5, 5, 5, 5, 5, 5, 5, 5, 5, 5, 5, 5, 5, 5, 5, 5]
[5, 5, 5, 5, 5, 5, 5, 5, 5, 5, 5, 5, 5, 5, 5, 5, 5, 5, 5, 5, 5, 5, 5, 5, 5, 5, 5, 5, 5, 5, 5, 5, 5, 5, 5, 5, 5, 5, 5, 5, 5, 5, 5, 5, 5, 5, 5, 5, 5, 5, 5, 5, 5, 5, 5, 5, 5, 5, 5, 5, 5, 5, 5, 5]
[5, 5, 5, 5, 5, 5, 5, 5, 5, 5, 5, 5, 5, 5, 5, 5, 5, 5, 5, 5, 5, 5, 5, 5, 5, 5, 5, 5, 5, 5, 5, 5, 5, 5, 5, 5, 5, 5, 5, 5, 5, 5, 5, 5, 5, 5, 5, 5, 5, 5, 5, 5, 5, 5, 5, 5, 5, 5, 5, 5, 5, 5, 5, 5]
</grid_0>
",,0.0,False
1,ACTION6 x=21 y=42,manual,"State: NOT_FINISHED
Levels completed: 0/7
Action count: 1

========== Start of Direct Observation ==========
<grid_0>
[5, 5, 5, 5, 5, 5, 5, 5, 5, 5, 5, 5, 5, 5, 5, 5, 5, 5, 5, 5, 5, 5, 5, 5, 5, 5, 5, 5, 5, 5, 5, 5, 5, 5, 5, 5, 5, 5, 5, 5, 5, 5, 5, 5, 5, 5, 5, 5, 5, 5, 5, 5, 5, 5, 5, 5, 5, 5, 5, 5, 5, 5, 5, 5]
[5, 9, 9, 9, 9, 9, 9, 9, 9, 9, 9, 9, 9, 9, 9, 9, 9, 9, 9, 9, 9, 9, 9, 9, 9, 9, 9, 9, 9, 9, 9, 9, 9, 9, 9, 9, 9, 9, 9, 9, 9, 9, 9, 9, 9, 9, 9, 9, 9, 9, 9, 9, 9, 9, 9, 9, 9, 9, 9, 9, 9, 3, 5, 5]
[5, 5, 5, 5, 5, 5, 5, 5, 5, 5, 5, 5, 5, 5, 5, 5, 5, 5, 5, 5, 5, 5, 5, 5, 5, 5, 5, 5, 5, 5, 5, 5, 5, 5, 5, 5, 5, 5, 5, 5, 5, 5, 5, 5, 5, 5, 5, 5, 5, 5, 5, 5, 5, 5, 5, 5, 5, 5, 5, 5, 5, 5, 5, 5]
[5, 5, 5, 5, 5, 5, 5, 5, 5, 5, 5, 5, 5, 5, 5, 5, 5, 5, 5, 5, 5, 5, 5, 5, 5, 5, 5, 5, 5, 5, 5, 5, 5, 5, 5, 5, 5, 5, 5, 5, 5, 5, 5, 5, 5, 5, 5, 5, 5, 5, 5, 5, 5, 5, 5, 5, 5, 5, 5, 5, 5, 5, 5, 5]
[5, 5, 5, 5, 5, 5, 5, 5, 5, 5, 5, 5, 5, 5, 5, 5, 5, 5, 5, 5, 5, 5, 5, 5, 5, 5, 5, 5, 5, 5, 5, 5, 5, 5, 5, 5, 5, 5, 5, 5, 5, 5, 5, 5, 5, 5, 5, 5, 5, 5, 5, 5, 5, 5, 5, 5, 5, 5, 5, 5, 5, 5, 5, 5]
[5, 5, 5, 5, 5, 5, 5, 5, 5, 5, 5, 5, 5, 5, 5, 5, 5, 5, 5, 5, 5, 5, 5, 5, 5, 5, 5, 5, 5, 5, 5, 5, 5, 5, 5, 5, 5, 5, 5, 5, 5, 5, 5, 5, 5, 5, 5, 5, 5, 5, 5, 5, 5, 5, 5, 5, 5, 5, 5, 5, 5, 5, 5, 5]
[5, 5, 5, 5, 5, 5, 5, 5, 5, 5, 5, 5, 5, 5, 5, 5, 5, 5, 5, 5, 5, 5, 5, 5, 5, 5, 5, 5, 5, 5, 5, 5, 5, 5, 5, 5, 5, 5, 5, 5, 5, 5, 5, 5, 5, 5, 5, 5, 5, 5, 5, 5, 5, 5, 5, 5, 5, 5, 5, 5, 5, 5, 5, 5]
[5, 5, 5, 5, 5, 5, 5, 5, 5, 5, 5, 5, 5, 5, 5, 5, 5, 5, 5, 5, 5, 5, 5, 5, 5, 5, 5, 5, 5, 5, 5, 5, 5, 5, 5, 5, 5, 5, 5, 5, 5, 5, 5, 5, 5, 5, 5, 5, 5, 5, 5, 5, 5, 5, 5, 5, 5, 5, 5, 5, 5, 5, 5, 5]
[5, 5, 5, 5, 5, 5, 5, 5, 5, 5, 5, 5, 5, 0, 0, 0, 0, 0, 0, 0, 0, 0, 0, 0, 0, 0, 0, 0, 0, 0, 0, 0, 0, 0, 0, 0, 0, 0, 0, 0, 0, 0, 0, 0, 0, 0, 0, 0, 0, 0, 0, 5, 5, 5, 5, 5, 5, 5, 5, 5, 5, 5, 5, 5]
[5, 5, 5, 5, 5, 5, 5, 5, 5, 5, 5, 5, 5, 0, 5, 5, 5, 5, 4, 4, 4, 4, 5, 5, 5, 5, 4, 4, 4, 4, 5, 5, 5, 5, 4, 4, 4, 4, 5, 5, 5, 5, 4, 4, 4, 4, 5, 5, 5, 5, 0, 5, 5, 5, 5, 5, 5, 5, 5, 5, 5, 5, 5, 5]
[5, 5, 5, 5, 5, 5, 5, 5, 5, 5, 5, 5, 5, 0, 5, 5, 5, 5, 4, 4, 4, 4, 5, 5, 5, 5, 4, 4, 4, 4, 5, 5, 5, 5, 4, 4, 4, 4, 5, 5, 5, 5, 4, 4, 4, 4, 5, 5, 5, 5, 0, 5, 5, 5, 5, 5, 5, 5, 5, 5, 5, 5, 5, 5]
[5, 5, 5, 5, 5, 5, 5, 5, 5, 5, 5, 5, 5, 0, 5, 5, 5, 5, 4, 4, 4, 4, 5, 5, 5, 5, 4, 4, 4, 4, 5, 5, 5, 5, 4, 4, 4, 4, 5, 5, 5, 5, 4, 4, 4, 4, 5, 5, 5, 5, 0, 5, 5, 5, 5, 5, 5, 5, 5, 5, 5, 5, 5, 5]
[5, 5, 5, 5, 5, 5, 5, 5, 5, 5, 5, 5, 5, 0, 5, 5, 5, 5, 4, 4, 4, 4, 5, 5, 5, 5, 4, 4, 4, 4, 5, 5, 5, 5, 4, 4, 4, 4, 5, 5, 5, 5, 4, 4, 4, 4, 5, 5, 5, 5, 0, 5, 5, 5, 5, 5, 5, 5, 5, 5, 5, 5, 5, 5]
[5, 5, 5, 5, 5, 5, 5, 5, 5, 5, 5, 5, 5, 0, 4, 4, 4, 4, 5, 5, 5, 5, 4, 4, 4, 4, 5, 5, 5, 5, 11, 11, 11, 11, 5, 5, 5, 5, 4, 4, 4, 4, 5, 5, 5, 5, 4, 4, 4, 4, 0, 5, 5, 5, 5, 5, 5, 5, 5, 5, 5, 5, 5, 5]
[5, 5, 5, 5, 5, 5, 5, 5, 5, 5, 5, 5, 5, 0, 4, 4, 4, 4, 5, 5, 5, 5, 4, 4, 4, 4, 5, 5, 5, 5, 11, 11, 11, 11, 5, 5, 5, 5, 4, 4, 4, 4, 5, 5, 5, 5, 4, 4, 4, 4, 0, 5, 5, 5, 5, 5, 5, 5, 5, 5, 5, 5, 5, 5]
[5, 5, 5, 5, 5, 5, 5, 5, 5, 5, 5, 5, 5, 0, 4, 4, 4, 4, 5, 5, 5, 5, 4, 4, 4, 4, 5, 5, 5, 5, 11, 11, 11, 11, 5, 5, 5, 5, 4, 4, 4, 4, 5, 5, 5, 5, 4, 4, 4, 4, 0, 5, 5, 5, 5, 5, 5, 5, 5, 5, 5, 5, 5, 5]
[5, 5, 5, 5, 5, 5, 5, 5, 5, 5, 5, 5, 5, 0, 4, 4, 4, 4, 5, 5, 5, 5, 4, 4, 4, 4, 5, 5, 5, 5, 11, 4, 4, 11, 5, 5, 5, 5, 4, 4, 4, 4, 5, 5, 5, 5, 4, 4, 4, 4, 0, 5, 5, 5, 5, 5, 5, 5, 5, 5, 5, 5, 5, 5]
[5, 5, 5, 5, 5, 5, 5, 5, 5, 5, 5, 5, 5, 0, 5, 5, 5, 5, 4, 4, 4, 4, 5, 5, 5, 5, 4, 4, 4, 4, 5, 5, 5, 5, 4, 4, 4, 4, 5, 5, 5, 5, 4, 4, 4, 4, 5, 5, 5, 5, 0, 5, 5, 5, 5, 5, 5, 5, 5, 5, 5, 5, 5, 5]
[5, 5, 5, 5, 5, 5, 5, 5, 5, 5, 5, 5, 5, 0, 5, 5, 5, 5, 4, 4, 4, 4, 5, 5, 5, 5, 4, 4, 4, 4, 5, 5, 5, 5, 4, 4, 4, 4, 5, 5, 5, 5, 4, 4, 4, 4, 5, 5, 5, 5, 0, 5, 5, 5, 5, 5, 5, 5, 5, 5, 5, 5, 5, 5]
[5, 5, 5, 5, 5, 5, 5, 5, 5, 5, 5, 5, 5, 0, 5, 5, 5, 5, 4, 4, 4, 4, 5, 5, 5, 5, 4, 4, 4, 4, 5, 5, 5, 5, 4, 4, 4, 4, 5, 5, 5, 5, 4, 4, 4, 4, 5, 5, 5, 5, 0, 5, 5, 5, 5, 5, 5, 5, 5, 5, 5, 5, 5, 5]
[5, 5, 5, 5, 5, 5, 5, 5, 5, 5, 5, 5, 5, 0, 5, 5, 5, 5, 4, 4, 4, 4, 5, 5, 5, 5, 4, 4, 4, 4, 5, 5, 5, 5, 4, 4, 4, 4, 5, 5, 5, 5, 4, 4, 4, 4, 5, 5, 5, 5, 0, 5, 5, 5, 5, 5, 5, 5, 5, 5, 5, 5, 5, 5]
[5, 5, 5, 5, 5, 5, 5, 5, 5, 5, 5, 5, 5, 0, 4, 4, 4, 4, 5, 5, 5, 5, 4, 4, 4, 4, 5, 5, 5, 5, 4, 4, 4, 4, 5, 5, 5, 5, 4, 4, 4, 4, 5, 5, 5, 5, 4, 4, 4, 4, 0, 5, 5, 5, 5, 5, 5, 5, 5, 5, 5, 5, 5, 5]
[5, 5, 5, 5, 5, 5, 5, 5, 5, 5, 5, 5, 5, 0, 4, 4, 4, 4, 5, 5, 5, 5, 4, 4, 4, 4, 5, 5, 5, 5, 4, 4, 4, 4, 5, 5, 5, 5, 4, 4, 4, 4, 5, 5, 5, 5, 4, 4, 4, 4, 0, 5, 5, 5, 5, 5, 5, 5, 5, 5, 5, 5, 5, 5]
[5, 5, 5, 5, 5, 5, 5, 5, 5, 5, 5, 5, 5, 0, 4, 4, 4, 4, 5, 5, 5, 5, 4, 4, 4, 4, 5, 5, 5, 5, 4, 4, 4, 4, 5, 5, 5, 5, 4, 4, 4, 4, 5, 5, 5, 5, 4, 4, 4, 4, 0, 5, 5, 5, 5, 5, 5, 5, 5, 5, 5, 5, 5, 5]
[5, 5, 5, 5, 5, 5, 5, 5, 5, 5, 5, 5, 5, 0, 4, 4, 4, 4, 5, 5, 5, 5, 4, 4, 4, 4, 5, 5, 5, 5, 4, 4, 4, 4, 5, 5, 5, 5, 4, 4, 4, 4, 5, 5, 5, 5, 4, 4, 4, 4, 0, 5, 5, 5, 5, 5, 5, 5, 5, 5, 5, 5, 5, 5]
[5, 5, 5, 5, 5, 5, 5, 5, 5, 5, 5, 5, 5, 0, 5, 5, 5, 5, 4, 4, 4, 4, 5, 5, 5, 5, 4, 4, 4, 4, 5, 5, 5, 5, 4, 4, 4, 4, 5, 5, 5, 5, 4, 4, 4, 4, 5, 5, 5, 5, 0, 5, 5, 5, 5, 5, 5, 5, 5, 5, 5, 5, 5, 5]
[5, 5, 5, 5, 5, 5, 5, 5, 5, 5, 5, 5, 5, 0, 5, 5, 5, 5, 4, 4, 4, 4, 5, 5, 5, 5, 4, 4, 4, 4, 5, 5, 5, 5, 4, 4, 4, 4, 5, 5, 5, 5, 4, 4, 4, 4, 5, 5, 5, 5, 0, 5, 5, 5, 5, 5, 5, 5, 5, 5, 5, 5, 5, 5]
[5, 5, 5, 5, 5, 5, 5, 5, 5, 5, 5, 5, 5, 0, 5, 5, 5, 5, 4, 4, 4, 4, 5, 5, 5, 5, 4, 4, 4, 4, 5, 5, 5, 5, 4, 4, 4, 4, 5, 5, 5, 5, 4, 4, 4, 4, 5, 5, 5, 5, 0, 5, 5, 5, 5, 5, 5, 5, 5, 5, 5, 5, 5, 5]
[5, 5, 5, 5, 5, 5, 5, 5, 5, 5, 5, 5, 5, 0, 5, 5, 5, 5, 4, 4, 4, 4, 5, 5, 5, 5, 4, 4, 4, 4, 5, 5, 5, 5, 4, 4, 4, 4, 5, 5, 5, 5, 4, 4, 4, 4, 5, 5, 5, 5, 0, 5, 5, 5, 5, 5, 5, 5, 5, 5, 5, 5, 5, 5]
[5, 5, 5, 5, 5, 5, 5, 5, 5, 5, 5, 5, 5, 0, 4, 4, 4, 4, 5, 5, 5, 5, 4, 4, 4, 4, 5, 5, 5, 5, 4, 4, 4, 4, 5, 5, 5, 5, 4, 4, 4, 4, 5, 5, 5, 5, 4, 4, 4, 4, 0, 5, 5, 5, 5, 5, 5, 5, 5, 5, 5, 5, 5, 5]
[5, 5, 5, 5, 5, 5, 5, 5, 5, 5, 5, 5, 5, 0, 4, 4, 4, 4, 5, 5, 5, 5, 4, 4, 4, 4, 5, 5, 5, 5, 4, 4, 4, 4, 5, 5, 5, 5, 4, 4, 4, 4, 5, 5, 5, 5, 4, 4, 4, 4, 0, 5, 5, 5, 5, 5, 5, 5, 5, 5, 5, 5, 5, 5]
[5, 5, 5, 5, 5, 5, 5, 5, 5, 5, 5, 5, 5, 0, 4, 4, 4, 4, 5, 5, 5, 5, 4, 4, 4, 4, 5, 5, 5, 5, 4, 4, 4, 4, 5, 5, 5, 5, 4, 4, 4, 4, 5, 5, 5, 5, 4, 4, 4, 4, 0, 5, 5, 5, 5, 5, 5, 5, 5, 5, 5, 5, 5, 5]
[5, 5, 5, 5, 5, 5, 5, 5, 5, 5, 5, 5, 5, 0, 4, 4, 4, 4, 5, 5, 5, 5, 4, 4, 4, 4, 5, 5, 5, 5, 4, 4, 4, 4, 5, 5, 5, 5, 4, 4, 4, 4, 5, 5, 5, 5, 4, 4, 4, 4, 0, 5, 5, 5, 5, 5, 5, 5, 5, 5, 5, 5, 5, 5]
[5, 5, 5, 5, 5, 5, 5, 5, 5, 5, 5, 5, 5, 0, 5, 5, 5, 5, 4, 4, 4, 4, 5, 5, 5, 5, 4, 4, 4, 11, 5, 5, 5, 5, 11, 4, 4, 4, 5, 5, 5, 5, 4, 4, 4, 4, 5, 5, 5, 5, 0, 5, 5, 5, 5, 5, 5, 5, 5, 5, 5, 5, 5, 5]
[5, 5, 5, 5, 5, 5, 5, 5, 5, 5, 5, 5, 5, 0, 5, 5, 5, 5, 4, 4, 4, 4, 5, 5, 5, 5, 4, 4, 4, 11, 5, 5, 5, 5, 11, 4, 4, 4, 5, 5, 5, 5, 4, 4, 4, 4, 5, 5, 5, 5, 0, 5, 5, 5, 5, 5, 5, 5, 5, 5, 5, 5, 5, 5]
[5, 5, 5, 5, 5, 5, 5, 5, 5, 5, 5, 5, 5, 0, 5, 5, 5, 5, 4, 4, 4, 4, 5, 5, 5, 5, 4, 4, 4, 11, 5, 5, 5, 5, 11, 4, 4, 4, 5, 5, 5, 5, 4, 4, 4, 4, 5, 5, 5, 5, 0, 5, 5, 5, 5, 5, 5, 5, 5, 5, 5, 5, 5, 5]
[5, 5, 5, 5, 5, 5, 5, 5, 5, 5, 5, 5, 5, 0, 5, 5, 5, 5, 4, 4, 4, 4, 5, 5, 5, 5, 4, 4, 4, 11, 5, 11, 11, 5, 11, 4, 4, 4, 5, 5, 5, 5, 4, 4, 4, 4, 5, 5, 5, 5, 0, 5, 5, 5, 5, 5, 5, 5, 5, 5, 5, 5, 5, 5]
[5, 5, 5, 5, 5, 5, 5, 5, 5, 5, 5, 5, 5, 0, 4, 4, 4, 4, 5, 5, 5, 5, 4, 4, 4, 4, 5, 5, 5, 11, 11, 11, 11, 11, 11, 5, 5, 5, 4, 4, 4, 4, 5, 5, 5, 5, 4, 4, 4, 4, 0, 5, 5, 5, 5, 5, 5, 5, 5, 5, 5, 5, 5, 5]
[5, 5, 5, 5, 5, 5, 5, 5, 5, 5, 5, 5, 5, 0, 4, 4, 4, 4, 5, 5, 5, 5, 4, 4, 4, 4, 5, 5, 5, 5, 4, 4, 4, 4, 5, 5, 5, 5, 4, 4, 4, 4, 5, 5, 5, 5, 4, 4, 4, 4, 0, 5, 5, 5, 5, 5, 5, 5, 5, 5, 5, 5, 5, 5]
[5, 5, 5, 5, 5, 5, 5, 5, 5, 5, 5, 5, 5, 0, 4, 4, 4, 4, 5, 5, 5, 5, 4, 4, 4, 4, 5, 5, 5, 5, 4, 4, 4, 4, 5, 5, 5, 5, 4, 4, 4, 4, 5, 5, 5, 5, 4, 4, 4, 4, 0, 5, 5, 5, 5, 5, 5, 5, 5, 5, 5, 5, 5, 5]
[5, 5, 5, 5, 5, 5, 5, 5, 5, 5, 5, 5, 5, 0, 4, 4, 4, 4, 5, 5, 5, 5, 4, 4, 4, 4, 5, 5, 5, 5, 4, 4, 4, 4, 5, 5, 5, 5, 4, 4, 4, 4, 5, 5, 5, 5, 4, 4, 4, 4, 0, 5, 5, 5, 5, 5, 5, 5, 5, 5, 5, 5, 5, 5]
[5, 5, 5, 5, 5, 5, 5, 5, 5, 5, 5, 5, 5, 0, 0, 0, 0, 0, 0, 0, 0, 0, 0, 0, 0, 0, 0, 0, 0, 0, 0, 0, 0, 0, 0, 0, 0, 0, 0, 0, 0, 0, 0, 0, 0, 0, 0, 0, 0, 0, 0, 5, 5, 5, 5, 5, 5, 5, 5, 5, 5, 5, 5, 5]
[5, 5, 5, 5, 5, 5, 5, 5, 5, 5, 5, 5, 5, 0, 0, 0, 0, 0, 0, 0, 1, 1, 1, 0, 0, 1, 1, 1, 0, 0, 5, 5, 5, 0, 0, 1, 1, 1, 0, 0, 1, 1, 1, 0, 0, 0, 0, 0, 0, 0, 0, 5, 5, 5, 5, 5, 5, 5, 5, 5, 5, 5, 5, 5]
[5, 5, 5, 5, 5, 5, 5, 5, 5, 5, 5, 5, 5, 0, 0, 0, 0, 0, 0, 0, 0, 0, 0, 0, 0, 0, 0, 0, 0, 0, 0, 0, 0, 0, 0, 0, 0, 0, 0, 0, 0, 0, 0, 0, 0, 0, 0, 0, 0, 0, 0, 5, 5, 5, 5, 5, 5, 5, 5, 5, 5, 5, 5, 5]
[5, 5, 5, 5, 5, 5, 5, 5, 5, 5, 5, 5, 5, 0, 0, 0, 0, 0, 0, 0, 0, 5, 0, 0, 0, 0, 1, 0, 0, 0, 0, 5, 0, 0, 0, 0, 1, 0, 0, 0, 0, 1, 0, 0, 0, 0, 0, 0, 0, 0, 0, 5, 5, 5, 5, 5, 5, 5, 5, 5, 5, 5, 5, 5]
[5, 5, 5, 5, 5, 5, 5, 5, 5, 5, 5, 5, 5, 0, 0, 0, 0, 0, 0, 0, 0, 5, 0, 0, 0, 0, 1, 0, 0, 0, 0, 5, 0, 0, 0, 0, 1, 0, 0, 0, 0, 1, 0, 0, 0, 0, 0, 0, 0, 0, 0, 5, 5, 5, 5, 5, 5, 5, 5, 5, 5, 5, 5, 5]
[5, 5, 5, 5, 5, 5, 5, 5, 5, 5, 5, 5, 5, 0, 0, 0, 0, 0, 0, 0, 0, 5, 0, 0, 0, 0, 1, 0, 0, 0, 0, 5, 0, 0, 0, 0, 1, 0, 0, 0, 0, 1, 0, 0, 0, 0, 0, 0, 0, 0, 0, 5, 5, 5, 5, 5, 5, 5, 5, 5, 5, 5, 5, 5]
[5, 5, 5, 5, 5, 5, 5, 5, 5, 5, 5, 5, 5, 0, 0, 0, 0, 0, 0, 0, 0, 0, 0, 0, 0, 0, 0, 0, 0, 0, 0, 0, 0, 0, 0, 0, 0, 0, 0, 0, 0, 0, 0, 0, 0, 0, 0, 0, 0, 0, 0, 5, 5, 5, 5, 5, 5, 5, 5, 5, 5, 5, 5, 5]
[5, 5, 5, 5, 5, 5, 5, 5, 5, 5, 5, 5, 5, 5, 5, 5, 5, 5, 5, 5, 5, 5, 5, 5, 5, 5, 5, 5, 5, 5, 5, 5, 5, 5, 5, 5, 5, 5, 5, 5, 5, 5, 5, 5, 5, 5, 5, 5, 0, 5, 5, 5, 5, 5, 5, 5, 5, 5, 5, 5, 5, 5, 5, 5]
[5, 5, 5, 5, 5, 5, 5, 5, 5, 5, 5, 5, 5, 5, 5, 5, 5, 5, 5, 5, 5, 5, 5, 5, 5, 5, 5, 5, 5, 5, 5, 5, 5, 5, 5, 5, 0, 0, 0, 0, 0, 0, 0, 0, 0, 0, 0, 0, 0, 5, 5, 5, 5, 5, 5, 5, 5, 5, 5, 5, 5, 5, 5, 5]
[5, 5, 5, 5, 5, 5, 5, 5, 5, 5, 5, 5, 5, 5, 5, 5, 5, 5, 5, 5, 5, 5, 5, 5, 5, 5, 5, 5, 5, 5, 5, 5, 5, 5, 5, 5, 0, 5, 5, 5, 5, 5, 5, 5, 5, 5, 5, 5, 5, 5, 5, 5, 5, 5, 5, 5, 5, 5, 5, 5, 5, 5, 5, 5]
[5, 5, 5, 5, 5, 5, 5, 5, 5, 5, 5, 5, 5, 5, 5, 5, 5, 5, 5, 5, 5, 5, 5, 5, 5, 5, 5, 5, 5, 5, 5, 5, 5, 5, 9, 9, 9, 9, 9, 5, 5, 5, 5, 5, 5, 5, 5, 5, 5, 5, 5, 5, 5, 5, 5, 5, 5, 5, 5, 5, 5, 5, 5, 5]
[5, 5, 5, 5, 5, 5, 5, 5, 5, 5, 5, 5, 5, 5, 5, 5, 5, 5, 5, 5, 5, 5, 5, 5, 5, 5, 5, 5, 5, 5, 5, 5, 5, 9, 9, 9, 9, 9, 9, 9, 5, 5, 5, 5, 5, 5, 5, 5, 5, 5, 5, 5, 5, 5, 5, 5, 5, 5, 5, 5, 5, 5, 5, 5]
[5, 5, 5, 5, 5, 5, 5, 5, 5, 5, 5, 5, 5, 5, 5, 5, 5, 5, 5, 5, 5, 5, 5, 5, 5, 5, 5, 5, 5, 5, 5, 5, 9, 9, 9, 9, 9, 9, 9, 9, 9, 5, 5, 5, 5, 5, 5, 5, 5, 5, 5, 5, 5, 5, 5, 5, 5, 5, 5, 5, 5, 5, 5, 5]
[5, 5, 5, 5, 5, 5, 5, 5, 5, 5, 5, 5, 5, 5, 5, 5, 5, 5, 5, 5, 5, 5, 5, 5, 5, 5, 5, 5, 5, 5, 5, 5, 9, 9, 9, 9, 9, 9, 9, 9, 9, 5, 5, 5, 5, 5, 5, 5, 5, 5, 5, 5, 5, 5, 5, 5, 5, 5, 5, 5, 5, 5, 5, 5]
[5, 5, 5, 5, 5, 5, 5, 5, 5, 5, 5, 5, 5, 5, 5, 5, 5, 5, 5, 5, 5, 5, 5, 5, 5, 5, 5, 5, 5, 5, 5, 5, 9, 9, 9, 9, 9, 9, 9, 9, 9, 5, 5, 5, 5, 5, 5, 5, 5, 5, 5, 5, 5, 5, 5, 5, 5, 5, 5, 5, 5, 5, 5, 5]
[5, 5, 5, 5, 5, 5, 5, 5, 5, 5, 5, 5, 5, 5, 5, 5, 5, 5, 5, 5, 5, 5, 5, 5, 5, 5, 5, 5, 5, 5, 5, 5, 9, 9, 9, 9, 9, 9, 9, 9, 9, 5, 5, 5, 5, 5, 5, 5, 5, 5, 5, 5, 5, 5, 5, 5, 5, 5, 5, 5, 5, 5, 5, 5]
[5, 5, 5, 5, 5, 5, 5, 5, 5, 5, 5, 5, 5, 5, 5, 5, 5, 5, 5, 5, 5, 5, 5, 5, 5, 5, 5, 5, 5, 5, 5, 5, 9, 9, 9, 9, 9, 9, 9, 9, 9, 5, 5, 5, 5, 5, 5, 5, 5, 5, 5, 5, 5, 5, 5, 5, 5, 5, 5, 5, 5, 5, 5, 5]
[5, 5, 5, 5, 5, 5, 5, 5, 5, 5, 5, 5, 5, 5, 5, 5, 5, 5, 5, 5, 5, 5, 5, 5, 5, 5, 5, 5, 5, 5, 5, 5, 5, 9, 9, 9, 9, 9, 9, 9, 5, 5, 5, 5, 5, 5, 5, 5, 5, 5, 5, 5, 5, 5, 5, 5, 5, 5, 5, 5, 5, 5, 5, 5]
[5, 5, 5, 5, 5, 5, 5, 5, 5, 5, 5, 5, 5, 5, 5, 5, 5, 5, 5, 5, 5, 5, 5, 5, 5, 5, 5, 5, 5, 5, 5, 5, 5, 5, 9, 9, 9, 9, 9, 5, 5, 5, 5, 5, 5, 5, 5, 5, 5, 5, 5, 5, 5, 5, 5, 5, 5, 5, 5, 5, 5, 5, 5, 5]
[5, 5, 5, 5, 5, 5, 5, 5, 5, 5, 5, 5, 5, 5, 5, 5, 5, 5, 5, 5, 5, 5, 5, 5, 5, 5, 5, 5, 5, 5, 5, 5, 5, 5, 5, 5, 5, 5, 5, 5, 5, 5, 5, 5, 5, 5, 5, 5, 5, 5, 5, 5, 5, 5, 5, 5, 5, 5, 5, 5, 5, 5, 5, 5]
[5, 5, 5, 5, 5, 5, 5, 5, 5, 5, 5, 5, 5, 5, 5, 5, 5, 5, 5, 5, 5, 5, 5, 5, 5, 5, 5, 5, 5, 5, 5, 5, 5, 5, 5, 5, 5, 5, 5, 5, 5, 5, 5, 5, 5, 5, 5, 5, 5, 5, 5, 5, 5, 5, 5, 5, 5, 5, 5, 5, 5, 5, 5, 5]
[5, 5, 5, 5, 5, 5, 5, 5, 5, 5, 5, 5, 5, 5, 5, 5, 5, 5, 5, 5, 5, 5, 5, 5, 5, 5, 5, 5, 5, 5, 5, 5, 5, 5, 5, 5, 5, 5, 5, 5, 5, 5, 5, 5, 5, 5, 5, 5, 5, 5, 5, 5, 5, 5, 5, 5, 5, 5, 5, 5, 5, 5, 5, 5]
[5, 5, 5, 5, 5, 5, 5, 5, 5, 5, 5, 5, 5, 5, 5, 5, 5, 5, 5, 5, 5, 5, 5, 5, 5, 5, 5, 5, 5, 5, 5, 5, 5, 5, 5, 5, 5, 5, 5, 5, 5, 5, 5, 5, 5, 5, 5, 5, 5, 5, 5, 5, 5, 5, 5, 5, 5, 5, 5, 5, 5, 5, 5, 5]
</grid_0>
",,0.0,False
2,ACTION6 x=21 y=45,manual,"State: NOT_FINISHED
Levels completed: 0/7
Action count: 2

========== Start of Direct Observation ==========
<grid_0>
[5, 5, 5, 5, 5, 5, 5, 5, 5, 5, 5, 5, 5, 5, 5, 5, 5, 5, 5, 5, 5, 5, 5, 5, 5, 5, 5, 5, 5, 5, 5, 5, 5, 5, 5, 5, 5, 5, 5, 5, 5, 5, 5, 5, 5, 5, 5, 5, 5, 5, 5, 5, 5, 5, 5, 5, 5, 5, 5, 5, 5, 5, 5, 5]
[5, 9, 9, 9, 9, 9, 9, 9, 9, 9, 9, 9, 9, 9, 9, 9, 9, 9, 9, 9, 9, 9, 9, 9, 9, 9, 9, 9, 9, 9, 9, 9, 9, 9, 9, 9, 9, 9, 9, 9, 9, 9, 9, 9, 9, 9, 9, 9, 9, 9, 9, 9, 9, 9, 9, 9, 9, 9, 9, 9, 3, 3, 5, 5]
[5, 5, 5, 5, 5, 5, 5, 5, 5, 5, 5, 5, 5, 5, 5, 5, 5, 5, 5, 5, 5, 5, 5, 5, 5, 5, 5, 5, 5, 5, 5, 5, 5, 5, 5, 5, 5, 5, 5, 5, 5, 5, 5, 5, 5, 5, 5, 5, 5, 5, 5, 5, 5, 5, 5, 5, 5, 5, 5, 5, 5, 5, 5, 5]
[5, 5, 5, 5, 5, 5, 5, 5, 5, 5, 5, 5, 5, 5, 5, 5, 5, 5, 5, 5, 5, 5, 5, 5, 5, 5, 5, 5, 5, 5, 5, 5, 5, 5, 5, 5, 5, 5, 5, 5, 5, 5, 5, 5, 5, 5, 5, 5, 5, 5, 5, 5, 5, 5, 5, 5, 5, 5, 5, 5, 5, 5, 5, 5]
[5, 5, 5, 5, 5, 5, 5, 5, 5, 5, 5, 5, 5, 5, 5, 5, 5, 5, 5, 5, 5, 5, 5, 5, 5, 5, 5, 5, 5, 5, 5, 5, 5, 5, 5, 5, 5, 5, 5, 5, 5, 5, 5, 5, 5, 5, 5, 5, 5, 5, 5, 5, 5, 5, 5, 5, 5, 5, 5, 5, 5, 5, 5, 5]
[5, 5, 5, 5, 5, 5, 5, 5, 5, 5, 5, 5, 5, 5, 5, 5, 5, 5, 5, 5, 5, 5, 5, 5, 5, 5, 5, 5, 5, 5, 5, 5, 5, 5, 5, 5, 5, 5, 5, 5, 5, 5, 5, 5, 5, 5, 5, 5, 5, 5, 5, 5, 5, 5, 5, 5, 5, 5, 5, 5, 5, 5, 5, 5]
[5, 5, 5, 5, 5, 5, 5, 5, 5, 5, 5, 5, 5, 5, 5, 5, 5, 5, 5, 5, 5, 5, 5, 5, 5, 5, 5, 5, 5, 5, 5, 5, 5, 5, 5, 5, 5, 5, 5, 5, 5, 5, 5, 5, 5, 5, 5, 5, 5, 5, 5, 5, 5, 5, 5, 5, 5, 5, 5, 5, 5, 5, 5, 5]
[5, 5, 5, 5, 5, 5, 5, 5, 5, 5, 5, 5, 5, 5, 5, 5, 5, 5, 5, 5, 5, 5, 5, 5, 5, 5, 5, 5, 5, 5, 5, 5, 5, 5, 5, 5, 5, 5, 5, 5, 5, 5, 5, 5, 5, 5, 5, 5, 5, 5, 5, 5, 5, 5, 5, 5, 5, 5, 5, 5, 5, 5, 5, 5]
[5, 5, 5, 5, 5, 5, 5, 5, 5, 5, 5, 5, 5, 0, 0, 0, 0, 0, 0, 0, 0, 0, 0, 0, 0, 0, 0, 0, 0, 0, 0, 0, 0, 0, 0, 0, 0, 0, 0, 0, 0, 0, 0, 0, 0, 0, 0, 0, 0, 0, 0, 5, 5, 5, 5, 5, 5, 5, 5, 5, 5, 5, 5, 5]
[5, 5, 5, 5, 5, 5, 5, 5, 5, 5, 5, 5, 5, 0, 5, 5, 5, 5, 4, 4, 4, 4, 5, 5, 5, 5, 4, 4, 4, 4, 5, 5, 5, 5, 4, 4, 4, 4, 5, 5, 5, 5, 4, 4, 4, 4, 5, 5, 5, 5, 0, 5, 5, 5, 5, 5, 5, 5, 5, 5, 5, 5, 5, 5]
[5, 5, 5, 5, 5, 5, 5, 5, 5, 5, 5, 5, 5, 0, 5, 5, 5, 5, 4, 4, 4, 4, 5, 5, 5, 5, 4, 4, 4, 4, 5, 5, 5, 5, 4, 4, 4, 4, 5, 5, 5, 5, 4, 4, 4, 4, 5, 5, 5, 5, 0, 5, 5, 5, 5, 5, 5, 5, 5, 5, 5, 5, 5, 5]
[5, 5, 5, 5, 5, 5, 5, 5, 5, 5, 5, 5, 5, 0, 5, 5, 5, 5, 4, 4, 4, 4, 5, 5, 5, 5, 4, 4, 4, 4, 5, 5, 5, 5, 4, 4, 4, 4, 5, 5, 5, 5, 4, 4, 4, 4, 5, 5, 5, 5, 0, 5, 5, 5, 5, 5, 5, 5, 5, 5, 5, 5, 5, 5]
[5, 5, 5, 5, 5, 5, 5, 5, 5, 5, 5, 5, 5, 0, 5, 5, 5, 5, 4, 4, 4, 4, 5, 5, 5, 5, 4, 4, 4, 4, 5, 5, 5, 5, 4, 4, 4, 4, 5, 5, 5, 5, 4, 4, 4, 4, 5, 5, 5, 5, 0, 5, 5, 5, 5, 5, 5, 5, 5, 5, 5, 5, 5, 5]
[5, 5, 5, 5, 5, 5, 5, 5, 5, 5, 5, 5, 5, 0, 4, 4, 4, 4, 5, 5, 5, 5, 4, 4, 4, 4, 5, 5, 5, 5, 11, 11, 11, 11, 5, 5, 5, 5, 4, 4, 4, 4, 5, 5, 5, 5, 4, 4, 4, 4, 0, 5, 5, 5, 5, 5, 5, 5, 5, 5, 5, 5, 5, 5]
[5, 5, 5, 5, 5, 5, 5, 5, 5, 5, 5, 5, 5, 0, 4, 4, 4, 4, 5, 5, 5, 5, 4, 4, 4, 4, 5, 5, 5, 5, 11, 11, 11, 11, 5, 5, 5, 5, 4, 4, 4, 4, 5, 5, 5, 5, 4, 4, 4, 4, 0, 5, 5, 5, 5, 5, 5, 5, 5, 5, 5, 5, 5, 5]
[5, 5, 5, 5, 5, 5, 5, 5, 5, 5, 5, 5, 5, 0, 4, 4, 4, 4, 5, 5, 5, 5, 4, 4, 4, 4, 5, 5, 5, 5, 11, 11, 11, 11, 5, 5, 5, 5, 4, 4, 4, 4, 5, 5, 5, 5, 4, 4, 4, 4, 0, 5, 5, 5, 5, 5, 5, 5, 5, 5, 5, 5, 5, 5]
[5, 5, 5, 5, 5, 5, 5, 5, 5, 5, 5, 5, 5, 0, 4, 4, 4, 4, 5, 5, 5, 5, 4, 4, 4, 4, 5, 5, 5, 5, 11, 4, 4, 11, 5, 5, 5, 5, 4, 4, 4, 4, 5, 5, 5, 5, 4, 4, 4, 4, 0, 5, 5, 5, 5, 5, 5, 5, 5, 5, 5, 5, 5, 5]
[5, 5, 5, 5, 5, 5, 5, 5, 5, 5, 5, 5, 5, 0, 5, 5, 5, 5, 4, 4, 4, 4, 5, 5, 5, 5, 4, 4, 4, 4, 5, 5, 5, 5, 4, 4, 4, 4, 5, 5, 5, 5, 4, 4, 4, 4, 5, 5, 5, 5, 0, 5, 5, 5, 5, 5, 5, 5, 5, 5, 5, 5, 5, 5]
[5, 5, 5, 5, 5, 5, 5, 5, 5, 5, 5, 5, 5, 0, 5, 5, 5, 5, 4, 4, 4, 4, 5, 5, 5, 5, 4, 4, 4, 4, 5, 5, 5, 5, 4, 4, 4, 4, 5, 5, 5, 5, 4, 4, 4, 4, 5, 5, 5, 5, 0, 5, 5, 5, 5, 5, 5, 5, 5, 5, 5, 5, 5, 5]
[5, 5, 5, 5, 5, 5, 5, 5, 5, 5, 5, 5, 5, 0, 5, 5, 5, 5, 4, 4, 4, 4, 5, 5, 5, 5, 4, 4, 4, 4, 5, 5, 5, 5, 4, 4, 4, 4, 5, 5, 5, 5, 4, 4, 4, 4, 5, 5, 5, 5, 0, 5, 5, 5, 5, 5, 5, 5, 5, 5, 5, 5, 5, 5]
[5, 5, 5, 5, 5, 5, 5, 5, 5, 5, 5, 5, 5, 0, 5, 5, 5, 5, 4, 4, 4, 4, 5, 5, 5, 5, 4, 4, 4, 4, 5, 5, 5, 5, 4, 4, 4, 4, 5, 5, 5, 5, 4, 4, 4, 4, 5, 5, 5, 5, 0, 5, 5, 5, 5, 5, 5, 5, 5, 5, 5, 5, 5, 5]
[5, 5, 5, 5, 5, 5, 5, 5, 5, 5, 5, 5, 5, 0, 4, 4, 4, 4, 5, 5, 5, 5, 4, 4, 4, 4, 5, 5, 5, 5, 4, 4, 4, 4, 5, 5, 5, 5, 4, 4, 4, 4, 5, 5, 5, 5, 4, 4, 4, 4, 0, 5, 5, 5, 5, 5, 5, 5, 5, 5, 5, 5, 5, 5]
[5, 5, 5, 5, 5, 5, 5, 5, 5, 5, 5, 5, 5, 0, 4, 4, 4, 4, 5, 5, 5, 5, 4, 4, 4, 4, 5, 5, 5, 5, 4, 4, 4, 4, 5, 5, 5, 5, 4, 4, 4, 4, 5, 5, 5, 5, 4, 4, 4, 4, 0, 5, 5, 5, 5, 5, 5, 5, 5, 5, 5, 5, 5, 5]
[5, 5, 5, 5, 5, 5, 5, 5, 5, 5, 5, 5, 5, 0, 4, 4, 4, 4, 5, 5, 5, 5, 4, 4, 4, 4, 5, 5, 5, 5, 4, 4, 4, 4, 5, 5, 5, 5, 4, 4, 4, 4, 5, 5, 5, 5, 4, 4, 4, 4, 0, 5, 5, 5, 5, 5, 5, 5, 5, 5, 5, 5, 5, 5]
[5, 5, 5, 5, 5, 5, 5, 5, 5, 5, 5, 5, 5, 0, 4, 4, 4, 4, 5, 5, 5, 5, 4, 4, 4, 4, 5, 5, 5, 5, 4, 4, 4, 4, 5, 5, 5, 5, 4, 4, 4, 4, 5, 5, 5, 5, 4, 4, 4, 4, 0, 5, 5, 5, 5, 5, 5, 5, 5, 5, 5, 5, 5, 5]
[5, 5, 5, 5, 5, 5, 5, 5, 5, 5, 5, 5, 5, 0, 5, 5, 5, 5, 4, 4, 4, 4, 5, 5, 5, 5, 4, 4, 4, 4, 5, 5, 5, 5, 4, 4, 4, 4, 5, 5, 5, 5, 4, 4, 4, 4, 5, 5, 5, 5, 0, 5, 5, 5, 5, 5, 5, 5, 5, 5, 5, 5, 5, 5]
[5, 5, 5, 5, 5, 5, 5, 5, 5, 5, 5, 5, 5, 0, 5, 5, 5, 5, 4, 4, 4, 4, 5, 5, 5, 5, 4, 4, 4, 4, 5, 5, 5, 5, 4, 4, 4, 4, 5, 5, 5, 5, 4, 4, 4, 4, 5, 5, 5, 5, 0, 5, 5, 5, 5, 5, 5, 5, 5, 5, 5, 5, 5, 5]
[5, 5, 5, 5, 5, 5, 5, 5, 5, 5, 5, 5, 5, 0, 5, 5, 5, 5, 4, 4, 4, 4, 5, 5, 5, 5, 4, 4, 4, 4, 5, 5, 5, 5, 4, 4, 4, 4, 5, 5, 5, 5, 4, 4, 4, 4, 5, 5, 5, 5, 0, 5, 5, 5, 5, 5, 5, 5, 5, 5, 5, 5, 5, 5]
[5, 5, 5, 5, 5, 5, 5, 5, 5, 5, 5, 5, 5, 0, 5, 5, 5, 5, 4, 4, 4, 4, 5, 5, 5, 5, 4, 4, 4, 4, 5, 5, 5, 5, 4, 4, 4, 4, 5, 5, 5, 5, 4, 4, 4, 4, 5, 5, 5, 5, 0, 5, 5, 5, 5, 5, 5, 5, 5, 5, 5, 5, 5, 5]
[5, 5, 5, 5, 5, 5, 5, 5, 5, 5, 5, 5, 5, 0, 4, 4, 4, 4, 5, 5, 5, 5, 4, 4, 4, 4, 5, 5, 5, 5, 4, 4, 4, 4, 5, 5, 5, 5, 4, 4, 4, 4, 5, 5, 5, 5, 4, 4, 4, 4, 0, 5, 5, 5, 5, 5, 5, 5, 5, 5, 5, 5, 5, 5]
[5, 5, 5, 5, 5, 5, 5, 5, 5, 5, 5, 5, 5, 0, 4, 4, 4, 4, 5, 5, 5, 5, 4, 4, 4, 4, 5, 5, 5, 5, 4, 4, 4, 4, 5, 5, 5, 5, 4, 4, 4, 4, 5, 5, 5, 5, 4, 4, 4, 4, 0, 5, 5, 5, 5, 5, 5, 5, 5, 5, 5, 5, 5, 5]
[5, 5, 5, 5, 5, 5, 5, 5, 5, 5, 5, 5, 5, 0, 4, 4, 4, 4, 5, 5, 5, 5, 4, 4, 4, 4, 5, 5, 5, 5, 4, 4, 4, 4, 5, 5, 5, 5, 4, 4, 4, 4, 5, 5, 5, 5, 4, 4, 4, 4, 0, 5, 5, 5, 5, 5, 5, 5, 5, 5, 5, 5, 5, 5]
[5, 5, 5, 5, 5, 5, 5, 5, 5, 5, 5, 5, 5, 0, 4, 4, 4, 4, 5, 5, 5, 5, 4, 4, 4, 4, 5, 5, 5, 5, 4, 4, 4, 4, 5, 5, 5, 5, 4, 4, 4, 4, 5, 5, 5, 5, 4, 4, 4, 4, 0, 5, 5, 5, 5, 5, 5, 5, 5, 5, 5, 5, 5, 5]
[5, 5, 5, 5, 5, 5, 5, 5, 5, 5, 5, 5, 5, 0, 5, 5, 5, 5, 4, 4, 4, 4, 5, 5, 5, 5, 4, 4, 4, 11, 5, 5, 5, 5, 11, 4, 4, 4, 5, 5, 5, 5, 4, 4, 4, 4, 5, 5, 5, 5, 0, 5, 5, 5, 5, 5, 5, 5, 5, 5, 5, 5, 5, 5]
[5, 5, 5, 5, 5, 5, 5, 5, 5, 5, 5, 5, 5, 0, 5, 5, 5, 5, 4, 4, 4, 4, 5, 5, 5, 5, 4, 4, 4, 11, 5, 5, 5, 5, 11, 4, 4, 4, 5, 5, 5, 5, 4, 4, 4, 4, 5, 5, 5, 5, 0, 5, 5, 5, 5, 5, 5, 5, 5, 5, 5, 5, 5, 5]
[5, 5, 5, 5, 5, 5, 5, 5, 5, 5, 5, 5, 5, 0, 5, 5, 5, 5, 4, 4, 4, 4, 5, 5, 5, 5, 4, 4, 4, 11, 5, 5, 5, 5, 11, 4, 4, 4, 5, 5, 5, 5, 4, 4, 4, 4, 5, 5, 5, 5, 0, 5, 5, 5, 5, 5, 5, 5, 5, 5, 5, 5, 5, 5]
[5, 5, 5, 5, 5, 5, 5, 5, 5, 5, 5, 5, 5, 0, 5, 5, 5, 5, 4, 4, 4, 4, 5, 5, 5, 5, 4, 4, 4, 11, 5, 11, 11, 5, 11, 4, 4, 4, 5, 5, 5, 5, 4, 4, 4, 4, 5, 5, 5, 5, 0, 5, 5, 5, 5, 5, 5, 5, 5, 5, 5, 5, 5, 5]
[5, 5, 5, 5, 5, 5, 5, 5, 5, 5, 5, 5, 5, 0, 4, 4, 4, 4, 5, 5, 5, 5, 4, 4, 4, 4, 5, 5, 5, 11, 11, 11, 11, 11, 11, 5, 5, 5, 4, 4, 4, 4, 5, 5, 5, 5, 4, 4, 4, 4, 0, 5, 5, 5, 5, 5, 5, 5, 5, 5, 5, 5, 5, 5]
[5, 5, 5, 5, 5, 5, 5, 5, 5, 5, 5, 5, 5, 0, 4, 4, 4, 4, 5, 5, 5, 5, 4, 4, 4, 4, 5, 5, 5, 5, 4, 4, 4, 4, 5, 5, 5, 5, 4, 4, 4, 4, 5, 5, 5, 5, 4, 4, 4, 4, 0, 5, 5, 5, 5, 5, 5, 5, 5, 5, 5, 5, 5, 5]
[5, 5, 5, 5, 5, 5, 5, 5, 5, 5, 5, 5, 5, 0, 4, 4, 4, 4, 5, 5, 5, 5, 4, 4, 4, 4, 5, 5, 5, 5, 4, 4, 4, 4, 5, 5, 5, 5, 4, 4, 4, 4, 5, 5, 5, 5, 4, 4, 4, 4, 0, 5, 5, 5, 5, 5, 5, 5, 5, 5, 5, 5, 5, 5]
[5, 5, 5, 5, 5, 5, 5, 5, 5, 5, 5, 5, 5, 0, 4, 4, 4, 4, 5, 5, 5, 5, 4, 4, 4, 4, 5, 5, 5, 5, 4, 4, 4, 4, 5, 5, 5, 5, 4, 4, 4, 4, 5, 5, 5, 5, 4, 4, 4, 4, 0, 5, 5, 5, 5, 5, 5, 5, 5, 5, 5, 5, 5, 5]
[5, 5, 5, 5, 5, 5, 5, 5, 5, 5, 5, 5, 5, 0, 0, 0, 0, 0, 0, 0, 0, 0, 0, 0, 0, 0, 0, 0, 0, 0, 0, 0, 0, 0, 0, 0, 0, 0, 0, 0, 0, 0, 0, 0, 0, 0, 0, 0, 0, 0, 0, 5, 5, 5, 5, 5, 5, 5, 5, 5, 5, 5, 5, 5]
[5, 5, 5, 5, 5, 5, 5, 5, 5, 5, 5, 5, 5, 0, 0, 0, 0, 0, 0, 0, 5, 5, 5, 0, 0, 1, 1, 1, 0, 0, 5, 5, 5, 0, 0, 1, 1, 1, 0, 0, 1, 1, 1, 0, 0, 0, 0, 0, 0, 0, 0, 5, 5, 5, 5, 5, 5, 5, 5, 5, 5, 5, 5, 5]
[5, 5, 5, 5, 5, 5, 5, 5, 5, 5, 5, 5, 5, 0, 0, 0, 0, 0, 0, 0, 0, 0, 0, 0, 0, 0, 0, 0, 0, 0, 0, 0, 0, 0, 0, 0, 0, 0, 0, 0, 0, 0, 0, 0, 0, 0, 0, 0, 0, 0, 0, 5, 5, 5, 5, 5, 5, 5, 5, 5, 5, 5, 5, 5]
[5, 5, 5, 5, 5, 5, 5, 5, 5, 5, 5, 5, 5, 0, 0, 0, 0, 0, 0, 0, 0, 5, 0, 0, 0, 0, 1, 0, 0, 0, 0, 5, 0, 0, 0, 0, 1, 0, 0, 0, 0, 1, 0, 0, 0, 0, 0, 0, 0, 0, 0, 5, 5, 5, 5, 5, 5, 5, 5, 5, 5, 5, 5, 5]
[5, 5, 5, 5, 5, 5, 5, 5, 5, 5, 5, 5, 5, 0, 0, 0, 0, 0, 0, 0, 0, 5, 0, 0, 0, 0, 1, 0, 0, 0, 0, 5, 0, 0, 0, 0, 1, 0, 0, 0, 0, 1, 0, 0, 0, 0, 0, 0, 0, 0, 0, 5, 5, 5, 5, 5, 5, 5, 5, 5, 5, 5, 5, 5]
[5, 5, 5, 5, 5, 5, 5, 5, 5, 5, 5, 5, 5, 0, 0, 0, 0, 0, 0, 0, 0, 5, 0, 0, 0, 0, 1, 0, 0, 0, 0, 5, 0, 0, 0, 0, 1, 0, 0, 0, 0, 1, 0, 0, 0, 0, 0, 0, 0, 0, 0, 5, 5, 5, 5, 5, 5, 5, 5, 5, 5, 5, 5, 5]
[5, 5, 5, 5, 5, 5, 5, 5, 5, 5, 5, 5, 5, 0, 0, 0, 0, 0, 0, 0, 0, 0, 0, 0, 0, 0, 0, 0, 0, 0, 0, 0, 0, 0, 0, 0, 0, 0, 0, 0, 0, 0, 0, 0, 0, 0, 0, 0, 0, 0, 0, 5, 5, 5, 5, 5, 5, 5, 5, 5, 5, 5, 5, 5]
[5, 5, 5, 5, 5, 5, 5, 5, 5, 5, 5, 5, 5, 5, 5, 5, 5, 5, 5, 5, 5, 5, 5, 5, 5, 5, 5, 5, 5, 5, 5, 5, 5, 5, 5, 5, 5, 5, 5, 5, 5, 5, 5, 5, 5, 5, 5, 5, 0, 5, 5, 5, 5, 5, 5, 5, 5, 5, 5, 5, 5, 5, 5, 5]
[5, 5, 5, 5, 5, 5, 5, 5, 5, 5, 5, 5, 5, 5, 5, 5, 5, 5, 5, 5, 5, 5, 5, 5, 5, 5, 5, 5, 5, 5, 5, 5, 5, 5, 5, 5, 0, 0, 0, 0, 0, 0, 0, 0, 0, 0, 0, 0, 0, 5, 5, 5, 5, 5, 5, 5, 5, 5, 5, 5, 5, 5, 5, 5]
[5, 5, 5, 5, 5, 5, 5, 5, 5, 5, 5, 5, 5, 5, 5, 5, 5, 5, 5, 5, 5, 5, 5, 5, 5, 5, 5, 5, 5, 5, 5, 5, 5, 5, 5, 5, 0, 5, 5, 5, 5, 5, 5, 5, 5, 5, 5, 5, 5, 5, 5, 5, 5, 5, 5, 5, 5, 5, 5, 5, 5, 5, 5, 5]
[5, 5, 5, 5, 5, 5, 5, 5, 5, 5, 5, 5, 5, 5, 5, 5, 5, 5, 5, 5, 5, 5, 5, 5, 5, 5, 5, 5, 5, 5, 5, 5, 5, 5, 9, 9, 9, 9, 9, 5, 5, 5, 5, 5, 5, 5, 5, 5, 5, 5, 5, 5, 5, 5, 5, 5, 5, 5, 5, 5, 5, 5, 5, 5]
[5, 5, 5, 5, 5, 5, 5, 5, 5, 5, 5, 5, 5, 5, 5, 5, 5, 5, 5, 5, 5, 5, 5, 5, 5, 5, 5, 5, 5, 5, 5, 5, 5, 9, 9, 9, 9, 9, 9, 9, 5, 5, 5, 5, 5, 5, 5, 5, 5, 5, 5, 5, 5, 5, 5, 5, 5, 5, 5, 5, 5, 5, 5, 5]
[5, 5, 5, 5, 5, 5, 5, 5, 5, 5, 5, 5, 5, 5, 5, 5, 5, 5, 5, 5, 5, 5, 5, 5, 5, 5, 5, 5, 5, 5, 5, 5, 9, 9, 9, 9, 9, 9, 9, 9, 9, 5, 5, 5, 5, 5, 5, 5, 5, 5, 5, 5, 5, 5, 5, 5, 5, 5, 5, 5, 5, 5, 5, 5]
[5, 5, 5, 5, 5, 5, 5, 5, 5, 5, 5, 5, 5, 5, 5, 5, 5, 5, 5, 5, 5, 5, 5, 5, 5, 5, 5, 5, 5, 5, 5, 5, 9, 9, 9, 9, 9, 9, 9, 9, 9, 5, 5, 5, 5, 5, 5, 5, 5, 5, 5, 5, 5, 5, 5, 5, 5, 5, 5, 5, 5, 5, 5, 5]
[5, 5, 5, 5, 5, 5, 5, 5, 5, 5, 5, 5, 5, 5, 5, 5, 5, 5, 5, 5, 5, 5, 5, 5, 5, 5, 5, 5, 5, 5, 5, 5, 9, 9, 9, 9, 9, 9, 9, 9, 9, 5, 5, 5, 5, 5, 5, 5, 5, 5, 5, 5, 5, 5, 5, 5, 5, 5, 5, 5, 5, 5, 5, 5]
[5, 5, 5, 5, 5, 5, 5, 5, 5, 5, 5, 5, 5, 5, 5, 5, 5, 5, 5, 5, 5, 5, 5, 5, 5, 5, 5, 5, 5, 5, 5, 5, 9, 9, 9, 9, 9, 9, 9, 9, 9, 5, 5, 5, 5, 5, 5, 5, 5, 5, 5, 5, 5, 5, 5, 5, 5, 5, 5, 5, 5, 5, 5, 5]
[5, 5, 5, 5, 5, 5, 5, 5, 5, 5, 5, 5, 5, 5, 5, 5, 5, 5, 5, 5, 5, 5, 5, 5, 5, 5, 5, 5, 5, 5, 5, 5, 9, 9, 9, 9, 9, 9, 9, 9, 9, 5, 5, 5, 5, 5, 5, 5, 5, 5, 5, 5, 5, 5, 5, 5, 5, 5, 5, 5, 5, 5, 5, 5]
[5, 5, 5, 5, 5, 5, 5, 5, 5, 5, 5, 5, 5, 5, 5, 5, 5, 5, 5, 5, 5, 5, 5, 5, 5, 5, 5, 5, 5, 5, 5, 5, 5, 9, 9, 9, 9, 9, 9, 9, 5, 5, 5, 5, 5, 5, 5, 5, 5, 5, 5, 5, 5, 5, 5, 5, 5, 5, 5, 5, 5, 5, 5, 5]
[5, 5, 5, 5, 5, 5, 5, 5, 5, 5, 5, 5, 5, 5, 5, 5, 5, 5, 5, 5, 5, 5, 5, 5, 5, 5, 5, 5, 5, 5, 5, 5, 5, 5, 9, 9, 9, 9, 9, 5, 5, 5, 5, 5, 5, 5, 5, 5, 5, 5, 5, 5, 5, 5, 5, 5, 5, 5, 5, 5, 5, 5, 5, 5]
[5, 5, 5, 5, 5, 5, 5, 5, 5, 5, 5, 5, 5, 5, 5, 5, 5, 5, 5, 5, 5, 5, 5, 5, 5, 5, 5, 5, 5, 5, 5, 5, 5, 5, 5, 5, 5, 5, 5, 5, 5, 5, 5, 5, 5, 5, 5, 5, 5, 5, 5, 5, 5, 5, 5, 5, 5, 5, 5, 5, 5, 5, 5, 5]
[5, 5, 5, 5, 5, 5, 5, 5, 5, 5, 5, 5, 5, 5, 5, 5, 5, 5, 5, 5, 5, 5, 5, 5, 5, 5, 5, 5, 5, 5, 5, 5, 5, 5, 5, 5, 5, 5, 5, 5, 5, 5, 5, 5, 5, 5, 5, 5, 5, 5, 5, 5, 5, 5, 5, 5, 5, 5, 5, 5, 5, 5, 5, 5]
[5, 5, 5, 5, 5, 5, 5, 5, 5, 5, 5, 5, 5, 5, 5, 5, 5, 5, 5, 5, 5, 5, 5, 5, 5, 5, 5, 5, 5, 5, 5, 5, 5, 5, 5, 5, 5, 5, 5, 5, 5, 5, 5, 5, 5, 5, 5, 5, 5, 5, 5, 5, 5, 5, 5, 5, 5, 5, 5, 5, 5, 5, 5, 5]
[5, 5, 5, 5, 5, 5, 5, 5, 5, 5, 5, 5, 5, 5, 5, 5, 5, 5, 5, 5, 5, 5, 5, 5, 5, 5, 5, 5, 5, 5, 5, 5, 5, 5, 5, 5, 5, 5, 5, 5, 5, 5, 5, 5, 5, 5, 5, 5, 5, 5, 5, 5, 5, 5, 5, 5, 5, 5, 5, 5, 5, 5, 5, 5]
</grid_0>
",,0.0,False
3,ACTION6 x=21 y=45,manual,"State: NOT_FINISHED
Levels completed: 0/7
Action count: 3

========== Start of Direct Observation ==========
<grid_0>
[5, 5, 5, 5, 5, 5, 5, 5, 5, 5, 5, 5, 5, 5, 5, 5, 5, 5, 5, 5, 5, 5, 5, 5, 5, 5, 5, 5, 5, 5, 5, 5, 5, 5, 5, 5, 5, 5, 5, 5, 5, 5, 5, 5, 5, 5, 5, 5, 5, 5, 5, 5, 5, 5, 5, 5, 5, 5, 5, 5, 5, 5, 5, 5]
[5, 9, 9, 9, 9, 9, 9, 9, 9, 9, 9, 9, 9, 9, 9, 9, 9, 9, 9, 9, 9, 9, 9, 9, 9, 9, 9, 9, 9, 9, 9, 9, 9, 9, 9, 9, 9, 9, 9, 9, 9, 9, 9, 9, 9, 9, 9, 9, 9, 9, 9, 9, 9, 9, 9, 9, 9, 9, 9, 3, 3, 3, 5, 5]
[5, 5, 5, 5, 5, 5, 5, 5, 5, 5, 5, 5, 5, 5, 5, 5, 5, 5, 5, 5, 5, 5, 5, 5, 5, 5, 5, 5, 5, 5, 5, 5, 5, 5, 5, 5, 5, 5, 5, 5, 5, 5, 5, 5, 5, 5, 5, 5, 5, 5, 5, 5, 5, 5, 5, 5, 5, 5, 5, 5, 5, 5, 5, 5]
[5, 5, 5, 5, 5, 5, 5, 5, 5, 5, 5, 5, 5, 5, 5, 5, 5, 5, 5, 5, 5, 5, 5, 5, 5, 5, 5, 5, 5, 5, 5, 5, 5, 5, 5, 5, 5, 5, 5, 5, 5, 5, 5, 5, 5, 5, 5, 5, 5, 5, 5, 5, 5, 5, 5, 5, 5, 5, 5, 5, 5, 5, 5, 5]
[5, 5, 5, 5, 5, 5, 5, 5, 5, 5, 5, 5, 5, 5, 5, 5, 5, 5, 5, 5, 5, 5, 5, 5, 5, 5, 5, 5, 5, 5, 5, 5, 5, 5, 5, 5, 5, 5, 5, 5, 5, 5, 5, 5, 5, 5, 5, 5, 5, 5, 5, 5, 5, 5, 5, 5, 5, 5, 5, 5, 5, 5, 5, 5]
[5, 5, 5, 5, 5, 5, 5, 5, 5, 5, 5, 5, 5, 5, 5, 5, 5, 5, 5, 5, 5, 5, 5, 5, 5, 5, 5, 5, 5, 5, 5, 5, 5, 5, 5, 5, 5, 5, 5, 5, 5, 5, 5, 5, 5, 5, 5, 5, 5, 5, 5, 5, 5, 5, 5, 5, 5, 5, 5, 5, 5, 5, 5, 5]
[5, 5, 5, 5, 5, 5, 5, 5, 5, 5, 5, 5, 5, 5, 5, 5, 5, 5, 5, 5, 5, 5, 5, 5, 5, 5, 5, 5, 5, 5, 5, 5, 5, 5, 5, 5, 5, 5, 5, 5, 5, 5, 5, 5, 5, 5, 5, 5, 5, 5, 5, 5, 5, 5, 5, 5, 5, 5, 5, 5, 5, 5, 5, 5]
[5, 5, 5, 5, 5, 5, 5, 5, 5, 5, 5, 5, 5, 5, 5, 5, 5, 5, 5, 5, 5, 5, 5, 5, 5, 5, 5, 5, 5, 5, 5, 5, 5, 5, 5, 5, 5, 5, 5, 5, 5, 5, 5, 5, 5, 5, 5, 5, 5, 5, 5, 5, 5, 5, 5, 5, 5, 5, 5, 5, 5, 5, 5, 5]
[5, 5, 5, 5, 5, 5, 5, 5, 5, 5, 5, 5, 5, 0, 0, 0, 0, 0, 0, 0, 0, 0, 0, 0, 0, 0, 0, 0, 0, 0, 0, 0, 0, 0, 0, 0, 0, 0, 0, 0, 0, 0, 0, 0, 0, 0, 0, 0, 0, 0, 0, 5, 5, 5, 5, 5, 5, 5, 5, 5, 5, 5, 5, 5]
[5, 5, 5, 5, 5, 5, 5, 5, 5, 5, 5, 5, 5, 0, 5, 5, 5, 5, 4, 4, 4, 4, 5, 5, 5, 5, 4, 4, 4, 4, 5, 5, 5, 5, 4, 4, 4, 4, 5, 5, 5, 5, 4, 4, 4, 4, 5, 5, 5, 5, 0, 5, 5, 5, 5, 5, 5, 5, 5, 5, 5, 5, 5, 5]
[5, 5, 5, 5, 5, 5, 5, 5, 5, 5, 5, 5, 5, 0, 5, 5, 5, 5, 4, 4, 4, 4, 5, 5, 5, 5, 4, 4, 4, 4, 5, 5, 5, 5, 4, 4, 4, 4, 5, 5, 5, 5, 4, 4, 4, 4, 5, 5, 5, 5, 0, 5, 5, 5, 5, 5, 5, 5, 5, 5, 5, 5, 5, 5]
[5, 5, 5, 5, 5, 5, 5, 5, 5, 5, 5, 5, 5, 0, 5, 5, 5, 5, 4, 4, 4, 4, 5, 5, 5, 5, 4, 4, 4, 4, 5, 5, 5, 5, 4, 4, 4, 4, 5, 5, 5, 5, 4, 4, 4, 4, 5, 5, 5, 5, 0, 5, 5, 5, 5, 5, 5, 5, 5, 5, 5, 5, 5, 5]
[5, 5, 5, 5, 5, 5, 5, 5, 5, 5, 5, 5, 5, 0, 5, 5, 5, 5, 4, 4, 4, 4, 5, 5, 5, 5, 4, 4, 4, 4, 5, 5, 5, 5, 4, 4, 4, 4, 5, 5, 5, 5, 4, 4, 4, 4, 5, 5, 5, 5, 0, 5, 5, 5, 5, 5, 5, 5, 5, 5, 5, 5, 5, 5]
[5, 5, 5, 5, 5, 5, 5, 5, 5, 5, 5, 5, 5, 0, 4, 4, 4, 4, 5, 5, 5, 5, 4, 4, 4, 4, 5, 5, 5, 5, 11, 11, 11, 11, 5, 5, 5, 5, 4, 4, 4, 4, 5, 5, 5, 5, 4, 4, 4, 4, 0, 5, 5, 5, 5, 5, 5, 5, 5, 5, 5, 5, 5, 5]
[5, 5, 5, 5, 5, 5, 5, 5, 5, 5, 5, 5, 5, 0, 4, 4, 4, 4, 5, 5, 5, 5, 4, 4, 4, 4, 5, 5, 5, 5, 11, 11, 11, 11, 5, 5, 5, 5, 4, 4, 4, 4, 5, 5, 5, 5, 4, 4, 4, 4, 0, 5, 5, 5, 5, 5, 5, 5, 5, 5, 5, 5, 5, 5]
[5, 5, 5, 5, 5, 5, 5, 5, 5, 5, 5, 5, 5, 0, 4, 4, 4, 4, 5, 5, 5, 5, 4, 4, 4, 4, 5, 5, 5, 5, 11, 11, 11, 11, 5, 5, 5, 5, 4, 4, 4, 4, 5, 5, 5, 5, 4, 4, 4, 4, 0, 5, 5, 5, 5, 5, 5, 5, 5, 5, 5, 5, 5, 5]
[5, 5, 5, 5, 5, 5, 5, 5, 5, 5, 5, 5, 5, 0, 4, 4, 4, 4, 5, 5, 5, 5, 4, 4, 4, 4, 5, 5, 5, 5, 11, 4, 4, 11, 5, 5, 5, 5, 4, 4, 4, 4, 5, 5, 5, 5, 4, 4, 4, 4, 0, 5, 5, 5, 5, 5, 5, 5, 5, 5, 5, 5, 5, 5]
[5, 5, 5, 5, 5, 5, 5, 5, 5, 5, 5, 5, 5, 0, 5, 5, 5, 5, 4, 4, 4, 4, 5, 5, 5, 5, 4, 4, 4, 4, 5, 5, 5, 5, 4, 4, 4, 4, 5, 5, 5, 5, 4, 4, 4, 4, 5, 5, 5, 5, 0, 5, 5, 5, 5, 5, 5, 5, 5, 5, 5, 5, 5, 5]
[5, 5, 5, 5, 5, 5, 5, 5, 5, 5, 5, 5, 5, 0, 5, 5, 5, 5, 4, 4, 4, 4, 5, 5, 5, 5, 4, 4, 4, 4, 5, 5, 5, 5, 4, 4, 4, 4, 5, 5, 5, 5, 4, 4, 4, 4, 5, 5, 5, 5, 0, 5, 5, 5, 5, 5, 5, 5, 5, 5, 5, 5, 5, 5]
[5, 5, 5, 5, 5, 5, 5, 5, 5, 5, 5, 5, 5, 0, 5, 5, 5, 5, 4, 4, 4, 4, 5, 5, 5, 5, 4, 4, 4, 4, 5, 5, 5, 5, 4, 4, 4, 4, 5, 5, 5, 5, 4, 4, 4, 4, 5, 5, 5, 5, 0, 5, 5, 5, 5, 5, 5, 5, 5, 5, 5, 5, 5, 5]
[5, 5, 5, 5, 5, 5, 5, 5, 5, 5, 5, 5, 5, 0, 5, 5, 5, 5, 4, 4, 4, 4, 5, 5, 5, 5, 4, 4, 4, 4, 5, 5, 5, 5, 4, 4, 4, 4, 5, 5, 5, 5, 4, 4, 4, 4, 5, 5, 5, 5, 0, 5, 5, 5, 5, 5, 5, 5, 5, 5, 5, 5, 5, 5]
[5, 5, 5, 5, 5, 5, 5, 5, 5, 5, 5, 5, 5, 0, 4, 4, 4, 4, 5, 5, 5, 5, 4, 4, 4, 4, 5, 5, 5, 5, 4, 4, 4, 4, 5, 5, 5, 5, 4, 4, 4, 4, 5, 5, 5, 5, 4, 4, 4, 4, 0, 5, 5, 5, 5, 5, 5, 5, 5, 5, 5, 5, 5, 5]
[5, 5, 5, 5, 5, 5, 5, 5, 5, 5, 5, 5, 5, 0, 4, 4, 4, 4, 5, 5, 5, 5, 4, 4, 4, 4, 5, 5, 5, 5, 4, 4, 4, 4, 5, 5, 5, 5, 4, 4, 4, 4, 5, 5, 5, 5, 4, 4, 4, 4, 0, 5, 5, 5, 5, 5, 5, 5, 5, 5, 5, 5, 5, 5]
[5, 5, 5, 5, 5, 5, 5, 5, 5, 5, 5, 5, 5, 0, 4, 4, 4, 4, 5, 5, 5, 5, 4, 4, 4, 4, 5, 5, 5, 5, 4, 4, 4, 4, 5, 5, 5, 5, 4, 4, 4, 4, 5, 5, 5, 5, 4, 4, 4, 4, 0, 5, 5, 5, 5, 5, 5, 5, 5, 5, 5, 5, 5, 5]
[5, 5, 5, 5, 5, 5, 5, 5, 5, 5, 5, 5, 5, 0, 4, 4, 4, 4, 5, 5, 5, 5, 4, 4, 4, 4, 5, 5, 5, 5, 4, 4, 4, 4, 5, 5, 5, 5, 4, 4, 4, 4, 5, 5, 5, 5, 4, 4, 4, 4, 0, 5, 5, 5, 5, 5, 5, 5, 5, 5, 5, 5, 5, 5]
[5, 5, 5, 5, 5, 5, 5, 5, 5, 5, 5, 5, 5, 0, 5, 5, 5, 5, 4, 4, 4, 4, 5, 5, 5, 5, 4, 4, 4, 4, 5, 5, 5, 5, 4, 4, 4, 4, 5, 5, 5, 5, 4, 4, 4, 4, 5, 5, 5, 5, 0, 5, 5, 5, 5, 5, 5, 5, 5, 5, 5, 5, 5, 5]
[5, 5, 5, 5, 5, 5, 5, 5, 5, 5, 5, 5, 5, 0, 5, 5, 5, 5, 4, 4, 4, 4, 5, 5, 5, 5, 4, 4, 4, 4, 5, 5, 5, 5, 4, 4, 4, 4, 5, 5, 5, 5, 4, 4, 4, 4, 5, 5, 5, 5, 0, 5, 5, 5, 5, 5, 5, 5, 5, 5, 5, 5, 5, 5]
[5, 5, 5, 5, 5, 5, 5, 5, 5, 5, 5, 5, 5, 0, 5, 5, 5, 5, 4, 4, 4, 4, 5, 5, 5, 5, 4, 4, 4, 4, 5, 5, 5, 5, 4, 4, 4, 4, 5, 5, 5, 5, 4, 4, 4, 4, 5, 5, 5, 5, 0, 5, 5, 5, 5, 5, 5, 5, 5, 5, 5, 5, 5, 5]
[5, 5, 5, 5, 5, 5, 5, 5, 5, 5, 5, 5, 5, 0, 5, 5, 5, 5, 4, 4, 4, 4, 5, 5, 5, 5, 4, 4, 4, 4, 5, 5, 5, 5, 4, 4, 4, 4, 5, 5, 5, 5, 4, 4, 4, 4, 5, 5, 5, 5, 0, 5, 5, 5, 5, 5, 5, 5, 5, 5, 5, 5, 5, 5]
[5, 5, 5, 5, 5, 5, 5, 5, 5, 5, 5, 5, 5, 0, 4, 4, 4, 4, 5, 5, 5, 5, 4, 4, 4, 4, 5, 5, 5, 5, 4, 4, 4, 4, 5, 5, 5, 5, 4, 4, 4, 4, 5, 5, 5, 5, 4, 4, 4, 4, 0, 5, 5, 5, 5, 5, 5, 5, 5, 5, 5, 5, 5, 5]
[5, 5, 5, 5, 5, 5, 5, 5, 5, 5, 5, 5, 5, 0, 4, 4, 4, 4, 5, 5, 5, 5, 4, 4, 4, 4, 5, 5, 5, 5, 4, 4, 4, 4, 5, 5, 5, 5, 4, 4, 4, 4, 5, 5, 5, 5, 4, 4, 4, 4, 0, 5, 5, 5, 5, 5, 5, 5, 5, 5, 5, 5, 5, 5]
[5, 5, 5, 5, 5, 5, 5, 5, 5, 5, 5, 5, 5, 0, 4, 4, 4, 4, 5, 5, 5, 5, 4, 4, 4, 4, 5, 5, 5, 5, 4, 4, 4, 4, 5, 5, 5, 5, 4, 4, 4, 4, 5, 5, 5, 5, 4, 4, 4, 4, 0, 5, 5, 5, 5, 5, 5, 5, 5, 5, 5, 5, 5, 5]
[5, 5, 5, 5, 5, 5, 5, 5, 5, 5, 5, 5, 5, 0, 4, 4, 4, 4, 5, 5, 5, 5, 4, 4, 4, 4, 5, 5, 5, 5, 4, 4, 4, 4, 5, 5, 5, 5, 4, 4, 4, 4, 5, 5, 5, 5, 4, 4, 4, 4, 0, 5, 5, 5, 5, 5, 5, 5, 5, 5, 5, 5, 5, 5]
[5, 5, 5, 5, 5, 5, 5, 5, 5, 5, 5, 5, 5, 0, 5, 5, 5, 5, 4, 4, 4, 4, 5, 5, 5, 5, 4, 4, 4, 11, 5, 5, 5, 5, 11, 4, 4, 4, 5, 5, 5, 5, 4, 4, 4, 4, 5, 5, 5, 5, 0, 5, 5, 5, 5, 5, 5, 5, 5, 5, 5, 5, 5, 5]
[5, 5, 5, 5, 5, 5, 5, 5, 5, 5, 5, 5, 5, 0, 5, 5, 5, 5, 4, 4, 4, 4, 5, 5, 5, 5, 4, 4, 4, 11, 5, 5, 5, 5, 11, 4, 4, 4, 5, 5, 5, 5, 4, 4, 4, 4, 5, 5, 5, 5, 0, 5, 5, 5, 5, 5, 5, 5, 5, 5, 5, 5, 5, 5]
[5, 5, 5, 5, 5, 5, 5, 5, 5, 5, 5, 5, 5, 0, 5, 5, 5, 5, 4, 4, 4, 4, 5, 5, 5, 5, 4, 4, 4, 11, 5, 5, 5, 5, 11, 4, 4, 4, 5, 5, 5, 5, 4, 4, 4, 4, 5, 5, 5, 5, 0, 5, 5, 5, 5, 5, 5, 5, 5, 5, 5, 5, 5, 5]
[5, 5, 5, 5, 5, 5, 5, 5, 5, 5, 5, 5, 5, 0, 5, 5, 5, 5, 4, 4, 4, 4, 5, 5, 5, 5, 4, 4, 4, 11, 5, 11, 11, 5, 11, 4, 4, 4, 5, 5, 5, 5, 4, 4, 4, 4, 5, 5, 5, 5, 0, 5, 5, 5, 5, 5, 5, 5, 5, 5, 5, 5, 5, 5]
[5, 5, 5, 5, 5, 5, 5, 5, 5, 5, 5, 5, 5, 0, 4, 4, 4, 4, 5, 5, 5, 5, 4, 4, 4, 4, 5, 5, 5, 11, 11, 11, 11, 11, 11, 5, 5, 5, 4, 4, 4, 4, 5, 5, 5, 5, 4, 4, 4, 4, 0, 5, 5, 5, 5, 5, 5, 5, 5, 5, 5, 5, 5, 5]
[5, 5, 5, 5, 5, 5, 5, 5, 5, 5, 5, 5, 5, 0, 4, 4, 4, 4, 5, 5, 5, 5, 4, 4, 4, 4, 5, 5, 5, 5, 4, 4, 4, 4, 5, 5, 5, 5, 4, 4, 4, 4, 5, 5, 5, 5, 4, 4, 4, 4, 0, 5, 5, 5, 5, 5, 5, 5, 5, 5, 5, 5, 5, 5]
[5, 5, 5, 5, 5, 5, 5, 5, 5, 5, 5, 5, 5, 0, 4, 4, 4, 4, 5, 5, 5, 5, 4, 4, 4, 4, 5, 5, 5, 5, 4, 4, 4, 4, 5, 5, 5, 5, 4, 4, 4, 4, 5, 5, 5, 5, 4, 4, 4, 4, 0, 5, 5, 5, 5, 5, 5, 5, 5, 5, 5, 5, 5, 5]
[5, 5, 5, 5, 5, 5, 5, 5, 5, 5, 5, 5, 5, 0, 4, 4, 4, 4, 5, 5, 5, 5, 4, 4, 4, 4, 5, 5, 5, 5, 4, 4, 4, 4, 5, 5, 5, 5, 4, 4, 4, 4, 5, 5, 5, 5, 4, 4, 4, 4, 0, 5, 5, 5, 5, 5, 5, 5, 5, 5, 5, 5, 5, 5]
[5, 5, 5, 5, 5, 5, 5, 5, 5, 5, 5, 5, 5, 0, 0, 0, 0, 0, 0, 0, 0, 0, 0, 0, 0, 0, 0, 0, 0, 0, 0, 0, 0, 0, 0, 0, 0, 0, 0, 0, 0, 0, 0, 0, 0, 0, 0, 0, 0, 0, 0, 5, 5, 5, 5, 5, 5, 5, 5, 5, 5, 5, 5, 5]
[5, 5, 5, 5, 5, 5, 5, 5, 5, 5, 5, 5, 5, 0, 0, 0, 0, 0, 0, 0, 5, 5, 5, 0, 0, 1, 1, 1, 0, 0, 5, 5, 5, 0, 0, 1, 1, 1, 0, 0, 1, 1, 1, 0, 0, 0, 0, 0, 0, 0, 0, 5, 5, 5, 5, 5, 5, 5, 5, 5, 5, 5, 5, 5]
[5, 5, 5, 5, 5, 5, 5, 5, 5, 5, 5, 5, 5, 0, 0, 0, 0, 0, 0, 0, 0, 0, 0, 0, 0, 0, 0, 0, 0, 0, 0, 0, 0, 0, 0, 0, 0, 0, 0, 0, 0, 0, 0, 0, 0, 0, 0, 0, 0, 0, 0, 5, 5, 5, 5, 5, 5, 5, 5, 5, 5, 5, 5, 5]
[5, 5, 5, 5, 5, 5, 5, 5, 5, 5, 5, 5, 5, 0, 0, 0, 0, 0, 0, 0, 0, 1, 0, 0, 0, 0, 1, 0, 0, 0, 0, 5, 0, 0, 0, 0, 1, 0, 0, 0, 0, 1, 0, 0, 0, 0, 0, 0, 0, 0, 0, 5, 5, 5, 5, 5, 5, 5, 5, 5, 5, 5, 5, 5]
[5, 5, 5, 5, 5, 5, 5, 5, 5, 5, 5, 5, 5, 0, 0, 0, 0, 0, 0, 0, 0, 1, 0, 0, 0, 0, 1, 0, 0, 0, 0, 5, 0, 0, 0, 0, 1, 0, 0, 0, 0, 1, 0, 0, 0, 0, 0, 0, 0, 0, 0, 5, 5, 5, 5, 5, 5, 5, 5, 5, 5, 5, 5, 5]
[5, 5, 5, 5, 5, 5, 5, 5, 5, 5, 5, 5, 5, 0, 0, 0, 0, 0, 0, 0, 0, 1, 0, 0, 0, 0, 1, 0, 0, 0, 0, 5, 0, 0, 0, 0, 1, 0, 0, 0, 0, 1, 0, 0, 0, 0, 0, 0, 0, 0, 0, 5, 5, 5, 5, 5, 5, 5, 5, 5, 5, 5, 5, 5]
[5, 5, 5, 5, 5, 5, 5, 5, 5, 5, 5, 5, 5, 0, 0, 0, 0, 0, 0, 0, 0, 0, 0, 0, 0, 0, 0, 0, 0, 0, 0, 0, 0, 0, 0, 0, 0, 0, 0, 0, 0, 0, 0, 0, 0, 0, 0, 0, 0, 0, 0, 5, 5, 5, 5, 5, 5, 5, 5, 5, 5, 5, 5, 5]
[5, 5, 5, 5, 5, 5, 5, 5, 5, 5, 5, 5, 5, 5, 5, 5, 5, 5, 5, 5, 5, 5, 5, 5, 5, 5, 5, 5, 5, 5, 5, 5, 5, 5, 5, 5, 5, 5, 5, 5, 5, 5, 5, 5, 5, 5, 5, 5, 0, 5, 5, 5, 5, 5, 5, 5, 5, 5, 5, 5, 5, 5, 5, 5]
[5, 5, 5, 5, 5, 5, 5, 5, 5, 5, 5, 5, 5, 5, 5, 5, 5, 5, 5, 5, 5, 5, 5, 5, 5, 5, 5, 5, 5, 5, 5, 5, 5, 5, 5, 5, 0, 0, 0, 0, 0, 0, 0, 0, 0, 0, 0, 0, 0, 5, 5, 5, 5, 5, 5, 5, 5, 5, 5, 5, 5, 5, 5, 5]
[5, 5, 5, 5, 5, 5, 5, 5, 5, 5, 5, 5, 5, 5, 5, 5, 5, 5, 5, 5, 5, 5, 5, 5, 5, 5, 5, 5, 5, 5, 5, 5, 5, 5, 5, 5, 0, 5, 5, 5, 5, 5, 5, 5, 5, 5, 5, 5, 5, 5, 5, 5, 5, 5, 5, 5, 5, 5, 5, 5, 5, 5, 5, 5]
[5, 5, 5, 5, 5, 5, 5, 5, 5, 5, 5, 5, 5, 5, 5, 5, 5, 5, 5, 5, 5, 5, 5, 5, 5, 5, 5, 5, 5, 5, 5, 5, 5, 5, 9, 9, 9, 9, 9, 5, 5, 5, 5, 5, 5, 5, 5, 5, 5, 5, 5, 5, 5, 5, 5, 5, 5, 5, 5, 5, 5, 5, 5, 5]
[5, 5, 5, 5, 5, 5, 5, 5, 5, 5, 5, 5, 5, 5, 5, 5, 5, 5, 5, 5, 5, 5, 5, 5, 5, 5, 5, 5, 5, 5, 5, 5, 5, 9, 9, 9, 9, 9, 9, 9, 5, 5, 5, 5, 5, 5, 5, 5, 5, 5, 5, 5, 5, 5, 5, 5, 5, 5, 5, 5, 5, 5, 5, 5]
[5, 5, 5, 5, 5, 5, 5, 5, 5, 5, 5, 5, 5, 5, 5, 5, 5, 5, 5, 5, 5, 5, 5, 5, 5, 5, 5, 5, 5, 5, 5, 5, 9, 9, 9, 9, 9, 9, 9, 9, 9, 5, 5, 5, 5, 5, 5, 5, 5, 5, 5, 5, 5, 5, 5, 5, 5, 5, 5, 5, 5, 5, 5, 5]
[5, 5, 5, 5, 5, 5, 5, 5, 5, 5, 5, 5, 5, 5, 5, 5, 5, 5, 5, 5, 5, 5, 5, 5, 5, 5, 5, 5, 5, 5, 5, 5, 9, 9, 9, 9, 9, 9, 9, 9, 9, 5, 5, 5, 5, 5, 5, 5, 5, 5, 5, 5, 5, 5, 5, 5, 5, 5, 5, 5, 5, 5, 5, 5]
[5, 5, 5, 5, 5, 5, 5, 5, 5, 5, 5, 5, 5, 5, 5, 5, 5, 5, 5, 5, 5, 5, 5, 5, 5, 5, 5, 5, 5, 5, 5, 5, 9, 9, 9, 9, 9, 9, 9, 9, 9, 5, 5, 5, 5, 5, 5, 5, 5, 5, 5, 5, 5, 5, 5, 5, 5, 5, 5, 5, 5, 5, 5, 5]
[5, 5, 5, 5, 5, 5, 5, 5, 5, 5, 5, 5, 5, 5, 5, 5, 5, 5, 5, 5, 5, 5, 5, 5, 5, 5, 5, 5, 5, 5, 5, 5, 9, 9, 9, 9, 9, 9, 9, 9, 9, 5, 5, 5, 5, 5, 5, 5, 5, 5, 5, 5, 5, 5, 5, 5, 5, 5, 5, 5, 5, 5, 5, 5]
[5, 5, 5, 5, 5, 5, 5, 5, 5, 5, 5, 5, 5, 5, 5, 5, 5, 5, 5, 5, 5, 5, 5, 5, 5, 5, 5, 5, 5, 5, 5, 5, 9, 9, 9, 9, 9, 9, 9, 9, 9, 5, 5, 5, 5, 5, 5, 5, 5, 5, 5, 5, 5, 5, 5, 5, 5, 5, 5, 5, 5, 5, 5, 5]
[5, 5, 5, 5, 5, 5, 5, 5, 5, 5, 5, 5, 5, 5, 5, 5, 5, 5, 5, 5, 5, 5, 5, 5, 5, 5, 5, 5, 5, 5, 5, 5, 5, 9, 9, 9, 9, 9, 9, 9, 5, 5, 5, 5, 5, 5, 5, 5, 5, 5, 5, 5, 5, 5, 5, 5, 5, 5, 5, 5, 5, 5, 5, 5]
[5, 5, 5, 5, 5, 5, 5, 5, 5, 5, 5, 5, 5, 5, 5, 5, 5, 5, 5, 5, 5, 5, 5, 5, 5, 5, 5, 5, 5, 5, 5, 5, 5, 5, 9, 9, 9, 9, 9, 5, 5, 5, 5, 5, 5, 5, 5, 5, 5, 5, 5, 5, 5, 5, 5, 5, 5, 5, 5, 5, 5, 5, 5, 5]
[5, 5, 5, 5, 5, 5, 5, 5, 5, 5, 5, 5, 5, 5, 5, 5, 5, 5, 5, 5, 5, 5, 5, 5, 5, 5, 5, 5, 5, 5, 5, 5, 5, 5, 5, 5, 5, 5, 5, 5, 5, 5, 5, 5, 5, 5, 5, 5, 5, 5, 5, 5, 5, 5, 5, 5, 5, 5, 5, 5, 5, 5, 5, 5]
[5, 5, 5, 5, 5, 5, 5, 5, 5, 5, 5, 5, 5, 5, 5, 5, 5, 5, 5, 5, 5, 5, 5, 5, 5, 5, 5, 5, 5, 5, 5, 5, 5, 5, 5, 5, 5, 5, 5, 5, 5, 5, 5, 5, 5, 5, 5, 5, 5, 5, 5, 5, 5, 5, 5, 5, 5, 5, 5, 5, 5, 5, 5, 5]
[5, 5, 5, 5, 5, 5, 5, 5, 5, 5, 5, 5, 5, 5, 5, 5, 5, 5, 5, 5, 5, 5, 5, 5, 5, 5, 5, 5, 5, 5, 5, 5, 5, 5, 5, 5, 5, 5, 5, 5, 5, 5, 5, 5, 5, 5, 5, 5, 5, 5, 5, 5, 5, 5, 5, 5, 5, 5, 5, 5, 5, 5, 5, 5]
[5, 5, 5, 5, 5, 5, 5, 5, 5, 5, 5, 5, 5, 5, 5, 5, 5, 5, 5, 5, 5, 5, 5, 5, 5, 5, 5, 5, 5, 5, 5, 5, 5, 5, 5, 5, 5, 5, 5, 5, 5, 5, 5, 5, 5, 5, 5, 5, 5, 5, 5, 5, 5, 5, 5, 5, 5, 5, 5, 5, 5, 5, 5, 5]
</grid_0>
",,0.0,False
4,ACTION6 x=30 y=25,manual,"State: NOT_FINISHED
Levels completed: 0/7
Action count: 4

========== Start of Direct Observation ==========
<grid_0>
[5, 5, 5, 5, 5, 5, 5, 5, 5, 5, 5, 5, 5, 5, 5, 5, 5, 5, 5, 5, 5, 5, 5, 5, 5, 5, 5, 5, 5, 5, 5, 5, 5, 5, 5, 5, 5, 5, 5, 5, 5, 5, 5, 5, 5, 5, 5, 5, 5, 5, 5, 5, 5, 5, 5, 5, 5, 5, 5, 5, 5, 5, 5, 5]
[5, 9, 9, 9, 9, 9, 9, 9, 9, 9, 9, 9, 9, 9, 9, 9, 9, 9, 9, 9, 9, 9, 9, 9, 9, 9, 9, 9, 9, 9, 9, 9, 9, 9, 9, 9, 9, 9, 9, 9, 9, 9, 9, 9, 9, 9, 9, 9, 9, 9, 9, 9, 9, 9, 9, 9, 9, 9, 3, 3, 3, 3, 5, 5]
[5, 5, 5, 5, 5, 5, 5, 5, 5, 5, 5, 5, 5, 5, 5, 5, 5, 5, 5, 5, 5, 5, 5, 5, 5, 5, 5, 5, 5, 5, 5, 5, 5, 5, 5, 5, 5, 5, 5, 5, 5, 5, 5, 5, 5, 5, 5, 5, 5, 5, 5, 5, 5, 5, 5, 5, 5, 5, 5, 5, 5, 5, 5, 5]
[5, 5, 5, 5, 5, 5, 5, 5, 5, 5, 5, 5, 5, 5, 5, 5, 5, 5, 5, 5, 5, 5, 5, 5, 5, 5, 5, 5, 5, 5, 5, 5, 5, 5, 5, 5, 5, 5, 5, 5, 5, 5, 5, 5, 5, 5, 5, 5, 5, 5, 5, 5, 5, 5, 5, 5, 5, 5, 5, 5, 5, 5, 5, 5]
[5, 5, 5, 5, 5, 5, 5, 5, 5, 5, 5, 5, 5, 5, 5, 5, 5, 5, 5, 5, 5, 5, 5, 5, 5, 5, 5, 5, 5, 5, 5, 5, 5, 5, 5, 5, 5, 5, 5, 5, 5, 5, 5, 5, 5, 5, 5, 5, 5, 5, 5, 5, 5, 5, 5, 5, 5, 5, 5, 5, 5, 5, 5, 5]
[5, 5, 5, 5, 5, 5, 5, 5, 5, 5, 5, 5, 5, 5, 5, 5, 5, 5, 5, 5, 5, 5, 5, 5, 5, 5, 5, 5, 5, 5, 5, 5, 5, 5, 5, 5, 5, 5, 5, 5, 5, 5, 5, 5, 5, 5, 5, 5, 5, 5, 5, 5, 5, 5, 5, 5, 5, 5, 5, 5, 5, 5, 5, 5]
[5, 5, 5, 5, 5, 5, 5, 5, 5, 5, 5, 5, 5, 5, 5, 5, 5, 5, 5, 5, 5, 5, 5, 5, 5, 5, 5, 5, 5, 5, 5, 5, 5, 5, 5, 5, 5, 5, 5, 5, 5, 5, 5, 5, 5, 5, 5, 5, 5, 5, 5, 5, 5, 5, 5, 5, 5, 5, 5, 5, 5, 5, 5, 5]
[5, 5, 5, 5, 5, 5, 5, 5, 5, 5, 5, 5, 5, 5, 5, 5, 5, 5, 5, 5, 5, 5, 5, 5, 5, 5, 5, 5, 5, 5, 5, 5, 5, 5, 5, 5, 5, 5, 5, 5, 5, 5, 5, 5, 5, 5, 5, 5, 5, 5, 5, 5, 5, 5, 5, 5, 5, 5, 5, 5, 5, 5, 5, 5]
[5, 5, 5, 5, 5, 5, 5, 5, 5, 5, 5, 5, 5, 0, 0, 0, 0, 0, 0, 0, 0, 0, 0, 0, 0, 0, 0, 0, 0, 0, 0, 0, 0, 0, 0, 0, 0, 0, 0, 0, 0, 0, 0, 0, 0, 0, 0, 0, 0, 0, 0, 5, 5, 5, 5, 5, 5, 5, 5, 5, 5, 5, 5, 5]
[5, 5, 5, 5, 5, 5, 5, 5, 5, 5, 5, 5, 5, 0, 5, 5, 5, 5, 4, 4, 4, 4, 5, 5, 5, 5, 4, 4, 4, 4, 5, 5, 5, 5, 4, 4, 4, 4, 5, 5, 5, 5, 4, 4, 4, 4, 5, 5, 5, 5, 0, 5, 5, 5, 5, 5, 5, 5, 5, 5, 5, 5, 5, 5]
[5, 5, 5, 5, 5, 5, 5, 5, 5, 5, 5, 5, 5, 0, 5, 5, 5, 5, 4, 4, 4, 4, 5, 5, 5, 5, 4, 4, 4, 4, 5, 5, 5, 5, 4, 4, 4, 4, 5, 5, 5, 5, 4, 4, 4, 4, 5, 5, 5, 5, 0, 5, 5, 5, 5, 5, 5, 5, 5, 5, 5, 5, 5, 5]
[5, 5, 5, 5, 5, 5, 5, 5, 5, 5, 5, 5, 5, 0, 5, 5, 5, 5, 4, 4, 4, 4, 5, 5, 5, 5, 4, 4, 4, 4, 5, 5, 5, 5, 4, 4, 4, 4, 5, 5, 5, 5, 4, 4, 4, 4, 5, 5, 5, 5, 0, 5, 5, 5, 5, 5, 5, 5, 5, 5, 5, 5, 5, 5]
[5, 5, 5, 5, 5, 5, 5, 5, 5, 5, 5, 5, 5, 0, 5, 5, 5, 5, 4, 4, 4, 4, 5, 5, 5, 5, 4, 4, 4, 4, 5, 5, 5, 5, 4, 4, 4, 4, 5, 5, 5, 5, 4, 4, 4, 4, 5, 5, 5, 5, 0, 5, 5, 5, 5, 5, 5, 5, 5, 5, 5, 5, 5, 5]
[5, 5, 5, 5, 5, 5, 5, 5, 5, 5, 5, 5, 5, 0, 4, 4, 4, 4, 5, 5, 5, 5, 4, 4, 4, 4, 5, 5, 5, 5, 11, 11, 11, 11, 5, 5, 5, 5, 4, 4, 4, 4, 5, 5, 5, 5, 4, 4, 4, 4, 0, 5, 5, 5, 5, 5, 5, 5, 5, 5, 5, 5, 5, 5]
[5, 5, 5, 5, 5, 5, 5, 5, 5, 5, 5, 5, 5, 0, 4, 4, 4, 4, 5, 5, 5, 5, 4, 4, 4, 4, 5, 5, 5, 5, 11, 11, 11, 11, 5, 5, 5, 5, 4, 4, 4, 4, 5, 5, 5, 5, 4, 4, 4, 4, 0, 5, 5, 5, 5, 5, 5, 5, 5, 5, 5, 5, 5, 5]
[5, 5, 5, 5, 5, 5, 5, 5, 5, 5, 5, 5, 5, 0, 4, 4, 4, 4, 5, 5, 5, 5, 4, 4, 4, 4, 5, 5, 5, 5, 11, 11, 11, 11, 5, 5, 5, 5, 4, 4, 4, 4, 5, 5, 5, 5, 4, 4, 4, 4, 0, 5, 5, 5, 5, 5, 5, 5, 5, 5, 5, 5, 5, 5]
[5, 5, 5, 5, 5, 5, 5, 5, 5, 5, 5, 5, 5, 0, 4, 4, 4, 4, 5, 5, 5, 5, 4, 4, 4, 4, 5, 5, 5, 5, 11, 4, 4, 11, 5, 5, 5, 5, 4, 4, 4, 4, 5, 5, 5, 5, 4, 4, 4, 4, 0, 5, 5, 5, 5, 5, 5, 5, 5, 5, 5, 5, 5, 5]
[5, 5, 5, 5, 5, 5, 5, 5, 5, 5, 5, 5, 5, 0, 5, 5, 5, 5, 4, 4, 4, 4, 5, 5, 5, 5, 4, 4, 4, 4, 5, 5, 5, 5, 4, 4, 4, 4, 5, 5, 5, 5, 4, 4, 4, 4, 5, 5, 5, 5, 0, 5, 5, 5, 5, 5, 5, 5, 5, 5, 5, 5, 5, 5]
[5, 5, 5, 5, 5, 5, 5, 5, 5, 5, 5, 5, 5, 0, 5, 5, 5, 5, 4, 4, 4, 4, 5, 5, 5, 5, 4, 4, 4, 4, 5, 5, 5, 5, 4, 4, 4, 4, 5, 5, 5, 5, 4, 4, 4, 4, 5, 5, 5, 5, 0, 5, 5, 5, 5, 5, 5, 5, 5, 5, 5, 5, 5, 5]
[5, 5, 5, 5, 5, 5, 5, 5, 5, 5, 5, 5, 5, 0, 5, 5, 5, 5, 4, 4, 4, 4, 5, 5, 5, 5, 4, 4, 4, 4, 5, 5, 5, 5, 4, 4, 4, 4, 5, 5, 5, 5, 4, 4, 4, 4, 5, 5, 5, 5, 0, 5, 5, 5, 5, 5, 5, 5, 5, 5, 5, 5, 5, 5]
[5, 5, 5, 5, 5, 5, 5, 5, 5, 5, 5, 5, 5, 0, 5, 5, 5, 5, 4, 4, 4, 4, 5, 5, 5, 5, 4, 4, 4, 4, 5, 5, 5, 5, 4, 4, 4, 4, 5, 5, 5, 5, 4, 4, 4, 4, 5, 5, 5, 5, 0, 5, 5, 5, 5, 5, 5, 5, 5, 5, 5, 5, 5, 5]
[5, 5, 5, 5, 5, 5, 5, 5, 5, 5, 5, 5, 5, 0, 4, 4, 4, 4, 5, 5, 5, 5, 4, 4, 4, 4, 5, 5, 5, 5, 4, 4, 4, 4, 5, 5, 5, 5, 4, 4, 4, 4, 5, 5, 5, 5, 4, 4, 4, 4, 0, 5, 5, 5, 5, 5, 5, 5, 5, 5, 5, 5, 5, 5]
[5, 5, 5, 5, 5, 5, 5, 5, 5, 5, 5, 5, 5, 0, 4, 4, 4, 4, 5, 5, 5, 5, 4, 4, 4, 4, 5, 5, 5, 5, 4, 4, 4, 4, 5, 5, 5, 5, 4, 4, 4, 4, 5, 5, 5, 5, 4, 4, 4, 4, 0, 5, 5, 5, 5, 5, 5, 5, 5, 5, 5, 5, 5, 5]
[5, 5, 5, 5, 5, 5, 5, 5, 5, 5, 5, 5, 5, 0, 4, 4, 4, 4, 5, 5, 5, 5, 4, 4, 4, 4, 5, 5, 5, 5, 4, 4, 4, 4, 5, 5, 5, 5, 4, 4, 4, 4, 5, 5, 5, 5, 4, 4, 4, 4, 0, 5, 5, 5, 5, 5, 5, 5, 5, 5, 5, 5, 5, 5]
[5, 5, 5, 5, 5, 5, 5, 5, 5, 5, 5, 5, 5, 0, 4, 4, 4, 4, 5, 5, 5, 5, 4, 4, 4, 4, 5, 5, 5, 5, 4, 4, 4, 4, 5, 5, 5, 5, 4, 4, 4, 4, 5, 5, 5, 5, 4, 4, 4, 4, 0, 5, 5, 5, 5, 5, 5, 5, 5, 5, 5, 5, 5, 5]
[5, 5, 5, 5, 5, 5, 5, 5, 5, 5, 5, 5, 5, 0, 5, 5, 5, 5, 4, 4, 4, 4, 5, 5, 5, 5, 4, 4, 4, 4, 5, 5, 5, 5, 4, 4, 4, 4, 5, 5, 5, 5, 4, 4, 4, 4, 5, 5, 5, 5, 0, 5, 5, 5, 5, 5, 5, 5, 5, 5, 5, 5, 5, 5]
[5, 5, 5, 5, 5, 5, 5, 5, 5, 5, 5, 5, 5, 0, 5, 5, 5, 5, 4, 4, 4, 4, 5, 5, 5, 5, 4, 4, 4, 4, 5, 5, 5, 5, 4, 4, 4, 4, 5, 5, 5, 5, 4, 4, 4, 4, 5, 5, 5, 5, 0, 5, 5, 5, 5, 5, 5, 5, 5, 5, 5, 5, 5, 5]
[5, 5, 5, 5, 5, 5, 5, 5, 5, 5, 5, 5, 5, 0, 5, 5, 5, 5, 4, 4, 4, 4, 5, 5, 5, 5, 4, 4, 4, 4, 5, 5, 5, 5, 4, 4, 4, 4, 5, 5, 5, 5, 4, 4, 4, 4, 5, 5, 5, 5, 0, 5, 5, 5, 5, 5, 5, 5, 5, 5, 5, 5, 5, 5]
[5, 5, 5, 5, 5, 5, 5, 5, 5, 5, 5, 5, 5, 0, 5, 5, 5, 5, 4, 4, 4, 4, 5, 5, 5, 5, 4, 4, 4, 4, 5, 5, 5, 5, 4, 4, 4, 4, 5, 5, 5, 5, 4, 4, 4, 4, 5, 5, 5, 5, 0, 5, 5, 5, 5, 5, 5, 5, 5, 5, 5, 5, 5, 5]
[5, 5, 5, 5, 5, 5, 5, 5, 5, 5, 5, 5, 5, 0, 4, 4, 4, 4, 5, 5, 5, 5, 4, 4, 4, 4, 5, 5, 5, 5, 4, 4, 4, 4, 5, 5, 5, 5, 4, 4, 4, 4, 5, 5, 5, 5, 4, 4, 4, 4, 0, 5, 5, 5, 5, 5, 5, 5, 5, 5, 5, 5, 5, 5]
[5, 5, 5, 5, 5, 5, 5, 5, 5, 5, 5, 5, 5, 0, 4, 4, 4, 4, 5, 5, 5, 5, 4, 4, 4, 4, 5, 5, 5, 5, 4, 4, 4, 4, 5, 5, 5, 5, 4, 4, 4, 4, 5, 5, 5, 5, 4, 4, 4, 4, 0, 5, 5, 5, 5, 5, 5, 5, 5, 5, 5, 5, 5, 5]
[5, 5, 5, 5, 5, 5, 5, 5, 5, 5, 5, 5, 5, 0, 4, 4, 4, 4, 5, 5, 5, 5, 4, 4, 4, 4, 5, 5, 5, 5, 4, 4, 4, 4, 5, 5, 5, 5, 4, 4, 4, 4, 5, 5, 5, 5, 4, 4, 4, 4, 0, 5, 5, 5, 5, 5, 5, 5, 5, 5, 5, 5, 5, 5]
[5, 5, 5, 5, 5, 5, 5, 5, 5, 5, 5, 5, 5, 0, 4, 4, 4, 4, 5, 5, 5, 5, 4, 4, 4, 4, 5, 5, 5, 5, 4, 4, 4, 4, 5, 5, 5, 5, 4, 4, 4, 4, 5, 5, 5, 5, 4, 4, 4, 4, 0, 5, 5, 5, 5, 5, 5, 5, 5, 5, 5, 5, 5, 5]
[5, 5, 5, 5, 5, 5, 5, 5, 5, 5, 5, 5, 5, 0, 5, 5, 5, 5, 4, 4, 4, 4, 5, 5, 5, 5, 4, 4, 4, 11, 5, 5, 5, 5, 11, 4, 4, 4, 5, 5, 5, 5, 4, 4, 4, 4, 5, 5, 5, 5, 0, 5, 5, 5, 5, 5, 5, 5, 5, 5, 5, 5, 5, 5]
[5, 5, 5, 5, 5, 5, 5, 5, 5, 5, 5, 5, 5, 0, 5, 5, 5, 5, 4, 4, 4, 4, 5, 5, 5, 5, 4, 4, 4, 11, 5, 5, 5, 5, 11, 4, 4, 4, 5, 5, 5, 5, 4, 4, 4, 4, 5, 5, 5, 5, 0, 5, 5, 5, 5, 5, 5, 5, 5, 5, 5, 5, 5, 5]
[5, 5, 5, 5, 5, 5, 5, 5, 5, 5, 5, 5, 5, 0, 5, 5, 5, 5, 4, 4, 4, 4, 5, 5, 5, 5, 4, 4, 4, 11, 5, 5, 5, 5, 11, 4, 4, 4, 5, 5, 5, 5, 4, 4, 4, 4, 5, 5, 5, 5, 0, 5, 5, 5, 5, 5, 5, 5, 5, 5, 5, 5, 5, 5]
[5, 5, 5, 5, 5, 5, 5, 5, 5, 5, 5, 5, 5, 0, 5, 5, 5, 5, 4, 4, 4, 4, 5, 5, 5, 5, 4, 4, 4, 11, 5, 11, 11, 5, 11, 4, 4, 4, 5, 5, 5, 5, 4, 4, 4, 4, 5, 5, 5, 5, 0, 5, 5, 5, 5, 5, 5, 5, 5, 5, 5, 5, 5, 5]
[5, 5, 5, 5, 5, 5, 5, 5, 5, 5, 5, 5, 5, 0, 4, 4, 4, 4, 5, 5, 5, 5, 4, 4, 4, 4, 5, 5, 5, 11, 11, 11, 11, 11, 11, 5, 5, 5, 4, 4, 4, 4, 5, 5, 5, 5, 4, 4, 4, 4, 0, 5, 5, 5, 5, 5, 5, 5, 5, 5, 5, 5, 5, 5]
[5, 5, 5, 5, 5, 5, 5, 5, 5, 5, 5, 5, 5, 0, 4, 4, 4, 4, 5, 5, 5, 5, 4, 4, 4, 4, 5, 5, 5, 5, 4, 4, 4, 4, 5, 5, 5, 5, 4, 4, 4, 4, 5, 5, 5, 5, 4, 4, 4, 4, 0, 5, 5, 5, 5, 5, 5, 5, 5, 5, 5, 5, 5, 5]
[5, 5, 5, 5, 5, 5, 5, 5, 5, 5, 5, 5, 5, 0, 4, 4, 4, 4, 5, 5, 5, 5, 4, 4, 4, 4, 5, 5, 5, 5, 4, 4, 4, 4, 5, 5, 5, 5, 4, 4, 4, 4, 5, 5, 5, 5, 4, 4, 4, 4, 0, 5, 5, 5, 5, 5, 5, 5, 5, 5, 5, 5, 5, 5]
[5, 5, 5, 5, 5, 5, 5, 5, 5, 5, 5, 5, 5, 0, 4, 4, 4, 4, 5, 5, 5, 5, 4, 4, 4, 4, 5, 5, 5, 5, 4, 4, 4, 4, 5, 5, 5, 5, 4, 4, 4, 4, 5, 5, 5, 5, 4, 4, 4, 4, 0, 5, 5, 5, 5, 5, 5, 5, 5, 5, 5, 5, 5, 5]
[5, 5, 5, 5, 5, 5, 5, 5, 5, 5, 5, 5, 5, 0, 0, 0, 0, 0, 0, 0, 0, 0, 0, 0, 0, 0, 0, 0, 0, 0, 0, 0, 0, 0, 0, 0, 0, 0, 0, 0, 0, 0, 0, 0, 0, 0, 0, 0, 0, 0, 0, 5, 5, 5, 5, 5, 5, 5, 5, 5, 5, 5, 5, 5]
[5, 5, 5, 5, 5, 5, 5, 5, 5, 5, 5, 5, 5, 0, 0, 0, 0, 0, 0, 0, 5, 5, 5, 0, 0, 1, 1, 1, 0, 0, 5, 5, 5, 0, 0, 1, 1, 1, 0, 0, 1, 1, 1, 0, 0, 0, 0, 0, 0, 0, 0, 5, 5, 5, 5, 5, 5, 5, 5, 5, 5, 5, 5, 5]
[5, 5, 5, 5, 5, 5, 5, 5, 5, 5, 5, 5, 5, 0, 0, 0, 0, 0, 0, 0, 0, 0, 0, 0, 0, 0, 0, 0, 0, 0, 0, 0, 0, 0, 0, 0, 0, 0, 0, 0, 0, 0, 0, 0, 0, 0, 0, 0, 0, 0, 0, 5, 5, 5, 5, 5, 5, 5, 5, 5, 5, 5, 5, 5]
[5, 5, 5, 5, 5, 5, 5, 5, 5, 5, 5, 5, 5, 0, 0, 0, 0, 0, 0, 0, 0, 5, 0, 0, 0, 0, 1, 0, 0, 0, 0, 5, 0, 0, 0, 0, 1, 0, 0, 0, 0, 1, 0, 0, 0, 0, 0, 0, 0, 0, 0, 5, 5, 5, 5, 5, 5, 5, 5, 5, 5, 5, 5, 5]
[5, 5, 5, 5, 5, 5, 5, 5, 5, 5, 5, 5, 5, 0, 0, 0, 0, 0, 0, 0, 0, 5, 0, 0, 0, 0, 1, 0, 0, 0, 0, 5, 0, 0, 0, 0, 1, 0, 0, 0, 0, 1, 0, 0, 0, 0, 0, 0, 0, 0, 0, 5, 5, 5, 5, 5, 5, 5, 5, 5, 5, 5, 5, 5]
[5, 5, 5, 5, 5, 5, 5, 5, 5, 5, 5, 5, 5, 0, 0, 0, 0, 0, 0, 0, 0, 5, 0, 0, 0, 0, 1, 0, 0, 0, 0, 5, 0, 0, 0, 0, 1, 0, 0, 0, 0, 1, 0, 0, 0, 0, 0, 0, 0, 0, 0, 5, 5, 5, 5, 5, 5, 5, 5, 5, 5, 5, 5, 5]
[5, 5, 5, 5, 5, 5, 5, 5, 5, 5, 5, 5, 5, 0, 0, 0, 0, 0, 0, 0, 0, 0, 0, 0, 0, 0, 0, 0, 0, 0, 0, 0, 0, 0, 0, 0, 0, 0, 0, 0, 0, 0, 0, 0, 0, 0, 0, 0, 0, 0, 0, 5, 5, 5, 5, 5, 5, 5, 5, 5, 5, 5, 5, 5]
[5, 5, 5, 5, 5, 5, 5, 5, 5, 5, 5, 5, 5, 5, 5, 5, 5, 5, 5, 5, 5, 5, 5, 5, 5, 5, 5, 5, 5, 5, 5, 5, 5, 5, 5, 5, 5, 5, 5, 5, 5, 5, 5, 5, 5, 5, 5, 5, 0, 5, 5, 5, 5, 5, 5, 5, 5, 5, 5, 5, 5, 5, 5, 5]
[5, 5, 5, 5, 5, 5, 5, 5, 5, 5, 5, 5, 5, 5, 5, 5, 5, 5, 5, 5, 5, 5, 5, 5, 5, 5, 5, 5, 5, 5, 5, 5, 5, 5, 5, 5, 0, 0, 0, 0, 0, 0, 0, 0, 0, 0, 0, 0, 0, 5, 5, 5, 5, 5, 5, 5, 5, 5, 5, 5, 5, 5, 5, 5]
[5, 5, 5, 5, 5, 5, 5, 5, 5, 5, 5, 5, 5, 5, 5, 5, 5, 5, 5, 5, 5, 5, 5, 5, 5, 5, 5, 5, 5, 5, 5, 5, 5, 5, 5, 5, 0, 5, 5, 5, 5, 5, 5, 5, 5, 5, 5, 5, 5, 5, 5, 5, 5, 5, 5, 5, 5, 5, 5, 5, 5, 5, 5, 5]
[5, 5, 5, 5, 5, 5, 5, 5, 5, 5, 5, 5, 5, 5, 5, 5, 5, 5, 5, 5, 5, 5, 5, 5, 5, 5, 5, 5, 5, 5, 5, 5, 5, 5, 9, 9, 9, 9, 9, 5, 5, 5, 5, 5, 5, 5, 5, 5, 5, 5, 5, 5, 5, 5, 5, 5, 5, 5, 5, 5, 5, 5, 5, 5]
[5, 5, 5, 5, 5, 5, 5, 5, 5, 5, 5, 5, 5, 5, 5, 5, 5, 5, 5, 5, 5, 5, 5, 5, 5, 5, 5, 5, 5, 5, 5, 5, 5, 9, 9, 9, 9, 9, 9, 9, 5, 5, 5, 5, 5, 5, 5, 5, 5, 5, 5, 5, 5, 5, 5, 5, 5, 5, 5, 5, 5, 5, 5, 5]
[5, 5, 5, 5, 5, 5, 5, 5, 5, 5, 5, 5, 5, 5, 5, 5, 5, 5, 5, 5, 5, 5, 5, 5, 5, 5, 5, 5, 5, 5, 5, 5, 9, 9, 9, 9, 9, 9, 9, 9, 9, 5, 5, 5, 5, 5, 5, 5, 5, 5, 5, 5, 5, 5, 5, 5, 5, 5, 5, 5, 5, 5, 5, 5]
[5, 5, 5, 5, 5, 5, 5, 5, 5, 5, 5, 5, 5, 5, 5, 5, 5, 5, 5, 5, 5, 5, 5, 5, 5, 5, 5, 5, 5, 5, 5, 5, 9, 9, 9, 9, 9, 9, 9, 9, 9, 5, 5, 5, 5, 5, 5, 5, 5, 5, 5, 5, 5, 5, 5, 5, 5, 5, 5, 5, 5, 5, 5, 5]
[5, 5, 5, 5, 5, 5, 5, 5, 5, 5, 5, 5, 5, 5, 5, 5, 5, 5, 5, 5, 5, 5, 5, 5, 5, 5, 5, 5, 5, 5, 5, 5, 9, 9, 9, 9, 9, 9, 9, 9, 9, 5, 5, 5, 5, 5, 5, 5, 5, 5, 5, 5, 5, 5, 5, 5, 5, 5, 5, 5, 5, 5, 5, 5]
[5, 5, 5, 5, 5, 5, 5, 5, 5, 5, 5, 5, 5, 5, 5, 5, 5, 5, 5, 5, 5, 5, 5, 5, 5, 5, 5, 5, 5, 5, 5, 5, 9, 9, 9, 9, 9, 9, 9, 9, 9, 5, 5, 5, 5, 5, 5, 5, 5, 5, 5, 5, 5, 5, 5, 5, 5, 5, 5, 5, 5, 5, 5, 5]
[5, 5, 5, 5, 5, 5, 5, 5, 5, 5, 5, 5, 5, 5, 5, 5, 5, 5, 5, 5, 5, 5, 5, 5, 5, 5, 5, 5, 5, 5, 5, 5, 9, 9, 9, 9, 9, 9, 9, 9, 9, 5, 5, 5, 5, 5, 5, 5, 5, 5, 5, 5, 5, 5, 5, 5, 5, 5, 5, 5, 5, 5, 5, 5]
[5, 5, 5, 5, 5, 5, 5, 5, 5, 5, 5, 5, 5, 5, 5, 5, 5, 5, 5, 5, 5, 5, 5, 5, 5, 5, 5, 5, 5, 5, 5, 5, 5, 9, 9, 9, 9, 9, 9, 9, 5, 5, 5, 5, 5, 5, 5, 5, 5, 5, 5, 5, 5, 5, 5, 5, 5, 5, 5, 5, 5, 5, 5, 5]
[5, 5, 5, 5, 5, 5, 5, 5, 5, 5, 5, 5, 5, 5, 5, 5, 5, 5, 5, 5, 5, 5, 5, 5, 5, 5, 5, 5, 5, 5, 5, 5, 5, 5, 9, 9, 9, 9, 9, 5, 5, 5, 5, 5, 5, 5, 5, 5, 5, 5, 5, 5, 5, 5, 5, 5, 5, 5, 5, 5, 5, 5, 5, 5]
[5, 5, 5, 5, 5, 5, 5, 5, 5, 5, 5, 5, 5, 5, 5, 5, 5, 5, 5, 5, 5, 5, 5, 5, 5, 5, 5, 5, 5, 5, 5, 5, 5, 5, 5, 5, 5, 5, 5, 5, 5, 5, 5, 5, 5, 5, 5, 5, 5, 5, 5, 5, 5, 5, 5, 5, 5, 5, 5, 5, 5, 5, 5, 5]
[5, 5, 5, 5, 5, 5, 5, 5, 5, 5, 5, 5, 5, 5, 5, 5, 5, 5, 5, 5, 5, 5, 5, 5, 5, 5, 5, 5, 5, 5, 5, 5, 5, 5, 5, 5, 5, 5, 5, 5, 5, 5, 5, 5, 5, 5, 5, 5, 5, 5, 5, 5, 5, 5, 5, 5, 5, 5, 5, 5, 5, 5, 5, 5]
[5, 5, 5, 5, 5, 5, 5, 5, 5, 5, 5, 5, 5, 5, 5, 5, 5, 5, 5, 5, 5, 5, 5, 5, 5, 5, 5, 5, 5, 5, 5, 5, 5, 5, 5, 5, 5, 5, 5, 5, 5, 5, 5, 5, 5, 5, 5, 5, 5, 5, 5, 5, 5, 5, 5, 5, 5, 5, 5, 5, 5, 5, 5, 5]
[5, 5, 5, 5, 5, 5, 5, 5, 5, 5, 5, 5, 5, 5, 5, 5, 5, 5, 5, 5, 5, 5, 5, 5, 5, 5, 5, 5, 5, 5, 5, 5, 5, 5, 5, 5, 5, 5, 5, 5, 5, 5, 5, 5, 5, 5, 5, 5, 5, 5, 5, 5, 5, 5, 5, 5, 5, 5, 5, 5, 5, 5, 5, 5]
</grid_0>
",,0.0,False
5,ACTION6 x=36 y=55,manual,"State: NOT_FINISHED
Levels completed: 0/7
Action count: 5

========== Start of Direct Observation ==========
<grid_0>
[5, 5, 5, 5, 5, 5, 5, 5, 5, 5, 5, 5, 5, 5, 5, 5, 5, 5, 5, 5, 5, 5, 5, 5, 5, 5, 5, 5, 5, 5, 5, 5, 5, 5, 5, 5, 5, 5, 5, 5, 5, 5, 5, 5, 5, 5, 5, 5, 5, 5, 5, 5, 5, 5, 5, 5, 5, 5, 5, 5, 5, 5, 5, 5]
[5, 9, 9, 9, 9, 9, 9, 9, 9, 9, 9, 9, 9, 9, 9, 9, 9, 9, 9, 9, 9, 9, 9, 9, 9, 9, 9, 9, 9, 9, 9, 9, 9, 9, 9, 9, 9, 9, 9, 9, 9, 9, 9, 9, 9, 9, 9, 9, 9, 9, 9, 9, 9, 9, 9, 9, 9, 3, 3, 3, 3, 3, 5, 5]
[5, 5, 5, 5, 5, 5, 5, 5, 5, 5, 5, 5, 5, 5, 5, 5, 5, 5, 5, 5, 5, 5, 5, 5, 5, 5, 5, 5, 5, 5, 5, 5, 5, 5, 5, 5, 5, 5, 5, 5, 5, 5, 5, 5, 5, 5, 5, 5, 5, 5, 5, 5, 5, 5, 5, 5, 5, 5, 5, 5, 5, 5, 5, 5]
[5, 5, 5, 5, 5, 5, 5, 5, 5, 5, 5, 5, 5, 5, 5, 5, 5, 5, 5, 5, 5, 5, 5, 5, 5, 5, 5, 5, 5, 5, 5, 5, 5, 5, 5, 5, 5, 5, 5, 5, 5, 5, 5, 5, 5, 5, 5, 5, 5, 5, 5, 5, 5, 5, 5, 5, 5, 5, 5, 5, 5, 5, 5, 5]
[5, 5, 5, 5, 5, 5, 5, 5, 5, 5, 5, 5, 5, 5, 5, 5, 5, 5, 5, 5, 5, 5, 5, 5, 5, 5, 5, 5, 5, 5, 5, 5, 5, 5, 5, 5, 5, 5, 5, 5, 5, 5, 5, 5, 5, 5, 5, 5, 5, 5, 5, 5, 5, 5, 5, 5, 5, 5, 5, 5, 5, 5, 5, 5]
[5, 5, 5, 5, 5, 5, 5, 5, 5, 5, 5, 5, 5, 5, 5, 5, 5, 5, 5, 5, 5, 5, 5, 5, 5, 5, 5, 5, 5, 5, 5, 5, 5, 5, 5, 5, 5, 5, 5, 5, 5, 5, 5, 5, 5, 5, 5, 5, 5, 5, 5, 5, 5, 5, 5, 5, 5, 5, 5, 5, 5, 5, 5, 5]
[5, 5, 5, 5, 5, 5, 5, 5, 5, 5, 5, 5, 5, 5, 5, 5, 5, 5, 5, 5, 5, 5, 5, 5, 5, 5, 5, 5, 5, 5, 5, 5, 5, 5, 5, 5, 5, 5, 5, 5, 5, 5, 5, 5, 5, 5, 5, 5, 5, 5, 5, 5, 5, 5, 5, 5, 5, 5, 5, 5, 5, 5, 5, 5]
[5, 5, 5, 5, 5, 5, 5, 5, 5, 5, 5, 5, 5, 5, 5, 5, 5, 5, 5, 5, 5, 5, 5, 5, 5, 5, 5, 5, 5, 5, 5, 5, 5, 5, 5, 5, 5, 5, 5, 5, 5, 5, 5, 5, 5, 5, 5, 5, 5, 5, 5, 5, 5, 5, 5, 5, 5, 5, 5, 5, 5, 5, 5, 5]
[5, 5, 5, 5, 5, 5, 5, 5, 5, 5, 5, 5, 5, 0, 0, 0, 0, 0, 0, 0, 0, 0, 0, 0, 0, 0, 0, 0, 0, 0, 0, 0, 0, 0, 0, 0, 0, 0, 0, 0, 0, 0, 0, 0, 0, 0, 0, 0, 0, 0, 0, 5, 5, 5, 5, 5, 5, 5, 5, 5, 5, 5, 5, 5]
[5, 5, 5, 5, 5, 5, 5, 5, 5, 5, 5, 5, 5, 0, 5, 5, 5, 5, 4, 4, 4, 4, 5, 5, 5, 5, 4, 4, 4, 4, 5, 5, 5, 5, 4, 4, 4, 4, 5, 5, 5, 5, 4, 4, 4, 4, 5, 5, 5, 5, 0, 5, 5, 5, 5, 5, 5, 5, 5, 5, 5, 5, 5, 5]
[5, 5, 5, 5, 5, 5, 5, 5, 5, 5, 5, 5, 5, 0, 5, 5, 5, 5, 4, 4, 4, 4, 5, 5, 5, 5, 4, 4, 4, 4, 5, 5, 5, 5, 4, 4, 4, 4, 5, 5, 5, 5, 4, 4, 4, 4, 5, 5, 5, 5, 0, 5, 5, 5, 5, 5, 5, 5, 5, 5, 5, 5, 5, 5]
[5, 5, 5, 5, 5, 5, 5, 5, 5, 5, 5, 5, 5, 0, 5, 5, 5, 5, 4, 4, 4, 4, 5, 5, 5, 5, 4, 4, 4, 4, 5, 5, 5, 5, 4, 4, 4, 4, 5, 5, 5, 5, 4, 4, 4, 4, 5, 5, 5, 5, 0, 5, 5, 5, 5, 5, 5, 5, 5, 5, 5, 5, 5, 5]
[5, 5, 5, 5, 5, 5, 5, 5, 5, 5, 5, 5, 5, 0, 5, 5, 5, 5, 4, 4, 4, 4, 5, 5, 5, 5, 4, 4, 4, 4, 5, 5, 5, 5, 4, 4, 4, 4, 5, 5, 5, 5, 4, 4, 4, 4, 5, 5, 5, 5, 0, 5, 5, 5, 5, 5, 5, 5, 5, 5, 5, 5, 5, 5]
[5, 5, 5, 5, 5, 5, 5, 5, 5, 5, 5, 5, 5, 0, 4, 4, 4, 4, 5, 5, 5, 5, 4, 4, 4, 4, 5, 5, 5, 5, 11, 11, 11, 11, 5, 5, 5, 5, 4, 4, 4, 4, 5, 5, 5, 5, 4, 4, 4, 4, 0, 5, 5, 5, 5, 5, 5, 5, 5, 5, 5, 5, 5, 5]
[5, 5, 5, 5, 5, 5, 5, 5, 5, 5, 5, 5, 5, 0, 4, 4, 4, 4, 5, 5, 5, 5, 4, 4, 4, 4, 5, 5, 5, 5, 11, 11, 11, 11, 5, 5, 5, 5, 4, 4, 4, 4, 5, 5, 5, 5, 4, 4, 4, 4, 0, 5, 5, 5, 5, 5, 5, 5, 5, 5, 5, 5, 5, 5]
[5, 5, 5, 5, 5, 5, 5, 5, 5, 5, 5, 5, 5, 0, 4, 4, 4, 4, 5, 5, 5, 5, 4, 4, 4, 4, 5, 5, 5, 5, 11, 11, 11, 11, 5, 5, 5, 5, 4, 4, 4, 4, 5, 5, 5, 5, 4, 4, 4, 4, 0, 5, 5, 5, 5, 5, 5, 5, 5, 5, 5, 5, 5, 5]
[5, 5, 5, 5, 5, 5, 5, 5, 5, 5, 5, 5, 5, 0, 4, 4, 4, 4, 5, 5, 5, 5, 4, 4, 4, 4, 5, 5, 5, 5, 11, 4, 4, 11, 5, 5, 5, 5, 4, 4, 4, 4, 5, 5, 5, 5, 4, 4, 4, 4, 0, 5, 5, 5, 5, 5, 5, 5, 5, 5, 5, 5, 5, 5]
[5, 5, 5, 5, 5, 5, 5, 5, 5, 5, 5, 5, 5, 0, 5, 5, 5, 5, 4, 4, 4, 4, 5, 5, 5, 5, 4, 4, 4, 4, 5, 5, 5, 5, 4, 4, 4, 4, 5, 5, 5, 5, 4, 4, 4, 4, 5, 5, 5, 5, 0, 5, 5, 5, 5, 5, 5, 5, 5, 5, 5, 5, 5, 5]
[5, 5, 5, 5, 5, 5, 5, 5, 5, 5, 5, 5, 5, 0, 5, 5, 5, 5, 4, 4, 4, 4, 5, 5, 5, 5, 4, 4, 4, 4, 5, 5, 5, 5, 4, 4, 4, 4, 5, 5, 5, 5, 4, 4, 4, 4, 5, 5, 5, 5, 0, 5, 5, 5, 5, 5, 5, 5, 5, 5, 5, 5, 5, 5]
[5, 5, 5, 5, 5, 5, 5, 5, 5, 5, 5, 5, 5, 0, 5, 5, 5, 5, 4, 4, 4, 4, 5, 5, 5, 5, 4, 4, 4, 4, 5, 5, 5, 5, 4, 4, 4, 4, 5, 5, 5, 5, 4, 4, 4, 4, 5, 5, 5, 5, 0, 5, 5, 5, 5, 5, 5, 5, 5, 5, 5, 5, 5, 5]
[5, 5, 5, 5, 5, 5, 5, 5, 5, 5, 5, 5, 5, 0, 5, 5, 5, 5, 4, 4, 4, 4, 5, 5, 5, 5, 4, 4, 4, 4, 5, 5, 5, 5, 4, 4, 4, 4, 5, 5, 5, 5, 4, 4, 4, 4, 5, 5, 5, 5, 0, 5, 5, 5, 5, 5, 5, 5, 5, 5, 5, 5, 5, 5]
[5, 5, 5, 5, 5, 5, 5, 5, 5, 5, 5, 5, 5, 0, 4, 4, 4, 4, 5, 5, 5, 5, 4, 4, 4, 4, 5, 5, 5, 5, 4, 4, 4, 4, 5, 5, 5, 5, 4, 4, 4, 4, 5, 5, 5, 5, 4, 4, 4, 4, 0, 5, 5, 5, 5, 5, 5, 5, 5, 5, 5, 5, 5, 5]
[5, 5, 5, 5, 5, 5, 5, 5, 5, 5, 5, 5, 5, 0, 4, 4, 4, 4, 5, 5, 5, 5, 4, 4, 4, 4, 5, 5, 5, 5, 4, 4, 4, 4, 5, 5, 5, 5, 4, 4, 4, 4, 5, 5, 5, 5, 4, 4, 4, 4, 0, 5, 5, 5, 5, 5, 5, 5, 5, 5, 5, 5, 5, 5]
[5, 5, 5, 5, 5, 5, 5, 5, 5, 5, 5, 5, 5, 0, 4, 4, 4, 4, 5, 5, 5, 5, 4, 4, 4, 4, 5, 5, 5, 5, 4, 4, 4, 4, 5, 5, 5, 5, 4, 4, 4, 4, 5, 5, 5, 5, 4, 4, 4, 4, 0, 5, 5, 5, 5, 5, 5, 5, 5, 5, 5, 5, 5, 5]
[5, 5, 5, 5, 5, 5, 5, 5, 5, 5, 5, 5, 5, 0, 4, 4, 4, 4, 5, 5, 5, 5, 4, 4, 4, 4, 5, 5, 5, 5, 4, 4, 4, 4, 5, 5, 5, 5, 4, 4, 4, 4, 5, 5, 5, 5, 4, 4, 4, 4, 0, 5, 5, 5, 5, 5, 5, 5, 5, 5, 5, 5, 5, 5]
[5, 5, 5, 5, 5, 5, 5, 5, 5, 5, 5, 5, 5, 0, 5, 5, 5, 5, 4, 4, 4, 4, 5, 5, 5, 5, 4, 4, 4, 4, 5, 5, 5, 5, 4, 4, 4, 4, 5, 5, 5, 5, 4, 4, 4, 4, 5, 5, 5, 5, 0, 5, 5, 5, 5, 5, 5, 5, 5, 5, 5, 5, 5, 5]
[5, 5, 5, 5, 5, 5, 5, 5, 5, 5, 5, 5, 5, 0, 5, 5, 5, 5, 4, 4, 4, 4, 5, 5, 5, 5, 4, 4, 4, 4, 5, 5, 5, 5, 4, 4, 4, 4, 5, 5, 5, 5, 4, 4, 4, 4, 5, 5, 5, 5, 0, 5, 5, 5, 5, 5, 5, 5, 5, 5, 5, 5, 5, 5]
[5, 5, 5, 5, 5, 5, 5, 5, 5, 5, 5, 5, 5, 0, 5, 5, 5, 5, 4, 4, 4, 4, 5, 5, 5, 5, 4, 4, 4, 4, 5, 5, 5, 5, 4, 4, 4, 4, 5, 5, 5, 5, 4, 4, 4, 4, 5, 5, 5, 5, 0, 5, 5, 5, 5, 5, 5, 5, 5, 5, 5, 5, 5, 5]
[5, 5, 5, 5, 5, 5, 5, 5, 5, 5, 5, 5, 5, 0, 5, 5, 5, 5, 4, 4, 4, 4, 5, 5, 5, 5, 4, 4, 4, 4, 5, 5, 5, 5, 4, 4, 4, 4, 5, 5, 5, 5, 4, 4, 4, 4, 5, 5, 5, 5, 0, 5, 5, 5, 5, 5, 5, 5, 5, 5, 5, 5, 5, 5]
[5, 5, 5, 5, 5, 5, 5, 5, 5, 5, 5, 5, 5, 0, 4, 4, 4, 4, 5, 5, 5, 5, 4, 4, 4, 4, 5, 5, 5, 5, 4, 4, 4, 4, 5, 5, 5, 5, 4, 4, 4, 4, 5, 5, 5, 5, 4, 4, 4, 4, 0, 5, 5, 5, 5, 5, 5, 5, 5, 5, 5, 5, 5, 5]
[5, 5, 5, 5, 5, 5, 5, 5, 5, 5, 5, 5, 5, 0, 4, 4, 4, 4, 5, 5, 5, 5, 4, 4, 4, 4, 5, 5, 5, 5, 4, 4, 4, 4, 5, 5, 5, 5, 4, 4, 4, 4, 5, 5, 5, 5, 4, 4, 4, 4, 0, 5, 5, 5, 5, 5, 5, 5, 5, 5, 5, 5, 5, 5]
[5, 5, 5, 5, 5, 5, 5, 5, 5, 5, 5, 5, 5, 0, 4, 4, 4, 4, 5, 5, 5, 5, 4, 4, 4, 4, 5, 5, 5, 5, 4, 4, 4, 4, 5, 5, 5, 5, 4, 4, 4, 4, 5, 5, 5, 5, 4, 4, 4, 4, 0, 5, 5, 5, 5, 5, 5, 5, 5, 5, 5, 5, 5, 5]
[5, 5, 5, 5, 5, 5, 5, 5, 5, 5, 5, 5, 5, 0, 4, 4, 4, 4, 5, 5, 5, 5, 4, 4, 4, 4, 5, 5, 5, 5, 4, 4, 4, 4, 5, 5, 5, 5, 4, 4, 4, 4, 5, 5, 5, 5, 4, 4, 4, 4, 0, 5, 5, 5, 5, 5, 5, 5, 5, 5, 5, 5, 5, 5]
[5, 5, 5, 5, 5, 5, 5, 5, 5, 5, 5, 5, 5, 0, 5, 5, 5, 5, 4, 4, 4, 4, 5, 5, 5, 5, 4, 4, 4, 11, 5, 5, 5, 5, 11, 4, 4, 4, 5, 5, 5, 5, 4, 4, 4, 4, 5, 5, 5, 5, 0, 5, 5, 5, 5, 5, 5, 5, 5, 5, 5, 5, 5, 5]
[5, 5, 5, 5, 5, 5, 5, 5, 5, 5, 5, 5, 5, 0, 5, 5, 5, 5, 4, 4, 4, 4, 5, 5, 5, 5, 4, 4, 4, 11, 5, 5, 5, 5, 11, 4, 4, 4, 5, 5, 5, 5, 4, 4, 4, 4, 5, 5, 5, 5, 0, 5, 5, 5, 5, 5, 5, 5, 5, 5, 5, 5, 5, 5]
[5, 5, 5, 5, 5, 5, 5, 5, 5, 5, 5, 5, 5, 0, 5, 5, 5, 5, 4, 4, 4, 4, 5, 5, 5, 5, 4, 4, 4, 11, 5, 5, 5, 5, 11, 4, 4, 4, 5, 5, 5, 5, 4, 4, 4, 4, 5, 5, 5, 5, 0, 5, 5, 5, 5, 5, 5, 5, 5, 5, 5, 5, 5, 5]
[5, 5, 5, 5, 5, 5, 5, 5, 5, 5, 5, 5, 5, 0, 5, 5, 5, 5, 4, 4, 4, 4, 5, 5, 5, 5, 4, 4, 4, 11, 5, 11, 11, 5, 11, 4, 4, 4, 5, 5, 5, 5, 4, 4, 4, 4, 5, 5, 5, 5, 0, 5, 5, 5, 5, 5, 5, 5, 5, 5, 5, 5, 5, 5]
[5, 5, 5, 5, 5, 5, 5, 5, 5, 5, 5, 5, 5, 0, 4, 4, 4, 4, 5, 5, 5, 5, 4, 4, 4, 4, 5, 5, 5, 11, 11, 11, 11, 11, 11, 5, 5, 5, 4, 4, 4, 4, 5, 5, 5, 5, 4, 4, 4, 4, 0, 5, 5, 5, 5, 5, 5, 5, 5, 5, 5, 5, 5, 5]
[5, 5, 5, 5, 5, 5, 5, 5, 5, 5, 5, 5, 5, 0, 4, 4, 4, 4, 5, 5, 5, 5, 4, 4, 4, 4, 5, 5, 5, 5, 4, 4, 4, 4, 5, 5, 5, 5, 4, 4, 4, 4, 5, 5, 5, 5, 4, 4, 4, 4, 0, 5, 5, 5, 5, 5, 5, 5, 5, 5, 5, 5, 5, 5]
[5, 5, 5, 5, 5, 5, 5, 5, 5, 5, 5, 5, 5, 0, 4, 4, 4, 4, 5, 5, 5, 5, 4, 4, 4, 4, 5, 5, 5, 5, 4, 4, 4, 4, 5, 5, 5, 5, 4, 4, 4, 4, 5, 5, 5, 5, 4, 4, 4, 4, 0, 5, 5, 5, 5, 5, 5, 5, 5, 5, 5, 5, 5, 5]
[5, 5, 5, 5, 5, 5, 5, 5, 5, 5, 5, 5, 5, 0, 4, 4, 4, 4, 5, 5, 5, 5, 4, 4, 4, 4, 5, 5, 5, 5, 4, 4, 4, 4, 5, 5, 5, 5, 4, 4, 4, 4, 5, 5, 5, 5, 4, 4, 4, 4, 0, 5, 5, 5, 5, 5, 5, 5, 5, 5, 5, 5, 5, 5]
[5, 5, 5, 5, 5, 5, 5, 5, 5, 5, 5, 5, 5, 0, 0, 0, 0, 0, 0, 0, 0, 0, 0, 0, 0, 0, 0, 0, 0, 0, 0, 0, 0, 0, 0, 0, 0, 0, 0, 0, 0, 0, 0, 0, 0, 0, 0, 0, 0, 0, 0, 5, 5, 5, 5, 5, 5, 5, 5, 5, 5, 5, 5, 5]
[5, 5, 5, 5, 5, 5, 5, 5, 5, 5, 5, 5, 5, 0, 0, 0, 0, 0, 0, 0, 5, 5, 5, 0, 0, 1, 1, 1, 0, 0, 5, 5, 5, 0, 0, 1, 1, 1, 0, 0, 1, 1, 1, 0, 0, 0, 0, 0, 0, 0, 0, 5, 5, 5, 5, 5, 5, 5, 5, 5, 5, 5, 5, 5]
[5, 5, 5, 5, 5, 5, 5, 5, 5, 5, 5, 5, 5, 0, 0, 0, 0, 0, 0, 0, 0, 0, 0, 0, 0, 0, 0, 0, 0, 0, 0, 0, 0, 0, 0, 0, 0, 0, 0, 0, 0, 0, 0, 0, 0, 0, 0, 0, 0, 0, 0, 5, 5, 5, 5, 5, 5, 5, 5, 5, 5, 5, 5, 5]
[5, 5, 5, 5, 5, 5, 5, 5, 5, 5, 5, 5, 5, 0, 0, 0, 0, 0, 0, 0, 0, 5, 0, 0, 0, 0, 1, 0, 0, 0, 0, 5, 0, 0, 0, 0, 1, 0, 0, 0, 0, 1, 0, 0, 0, 0, 0, 0, 0, 0, 0, 5, 5, 5, 5, 5, 5, 5, 5, 5, 5, 5, 5, 5]
[5, 5, 5, 5, 5, 5, 5, 5, 5, 5, 5, 5, 5, 0, 0, 0, 0, 0, 0, 0, 0, 5, 0, 0, 0, 0, 1, 0, 0, 0, 0, 5, 0, 0, 0, 0, 1, 0, 0, 0, 0, 1, 0, 0, 0, 0, 0, 0, 0, 0, 0, 5, 5, 5, 5, 5, 5, 5, 5, 5, 5, 5, 5, 5]
[5, 5, 5, 5, 5, 5, 5, 5, 5, 5, 5, 5, 5, 0, 0, 0, 0, 0, 0, 0, 0, 5, 0, 0, 0, 0, 1, 0, 0, 0, 0, 5, 0, 0, 0, 0, 1, 0, 0, 0, 0, 1, 0, 0, 0, 0, 0, 0, 0, 0, 0, 5, 5, 5, 5, 5, 5, 5, 5, 5, 5, 5, 5, 5]
[5, 5, 5, 5, 5, 5, 5, 5, 5, 5, 5, 5, 5, 0, 0, 0, 0, 0, 0, 0, 0, 0, 0, 0, 0, 0, 0, 0, 0, 0, 0, 0, 0, 0, 0, 0, 0, 0, 0, 0, 0, 0, 0, 0, 0, 0, 0, 0, 0, 0, 0, 5, 5, 5, 5, 5, 5, 5, 5, 5, 5, 5, 5, 5]
[5, 5, 5, 5, 5, 5, 5, 5, 5, 5, 5, 5, 5, 5, 5, 5, 5, 5, 5, 5, 5, 5, 5, 5, 5, 5, 5, 5, 5, 5, 5, 5, 5, 5, 5, 5, 5, 5, 5, 5, 5, 5, 5, 5, 5, 5, 5, 5, 0, 5, 5, 5, 5, 5, 5, 5, 5, 5, 5, 5, 5, 5, 5, 5]
[5, 5, 5, 5, 5, 5, 5, 5, 5, 5, 5, 5, 5, 5, 5, 5, 5, 5, 5, 5, 5, 5, 5, 5, 5, 5, 5, 5, 5, 5, 5, 5, 5, 5, 5, 5, 0, 0, 0, 0, 0, 0, 0, 0, 0, 0, 0, 0, 0, 5, 5, 5, 5, 5, 5, 5, 5, 5, 5, 5, 5, 5, 5, 5]
[5, 5, 5, 5, 5, 5, 5, 5, 5, 5, 5, 5, 5, 5, 5, 5, 5, 5, 5, 5, 5, 5, 5, 5, 5, 5, 5, 5, 5, 5, 5, 5, 5, 5, 5, 5, 0, 5, 5, 5, 5, 5, 5, 5, 5, 5, 5, 5, 5, 5, 5, 5, 5, 5, 5, 5, 5, 5, 5, 5, 5, 5, 5, 5]
[5, 5, 5, 5, 5, 5, 5, 5, 5, 5, 5, 5, 5, 5, 5, 5, 5, 5, 5, 5, 5, 5, 5, 5, 5, 5, 5, 5, 5, 5, 5, 5, 5, 5, 9, 9, 9, 9, 9, 5, 5, 5, 5, 5, 5, 5, 5, 5, 5, 5, 5, 5, 5, 5, 5, 5, 5, 5, 5, 5, 5, 5, 5, 5]
[5, 5, 5, 5, 5, 5, 5, 5, 5, 5, 5, 5, 5, 5, 5, 5, 5, 5, 5, 5, 5, 5, 5, 5, 5, 5, 5, 5, 5, 5, 5, 5, 5, 9, 9, 9, 9, 9, 9, 9, 5, 5, 5, 5, 5, 5, 5, 5, 5, 5, 5, 5, 5, 5, 5, 5, 5, 5, 5, 5, 5, 5, 5, 5]
[5, 5, 5, 5, 5, 5, 5, 5, 5, 5, 5, 5, 5, 5, 5, 5, 5, 5, 5, 5, 5, 5, 5, 5, 5, 5, 5, 5, 5, 5, 5, 5, 9, 9, 9, 9, 9, 9, 9, 9, 9, 5, 5, 5, 5, 5, 5, 5, 5, 5, 5, 5, 5, 5, 5, 5, 5, 5, 5, 5, 5, 5, 5, 5]
[5, 5, 5, 5, 5, 5, 5, 5, 5, 5, 5, 5, 5, 5, 5, 5, 5, 5, 5, 5, 5, 5, 5, 5, 5, 5, 5, 5, 5, 5, 5, 5, 9, 9, 9, 9, 9, 9, 9, 9, 9, 5, 5, 5, 5, 5, 5, 5, 5, 5, 5, 5, 5, 5, 5, 5, 5, 5, 5, 5, 5, 5, 5, 5]
[5, 5, 5, 5, 5, 5, 5, 5, 5, 5, 5, 5, 5, 5, 5, 5, 5, 5, 5, 5, 5, 5, 5, 5, 5, 5, 5, 5, 5, 5, 5, 5, 9, 9, 9, 9, 9, 9, 9, 9, 9, 5, 5, 5, 5, 5, 5, 5, 5, 5, 5, 5, 5, 5, 5, 5, 5, 5, 5, 5, 5, 5, 5, 5]
[5, 5, 5, 5, 5, 5, 5, 5, 5, 5, 5, 5, 5, 5, 5, 5, 5, 5, 5, 5, 5, 5, 5, 5, 5, 5, 5, 5, 5, 5, 5, 5, 9, 9, 9, 9, 9, 9, 9, 9, 9, 5, 5, 5, 5, 5, 5, 5, 5, 5, 5, 5, 5, 5, 5, 5, 5, 5, 5, 5, 5, 5, 5, 5]
[5, 5, 5, 5, 5, 5, 5, 5, 5, 5, 5, 5, 5, 5, 5, 5, 5, 5, 5, 5, 5, 5, 5, 5, 5, 5, 5, 5, 5, 5, 5, 5, 9, 9, 9, 9, 9, 9, 9, 9, 9, 5, 5, 5, 5, 5, 5, 5, 5, 5, 5, 5, 5, 5, 5, 5, 5, 5, 5, 5, 5, 5, 5, 5]
[5, 5, 5, 5, 5, 5, 5, 5, 5, 5, 5, 5, 5, 5, 5, 5, 5, 5, 5, 5, 5, 5, 5, 5, 5, 5, 5, 5, 5, 5, 5, 5, 5, 9, 9, 9, 9, 9, 9, 9, 5, 5, 5, 5, 5, 5, 5, 5, 5, 5, 5, 5, 5, 5, 5, 5, 5, 5, 5, 5, 5, 5, 5, 5]
[5, 5, 5, 5, 5, 5, 5, 5, 5, 5, 5, 5, 5, 5, 5, 5, 5, 5, 5, 5, 5, 5, 5, 5, 5, 5, 5, 5, 5, 5, 5, 5, 5, 5, 9, 9, 9, 9, 9, 5, 5, 5, 5, 5, 5, 5, 5, 5, 5, 5, 5, 5, 5, 5, 5, 5, 5, 5, 5, 5, 5, 5, 5, 5]
[5, 5, 5, 5, 5, 5, 5, 5, 5, 5, 5, 5, 5, 5, 5, 5, 5, 5, 5, 5, 5, 5, 5, 5, 5, 5, 5, 5, 5, 5, 5, 5, 5, 5, 5, 5, 5, 5, 5, 5, 5, 5, 5, 5, 5, 5, 5, 5, 5, 5, 5, 5, 5, 5, 5, 5, 5, 5, 5, 5, 5, 5, 5, 5]
[5, 5, 5, 5, 5, 5, 5, 5, 5, 5, 5, 5, 5, 5, 5, 5, 5, 5, 5, 5, 5, 5, 5, 5, 5, 5, 5, 5, 5, 5, 5, 5, 5, 5, 5, 5, 5, 5, 5, 5, 5, 5, 5, 5, 5, 5, 5, 5, 5, 5, 5, 5, 5, 5, 5, 5, 5, 5, 5, 5, 5, 5, 5, 5]
[5, 5, 5, 5, 5, 5, 5, 5, 5, 5, 5, 5, 5, 5, 5, 5, 5, 5, 5, 5, 5, 5, 5, 5, 5, 5, 5, 5, 5, 5, 5, 5, 5, 5, 5, 5, 5, 5, 5, 5, 5, 5, 5, 5, 5, 5, 5, 5, 5, 5, 5, 5, 5, 5, 5, 5, 5, 5, 5, 5, 5, 5, 5, 5]
[5, 5, 5, 5, 5, 5, 5, 5, 5, 5, 5, 5, 5, 5, 5, 5, 5, 5, 5, 5, 5, 5, 5, 5, 5, 5, 5, 5, 5, 5, 5, 5, 5, 5, 5, 5, 5, 5, 5, 5, 5, 5, 5, 5, 5, 5, 5, 5, 5, 5, 5, 5, 5, 5, 5, 5, 5, 5, 5, 5, 5, 5, 5, 5]
</grid_0>
",,0.0,False
6,ACTION6 x=31 y=42,manual,"State: NOT_FINISHED
Levels completed: 0/7
Action count: 6

========== Start of Direct Observation ==========
<grid_0>
[5, 5, 5, 5, 5, 5, 5, 5, 5, 5, 5, 5, 5, 5, 5, 5, 5, 5, 5, 5, 5, 5, 5, 5, 5, 5, 5, 5, 5, 5, 5, 5, 5, 5, 5, 5, 5, 5, 5, 5, 5, 5, 5, 5, 5, 5, 5, 5, 5, 5, 5, 5, 5, 5, 5, 5, 5, 5, 5, 5, 5, 5, 5, 5]
[5, 9, 9, 9, 9, 9, 9, 9, 9, 9, 9, 9, 9, 9, 9, 9, 9, 9, 9, 9, 9, 9, 9, 9, 9, 9, 9, 9, 9, 9, 9, 9, 9, 9, 9, 9, 9, 9, 9, 9, 9, 9, 9, 9, 9, 9, 9, 9, 9, 9, 9, 9, 9, 9, 9, 9, 3, 3, 3, 3, 3, 3, 5, 5]
[5, 5, 5, 5, 5, 5, 5, 5, 5, 5, 5, 5, 5, 5, 5, 5, 5, 5, 5, 5, 5, 5, 5, 5, 5, 5, 5, 5, 5, 5, 5, 5, 5, 5, 5, 5, 5, 5, 5, 5, 5, 5, 5, 5, 5, 5, 5, 5, 5, 5, 5, 5, 5, 5, 5, 5, 5, 5, 5, 5, 5, 5, 5, 5]
[5, 5, 5, 5, 5, 5, 5, 5, 5, 5, 5, 5, 5, 5, 5, 5, 5, 5, 5, 5, 5, 5, 5, 5, 5, 5, 5, 5, 5, 5, 5, 5, 5, 5, 5, 5, 5, 5, 5, 5, 5, 5, 5, 5, 5, 5, 5, 5, 5, 5, 5, 5, 5, 5, 5, 5, 5, 5, 5, 5, 5, 5, 5, 5]
[5, 5, 5, 5, 5, 5, 5, 5, 5, 5, 5, 5, 5, 5, 5, 5, 5, 5, 5, 5, 5, 5, 5, 5, 5, 5, 5, 5, 5, 5, 5, 5, 5, 5, 5, 5, 5, 5, 5, 5, 5, 5, 5, 5, 5, 5, 5, 5, 5, 5, 5, 5, 5, 5, 5, 5, 5, 5, 5, 5, 5, 5, 5, 5]
[5, 5, 5, 5, 5, 5, 5, 5, 5, 5, 5, 5, 5, 5, 5, 5, 5, 5, 5, 5, 5, 5, 5, 5, 5, 5, 5, 5, 5, 5, 5, 5, 5, 5, 5, 5, 5, 5, 5, 5, 5, 5, 5, 5, 5, 5, 5, 5, 5, 5, 5, 5, 5, 5, 5, 5, 5, 5, 5, 5, 5, 5, 5, 5]
[5, 5, 5, 5, 5, 5, 5, 5, 5, 5, 5, 5, 5, 5, 5, 5, 5, 5, 5, 5, 5, 5, 5, 5, 5, 5, 5, 5, 5, 5, 5, 5, 5, 5, 5, 5, 5, 5, 5, 5, 5, 5, 5, 5, 5, 5, 5, 5, 5, 5, 5, 5, 5, 5, 5, 5, 5, 5, 5, 5, 5, 5, 5, 5]
[5, 5, 5, 5, 5, 5, 5, 5, 5, 5, 5, 5, 5, 5, 5, 5, 5, 5, 5, 5, 5, 5, 5, 5, 5, 5, 5, 5, 5, 5, 5, 5, 5, 5, 5, 5, 5, 5, 5, 5, 5, 5, 5, 5, 5, 5, 5, 5, 5, 5, 5, 5, 5, 5, 5, 5, 5, 5, 5, 5, 5, 5, 5, 5]
[5, 5, 5, 5, 5, 5, 5, 5, 5, 5, 5, 5, 5, 0, 0, 0, 0, 0, 0, 0, 0, 0, 0, 0, 0, 0, 0, 0, 0, 0, 0, 0, 0, 0, 0, 0, 0, 0, 0, 0, 0, 0, 0, 0, 0, 0, 0, 0, 0, 0, 0, 5, 5, 5, 5, 5, 5, 5, 5, 5, 5, 5, 5, 5]
[5, 5, 5, 5, 5, 5, 5, 5, 5, 5, 5, 5, 5, 0, 5, 5, 5, 5, 4, 4, 4, 4, 5, 5, 5, 5, 4, 4, 4, 4, 5, 5, 5, 5, 4, 4, 4, 4, 5, 5, 5, 5, 4, 4, 4, 4, 5, 5, 5, 5, 0, 5, 5, 5, 5, 5, 5, 5, 5, 5, 5, 5, 5, 5]
[5, 5, 5, 5, 5, 5, 5, 5, 5, 5, 5, 5, 5, 0, 5, 5, 5, 5, 4, 4, 4, 4, 5, 5, 5, 5, 4, 4, 4, 4, 5, 5, 5, 5, 4, 4, 4, 4, 5, 5, 5, 5, 4, 4, 4, 4, 5, 5, 5, 5, 0, 5, 5, 5, 5, 5, 5, 5, 5, 5, 5, 5, 5, 5]
[5, 5, 5, 5, 5, 5, 5, 5, 5, 5, 5, 5, 5, 0, 5, 5, 5, 5, 4, 4, 4, 4, 5, 5, 5, 5, 4, 4, 4, 4, 5, 5, 5, 5, 4, 4, 4, 4, 5, 5, 5, 5, 4, 4, 4, 4, 5, 5, 5, 5, 0, 5, 5, 5, 5, 5, 5, 5, 5, 5, 5, 5, 5, 5]
[5, 5, 5, 5, 5, 5, 5, 5, 5, 5, 5, 5, 5, 0, 5, 5, 5, 5, 4, 4, 4, 4, 5, 5, 5, 5, 4, 4, 4, 4, 5, 5, 5, 5, 4, 4, 4, 4, 5, 5, 5, 5, 4, 4, 4, 4, 5, 5, 5, 5, 0, 5, 5, 5, 5, 5, 5, 5, 5, 5, 5, 5, 5, 5]
[5, 5, 5, 5, 5, 5, 5, 5, 5, 5, 5, 5, 5, 0, 4, 4, 4, 4, 5, 5, 5, 5, 4, 4, 4, 4, 5, 5, 5, 5, 11, 11, 11, 11, 5, 5, 5, 5, 4, 4, 4, 4, 5, 5, 5, 5, 4, 4, 4, 4, 0, 5, 5, 5, 5, 5, 5, 5, 5, 5, 5, 5, 5, 5]
[5, 5, 5, 5, 5, 5, 5, 5, 5, 5, 5, 5, 5, 0, 4, 4, 4, 4, 5, 5, 5, 5, 4, 4, 4, 4, 5, 5, 5, 5, 11, 11, 11, 11, 5, 5, 5, 5, 4, 4, 4, 4, 5, 5, 5, 5, 4, 4, 4, 4, 0, 5, 5, 5, 5, 5, 5, 5, 5, 5, 5, 5, 5, 5]
[5, 5, 5, 5, 5, 5, 5, 5, 5, 5, 5, 5, 5, 0, 4, 4, 4, 4, 5, 5, 5, 5, 4, 4, 4, 4, 5, 5, 5, 5, 11, 11, 11, 11, 5, 5, 5, 5, 4, 4, 4, 4, 5, 5, 5, 5, 4, 4, 4, 4, 0, 5, 5, 5, 5, 5, 5, 5, 5, 5, 5, 5, 5, 5]
[5, 5, 5, 5, 5, 5, 5, 5, 5, 5, 5, 5, 5, 0, 4, 4, 4, 4, 5, 5, 5, 5, 4, 4, 4, 4, 5, 5, 5, 5, 11, 4, 4, 11, 5, 5, 5, 5, 4, 4, 4, 4, 5, 5, 5, 5, 4, 4, 4, 4, 0, 5, 5, 5, 5, 5, 5, 5, 5, 5, 5, 5, 5, 5]
[5, 5, 5, 5, 5, 5, 5, 5, 5, 5, 5, 5, 5, 0, 5, 5, 5, 5, 4, 4, 4, 4, 5, 5, 5, 5, 4, 4, 4, 4, 5, 5, 5, 5, 4, 4, 4, 4, 5, 5, 5, 5, 4, 4, 4, 4, 5, 5, 5, 5, 0, 5, 5, 5, 5, 5, 5, 5, 5, 5, 5, 5, 5, 5]
[5, 5, 5, 5, 5, 5, 5, 5, 5, 5, 5, 5, 5, 0, 5, 5, 5, 5, 4, 4, 4, 4, 5, 5, 5, 5, 4, 4, 4, 4, 5, 5, 5, 5, 4, 4, 4, 4, 5, 5, 5, 5, 4, 4, 4, 4, 5, 5, 5, 5, 0, 5, 5, 5, 5, 5, 5, 5, 5, 5, 5, 5, 5, 5]
[5, 5, 5, 5, 5, 5, 5, 5, 5, 5, 5, 5, 5, 0, 5, 5, 5, 5, 4, 4, 4, 4, 5, 5, 5, 5, 4, 4, 4, 4, 5, 5, 5, 5, 4, 4, 4, 4, 5, 5, 5, 5, 4, 4, 4, 4, 5, 5, 5, 5, 0, 5, 5, 5, 5, 5, 5, 5, 5, 5, 5, 5, 5, 5]
[5, 5, 5, 5, 5, 5, 5, 5, 5, 5, 5, 5, 5, 0, 5, 5, 5, 5, 4, 4, 4, 4, 5, 5, 5, 5, 4, 4, 4, 4, 5, 5, 5, 5, 4, 4, 4, 4, 5, 5, 5, 5, 4, 4, 4, 4, 5, 5, 5, 5, 0, 5, 5, 5, 5, 5, 5, 5, 5, 5, 5, 5, 5, 5]
[5, 5, 5, 5, 5, 5, 5, 5, 5, 5, 5, 5, 5, 0, 4, 4, 4, 4, 5, 5, 5, 5, 4, 4, 4, 4, 5, 5, 5, 5, 4, 4, 4, 4, 5, 5, 5, 5, 4, 4, 4, 4, 5, 5, 5, 5, 4, 4, 4, 4, 0, 5, 5, 5, 5, 5, 5, 5, 5, 5, 5, 5, 5, 5]
[5, 5, 5, 5, 5, 5, 5, 5, 5, 5, 5, 5, 5, 0, 4, 4, 4, 4, 5, 5, 5, 5, 4, 4, 4, 4, 5, 5, 5, 5, 4, 4, 4, 4, 5, 5, 5, 5, 4, 4, 4, 4, 5, 5, 5, 5, 4, 4, 4, 4, 0, 5, 5, 5, 5, 5, 5, 5, 5, 5, 5, 5, 5, 5]
[5, 5, 5, 5, 5, 5, 5, 5, 5, 5, 5, 5, 5, 0, 4, 4, 4, 4, 5, 5, 5, 5, 4, 4, 4, 4, 5, 5, 5, 5, 4, 4, 4, 4, 5, 5, 5, 5, 4, 4, 4, 4, 5, 5, 5, 5, 4, 4, 4, 4, 0, 5, 5, 5, 5, 5, 5, 5, 5, 5, 5, 5, 5, 5]
[5, 5, 5, 5, 5, 5, 5, 5, 5, 5, 5, 5, 5, 0, 4, 4, 4, 4, 5, 5, 5, 5, 4, 4, 4, 4, 5, 5, 5, 5, 4, 4, 4, 4, 5, 5, 5, 5, 4, 4, 4, 4, 5, 5, 5, 5, 4, 4, 4, 4, 0, 5, 5, 5, 5, 5, 5, 5, 5, 5, 5, 5, 5, 5]
[5, 5, 5, 5, 5, 5, 5, 5, 5, 5, 5, 5, 5, 0, 5, 5, 5, 5, 4, 4, 4, 4, 5, 5, 5, 5, 4, 4, 4, 4, 5, 5, 5, 5, 4, 4, 4, 4, 5, 5, 5, 5, 4, 4, 4, 4, 5, 5, 5, 5, 0, 5, 5, 5, 5, 5, 5, 5, 5, 5, 5, 5, 5, 5]
[5, 5, 5, 5, 5, 5, 5, 5, 5, 5, 5, 5, 5, 0, 5, 5, 5, 5, 4, 4, 4, 4, 5, 5, 5, 5, 4, 4, 4, 4, 5, 5, 5, 5, 4, 4, 4, 4, 5, 5, 5, 5, 4, 4, 4, 4, 5, 5, 5, 5, 0, 5, 5, 5, 5, 5, 5, 5, 5, 5, 5, 5, 5, 5]
[5, 5, 5, 5, 5, 5, 5, 5, 5, 5, 5, 5, 5, 0, 5, 5, 5, 5, 4, 4, 4, 4, 5, 5, 5, 5, 4, 4, 4, 4, 5, 5, 5, 5, 4, 4, 4, 4, 5, 5, 5, 5, 4, 4, 4, 4, 5, 5, 5, 5, 0, 5, 5, 5, 5, 5, 5, 5, 5, 5, 5, 5, 5, 5]
[5, 5, 5, 5, 5, 5, 5, 5, 5, 5, 5, 5, 5, 0, 5, 5, 5, 5, 4, 4, 4, 4, 5, 5, 5, 5, 4, 4, 4, 4, 5, 5, 5, 5, 4, 4, 4, 4, 5, 5, 5, 5, 4, 4, 4, 4, 5, 5, 5, 5, 0, 5, 5, 5, 5, 5, 5, 5, 5, 5, 5, 5, 5, 5]
[5, 5, 5, 5, 5, 5, 5, 5, 5, 5, 5, 5, 5, 0, 4, 4, 4, 4, 5, 5, 5, 5, 4, 4, 4, 4, 5, 5, 5, 5, 4, 4, 4, 4, 5, 5, 5, 5, 4, 4, 4, 4, 5, 5, 5, 5, 4, 4, 4, 4, 0, 5, 5, 5, 5, 5, 5, 5, 5, 5, 5, 5, 5, 5]
[5, 5, 5, 5, 5, 5, 5, 5, 5, 5, 5, 5, 5, 0, 4, 4, 4, 4, 5, 5, 5, 5, 4, 4, 4, 4, 5, 5, 5, 5, 4, 4, 4, 4, 5, 5, 5, 5, 4, 4, 4, 4, 5, 5, 5, 5, 4, 4, 4, 4, 0, 5, 5, 5, 5, 5, 5, 5, 5, 5, 5, 5, 5, 5]
[5, 5, 5, 5, 5, 5, 5, 5, 5, 5, 5, 5, 5, 0, 4, 4, 4, 4, 5, 5, 5, 5, 4, 4, 4, 4, 5, 5, 5, 5, 4, 4, 4, 4, 5, 5, 5, 5, 4, 4, 4, 4, 5, 5, 5, 5, 4, 4, 4, 4, 0, 5, 5, 5, 5, 5, 5, 5, 5, 5, 5, 5, 5, 5]
[5, 5, 5, 5, 5, 5, 5, 5, 5, 5, 5, 5, 5, 0, 4, 4, 4, 4, 5, 5, 5, 5, 4, 4, 4, 4, 5, 5, 5, 5, 4, 4, 4, 4, 5, 5, 5, 5, 4, 4, 4, 4, 5, 5, 5, 5, 4, 4, 4, 4, 0, 5, 5, 5, 5, 5, 5, 5, 5, 5, 5, 5, 5, 5]
[5, 5, 5, 5, 5, 5, 5, 5, 5, 5, 5, 5, 5, 0, 5, 5, 5, 5, 4, 4, 4, 4, 5, 5, 5, 5, 4, 4, 4, 11, 5, 5, 5, 5, 11, 4, 4, 4, 5, 5, 5, 5, 4, 4, 4, 4, 5, 5, 5, 5, 0, 5, 5, 5, 5, 5, 5, 5, 5, 5, 5, 5, 5, 5]
[5, 5, 5, 5, 5, 5, 5, 5, 5, 5, 5, 5, 5, 0, 5, 5, 5, 5, 4, 4, 4, 4, 5, 5, 5, 5, 4, 4, 4, 11, 5, 5, 5, 5, 11, 4, 4, 4, 5, 5, 5, 5, 4, 4, 4, 4, 5, 5, 5, 5, 0, 5, 5, 5, 5, 5, 5, 5, 5, 5, 5, 5, 5, 5]
[5, 5, 5, 5, 5, 5, 5, 5, 5, 5, 5, 5, 5, 0, 5, 5, 5, 5, 4, 4, 4, 4, 5, 5, 5, 5, 4, 4, 4, 11, 5, 5, 5, 5, 11, 4, 4, 4, 5, 5, 5, 5, 4, 4, 4, 4, 5, 5, 5, 5, 0, 5, 5, 5, 5, 5, 5, 5, 5, 5, 5, 5, 5, 5]
[5, 5, 5, 5, 5, 5, 5, 5, 5, 5, 5, 5, 5, 0, 5, 5, 5, 5, 4, 4, 4, 4, 5, 5, 5, 5, 4, 4, 4, 11, 5, 11, 11, 5, 11, 4, 4, 4, 5, 5, 5, 5, 4, 4, 4, 4, 5, 5, 5, 5, 0, 5, 5, 5, 5, 5, 5, 5, 5, 5, 5, 5, 5, 5]
[5, 5, 5, 5, 5, 5, 5, 5, 5, 5, 5, 5, 5, 0, 4, 4, 4, 4, 5, 5, 5, 5, 4, 4, 4, 4, 5, 5, 5, 11, 11, 11, 11, 11, 11, 5, 5, 5, 4, 4, 4, 4, 5, 5, 5, 5, 4, 4, 4, 4, 0, 5, 5, 5, 5, 5, 5, 5, 5, 5, 5, 5, 5, 5]
[5, 5, 5, 5, 5, 5, 5, 5, 5, 5, 5, 5, 5, 0, 4, 4, 4, 4, 5, 5, 5, 5, 4, 4, 4, 4, 5, 5, 5, 5, 4, 4, 4, 4, 5, 5, 5, 5, 4, 4, 4, 4, 5, 5, 5, 5, 4, 4, 4, 4, 0, 5, 5, 5, 5, 5, 5, 5, 5, 5, 5, 5, 5, 5]
[5, 5, 5, 5, 5, 5, 5, 5, 5, 5, 5, 5, 5, 0, 4, 4, 4, 4, 5, 5, 5, 5, 4, 4, 4, 4, 5, 5, 5, 5, 4, 4, 4, 4, 5, 5, 5, 5, 4, 4, 4, 4, 5, 5, 5, 5, 4, 4, 4, 4, 0, 5, 5, 5, 5, 5, 5, 5, 5, 5, 5, 5, 5, 5]
[5, 5, 5, 5, 5, 5, 5, 5, 5, 5, 5, 5, 5, 0, 4, 4, 4, 4, 5, 5, 5, 5, 4, 4, 4, 4, 5, 5, 5, 5, 4, 4, 4, 4, 5, 5, 5, 5, 4, 4, 4, 4, 5, 5, 5, 5, 4, 4, 4, 4, 0, 5, 5, 5, 5, 5, 5, 5, 5, 5, 5, 5, 5, 5]
[5, 5, 5, 5, 5, 5, 5, 5, 5, 5, 5, 5, 5, 0, 0, 0, 0, 0, 0, 0, 0, 0, 0, 0, 0, 0, 0, 0, 0, 0, 0, 0, 0, 0, 0, 0, 0, 0, 0, 0, 0, 0, 0, 0, 0, 0, 0, 0, 0, 0, 0, 5, 5, 5, 5, 5, 5, 5, 5, 5, 5, 5, 5, 5]
[5, 5, 5, 5, 5, 5, 5, 5, 5, 5, 5, 5, 5, 0, 0, 0, 0, 0, 0, 0, 5, 5, 5, 0, 0, 1, 1, 1, 0, 0, 5, 5, 5, 0, 0, 1, 1, 1, 0, 0, 1, 1, 1, 0, 0, 0, 0, 0, 0, 0, 0, 5, 5, 5, 5, 5, 5, 5, 5, 5, 5, 5, 5, 5]
[5, 5, 5, 5, 5, 5, 5, 5, 5, 5, 5, 5, 5, 0, 0, 0, 0, 0, 0, 0, 0, 0, 0, 0, 0, 0, 0, 0, 0, 0, 0, 0, 0, 0, 0, 0, 0, 0, 0, 0, 0, 0, 0, 0, 0, 0, 0, 0, 0, 0, 0, 5, 5, 5, 5, 5, 5, 5, 5, 5, 5, 5, 5, 5]
[5, 5, 5, 5, 5, 5, 5, 5, 5, 5, 5, 5, 5, 0, 0, 0, 0, 0, 0, 0, 0, 5, 0, 0, 0, 0, 1, 0, 0, 0, 0, 5, 0, 0, 0, 0, 1, 0, 0, 0, 0, 1, 0, 0, 0, 0, 0, 0, 0, 0, 0, 5, 5, 5, 5, 5, 5, 5, 5, 5, 5, 5, 5, 5]
[5, 5, 5, 5, 5, 5, 5, 5, 5, 5, 5, 5, 5, 0, 0, 0, 0, 0, 0, 0, 0, 5, 0, 0, 0, 0, 1, 0, 0, 0, 0, 5, 0, 0, 0, 0, 1, 0, 0, 0, 0, 1, 0, 0, 0, 0, 0, 0, 0, 0, 0, 5, 5, 5, 5, 5, 5, 5, 5, 5, 5, 5, 5, 5]
[5, 5, 5, 5, 5, 5, 5, 5, 5, 5, 5, 5, 5, 0, 0, 0, 0, 0, 0, 0, 0, 5, 0, 0, 0, 0, 1, 0, 0, 0, 0, 5, 0, 0, 0, 0, 1, 0, 0, 0, 0, 1, 0, 0, 0, 0, 0, 0, 0, 0, 0, 5, 5, 5, 5, 5, 5, 5, 5, 5, 5, 5, 5, 5]
[5, 5, 5, 5, 5, 5, 5, 5, 5, 5, 5, 5, 5, 0, 0, 0, 0, 0, 0, 0, 0, 0, 0, 0, 0, 0, 0, 0, 0, 0, 0, 0, 0, 0, 0, 0, 0, 0, 0, 0, 0, 0, 0, 0, 0, 0, 0, 0, 0, 0, 0, 5, 5, 5, 5, 5, 5, 5, 5, 5, 5, 5, 5, 5]
[5, 5, 5, 5, 5, 5, 5, 5, 5, 5, 5, 5, 5, 5, 5, 5, 5, 5, 5, 5, 5, 5, 5, 5, 5, 5, 5, 5, 5, 5, 5, 5, 5, 5, 5, 5, 5, 5, 5, 5, 5, 5, 5, 5, 5, 5, 5, 5, 0, 5, 5, 5, 5, 5, 5, 5, 5, 5, 5, 5, 5, 5, 5, 5]
[5, 5, 5, 5, 5, 5, 5, 5, 5, 5, 5, 5, 5, 5, 5, 5, 5, 5, 5, 5, 5, 5, 5, 5, 5, 5, 5, 5, 5, 5, 5, 5, 5, 5, 5, 5, 0, 0, 0, 0, 0, 0, 0, 0, 0, 0, 0, 0, 0, 5, 5, 5, 5, 5, 5, 5, 5, 5, 5, 5, 5, 5, 5, 5]
[5, 5, 5, 5, 5, 5, 5, 5, 5, 5, 5, 5, 5, 5, 5, 5, 5, 5, 5, 5, 5, 5, 5, 5, 5, 5, 5, 5, 5, 5, 5, 5, 5, 5, 5, 5, 0, 5, 5, 5, 5, 5, 5, 5, 5, 5, 5, 5, 5, 5, 5, 5, 5, 5, 5, 5, 5, 5, 5, 5, 5, 5, 5, 5]
[5, 5, 5, 5, 5, 5, 5, 5, 5, 5, 5, 5, 5, 5, 5, 5, 5, 5, 5, 5, 5, 5, 5, 5, 5, 5, 5, 5, 5, 5, 5, 5, 5, 5, 9, 9, 9, 9, 9, 5, 5, 5, 5, 5, 5, 5, 5, 5, 5, 5, 5, 5, 5, 5, 5, 5, 5, 5, 5, 5, 5, 5, 5, 5]
[5, 5, 5, 5, 5, 5, 5, 5, 5, 5, 5, 5, 5, 5, 5, 5, 5, 5, 5, 5, 5, 5, 5, 5, 5, 5, 5, 5, 5, 5, 5, 5, 5, 9, 9, 9, 9, 9, 9, 9, 5, 5, 5, 5, 5, 5, 5, 5, 5, 5, 5, 5, 5, 5, 5, 5, 5, 5, 5, 5, 5, 5, 5, 5]
[5, 5, 5, 5, 5, 5, 5, 5, 5, 5, 5, 5, 5, 5, 5, 5, 5, 5, 5, 5, 5, 5, 5, 5, 5, 5, 5, 5, 5, 5, 5, 5, 9, 9, 9, 9, 9, 9, 9, 9, 9, 5, 5, 5, 5, 5, 5, 5, 5, 5, 5, 5, 5, 5, 5, 5, 5, 5, 5, 5, 5, 5, 5, 5]
[5, 5, 5, 5, 5, 5, 5, 5, 5, 5, 5, 5, 5, 5, 5, 5, 5, 5, 5, 5, 5, 5, 5, 5, 5, 5, 5, 5, 5, 5, 5, 5, 9, 9, 9, 9, 9, 9, 9, 9, 9, 5, 5, 5, 5, 5, 5, 5, 5, 5, 5, 5, 5, 5, 5, 5, 5, 5, 5, 5, 5, 5, 5, 5]
[5, 5, 5, 5, 5, 5, 5, 5, 5, 5, 5, 5, 5, 5, 5, 5, 5, 5, 5, 5, 5, 5, 5, 5, 5, 5, 5, 5, 5, 5, 5, 5, 9, 9, 9, 9, 9, 9, 9, 9, 9, 5, 5, 5, 5, 5, 5, 5, 5, 5, 5, 5, 5, 5, 5, 5, 5, 5, 5, 5, 5, 5, 5, 5]
[5, 5, 5, 5, 5, 5, 5, 5, 5, 5, 5, 5, 5, 5, 5, 5, 5, 5, 5, 5, 5, 5, 5, 5, 5, 5, 5, 5, 5, 5, 5, 5, 9, 9, 9, 9, 9, 9, 9, 9, 9, 5, 5, 5, 5, 5, 5, 5, 5, 5, 5, 5, 5, 5, 5, 5, 5, 5, 5, 5, 5, 5, 5, 5]
[5, 5, 5, 5, 5, 5, 5, 5, 5, 5, 5, 5, 5, 5, 5, 5, 5, 5, 5, 5, 5, 5, 5, 5, 5, 5, 5, 5, 5, 5, 5, 5, 9, 9, 9, 9, 9, 9, 9, 9, 9, 5, 5, 5, 5, 5, 5, 5, 5, 5, 5, 5, 5, 5, 5, 5, 5, 5, 5, 5, 5, 5, 5, 5]
[5, 5, 5, 5, 5, 5, 5, 5, 5, 5, 5, 5, 5, 5, 5, 5, 5, 5, 5, 5, 5, 5, 5, 5, 5, 5, 5, 5, 5, 5, 5, 5, 5, 9, 9, 9, 9, 9, 9, 9, 5, 5, 5, 5, 5, 5, 5, 5, 5, 5, 5, 5, 5, 5, 5, 5, 5, 5, 5, 5, 5, 5, 5, 5]
[5, 5, 5, 5, 5, 5, 5, 5, 5, 5, 5, 5, 5, 5, 5, 5, 5, 5, 5, 5, 5, 5, 5, 5, 5, 5, 5, 5, 5, 5, 5, 5, 5, 5, 9, 9, 9, 9, 9, 5, 5, 5, 5, 5, 5, 5, 5, 5, 5, 5, 5, 5, 5, 5, 5, 5, 5, 5, 5, 5, 5, 5, 5, 5]
[5, 5, 5, 5, 5, 5, 5, 5, 5, 5, 5, 5, 5, 5, 5, 5, 5, 5, 5, 5, 5, 5, 5, 5, 5, 5, 5, 5, 5, 5, 5, 5, 5, 5, 5, 5, 5, 5, 5, 5, 5, 5, 5, 5, 5, 5, 5, 5, 5, 5, 5, 5, 5, 5, 5, 5, 5, 5, 5, 5, 5, 5, 5, 5]
[5, 5, 5, 5, 5, 5, 5, 5, 5, 5, 5, 5, 5, 5, 5, 5, 5, 5, 5, 5, 5, 5, 5, 5, 5, 5, 5, 5, 5, 5, 5, 5, 5, 5, 5, 5, 5, 5, 5, 5, 5, 5, 5, 5, 5, 5, 5, 5, 5, 5, 5, 5, 5, 5, 5, 5, 5, 5, 5, 5, 5, 5, 5, 5]
[5, 5, 5, 5, 5, 5, 5, 5, 5, 5, 5, 5, 5, 5, 5, 5, 5, 5, 5, 5, 5, 5, 5, 5, 5, 5, 5, 5, 5, 5, 5, 5, 5, 5, 5, 5, 5, 5, 5, 5, 5, 5, 5, 5, 5, 5, 5, 5, 5, 5, 5, 5, 5, 5, 5, 5, 5, 5, 5, 5, 5, 5, 5, 5]
[5, 5, 5, 5, 5, 5, 5, 5, 5, 5, 5, 5, 5, 5, 5, 5, 5, 5, 5, 5, 5, 5, 5, 5, 5, 5, 5, 5, 5, 5, 5, 5, 5, 5, 5, 5, 5, 5, 5, 5, 5, 5, 5, 5, 5, 5, 5, 5, 5, 5, 5, 5, 5, 5, 5, 5, 5, 5, 5, 5, 5, 5, 5, 5]
</grid_0>
",,0.0,False
7,ACTION6 x=31 y=42,manual,"State: NOT_FINISHED
Levels completed: 0/7
Action count: 7

========== Start of Direct Observation ==========
<grid_0>
[5, 5, 5, 5, 5, 5, 5, 5, 5, 5, 5, 5, 5, 5, 5, 5, 5, 5, 5, 5, 5, 5, 5, 5, 5, 5, 5, 5, 5, 5, 5, 5, 5, 5, 5, 5, 5, 5, 5, 5, 5, 5, 5, 5, 5, 5, 5, 5, 5, 5, 5, 5, 5, 5, 5, 5, 5, 5, 5, 5, 5, 5, 5, 5]
[5, 9, 9, 9, 9, 9, 9, 9, 9, 9, 9, 9, 9, 9, 9, 9, 9, 9, 9, 9, 9, 9, 9, 9, 9, 9, 9, 9, 9, 9, 9, 9, 9, 9, 9, 9, 9, 9, 9, 9, 9, 9, 9, 9, 9, 9, 9, 9, 9, 9, 9, 9, 9, 9, 9, 3, 3, 3, 3, 3, 3, 3, 5, 5]
[5, 5, 5, 5, 5, 5, 5, 5, 5, 5, 5, 5, 5, 5, 5, 5, 5, 5, 5, 5, 5, 5, 5, 5, 5, 5, 5, 5, 5, 5, 5, 5, 5, 5, 5, 5, 5, 5, 5, 5, 5, 5, 5, 5, 5, 5, 5, 5, 5, 5, 5, 5, 5, 5, 5, 5, 5, 5, 5, 5, 5, 5, 5, 5]
[5, 5, 5, 5, 5, 5, 5, 5, 5, 5, 5, 5, 5, 5, 5, 5, 5, 5, 5, 5, 5, 5, 5, 5, 5, 5, 5, 5, 5, 5, 5, 5, 5, 5, 5, 5, 5, 5, 5, 5, 5, 5, 5, 5, 5, 5, 5, 5, 5, 5, 5, 5, 5, 5, 5, 5, 5, 5, 5, 5, 5, 5, 5, 5]
[5, 5, 5, 5, 5, 5, 5, 5, 5, 5, 5, 5, 5, 5, 5, 5, 5, 5, 5, 5, 5, 5, 5, 5, 5, 5, 5, 5, 5, 5, 5, 5, 5, 5, 5, 5, 5, 5, 5, 5, 5, 5, 5, 5, 5, 5, 5, 5, 5, 5, 5, 5, 5, 5, 5, 5, 5, 5, 5, 5, 5, 5, 5, 5]
[5, 5, 5, 5, 5, 5, 5, 5, 5, 5, 5, 5, 5, 5, 5, 5, 5, 5, 5, 5, 5, 5, 5, 5, 5, 5, 5, 5, 5, 5, 5, 5, 5, 5, 5, 5, 5, 5, 5, 5, 5, 5, 5, 5, 5, 5, 5, 5, 5, 5, 5, 5, 5, 5, 5, 5, 5, 5, 5, 5, 5, 5, 5, 5]
[5, 5, 5, 5, 5, 5, 5, 5, 5, 5, 5, 5, 5, 5, 5, 5, 5, 5, 5, 5, 5, 5, 5, 5, 5, 5, 5, 5, 5, 5, 5, 5, 5, 5, 5, 5, 5, 5, 5, 5, 5, 5, 5, 5, 5, 5, 5, 5, 5, 5, 5, 5, 5, 5, 5, 5, 5, 5, 5, 5, 5, 5, 5, 5]
[5, 5, 5, 5, 5, 5, 5, 5, 5, 5, 5, 5, 5, 5, 5, 5, 5, 5, 5, 5, 5, 5, 5, 5, 5, 5, 5, 5, 5, 5, 5, 5, 5, 5, 5, 5, 5, 5, 5, 5, 5, 5, 5, 5, 5, 5, 5, 5, 5, 5, 5, 5, 5, 5, 5, 5, 5, 5, 5, 5, 5, 5, 5, 5]
[5, 5, 5, 5, 5, 5, 5, 5, 5, 5, 5, 5, 5, 0, 0, 0, 0, 0, 0, 0, 0, 0, 0, 0, 0, 0, 0, 0, 0, 0, 0, 0, 0, 0, 0, 0, 0, 0, 0, 0, 0, 0, 0, 0, 0, 0, 0, 0, 0, 0, 0, 5, 5, 5, 5, 5, 5, 5, 5, 5, 5, 5, 5, 5]
[5, 5, 5, 5, 5, 5, 5, 5, 5, 5, 5, 5, 5, 0, 5, 5, 5, 5, 4, 4, 4, 4, 5, 5, 5, 5, 4, 4, 4, 4, 5, 5, 5, 5, 4, 4, 4, 4, 5, 5, 5, 5, 4, 4, 4, 4, 5, 5, 5, 5, 0, 5, 5, 5, 5, 5, 5, 5, 5, 5, 5, 5, 5, 5]
[5, 5, 5, 5, 5, 5, 5, 5, 5, 5, 5, 5, 5, 0, 5, 5, 5, 5, 4, 4, 4, 4, 5, 5, 5, 5, 4, 4, 4, 4, 5, 5, 5, 5, 4, 4, 4, 4, 5, 5, 5, 5, 4, 4, 4, 4, 5, 5, 5, 5, 0, 5, 5, 5, 5, 5, 5, 5, 5, 5, 5, 5, 5, 5]
[5, 5, 5, 5, 5, 5, 5, 5, 5, 5, 5, 5, 5, 0, 5, 5, 5, 5, 4, 4, 4, 4, 5, 5, 5, 5, 4, 4, 4, 4, 5, 5, 5, 5, 4, 4, 4, 4, 5, 5, 5, 5, 4, 4, 4, 4, 5, 5, 5, 5, 0, 5, 5, 5, 5, 5, 5, 5, 5, 5, 5, 5, 5, 5]
[5, 5, 5, 5, 5, 5, 5, 5, 5, 5, 5, 5, 5, 0, 5, 5, 5, 5, 4, 4, 4, 4, 5, 5, 5, 5, 4, 4, 4, 4, 5, 5, 5, 5, 4, 4, 4, 4, 5, 5, 5, 5, 4, 4, 4, 4, 5, 5, 5, 5, 0, 5, 5, 5, 5, 5, 5, 5, 5, 5, 5, 5, 5, 5]
[5, 5, 5, 5, 5, 5, 5, 5, 5, 5, 5, 5, 5, 0, 4, 4, 4, 4, 5, 5, 5, 5, 4, 4, 4, 4, 5, 5, 5, 5, 11, 11, 11, 11, 5, 5, 5, 5, 4, 4, 4, 4, 5, 5, 5, 5, 4, 4, 4, 4, 0, 5, 5, 5, 5, 5, 5, 5, 5, 5, 5, 5, 5, 5]
[5, 5, 5, 5, 5, 5, 5, 5, 5, 5, 5, 5, 5, 0, 4, 4, 4, 4, 5, 5, 5, 5, 4, 4, 4, 4, 5, 5, 5, 5, 11, 11, 11, 11, 5, 5, 5, 5, 4, 4, 4, 4, 5, 5, 5, 5, 4, 4, 4, 4, 0, 5, 5, 5, 5, 5, 5, 5, 5, 5, 5, 5, 5, 5]
[5, 5, 5, 5, 5, 5, 5, 5, 5, 5, 5, 5, 5, 0, 4, 4, 4, 4, 5, 5, 5, 5, 4, 4, 4, 4, 5, 5, 5, 5, 11, 11, 11, 11, 5, 5, 5, 5, 4, 4, 4, 4, 5, 5, 5, 5, 4, 4, 4, 4, 0, 5, 5, 5, 5, 5, 5, 5, 5, 5, 5, 5, 5, 5]
[5, 5, 5, 5, 5, 5, 5, 5, 5, 5, 5, 5, 5, 0, 4, 4, 4, 4, 5, 5, 5, 5, 4, 4, 4, 4, 5, 5, 5, 5, 11, 4, 4, 11, 5, 5, 5, 5, 4, 4, 4, 4, 5, 5, 5, 5, 4, 4, 4, 4, 0, 5, 5, 5, 5, 5, 5, 5, 5, 5, 5, 5, 5, 5]
[5, 5, 5, 5, 5, 5, 5, 5, 5, 5, 5, 5, 5, 0, 5, 5, 5, 5, 4, 4, 4, 4, 5, 5, 5, 5, 4, 4, 4, 4, 5, 5, 5, 5, 4, 4, 4, 4, 5, 5, 5, 5, 4, 4, 4, 4, 5, 5, 5, 5, 0, 5, 5, 5, 5, 5, 5, 5, 5, 5, 5, 5, 5, 5]
[5, 5, 5, 5, 5, 5, 5, 5, 5, 5, 5, 5, 5, 0, 5, 5, 5, 5, 4, 4, 4, 4, 5, 5, 5, 5, 4, 4, 4, 4, 5, 5, 5, 5, 4, 4, 4, 4, 5, 5, 5, 5, 4, 4, 4, 4, 5, 5, 5, 5, 0, 5, 5, 5, 5, 5, 5, 5, 5, 5, 5, 5, 5, 5]
[5, 5, 5, 5, 5, 5, 5, 5, 5, 5, 5, 5, 5, 0, 5, 5, 5, 5, 4, 4, 4, 4, 5, 5, 5, 5, 4, 4, 4, 4, 5, 5, 5, 5, 4, 4, 4, 4, 5, 5, 5, 5, 4, 4, 4, 4, 5, 5, 5, 5, 0, 5, 5, 5, 5, 5, 5, 5, 5, 5, 5, 5, 5, 5]
[5, 5, 5, 5, 5, 5, 5, 5, 5, 5, 5, 5, 5, 0, 5, 5, 5, 5, 4, 4, 4, 4, 5, 5, 5, 5, 4, 4, 4, 4, 5, 5, 5, 5, 4, 4, 4, 4, 5, 5, 5, 5, 4, 4, 4, 4, 5, 5, 5, 5, 0, 5, 5, 5, 5, 5, 5, 5, 5, 5, 5, 5, 5, 5]
[5, 5, 5, 5, 5, 5, 5, 5, 5, 5, 5, 5, 5, 0, 4, 4, 4, 4, 5, 5, 5, 5, 4, 4, 4, 4, 5, 5, 5, 5, 4, 4, 4, 4, 5, 5, 5, 5, 4, 4, 4, 4, 5, 5, 5, 5, 4, 4, 4, 4, 0, 5, 5, 5, 5, 5, 5, 5, 5, 5, 5, 5, 5, 5]
[5, 5, 5, 5, 5, 5, 5, 5, 5, 5, 5, 5, 5, 0, 4, 4, 4, 4, 5, 5, 5, 5, 4, 4, 4, 4, 5, 5, 5, 5, 4, 4, 4, 4, 5, 5, 5, 5, 4, 4, 4, 4, 5, 5, 5, 5, 4, 4, 4, 4, 0, 5, 5, 5, 5, 5, 5, 5, 5, 5, 5, 5, 5, 5]
[5, 5, 5, 5, 5, 5, 5, 5, 5, 5, 5, 5, 5, 0, 4, 4, 4, 4, 5, 5, 5, 5, 4, 4, 4, 4, 5, 5, 5, 5, 4, 4, 4, 4, 5, 5, 5, 5, 4, 4, 4, 4, 5, 5, 5, 5, 4, 4, 4, 4, 0, 5, 5, 5, 5, 5, 5, 5, 5, 5, 5, 5, 5, 5]
[5, 5, 5, 5, 5, 5, 5, 5, 5, 5, 5, 5, 5, 0, 4, 4, 4, 4, 5, 5, 5, 5, 4, 4, 4, 4, 5, 5, 5, 5, 4, 4, 4, 4, 5, 5, 5, 5, 4, 4, 4, 4, 5, 5, 5, 5, 4, 4, 4, 4, 0, 5, 5, 5, 5, 5, 5, 5, 5, 5, 5, 5, 5, 5]
[5, 5, 5, 5, 5, 5, 5, 5, 5, 5, 5, 5, 5, 0, 5, 5, 5, 5, 4, 4, 4, 4, 5, 5, 5, 5, 4, 4, 4, 4, 5, 5, 5, 5, 4, 4, 4, 4, 5, 5, 5, 5, 4, 4, 4, 4, 5, 5, 5, 5, 0, 5, 5, 5, 5, 5, 5, 5, 5, 5, 5, 5, 5, 5]
[5, 5, 5, 5, 5, 5, 5, 5, 5, 5, 5, 5, 5, 0, 5, 5, 5, 5, 4, 4, 4, 4, 5, 5, 5, 5, 4, 4, 4, 4, 5, 5, 5, 5, 4, 4, 4, 4, 5, 5, 5, 5, 4, 4, 4, 4, 5, 5, 5, 5, 0, 5, 5, 5, 5, 5, 5, 5, 5, 5, 5, 5, 5, 5]
[5, 5, 5, 5, 5, 5, 5, 5, 5, 5, 5, 5, 5, 0, 5, 5, 5, 5, 4, 4, 4, 4, 5, 5, 5, 5, 4, 4, 4, 4, 5, 5, 5, 5, 4, 4, 4, 4, 5, 5, 5, 5, 4, 4, 4, 4, 5, 5, 5, 5, 0, 5, 5, 5, 5, 5, 5, 5, 5, 5, 5, 5, 5, 5]
[5, 5, 5, 5, 5, 5, 5, 5, 5, 5, 5, 5, 5, 0, 5, 5, 5, 5, 4, 4, 4, 4, 5, 5, 5, 5, 4, 4, 4, 4, 5, 5, 5, 5, 4, 4, 4, 4, 5, 5, 5, 5, 4, 4, 4, 4, 5, 5, 5, 5, 0, 5, 5, 5, 5, 5, 5, 5, 5, 5, 5, 5, 5, 5]
[5, 5, 5, 5, 5, 5, 5, 5, 5, 5, 5, 5, 5, 0, 4, 4, 4, 4, 5, 5, 5, 5, 4, 4, 4, 4, 5, 5, 5, 5, 4, 4, 4, 4, 5, 5, 5, 5, 4, 4, 4, 4, 5, 5, 5, 5, 4, 4, 4, 4, 0, 5, 5, 5, 5, 5, 5, 5, 5, 5, 5, 5, 5, 5]
[5, 5, 5, 5, 5, 5, 5, 5, 5, 5, 5, 5, 5, 0, 4, 4, 4, 4, 5, 5, 5, 5, 4, 4, 4, 4, 5, 5, 5, 5, 4, 4, 4, 4, 5, 5, 5, 5, 4, 4, 4, 4, 5, 5, 5, 5, 4, 4, 4, 4, 0, 5, 5, 5, 5, 5, 5, 5, 5, 5, 5, 5, 5, 5]
[5, 5, 5, 5, 5, 5, 5, 5, 5, 5, 5, 5, 5, 0, 4, 4, 4, 4, 5, 5, 5, 5, 4, 4, 4, 4, 5, 5, 5, 5, 4, 4, 4, 4, 5, 5, 5, 5, 4, 4, 4, 4, 5, 5, 5, 5, 4, 4, 4, 4, 0, 5, 5, 5, 5, 5, 5, 5, 5, 5, 5, 5, 5, 5]
[5, 5, 5, 5, 5, 5, 5, 5, 5, 5, 5, 5, 5, 0, 4, 4, 4, 4, 5, 5, 5, 5, 4, 4, 4, 4, 5, 5, 5, 5, 4, 4, 4, 4, 5, 5, 5, 5, 4, 4, 4, 4, 5, 5, 5, 5, 4, 4, 4, 4, 0, 5, 5, 5, 5, 5, 5, 5, 5, 5, 5, 5, 5, 5]
[5, 5, 5, 5, 5, 5, 5, 5, 5, 5, 5, 5, 5, 0, 5, 5, 5, 5, 4, 4, 4, 4, 5, 5, 5, 5, 4, 4, 4, 11, 5, 5, 5, 5, 11, 4, 4, 4, 5, 5, 5, 5, 4, 4, 4, 4, 5, 5, 5, 5, 0, 5, 5, 5, 5, 5, 5, 5, 5, 5, 5, 5, 5, 5]
[5, 5, 5, 5, 5, 5, 5, 5, 5, 5, 5, 5, 5, 0, 5, 5, 5, 5, 4, 4, 4, 4, 5, 5, 5, 5, 4, 4, 4, 11, 5, 5, 5, 5, 11, 4, 4, 4, 5, 5, 5, 5, 4, 4, 4, 4, 5, 5, 5, 5, 0, 5, 5, 5, 5, 5, 5, 5, 5, 5, 5, 5, 5, 5]
[5, 5, 5, 5, 5, 5, 5, 5, 5, 5, 5, 5, 5, 0, 5, 5, 5, 5, 4, 4, 4, 4, 5, 5, 5, 5, 4, 4, 4, 11, 5, 5, 5, 5, 11, 4, 4, 4, 5, 5, 5, 5, 4, 4, 4, 4, 5, 5, 5, 5, 0, 5, 5, 5, 5, 5, 5, 5, 5, 5, 5, 5, 5, 5]
[5, 5, 5, 5, 5, 5, 5, 5, 5, 5, 5, 5, 5, 0, 5, 5, 5, 5, 4, 4, 4, 4, 5, 5, 5, 5, 4, 4, 4, 11, 5, 11, 11, 5, 11, 4, 4, 4, 5, 5, 5, 5, 4, 4, 4, 4, 5, 5, 5, 5, 0, 5, 5, 5, 5, 5, 5, 5, 5, 5, 5, 5, 5, 5]
[5, 5, 5, 5, 5, 5, 5, 5, 5, 5, 5, 5, 5, 0, 4, 4, 4, 4, 5, 5, 5, 5, 4, 4, 4, 4, 5, 5, 5, 11, 11, 11, 11, 11, 11, 5, 5, 5, 4, 4, 4, 4, 5, 5, 5, 5, 4, 4, 4, 4, 0, 5, 5, 5, 5, 5, 5, 5, 5, 5, 5, 5, 5, 5]
[5, 5, 5, 5, 5, 5, 5, 5, 5, 5, 5, 5, 5, 0, 4, 4, 4, 4, 5, 5, 5, 5, 4, 4, 4, 4, 5, 5, 5, 5, 4, 4, 4, 4, 5, 5, 5, 5, 4, 4, 4, 4, 5, 5, 5, 5, 4, 4, 4, 4, 0, 5, 5, 5, 5, 5, 5, 5, 5, 5, 5, 5, 5, 5]
[5, 5, 5, 5, 5, 5, 5, 5, 5, 5, 5, 5, 5, 0, 4, 4, 4, 4, 5, 5, 5, 5, 4, 4, 4, 4, 5, 5, 5, 5, 4, 4, 4, 4, 5, 5, 5, 5, 4, 4, 4, 4, 5, 5, 5, 5, 4, 4, 4, 4, 0, 5, 5, 5, 5, 5, 5, 5, 5, 5, 5, 5, 5, 5]
[5, 5, 5, 5, 5, 5, 5, 5, 5, 5, 5, 5, 5, 0, 4, 4, 4, 4, 5, 5, 5, 5, 4, 4, 4, 4, 5, 5, 5, 5, 4, 4, 4, 4, 5, 5, 5, 5, 4, 4, 4, 4, 5, 5, 5, 5, 4, 4, 4, 4, 0, 5, 5, 5, 5, 5, 5, 5, 5, 5, 5, 5, 5, 5]
[5, 5, 5, 5, 5, 5, 5, 5, 5, 5, 5, 5, 5, 0, 0, 0, 0, 0, 0, 0, 0, 0, 0, 0, 0, 0, 0, 0, 0, 0, 0, 0, 0, 0, 0, 0, 0, 0, 0, 0, 0, 0, 0, 0, 0, 0, 0, 0, 0, 0, 0, 5, 5, 5, 5, 5, 5, 5, 5, 5, 5, 5, 5, 5]
[5, 5, 5, 5, 5, 5, 5, 5, 5, 5, 5, 5, 5, 0, 0, 0, 0, 0, 0, 0, 5, 5, 5, 0, 0, 1, 1, 1, 0, 0, 1, 1, 1, 0, 0, 1, 1, 1, 0, 0, 1, 1, 1, 0, 0, 0, 0, 0, 0, 0, 0, 5, 5, 5, 5, 5, 5, 5, 5, 5, 5, 5, 5, 5]
[5, 5, 5, 5, 5, 5, 5, 5, 5, 5, 5, 5, 5, 0, 0, 0, 0, 0, 0, 0, 0, 0, 0, 0, 0, 0, 0, 0, 0, 0, 0, 0, 0, 0, 0, 0, 0, 0, 0, 0, 0, 0, 0, 0, 0, 0, 0, 0, 0, 0, 0, 5, 5, 5, 5, 5, 5, 5, 5, 5, 5, 5, 5, 5]
[5, 5, 5, 5, 5, 5, 5, 5, 5, 5, 5, 5, 5, 0, 0, 0, 0, 0, 0, 0, 0, 5, 0, 0, 0, 0, 1, 0, 0, 0, 0, 5, 0, 0, 0, 0, 1, 0, 0, 0, 0, 1, 0, 0, 0, 0, 0, 0, 0, 0, 0, 5, 5, 5, 5, 5, 5, 5, 5, 5, 5, 5, 5, 5]
[5, 5, 5, 5, 5, 5, 5, 5, 5, 5, 5, 5, 5, 0, 0, 0, 0, 0, 0, 0, 0, 5, 0, 0, 0, 0, 1, 0, 0, 0, 0, 5, 0, 0, 0, 0, 1, 0, 0, 0, 0, 1, 0, 0, 0, 0, 0, 0, 0, 0, 0, 5, 5, 5, 5, 5, 5, 5, 5, 5, 5, 5, 5, 5]
[5, 5, 5, 5, 5, 5, 5, 5, 5, 5, 5, 5, 5, 0, 0, 0, 0, 0, 0, 0, 0, 5, 0, 0, 0, 0, 1, 0, 0, 0, 0, 5, 0, 0, 0, 0, 1, 0, 0, 0, 0, 1, 0, 0, 0, 0, 0, 0, 0, 0, 0, 5, 5, 5, 5, 5, 5, 5, 5, 5, 5, 5, 5, 5]
[5, 5, 5, 5, 5, 5, 5, 5, 5, 5, 5, 5, 5, 0, 0, 0, 0, 0, 0, 0, 0, 0, 0, 0, 0, 0, 0, 0, 0, 0, 0, 0, 0, 0, 0, 0, 0, 0, 0, 0, 0, 0, 0, 0, 0, 0, 0, 0, 0, 0, 0, 5, 5, 5, 5, 5, 5, 5, 5, 5, 5, 5, 5, 5]
[5, 5, 5, 5, 5, 5, 5, 5, 5, 5, 5, 5, 5, 5, 5, 5, 5, 5, 5, 5, 5, 5, 5, 5, 5, 5, 5, 5, 5, 5, 5, 5, 5, 5, 5, 5, 5, 5, 5, 5, 5, 5, 5, 5, 5, 5, 5, 5, 0, 5, 5, 5, 5, 5, 5, 5, 5, 5, 5, 5, 5, 5, 5, 5]
[5, 5, 5, 5, 5, 5, 5, 5, 5, 5, 5, 5, 5, 5, 5, 5, 5, 5, 5, 5, 5, 5, 5, 5, 5, 5, 5, 5, 5, 5, 5, 5, 5, 5, 5, 5, 0, 0, 0, 0, 0, 0, 0, 0, 0, 0, 0, 0, 0, 5, 5, 5, 5, 5, 5, 5, 5, 5, 5, 5, 5, 5, 5, 5]
[5, 5, 5, 5, 5, 5, 5, 5, 5, 5, 5, 5, 5, 5, 5, 5, 5, 5, 5, 5, 5, 5, 5, 5, 5, 5, 5, 5, 5, 5, 5, 5, 5, 5, 5, 5, 0, 5, 5, 5, 5, 5, 5, 5, 5, 5, 5, 5, 5, 5, 5, 5, 5, 5, 5, 5, 5, 5, 5, 5, 5, 5, 5, 5]
[5, 5, 5, 5, 5, 5, 5, 5, 5, 5, 5, 5, 5, 5, 5, 5, 5, 5, 5, 5, 5, 5, 5, 5, 5, 5, 5, 5, 5, 5, 5, 5, 5, 5, 9, 9, 9, 9, 9, 5, 5, 5, 5, 5, 5, 5, 5, 5, 5, 5, 5, 5, 5, 5, 5, 5, 5, 5, 5, 5, 5, 5, 5, 5]
[5, 5, 5, 5, 5, 5, 5, 5, 5, 5, 5, 5, 5, 5, 5, 5, 5, 5, 5, 5, 5, 5, 5, 5, 5, 5, 5, 5, 5, 5, 5, 5, 5, 9, 9, 9, 9, 9, 9, 9, 5, 5, 5, 5, 5, 5, 5, 5, 5, 5, 5, 5, 5, 5, 5, 5, 5, 5, 5, 5, 5, 5, 5, 5]
[5, 5, 5, 5, 5, 5, 5, 5, 5, 5, 5, 5, 5, 5, 5, 5, 5, 5, 5, 5, 5, 5, 5, 5, 5, 5, 5, 5, 5, 5, 5, 5, 9, 9, 9, 9, 9, 9, 9, 9, 9, 5, 5, 5, 5, 5, 5, 5, 5, 5, 5, 5, 5, 5, 5, 5, 5, 5, 5, 5, 5, 5, 5, 5]
[5, 5, 5, 5, 5, 5, 5, 5, 5, 5, 5, 5, 5, 5, 5, 5, 5, 5, 5, 5, 5, 5, 5, 5, 5, 5, 5, 5, 5, 5, 5, 5, 9, 9, 9, 9, 9, 9, 9, 9, 9, 5, 5, 5, 5, 5, 5, 5, 5, 5, 5, 5, 5, 5, 5, 5, 5, 5, 5, 5, 5, 5, 5, 5]
[5, 5, 5, 5, 5, 5, 5, 5, 5, 5, 5, 5, 5, 5, 5, 5, 5, 5, 5, 5, 5, 5, 5, 5, 5, 5, 5, 5, 5, 5, 5, 5, 9, 9, 9, 9, 9, 9, 9, 9, 9, 5, 5, 5, 5, 5, 5, 5, 5, 5, 5, 5, 5, 5, 5, 5, 5, 5, 5, 5, 5, 5, 5, 5]
[5, 5, 5, 5, 5, 5, 5, 5, 5, 5, 5, 5, 5, 5, 5, 5, 5, 5, 5, 5, 5, 5, 5, 5, 5, 5, 5, 5, 5, 5, 5, 5, 9, 9, 9, 9, 9, 9, 9, 9, 9, 5, 5, 5, 5, 5, 5, 5, 5, 5, 5, 5, 5, 5, 5, 5, 5, 5, 5, 5, 5, 5, 5, 5]
[5, 5, 5, 5, 5, 5, 5, 5, 5, 5, 5, 5, 5, 5, 5, 5, 5, 5, 5, 5, 5, 5, 5, 5, 5, 5, 5, 5, 5, 5, 5, 5, 9, 9, 9, 9, 9, 9, 9, 9, 9, 5, 5, 5, 5, 5, 5, 5, 5, 5, 5, 5, 5, 5, 5, 5, 5, 5, 5, 5, 5, 5, 5, 5]
[5, 5, 5, 5, 5, 5, 5, 5, 5, 5, 5, 5, 5, 5, 5, 5, 5, 5, 5, 5, 5, 5, 5, 5, 5, 5, 5, 5, 5, 5, 5, 5, 5, 9, 9, 9, 9, 9, 9, 9, 5, 5, 5, 5, 5, 5, 5, 5, 5, 5, 5, 5, 5, 5, 5, 5, 5, 5, 5, 5, 5, 5, 5, 5]
[5, 5, 5, 5, 5, 5, 5, 5, 5, 5, 5, 5, 5, 5, 5, 5, 5, 5, 5, 5, 5, 5, 5, 5, 5, 5, 5, 5, 5, 5, 5, 5, 5, 5, 9, 9, 9, 9, 9, 5, 5, 5, 5, 5, 5, 5, 5, 5, 5, 5, 5, 5, 5, 5, 5, 5, 5, 5, 5, 5, 5, 5, 5, 5]
[5, 5, 5, 5, 5, 5, 5, 5, 5, 5, 5, 5, 5, 5, 5, 5, 5, 5, 5, 5, 5, 5, 5, 5, 5, 5, 5, 5, 5, 5, 5, 5, 5, 5, 5, 5, 5, 5, 5, 5, 5, 5, 5, 5, 5, 5, 5, 5, 5, 5, 5, 5, 5, 5, 5, 5, 5, 5, 5, 5, 5, 5, 5, 5]
[5, 5, 5, 5, 5, 5, 5, 5, 5, 5, 5, 5, 5, 5, 5, 5, 5, 5, 5, 5, 5, 5, 5, 5, 5, 5, 5, 5, 5, 5, 5, 5, 5, 5, 5, 5, 5, 5, 5, 5, 5, 5, 5, 5, 5, 5, 5, 5, 5, 5, 5, 5, 5, 5, 5, 5, 5, 5, 5, 5, 5, 5, 5, 5]
[5, 5, 5, 5, 5, 5, 5, 5, 5, 5, 5, 5, 5, 5, 5, 5, 5, 5, 5, 5, 5, 5, 5, 5, 5, 5, 5, 5, 5, 5, 5, 5, 5, 5, 5, 5, 5, 5, 5, 5, 5, 5, 5, 5, 5, 5, 5, 5, 5, 5, 5, 5, 5, 5, 5, 5, 5, 5, 5, 5, 5, 5, 5, 5]
[5, 5, 5, 5, 5, 5, 5, 5, 5, 5, 5, 5, 5, 5, 5, 5, 5, 5, 5, 5, 5, 5, 5, 5, 5, 5, 5, 5, 5, 5, 5, 5, 5, 5, 5, 5, 5, 5, 5, 5, 5, 5, 5, 5, 5, 5, 5, 5, 5, 5, 5, 5, 5, 5, 5, 5, 5, 5, 5, 5, 5, 5, 5, 5]
</grid_0>
",,0.0,False
8,ACTION6 x=31 y=45,manual,"State: NOT_FINISHED
Levels completed: 0/7
Action count: 8

========== Start of Direct Observation ==========
<grid_0>
[5, 5, 5, 5, 5, 5, 5, 5, 5, 5, 5, 5, 5, 5, 5, 5, 5, 5, 5, 5, 5, 5, 5, 5, 5, 5, 5, 5, 5, 5, 5, 5, 5, 5, 5, 5, 5, 5, 5, 5, 5, 5, 5, 5, 5, 5, 5, 5, 5, 5, 5, 5, 5, 5, 5, 5, 5, 5, 5, 5, 5, 5, 5, 5]
[5, 9, 9, 9, 9, 9, 9, 9, 9, 9, 9, 9, 9, 9, 9, 9, 9, 9, 9, 9, 9, 9, 9, 9, 9, 9, 9, 9, 9, 9, 9, 9, 9, 9, 9, 9, 9, 9, 9, 9, 9, 9, 9, 9, 9, 9, 9, 9, 9, 9, 9, 9, 9, 9, 3, 3, 3, 3, 3, 3, 3, 3, 5, 5]
[5, 5, 5, 5, 5, 5, 5, 5, 5, 5, 5, 5, 5, 5, 5, 5, 5, 5, 5, 5, 5, 5, 5, 5, 5, 5, 5, 5, 5, 5, 5, 5, 5, 5, 5, 5, 5, 5, 5, 5, 5, 5, 5, 5, 5, 5, 5, 5, 5, 5, 5, 5, 5, 5, 5, 5, 5, 5, 5, 5, 5, 5, 5, 5]
[5, 5, 5, 5, 5, 5, 5, 5, 5, 5, 5, 5, 5, 5, 5, 5, 5, 5, 5, 5, 5, 5, 5, 5, 5, 5, 5, 5, 5, 5, 5, 5, 5, 5, 5, 5, 5, 5, 5, 5, 5, 5, 5, 5, 5, 5, 5, 5, 5, 5, 5, 5, 5, 5, 5, 5, 5, 5, 5, 5, 5, 5, 5, 5]
[5, 5, 5, 5, 5, 5, 5, 5, 5, 5, 5, 5, 5, 5, 5, 5, 5, 5, 5, 5, 5, 5, 5, 5, 5, 5, 5, 5, 5, 5, 5, 5, 5, 5, 5, 5, 5, 5, 5, 5, 5, 5, 5, 5, 5, 5, 5, 5, 5, 5, 5, 5, 5, 5, 5, 5, 5, 5, 5, 5, 5, 5, 5, 5]
[5, 5, 5, 5, 5, 5, 5, 5, 5, 5, 5, 5, 5, 5, 5, 5, 5, 5, 5, 5, 5, 5, 5, 5, 5, 5, 5, 5, 5, 5, 5, 5, 5, 5, 5, 5, 5, 5, 5, 5, 5, 5, 5, 5, 5, 5, 5, 5, 5, 5, 5, 5, 5, 5, 5, 5, 5, 5, 5, 5, 5, 5, 5, 5]
[5, 5, 5, 5, 5, 5, 5, 5, 5, 5, 5, 5, 5, 5, 5, 5, 5, 5, 5, 5, 5, 5, 5, 5, 5, 5, 5, 5, 5, 5, 5, 5, 5, 5, 5, 5, 5, 5, 5, 5, 5, 5, 5, 5, 5, 5, 5, 5, 5, 5, 5, 5, 5, 5, 5, 5, 5, 5, 5, 5, 5, 5, 5, 5]
[5, 5, 5, 5, 5, 5, 5, 5, 5, 5, 5, 5, 5, 5, 5, 5, 5, 5, 5, 5, 5, 5, 5, 5, 5, 5, 5, 5, 5, 5, 5, 5, 5, 5, 5, 5, 5, 5, 5, 5, 5, 5, 5, 5, 5, 5, 5, 5, 5, 5, 5, 5, 5, 5, 5, 5, 5, 5, 5, 5, 5, 5, 5, 5]
[5, 5, 5, 5, 5, 5, 5, 5, 5, 5, 5, 5, 5, 0, 0, 0, 0, 0, 0, 0, 0, 0, 0, 0, 0, 0, 0, 0, 0, 0, 0, 0, 0, 0, 0, 0, 0, 0, 0, 0, 0, 0, 0, 0, 0, 0, 0, 0, 0, 0, 0, 5, 5, 5, 5, 5, 5, 5, 5, 5, 5, 5, 5, 5]
[5, 5, 5, 5, 5, 5, 5, 5, 5, 5, 5, 5, 5, 0, 5, 5, 5, 5, 4, 4, 4, 4, 5, 5, 5, 5, 4, 4, 4, 4, 5, 5, 5, 5, 4, 4, 4, 4, 5, 5, 5, 5, 4, 4, 4, 4, 5, 5, 5, 5, 0, 5, 5, 5, 5, 5, 5, 5, 5, 5, 5, 5, 5, 5]
[5, 5, 5, 5, 5, 5, 5, 5, 5, 5, 5, 5, 5, 0, 5, 5, 5, 5, 4, 4, 4, 4, 5, 5, 5, 5, 4, 4, 4, 4, 5, 5, 5, 5, 4, 4, 4, 4, 5, 5, 5, 5, 4, 4, 4, 4, 5, 5, 5, 5, 0, 5, 5, 5, 5, 5, 5, 5, 5, 5, 5, 5, 5, 5]
[5, 5, 5, 5, 5, 5, 5, 5, 5, 5, 5, 5, 5, 0, 5, 5, 5, 5, 4, 4, 4, 4, 5, 5, 5, 5, 4, 4, 4, 4, 5, 5, 5, 5, 4, 4, 4, 4, 5, 5, 5, 5, 4, 4, 4, 4, 5, 5, 5, 5, 0, 5, 5, 5, 5, 5, 5, 5, 5, 5, 5, 5, 5, 5]
[5, 5, 5, 5, 5, 5, 5, 5, 5, 5, 5, 5, 5, 0, 5, 5, 5, 5, 4, 4, 4, 4, 5, 5, 5, 5, 4, 4, 4, 4, 5, 5, 5, 5, 4, 4, 4, 4, 5, 5, 5, 5, 4, 4, 4, 4, 5, 5, 5, 5, 0, 5, 5, 5, 5, 5, 5, 5, 5, 5, 5, 5, 5, 5]
[5, 5, 5, 5, 5, 5, 5, 5, 5, 5, 5, 5, 5, 0, 4, 4, 4, 4, 5, 5, 5, 5, 4, 4, 4, 4, 5, 5, 5, 5, 11, 11, 11, 11, 5, 5, 5, 5, 4, 4, 4, 4, 5, 5, 5, 5, 4, 4, 4, 4, 0, 5, 5, 5, 5, 5, 5, 5, 5, 5, 5, 5, 5, 5]
[5, 5, 5, 5, 5, 5, 5, 5, 5, 5, 5, 5, 5, 0, 4, 4, 4, 4, 5, 5, 5, 5, 4, 4, 4, 4, 5, 5, 5, 5, 11, 11, 11, 11, 5, 5, 5, 5, 4, 4, 4, 4, 5, 5, 5, 5, 4, 4, 4, 4, 0, 5, 5, 5, 5, 5, 5, 5, 5, 5, 5, 5, 5, 5]
[5, 5, 5, 5, 5, 5, 5, 5, 5, 5, 5, 5, 5, 0, 4, 4, 4, 4, 5, 5, 5, 5, 4, 4, 4, 4, 5, 5, 5, 5, 11, 11, 11, 11, 5, 5, 5, 5, 4, 4, 4, 4, 5, 5, 5, 5, 4, 4, 4, 4, 0, 5, 5, 5, 5, 5, 5, 5, 5, 5, 5, 5, 5, 5]
[5, 5, 5, 5, 5, 5, 5, 5, 5, 5, 5, 5, 5, 0, 4, 4, 4, 4, 5, 5, 5, 5, 4, 4, 4, 4, 5, 5, 5, 5, 11, 4, 4, 11, 5, 5, 5, 5, 4, 4, 4, 4, 5, 5, 5, 5, 4, 4, 4, 4, 0, 5, 5, 5, 5, 5, 5, 5, 5, 5, 5, 5, 5, 5]
[5, 5, 5, 5, 5, 5, 5, 5, 5, 5, 5, 5, 5, 0, 5, 5, 5, 5, 4, 4, 4, 4, 5, 5, 5, 5, 4, 4, 4, 4, 5, 5, 5, 5, 4, 4, 4, 4, 5, 5, 5, 5, 4, 4, 4, 4, 5, 5, 5, 5, 0, 5, 5, 5, 5, 5, 5, 5, 5, 5, 5, 5, 5, 5]
[5, 5, 5, 5, 5, 5, 5, 5, 5, 5, 5, 5, 5, 0, 5, 5, 5, 5, 4, 4, 4, 4, 5, 5, 5, 5, 4, 4, 4, 4, 5, 5, 5, 5, 4, 4, 4, 4, 5, 5, 5, 5, 4, 4, 4, 4, 5, 5, 5, 5, 0, 5, 5, 5, 5, 5, 5, 5, 5, 5, 5, 5, 5, 5]
[5, 5, 5, 5, 5, 5, 5, 5, 5, 5, 5, 5, 5, 0, 5, 5, 5, 5, 4, 4, 4, 4, 5, 5, 5, 5, 4, 4, 4, 4, 5, 5, 5, 5, 4, 4, 4, 4, 5, 5, 5, 5, 4, 4, 4, 4, 5, 5, 5, 5, 0, 5, 5, 5, 5, 5, 5, 5, 5, 5, 5, 5, 5, 5]
[5, 5, 5, 5, 5, 5, 5, 5, 5, 5, 5, 5, 5, 0, 5, 5, 5, 5, 4, 4, 4, 4, 5, 5, 5, 5, 4, 4, 4, 4, 5, 5, 5, 5, 4, 4, 4, 4, 5, 5, 5, 5, 4, 4, 4, 4, 5, 5, 5, 5, 0, 5, 5, 5, 5, 5, 5, 5, 5, 5, 5, 5, 5, 5]
[5, 5, 5, 5, 5, 5, 5, 5, 5, 5, 5, 5, 5, 0, 4, 4, 4, 4, 5, 5, 5, 5, 4, 4, 4, 4, 5, 5, 5, 5, 4, 4, 4, 4, 5, 5, 5, 5, 4, 4, 4, 4, 5, 5, 5, 5, 4, 4, 4, 4, 0, 5, 5, 5, 5, 5, 5, 5, 5, 5, 5, 5, 5, 5]
[5, 5, 5, 5, 5, 5, 5, 5, 5, 5, 5, 5, 5, 0, 4, 4, 4, 4, 5, 5, 5, 5, 4, 4, 4, 4, 5, 5, 5, 5, 4, 4, 4, 4, 5, 5, 5, 5, 4, 4, 4, 4, 5, 5, 5, 5, 4, 4, 4, 4, 0, 5, 5, 5, 5, 5, 5, 5, 5, 5, 5, 5, 5, 5]
[5, 5, 5, 5, 5, 5, 5, 5, 5, 5, 5, 5, 5, 0, 4, 4, 4, 4, 5, 5, 5, 5, 4, 4, 4, 4, 5, 5, 5, 5, 4, 4, 4, 4, 5, 5, 5, 5, 4, 4, 4, 4, 5, 5, 5, 5, 4, 4, 4, 4, 0, 5, 5, 5, 5, 5, 5, 5, 5, 5, 5, 5, 5, 5]
[5, 5, 5, 5, 5, 5, 5, 5, 5, 5, 5, 5, 5, 0, 4, 4, 4, 4, 5, 5, 5, 5, 4, 4, 4, 4, 5, 5, 5, 5, 4, 4, 4, 4, 5, 5, 5, 5, 4, 4, 4, 4, 5, 5, 5, 5, 4, 4, 4, 4, 0, 5, 5, 5, 5, 5, 5, 5, 5, 5, 5, 5, 5, 5]
[5, 5, 5, 5, 5, 5, 5, 5, 5, 5, 5, 5, 5, 0, 5, 5, 5, 5, 4, 4, 4, 4, 5, 5, 5, 5, 4, 4, 4, 4, 5, 5, 5, 5, 4, 4, 4, 4, 5, 5, 5, 5, 4, 4, 4, 4, 5, 5, 5, 5, 0, 5, 5, 5, 5, 5, 5, 5, 5, 5, 5, 5, 5, 5]
[5, 5, 5, 5, 5, 5, 5, 5, 5, 5, 5, 5, 5, 0, 5, 5, 5, 5, 4, 4, 4, 4, 5, 5, 5, 5, 4, 4, 4, 4, 5, 5, 5, 5, 4, 4, 4, 4, 5, 5, 5, 5, 4, 4, 4, 4, 5, 5, 5, 5, 0, 5, 5, 5, 5, 5, 5, 5, 5, 5, 5, 5, 5, 5]
[5, 5, 5, 5, 5, 5, 5, 5, 5, 5, 5, 5, 5, 0, 5, 5, 5, 5, 4, 4, 4, 4, 5, 5, 5, 5, 4, 4, 4, 4, 5, 5, 5, 5, 4, 4, 4, 4, 5, 5, 5, 5, 4, 4, 4, 4, 5, 5, 5, 5, 0, 5, 5, 5, 5, 5, 5, 5, 5, 5, 5, 5, 5, 5]
[5, 5, 5, 5, 5, 5, 5, 5, 5, 5, 5, 5, 5, 0, 5, 5, 5, 5, 4, 4, 4, 4, 5, 5, 5, 5, 4, 4, 4, 4, 5, 5, 5, 5, 4, 4, 4, 4, 5, 5, 5, 5, 4, 4, 4, 4, 5, 5, 5, 5, 0, 5, 5, 5, 5, 5, 5, 5, 5, 5, 5, 5, 5, 5]
[5, 5, 5, 5, 5, 5, 5, 5, 5, 5, 5, 5, 5, 0, 4, 4, 4, 4, 5, 5, 5, 5, 4, 4, 4, 4, 5, 5, 5, 5, 4, 4, 4, 4, 5, 5, 5, 5, 4, 4, 4, 4, 5, 5, 5, 5, 4, 4, 4, 4, 0, 5, 5, 5, 5, 5, 5, 5, 5, 5, 5, 5, 5, 5]
[5, 5, 5, 5, 5, 5, 5, 5, 5, 5, 5, 5, 5, 0, 4, 4, 4, 4, 5, 5, 5, 5, 4, 4, 4, 4, 5, 5, 5, 5, 4, 4, 4, 4, 5, 5, 5, 5, 4, 4, 4, 4, 5, 5, 5, 5, 4, 4, 4, 4, 0, 5, 5, 5, 5, 5, 5, 5, 5, 5, 5, 5, 5, 5]
[5, 5, 5, 5, 5, 5, 5, 5, 5, 5, 5, 5, 5, 0, 4, 4, 4, 4, 5, 5, 5, 5, 4, 4, 4, 4, 5, 5, 5, 5, 4, 4, 4, 4, 5, 5, 5, 5, 4, 4, 4, 4, 5, 5, 5, 5, 4, 4, 4, 4, 0, 5, 5, 5, 5, 5, 5, 5, 5, 5, 5, 5, 5, 5]
[5, 5, 5, 5, 5, 5, 5, 5, 5, 5, 5, 5, 5, 0, 4, 4, 4, 4, 5, 5, 5, 5, 4, 4, 4, 4, 5, 5, 5, 5, 4, 4, 4, 4, 5, 5, 5, 5, 4, 4, 4, 4, 5, 5, 5, 5, 4, 4, 4, 4, 0, 5, 5, 5, 5, 5, 5, 5, 5, 5, 5, 5, 5, 5]
[5, 5, 5, 5, 5, 5, 5, 5, 5, 5, 5, 5, 5, 0, 5, 5, 5, 5, 4, 4, 4, 4, 5, 5, 5, 5, 4, 4, 4, 11, 5, 5, 5, 5, 11, 4, 4, 4, 5, 5, 5, 5, 4, 4, 4, 4, 5, 5, 5, 5, 0, 5, 5, 5, 5, 5, 5, 5, 5, 5, 5, 5, 5, 5]
[5, 5, 5, 5, 5, 5, 5, 5, 5, 5, 5, 5, 5, 0, 5, 5, 5, 5, 4, 4, 4, 4, 5, 5, 5, 5, 4, 4, 4, 11, 5, 5, 5, 5, 11, 4, 4, 4, 5, 5, 5, 5, 4, 4, 4, 4, 5, 5, 5, 5, 0, 5, 5, 5, 5, 5, 5, 5, 5, 5, 5, 5, 5, 5]
[5, 5, 5, 5, 5, 5, 5, 5, 5, 5, 5, 5, 5, 0, 5, 5, 5, 5, 4, 4, 4, 4, 5, 5, 5, 5, 4, 4, 4, 11, 5, 5, 5, 5, 11, 4, 4, 4, 5, 5, 5, 5, 4, 4, 4, 4, 5, 5, 5, 5, 0, 5, 5, 5, 5, 5, 5, 5, 5, 5, 5, 5, 5, 5]
[5, 5, 5, 5, 5, 5, 5, 5, 5, 5, 5, 5, 5, 0, 5, 5, 5, 5, 4, 4, 4, 4, 5, 5, 5, 5, 4, 4, 4, 11, 5, 11, 11, 5, 11, 4, 4, 4, 5, 5, 5, 5, 4, 4, 4, 4, 5, 5, 5, 5, 0, 5, 5, 5, 5, 5, 5, 5, 5, 5, 5, 5, 5, 5]
[5, 5, 5, 5, 5, 5, 5, 5, 5, 5, 5, 5, 5, 0, 4, 4, 4, 4, 5, 5, 5, 5, 4, 4, 4, 4, 5, 5, 5, 11, 11, 11, 11, 11, 11, 5, 5, 5, 4, 4, 4, 4, 5, 5, 5, 5, 4, 4, 4, 4, 0, 5, 5, 5, 5, 5, 5, 5, 5, 5, 5, 5, 5, 5]
[5, 5, 5, 5, 5, 5, 5, 5, 5, 5, 5, 5, 5, 0, 4, 4, 4, 4, 5, 5, 5, 5, 4, 4, 4, 4, 5, 5, 5, 5, 4, 4, 4, 4, 5, 5, 5, 5, 4, 4, 4, 4, 5, 5, 5, 5, 4, 4, 4, 4, 0, 5, 5, 5, 5, 5, 5, 5, 5, 5, 5, 5, 5, 5]
[5, 5, 5, 5, 5, 5, 5, 5, 5, 5, 5, 5, 5, 0, 4, 4, 4, 4, 5, 5, 5, 5, 4, 4, 4, 4, 5, 5, 5, 5, 4, 4, 4, 4, 5, 5, 5, 5, 4, 4, 4, 4, 5, 5, 5, 5, 4, 4, 4, 4, 0, 5, 5, 5, 5, 5, 5, 5, 5, 5, 5, 5, 5, 5]
[5, 5, 5, 5, 5, 5, 5, 5, 5, 5, 5, 5, 5, 0, 4, 4, 4, 4, 5, 5, 5, 5, 4, 4, 4, 4, 5, 5, 5, 5, 4, 4, 4, 4, 5, 5, 5, 5, 4, 4, 4, 4, 5, 5, 5, 5, 4, 4, 4, 4, 0, 5, 5, 5, 5, 5, 5, 5, 5, 5, 5, 5, 5, 5]
[5, 5, 5, 5, 5, 5, 5, 5, 5, 5, 5, 5, 5, 0, 0, 0, 0, 0, 0, 0, 0, 0, 0, 0, 0, 0, 0, 0, 0, 0, 0, 0, 0, 0, 0, 0, 0, 0, 0, 0, 0, 0, 0, 0, 0, 0, 0, 0, 0, 0, 0, 5, 5, 5, 5, 5, 5, 5, 5, 5, 5, 5, 5, 5]
[5, 5, 5, 5, 5, 5, 5, 5, 5, 5, 5, 5, 5, 0, 0, 0, 0, 0, 0, 0, 5, 5, 5, 0, 0, 1, 1, 1, 0, 0, 5, 5, 5, 0, 0, 1, 1, 1, 0, 0, 1, 1, 1, 0, 0, 0, 0, 0, 0, 0, 0, 5, 5, 5, 5, 5, 5, 5, 5, 5, 5, 5, 5, 5]
[5, 5, 5, 5, 5, 5, 5, 5, 5, 5, 5, 5, 5, 0, 0, 0, 0, 0, 0, 0, 0, 0, 0, 0, 0, 0, 0, 0, 0, 0, 0, 0, 0, 0, 0, 0, 0, 0, 0, 0, 0, 0, 0, 0, 0, 0, 0, 0, 0, 0, 0, 5, 5, 5, 5, 5, 5, 5, 5, 5, 5, 5, 5, 5]
[5, 5, 5, 5, 5, 5, 5, 5, 5, 5, 5, 5, 5, 0, 0, 0, 0, 0, 0, 0, 0, 5, 0, 0, 0, 0, 1, 0, 0, 0, 0, 5, 0, 0, 0, 0, 1, 0, 0, 0, 0, 1, 0, 0, 0, 0, 0, 0, 0, 0, 0, 5, 5, 5, 5, 5, 5, 5, 5, 5, 5, 5, 5, 5]
[5, 5, 5, 5, 5, 5, 5, 5, 5, 5, 5, 5, 5, 0, 0, 0, 0, 0, 0, 0, 0, 5, 0, 0, 0, 0, 1, 0, 0, 0, 0, 5, 0, 0, 0, 0, 1, 0, 0, 0, 0, 1, 0, 0, 0, 0, 0, 0, 0, 0, 0, 5, 5, 5, 5, 5, 5, 5, 5, 5, 5, 5, 5, 5]
[5, 5, 5, 5, 5, 5, 5, 5, 5, 5, 5, 5, 5, 0, 0, 0, 0, 0, 0, 0, 0, 5, 0, 0, 0, 0, 1, 0, 0, 0, 0, 5, 0, 0, 0, 0, 1, 0, 0, 0, 0, 1, 0, 0, 0, 0, 0, 0, 0, 0, 0, 5, 5, 5, 5, 5, 5, 5, 5, 5, 5, 5, 5, 5]
[5, 5, 5, 5, 5, 5, 5, 5, 5, 5, 5, 5, 5, 0, 0, 0, 0, 0, 0, 0, 0, 0, 0, 0, 0, 0, 0, 0, 0, 0, 0, 0, 0, 0, 0, 0, 0, 0, 0, 0, 0, 0, 0, 0, 0, 0, 0, 0, 0, 0, 0, 5, 5, 5, 5, 5, 5, 5, 5, 5, 5, 5, 5, 5]
[5, 5, 5, 5, 5, 5, 5, 5, 5, 5, 5, 5, 5, 5, 5, 5, 5, 5, 5, 5, 5, 5, 5, 5, 5, 5, 5, 5, 5, 5, 5, 5, 5, 5, 5, 5, 5, 5, 5, 5, 5, 5, 5, 5, 5, 5, 5, 5, 0, 5, 5, 5, 5, 5, 5, 5, 5, 5, 5, 5, 5, 5, 5, 5]
[5, 5, 5, 5, 5, 5, 5, 5, 5, 5, 5, 5, 5, 5, 5, 5, 5, 5, 5, 5, 5, 5, 5, 5, 5, 5, 5, 5, 5, 5, 5, 5, 5, 5, 5, 5, 0, 0, 0, 0, 0, 0, 0, 0, 0, 0, 0, 0, 0, 5, 5, 5, 5, 5, 5, 5, 5, 5, 5, 5, 5, 5, 5, 5]
[5, 5, 5, 5, 5, 5, 5, 5, 5, 5, 5, 5, 5, 5, 5, 5, 5, 5, 5, 5, 5, 5, 5, 5, 5, 5, 5, 5, 5, 5, 5, 5, 5, 5, 5, 5, 0, 5, 5, 5, 5, 5, 5, 5, 5, 5, 5, 5, 5, 5, 5, 5, 5, 5, 5, 5, 5, 5, 5, 5, 5, 5, 5, 5]
[5, 5, 5, 5, 5, 5, 5, 5, 5, 5, 5, 5, 5, 5, 5, 5, 5, 5, 5, 5, 5, 5, 5, 5, 5, 5, 5, 5, 5, 5, 5, 5, 5, 5, 9, 9, 9, 9, 9, 5, 5, 5, 5, 5, 5, 5, 5, 5, 5, 5, 5, 5, 5, 5, 5, 5, 5, 5, 5, 5, 5, 5, 5, 5]
[5, 5, 5, 5, 5, 5, 5, 5, 5, 5, 5, 5, 5, 5, 5, 5, 5, 5, 5, 5, 5, 5, 5, 5, 5, 5, 5, 5, 5, 5, 5, 5, 5, 9, 9, 9, 9, 9, 9, 9, 5, 5, 5, 5, 5, 5, 5, 5, 5, 5, 5, 5, 5, 5, 5, 5, 5, 5, 5, 5, 5, 5, 5, 5]
[5, 5, 5, 5, 5, 5, 5, 5, 5, 5, 5, 5, 5, 5, 5, 5, 5, 5, 5, 5, 5, 5, 5, 5, 5, 5, 5, 5, 5, 5, 5, 5, 9, 9, 9, 9, 9, 9, 9, 9, 9, 5, 5, 5, 5, 5, 5, 5, 5, 5, 5, 5, 5, 5, 5, 5, 5, 5, 5, 5, 5, 5, 5, 5]
[5, 5, 5, 5, 5, 5, 5, 5, 5, 5, 5, 5, 5, 5, 5, 5, 5, 5, 5, 5, 5, 5, 5, 5, 5, 5, 5, 5, 5, 5, 5, 5, 9, 9, 9, 9, 9, 9, 9, 9, 9, 5, 5, 5, 5, 5, 5, 5, 5, 5, 5, 5, 5, 5, 5, 5, 5, 5, 5, 5, 5, 5, 5, 5]
[5, 5, 5, 5, 5, 5, 5, 5, 5, 5, 5, 5, 5, 5, 5, 5, 5, 5, 5, 5, 5, 5, 5, 5, 5, 5, 5, 5, 5, 5, 5, 5, 9, 9, 9, 9, 9, 9, 9, 9, 9, 5, 5, 5, 5, 5, 5, 5, 5, 5, 5, 5, 5, 5, 5, 5, 5, 5, 5, 5, 5, 5, 5, 5]
[5, 5, 5, 5, 5, 5, 5, 5, 5, 5, 5, 5, 5, 5, 5, 5, 5, 5, 5, 5, 5, 5, 5, 5, 5, 5, 5, 5, 5, 5, 5, 5, 9, 9, 9, 9, 9, 9, 9, 9, 9, 5, 5, 5, 5, 5, 5, 5, 5, 5, 5, 5, 5, 5, 5, 5, 5, 5, 5, 5, 5, 5, 5, 5]
[5, 5, 5, 5, 5, 5, 5, 5, 5, 5, 5, 5, 5, 5, 5, 5, 5, 5, 5, 5, 5, 5, 5, 5, 5, 5, 5, 5, 5, 5, 5, 5, 9, 9, 9, 9, 9, 9, 9, 9, 9, 5, 5, 5, 5, 5, 5, 5, 5, 5, 5, 5, 5, 5, 5, 5, 5, 5, 5, 5, 5, 5, 5, 5]
[5, 5, 5, 5, 5, 5, 5, 5, 5, 5, 5, 5, 5, 5, 5, 5, 5, 5, 5, 5, 5, 5, 5, 5, 5, 5, 5, 5, 5, 5, 5, 5, 5, 9, 9, 9, 9, 9, 9, 9, 5, 5, 5, 5, 5, 5, 5, 5, 5, 5, 5, 5, 5, 5, 5, 5, 5, 5, 5, 5, 5, 5, 5, 5]
[5, 5, 5, 5, 5, 5, 5, 5, 5, 5, 5, 5, 5, 5, 5, 5, 5, 5, 5, 5, 5, 5, 5, 5, 5, 5, 5, 5, 5, 5, 5, 5, 5, 5, 9, 9, 9, 9, 9, 5, 5, 5, 5, 5, 5, 5, 5, 5, 5, 5, 5, 5, 5, 5, 5, 5, 5, 5, 5, 5, 5, 5, 5, 5]
[5, 5, 5, 5, 5, 5, 5, 5, 5, 5, 5, 5, 5, 5, 5, 5, 5, 5, 5, 5, 5, 5, 5, 5, 5, 5, 5, 5, 5, 5, 5, 5, 5, 5, 5, 5, 5, 5, 5, 5, 5, 5, 5, 5, 5, 5, 5, 5, 5, 5, 5, 5, 5, 5, 5, 5, 5, 5, 5, 5, 5, 5, 5, 5]
[5, 5, 5, 5, 5, 5, 5, 5, 5, 5, 5, 5, 5, 5, 5, 5, 5, 5, 5, 5, 5, 5, 5, 5, 5, 5, 5, 5, 5, 5, 5, 5, 5, 5, 5, 5, 5, 5, 5, 5, 5, 5, 5, 5, 5, 5, 5, 5, 5, 5, 5, 5, 5, 5, 5, 5, 5, 5, 5, 5, 5, 5, 5, 5]
[5, 5, 5, 5, 5, 5, 5, 5, 5, 5, 5, 5, 5, 5, 5, 5, 5, 5, 5, 5, 5, 5, 5, 5, 5, 5, 5, 5, 5, 5, 5, 5, 5, 5, 5, 5, 5, 5, 5, 5, 5, 5, 5, 5, 5, 5, 5, 5, 5, 5, 5, 5, 5, 5, 5, 5, 5, 5, 5, 5, 5, 5, 5, 5]
[5, 5, 5, 5, 5, 5, 5, 5, 5, 5, 5, 5, 5, 5, 5, 5, 5, 5, 5, 5, 5, 5, 5, 5, 5, 5, 5, 5, 5, 5, 5, 5, 5, 5, 5, 5, 5, 5, 5, 5, 5, 5, 5, 5, 5, 5, 5, 5, 5, 5, 5, 5, 5, 5, 5, 5, 5, 5, 5, 5, 5, 5, 5, 5]
</grid_0>
",,0.0,False
9,ACTION6 x=31 y=45,manual,"State: NOT_FINISHED
Levels completed: 0/7
Action count: 9

========== Start of Direct Observation ==========
<grid_0>
[5, 5, 5, 5, 5, 5, 5, 5, 5, 5, 5, 5, 5, 5, 5, 5, 5, 5, 5, 5, 5, 5, 5, 5, 5, 5, 5, 5, 5, 5, 5, 5, 5, 5, 5, 5, 5, 5, 5, 5, 5, 5, 5, 5, 5, 5, 5, 5, 5, 5, 5, 5, 5, 5, 5, 5, 5, 5, 5, 5, 5, 5, 5, 5]
[5, 9, 9, 9, 9, 9, 9, 9, 9, 9, 9, 9, 9, 9, 9, 9, 9, 9, 9, 9, 9, 9, 9, 9, 9, 9, 9, 9, 9, 9, 9, 9, 9, 9, 9, 9, 9, 9, 9, 9, 9, 9, 9, 9, 9, 9, 9, 9, 9, 9, 9, 9, 9, 3, 3, 3, 3, 3, 3, 3, 3, 3, 5, 5]
[5, 5, 5, 5, 5, 5, 5, 5, 5, 5, 5, 5, 5, 5, 5, 5, 5, 5, 5, 5, 5, 5, 5, 5, 5, 5, 5, 5, 5, 5, 5, 5, 5, 5, 5, 5, 5, 5, 5, 5, 5, 5, 5, 5, 5, 5, 5, 5, 5, 5, 5, 5, 5, 5, 5, 5, 5, 5, 5, 5, 5, 5, 5, 5]
[5, 5, 5, 5, 5, 5, 5, 5, 5, 5, 5, 5, 5, 5, 5, 5, 5, 5, 5, 5, 5, 5, 5, 5, 5, 5, 5, 5, 5, 5, 5, 5, 5, 5, 5, 5, 5, 5, 5, 5, 5, 5, 5, 5, 5, 5, 5, 5, 5, 5, 5, 5, 5, 5, 5, 5, 5, 5, 5, 5, 5, 5, 5, 5]
[5, 5, 5, 5, 5, 5, 5, 5, 5, 5, 5, 5, 5, 5, 5, 5, 5, 5, 5, 5, 5, 5, 5, 5, 5, 5, 5, 5, 5, 5, 5, 5, 5, 5, 5, 5, 5, 5, 5, 5, 5, 5, 5, 5, 5, 5, 5, 5, 5, 5, 5, 5, 5, 5, 5, 5, 5, 5, 5, 5, 5, 5, 5, 5]
[5, 5, 5, 5, 5, 5, 5, 5, 5, 5, 5, 5, 5, 5, 5, 5, 5, 5, 5, 5, 5, 5, 5, 5, 5, 5, 5, 5, 5, 5, 5, 5, 5, 5, 5, 5, 5, 5, 5, 5, 5, 5, 5, 5, 5, 5, 5, 5, 5, 5, 5, 5, 5, 5, 5, 5, 5, 5, 5, 5, 5, 5, 5, 5]
[5, 5, 5, 5, 5, 5, 5, 5, 5, 5, 5, 5, 5, 5, 5, 5, 5, 5, 5, 5, 5, 5, 5, 5, 5, 5, 5, 5, 5, 5, 5, 5, 5, 5, 5, 5, 5, 5, 5, 5, 5, 5, 5, 5, 5, 5, 5, 5, 5, 5, 5, 5, 5, 5, 5, 5, 5, 5, 5, 5, 5, 5, 5, 5]
[5, 5, 5, 5, 5, 5, 5, 5, 5, 5, 5, 5, 5, 5, 5, 5, 5, 5, 5, 5, 5, 5, 5, 5, 5, 5, 5, 5, 5, 5, 5, 5, 5, 5, 5, 5, 5, 5, 5, 5, 5, 5, 5, 5, 5, 5, 5, 5, 5, 5, 5, 5, 5, 5, 5, 5, 5, 5, 5, 5, 5, 5, 5, 5]
[5, 5, 5, 5, 5, 5, 5, 5, 5, 5, 5, 5, 5, 0, 0, 0, 0, 0, 0, 0, 0, 0, 0, 0, 0, 0, 0, 0, 0, 0, 0, 0, 0, 0, 0, 0, 0, 0, 0, 0, 0, 0, 0, 0, 0, 0, 0, 0, 0, 0, 0, 5, 5, 5, 5, 5, 5, 5, 5, 5, 5, 5, 5, 5]
[5, 5, 5, 5, 5, 5, 5, 5, 5, 5, 5, 5, 5, 0, 5, 5, 5, 5, 4, 4, 4, 4, 5, 5, 5, 5, 4, 4, 4, 4, 5, 5, 5, 5, 4, 4, 4, 4, 5, 5, 5, 5, 4, 4, 4, 4, 5, 5, 5, 5, 0, 5, 5, 5, 5, 5, 5, 5, 5, 5, 5, 5, 5, 5]
[5, 5, 5, 5, 5, 5, 5, 5, 5, 5, 5, 5, 5, 0, 5, 5, 5, 5, 4, 4, 4, 4, 5, 5, 5, 5, 4, 4, 4, 4, 5, 5, 5, 5, 4, 4, 4, 4, 5, 5, 5, 5, 4, 4, 4, 4, 5, 5, 5, 5, 0, 5, 5, 5, 5, 5, 5, 5, 5, 5, 5, 5, 5, 5]
[5, 5, 5, 5, 5, 5, 5, 5, 5, 5, 5, 5, 5, 0, 5, 5, 5, 5, 4, 4, 4, 4, 5, 5, 5, 5, 4, 4, 4, 4, 5, 5, 5, 5, 4, 4, 4, 4, 5, 5, 5, 5, 4, 4, 4, 4, 5, 5, 5, 5, 0, 5, 5, 5, 5, 5, 5, 5, 5, 5, 5, 5, 5, 5]
[5, 5, 5, 5, 5, 5, 5, 5, 5, 5, 5, 5, 5, 0, 5, 5, 5, 5, 4, 4, 4, 4, 5, 5, 5, 5, 4, 4, 4, 4, 5, 5, 5, 5, 4, 4, 4, 4, 5, 5, 5, 5, 4, 4, 4, 4, 5, 5, 5, 5, 0, 5, 5, 5, 5, 5, 5, 5, 5, 5, 5, 5, 5, 5]
[5, 5, 5, 5, 5, 5, 5, 5, 5, 5, 5, 5, 5, 0, 4, 4, 4, 4, 5, 5, 5, 5, 4, 4, 4, 4, 5, 5, 5, 5, 11, 11, 11, 11, 5, 5, 5, 5, 4, 4, 4, 4, 5, 5, 5, 5, 4, 4, 4, 4, 0, 5, 5, 5, 5, 5, 5, 5, 5, 5, 5, 5, 5, 5]
[5, 5, 5, 5, 5, 5, 5, 5, 5, 5, 5, 5, 5, 0, 4, 4, 4, 4, 5, 5, 5, 5, 4, 4, 4, 4, 5, 5, 5, 5, 11, 11, 11, 11, 5, 5, 5, 5, 4, 4, 4, 4, 5, 5, 5, 5, 4, 4, 4, 4, 0, 5, 5, 5, 5, 5, 5, 5, 5, 5, 5, 5, 5, 5]
[5, 5, 5, 5, 5, 5, 5, 5, 5, 5, 5, 5, 5, 0, 4, 4, 4, 4, 5, 5, 5, 5, 4, 4, 4, 4, 5, 5, 5, 5, 11, 11, 11, 11, 5, 5, 5, 5, 4, 4, 4, 4, 5, 5, 5, 5, 4, 4, 4, 4, 0, 5, 5, 5, 5, 5, 5, 5, 5, 5, 5, 5, 5, 5]
[5, 5, 5, 5, 5, 5, 5, 5, 5, 5, 5, 5, 5, 0, 4, 4, 4, 4, 5, 5, 5, 5, 4, 4, 4, 4, 5, 5, 5, 5, 11, 4, 4, 11, 5, 5, 5, 5, 4, 4, 4, 4, 5, 5, 5, 5, 4, 4, 4, 4, 0, 5, 5, 5, 5, 5, 5, 5, 5, 5, 5, 5, 5, 5]
[5, 5, 5, 5, 5, 5, 5, 5, 5, 5, 5, 5, 5, 0, 5, 5, 5, 5, 4, 4, 4, 4, 5, 5, 5, 5, 4, 4, 4, 4, 5, 5, 5, 5, 4, 4, 4, 4, 5, 5, 5, 5, 4, 4, 4, 4, 5, 5, 5, 5, 0, 5, 5, 5, 5, 5, 5, 5, 5, 5, 5, 5, 5, 5]
[5, 5, 5, 5, 5, 5, 5, 5, 5, 5, 5, 5, 5, 0, 5, 5, 5, 5, 4, 4, 4, 4, 5, 5, 5, 5, 4, 4, 4, 4, 5, 5, 5, 5, 4, 4, 4, 4, 5, 5, 5, 5, 4, 4, 4, 4, 5, 5, 5, 5, 0, 5, 5, 5, 5, 5, 5, 5, 5, 5, 5, 5, 5, 5]
[5, 5, 5, 5, 5, 5, 5, 5, 5, 5, 5, 5, 5, 0, 5, 5, 5, 5, 4, 4, 4, 4, 5, 5, 5, 5, 4, 4, 4, 4, 5, 5, 5, 5, 4, 4, 4, 4, 5, 5, 5, 5, 4, 4, 4, 4, 5, 5, 5, 5, 0, 5, 5, 5, 5, 5, 5, 5, 5, 5, 5, 5, 5, 5]
[5, 5, 5, 5, 5, 5, 5, 5, 5, 5, 5, 5, 5, 0, 5, 5, 5, 5, 4, 4, 4, 4, 5, 5, 5, 5, 4, 4, 4, 4, 5, 5, 5, 5, 4, 4, 4, 4, 5, 5, 5, 5, 4, 4, 4, 4, 5, 5, 5, 5, 0, 5, 5, 5, 5, 5, 5, 5, 5, 5, 5, 5, 5, 5]
[5, 5, 5, 5, 5, 5, 5, 5, 5, 5, 5, 5, 5, 0, 4, 4, 4, 4, 5, 5, 5, 5, 4, 4, 4, 4, 5, 5, 5, 5, 4, 4, 4, 4, 5, 5, 5, 5, 4, 4, 4, 4, 5, 5, 5, 5, 4, 4, 4, 4, 0, 5, 5, 5, 5, 5, 5, 5, 5, 5, 5, 5, 5, 5]
[5, 5, 5, 5, 5, 5, 5, 5, 5, 5, 5, 5, 5, 0, 4, 4, 4, 4, 5, 5, 5, 5, 4, 4, 4, 4, 5, 5, 5, 5, 4, 4, 4, 4, 5, 5, 5, 5, 4, 4, 4, 4, 5, 5, 5, 5, 4, 4, 4, 4, 0, 5, 5, 5, 5, 5, 5, 5, 5, 5, 5, 5, 5, 5]
[5, 5, 5, 5, 5, 5, 5, 5, 5, 5, 5, 5, 5, 0, 4, 4, 4, 4, 5, 5, 5, 5, 4, 4, 4, 4, 5, 5, 5, 5, 4, 4, 4, 4, 5, 5, 5, 5, 4, 4, 4, 4, 5, 5, 5, 5, 4, 4, 4, 4, 0, 5, 5, 5, 5, 5, 5, 5, 5, 5, 5, 5, 5, 5]
[5, 5, 5, 5, 5, 5, 5, 5, 5, 5, 5, 5, 5, 0, 4, 4, 4, 4, 5, 5, 5, 5, 4, 4, 4, 4, 5, 5, 5, 5, 4, 4, 4, 4, 5, 5, 5, 5, 4, 4, 4, 4, 5, 5, 5, 5, 4, 4, 4, 4, 0, 5, 5, 5, 5, 5, 5, 5, 5, 5, 5, 5, 5, 5]
[5, 5, 5, 5, 5, 5, 5, 5, 5, 5, 5, 5, 5, 0, 5, 5, 5, 5, 4, 4, 4, 4, 5, 5, 5, 5, 4, 4, 4, 4, 5, 5, 5, 5, 4, 4, 4, 4, 5, 5, 5, 5, 4, 4, 4, 4, 5, 5, 5, 5, 0, 5, 5, 5, 5, 5, 5, 5, 5, 5, 5, 5, 5, 5]
[5, 5, 5, 5, 5, 5, 5, 5, 5, 5, 5, 5, 5, 0, 5, 5, 5, 5, 4, 4, 4, 4, 5, 5, 5, 5, 4, 4, 4, 4, 5, 5, 5, 5, 4, 4, 4, 4, 5, 5, 5, 5, 4, 4, 4, 4, 5, 5, 5, 5, 0, 5, 5, 5, 5, 5, 5, 5, 5, 5, 5, 5, 5, 5]
[5, 5, 5, 5, 5, 5, 5, 5, 5, 5, 5, 5, 5, 0, 5, 5, 5, 5, 4, 4, 4, 4, 5, 5, 5, 5, 4, 4, 4, 4, 5, 5, 5, 5, 4, 4, 4, 4, 5, 5, 5, 5, 4, 4, 4, 4, 5, 5, 5, 5, 0, 5, 5, 5, 5, 5, 5, 5, 5, 5, 5, 5, 5, 5]
[5, 5, 5, 5, 5, 5, 5, 5, 5, 5, 5, 5, 5, 0, 5, 5, 5, 5, 4, 4, 4, 4, 5, 5, 5, 5, 4, 4, 4, 4, 5, 5, 5, 5, 4, 4, 4, 4, 5, 5, 5, 5, 4, 4, 4, 4, 5, 5, 5, 5, 0, 5, 5, 5, 5, 5, 5, 5, 5, 5, 5, 5, 5, 5]
[5, 5, 5, 5, 5, 5, 5, 5, 5, 5, 5, 5, 5, 0, 4, 4, 4, 4, 5, 5, 5, 5, 4, 4, 4, 4, 5, 5, 5, 5, 4, 4, 4, 4, 5, 5, 5, 5, 4, 4, 4, 4, 5, 5, 5, 5, 4, 4, 4, 4, 0, 5, 5, 5, 5, 5, 5, 5, 5, 5, 5, 5, 5, 5]
[5, 5, 5, 5, 5, 5, 5, 5, 5, 5, 5, 5, 5, 0, 4, 4, 4, 4, 5, 5, 5, 5, 4, 4, 4, 4, 5, 5, 5, 5, 4, 4, 4, 4, 5, 5, 5, 5, 4, 4, 4, 4, 5, 5, 5, 5, 4, 4, 4, 4, 0, 5, 5, 5, 5, 5, 5, 5, 5, 5, 5, 5, 5, 5]
[5, 5, 5, 5, 5, 5, 5, 5, 5, 5, 5, 5, 5, 0, 4, 4, 4, 4, 5, 5, 5, 5, 4, 4, 4, 4, 5, 5, 5, 5, 4, 4, 4, 4, 5, 5, 5, 5, 4, 4, 4, 4, 5, 5, 5, 5, 4, 4, 4, 4, 0, 5, 5, 5, 5, 5, 5, 5, 5, 5, 5, 5, 5, 5]
[5, 5, 5, 5, 5, 5, 5, 5, 5, 5, 5, 5, 5, 0, 4, 4, 4, 4, 5, 5, 5, 5, 4, 4, 4, 4, 5, 5, 5, 5, 4, 4, 4, 4, 5, 5, 5, 5, 4, 4, 4, 4, 5, 5, 5, 5, 4, 4, 4, 4, 0, 5, 5, 5, 5, 5, 5, 5, 5, 5, 5, 5, 5, 5]
[5, 5, 5, 5, 5, 5, 5, 5, 5, 5, 5, 5, 5, 0, 5, 5, 5, 5, 4, 4, 4, 4, 5, 5, 5, 5, 4, 4, 4, 11, 5, 5, 5, 5, 11, 4, 4, 4, 5, 5, 5, 5, 4, 4, 4, 4, 5, 5, 5, 5, 0, 5, 5, 5, 5, 5, 5, 5, 5, 5, 5, 5, 5, 5]
[5, 5, 5, 5, 5, 5, 5, 5, 5, 5, 5, 5, 5, 0, 5, 5, 5, 5, 4, 4, 4, 4, 5, 5, 5, 5, 4, 4, 4, 11, 5, 5, 5, 5, 11, 4, 4, 4, 5, 5, 5, 5, 4, 4, 4, 4, 5, 5, 5, 5, 0, 5, 5, 5, 5, 5, 5, 5, 5, 5, 5, 5, 5, 5]
[5, 5, 5, 5, 5, 5, 5, 5, 5, 5, 5, 5, 5, 0, 5, 5, 5, 5, 4, 4, 4, 4, 5, 5, 5, 5, 4, 4, 4, 11, 5, 5, 5, 5, 11, 4, 4, 4, 5, 5, 5, 5, 4, 4, 4, 4, 5, 5, 5, 5, 0, 5, 5, 5, 5, 5, 5, 5, 5, 5, 5, 5, 5, 5]
[5, 5, 5, 5, 5, 5, 5, 5, 5, 5, 5, 5, 5, 0, 5, 5, 5, 5, 4, 4, 4, 4, 5, 5, 5, 5, 4, 4, 4, 11, 5, 11, 11, 5, 11, 4, 4, 4, 5, 5, 5, 5, 4, 4, 4, 4, 5, 5, 5, 5, 0, 5, 5, 5, 5, 5, 5, 5, 5, 5, 5, 5, 5, 5]
[5, 5, 5, 5, 5, 5, 5, 5, 5, 5, 5, 5, 5, 0, 4, 4, 4, 4, 5, 5, 5, 5, 4, 4, 4, 4, 5, 5, 5, 11, 11, 11, 11, 11, 11, 5, 5, 5, 4, 4, 4, 4, 5, 5, 5, 5, 4, 4, 4, 4, 0, 5, 5, 5, 5, 5, 5, 5, 5, 5, 5, 5, 5, 5]
[5, 5, 5, 5, 5, 5, 5, 5, 5, 5, 5, 5, 5, 0, 4, 4, 4, 4, 5, 5, 5, 5, 4, 4, 4, 4, 5, 5, 5, 5, 4, 4, 4, 4, 5, 5, 5, 5, 4, 4, 4, 4, 5, 5, 5, 5, 4, 4, 4, 4, 0, 5, 5, 5, 5, 5, 5, 5, 5, 5, 5, 5, 5, 5]
[5, 5, 5, 5, 5, 5, 5, 5, 5, 5, 5, 5, 5, 0, 4, 4, 4, 4, 5, 5, 5, 5, 4, 4, 4, 4, 5, 5, 5, 5, 4, 4, 4, 4, 5, 5, 5, 5, 4, 4, 4, 4, 5, 5, 5, 5, 4, 4, 4, 4, 0, 5, 5, 5, 5, 5, 5, 5, 5, 5, 5, 5, 5, 5]
[5, 5, 5, 5, 5, 5, 5, 5, 5, 5, 5, 5, 5, 0, 4, 4, 4, 4, 5, 5, 5, 5, 4, 4, 4, 4, 5, 5, 5, 5, 4, 4, 4, 4, 5, 5, 5, 5, 4, 4, 4, 4, 5, 5, 5, 5, 4, 4, 4, 4, 0, 5, 5, 5, 5, 5, 5, 5, 5, 5, 5, 5, 5, 5]
[5, 5, 5, 5, 5, 5, 5, 5, 5, 5, 5, 5, 5, 0, 0, 0, 0, 0, 0, 0, 0, 0, 0, 0, 0, 0, 0, 0, 0, 0, 0, 0, 0, 0, 0, 0, 0, 0, 0, 0, 0, 0, 0, 0, 0, 0, 0, 0, 0, 0, 0, 5, 5, 5, 5, 5, 5, 5, 5, 5, 5, 5, 5, 5]
[5, 5, 5, 5, 5, 5, 5, 5, 5, 5, 5, 5, 5, 0, 0, 0, 0, 0, 0, 0, 5, 5, 5, 0, 0, 1, 1, 1, 0, 0, 5, 5, 5, 0, 0, 1, 1, 1, 0, 0, 1, 1, 1, 0, 0, 0, 0, 0, 0, 0, 0, 5, 5, 5, 5, 5, 5, 5, 5, 5, 5, 5, 5, 5]
[5, 5, 5, 5, 5, 5, 5, 5, 5, 5, 5, 5, 5, 0, 0, 0, 0, 0, 0, 0, 0, 0, 0, 0, 0, 0, 0, 0, 0, 0, 0, 0, 0, 0, 0, 0, 0, 0, 0, 0, 0, 0, 0, 0, 0, 0, 0, 0, 0, 0, 0, 5, 5, 5, 5, 5, 5, 5, 5, 5, 5, 5, 5, 5]
[5, 5, 5, 5, 5, 5, 5, 5, 5, 5, 5, 5, 5, 0, 0, 0, 0, 0, 0, 0, 0, 5, 0, 0, 0, 0, 1, 0, 0, 0, 0, 1, 0, 0, 0, 0, 1, 0, 0, 0, 0, 1, 0, 0, 0, 0, 0, 0, 0, 0, 0, 5, 5, 5, 5, 5, 5, 5, 5, 5, 5, 5, 5, 5]
[5, 5, 5, 5, 5, 5, 5, 5, 5, 5, 5, 5, 5, 0, 0, 0, 0, 0, 0, 0, 0, 5, 0, 0, 0, 0, 1, 0, 0, 0, 0, 1, 0, 0, 0, 0, 1, 0, 0, 0, 0, 1, 0, 0, 0, 0, 0, 0, 0, 0, 0, 5, 5, 5, 5, 5, 5, 5, 5, 5, 5, 5, 5, 5]
[5, 5, 5, 5, 5, 5, 5, 5, 5, 5, 5, 5, 5, 0, 0, 0, 0, 0, 0, 0, 0, 5, 0, 0, 0, 0, 1, 0, 0, 0, 0, 1, 0, 0, 0, 0, 1, 0, 0, 0, 0, 1, 0, 0, 0, 0, 0, 0, 0, 0, 0, 5, 5, 5, 5, 5, 5, 5, 5, 5, 5, 5, 5, 5]
[5, 5, 5, 5, 5, 5, 5, 5, 5, 5, 5, 5, 5, 0, 0, 0, 0, 0, 0, 0, 0, 0, 0, 0, 0, 0, 0, 0, 0, 0, 0, 0, 0, 0, 0, 0, 0, 0, 0, 0, 0, 0, 0, 0, 0, 0, 0, 0, 0, 0, 0, 5, 5, 5, 5, 5, 5, 5, 5, 5, 5, 5, 5, 5]
[5, 5, 5, 5, 5, 5, 5, 5, 5, 5, 5, 5, 5, 5, 5, 5, 5, 5, 5, 5, 5, 5, 5, 5, 5, 5, 5, 5, 5, 5, 5, 5, 5, 5, 5, 5, 5, 5, 5, 5, 5, 5, 5, 5, 5, 5, 5, 5, 0, 5, 5, 5, 5, 5, 5, 5, 5, 5, 5, 5, 5, 5, 5, 5]
[5, 5, 5, 5, 5, 5, 5, 5, 5, 5, 5, 5, 5, 5, 5, 5, 5, 5, 5, 5, 5, 5, 5, 5, 5, 5, 5, 5, 5, 5, 5, 5, 5, 5, 5, 5, 0, 0, 0, 0, 0, 0, 0, 0, 0, 0, 0, 0, 0, 5, 5, 5, 5, 5, 5, 5, 5, 5, 5, 5, 5, 5, 5, 5]
[5, 5, 5, 5, 5, 5, 5, 5, 5, 5, 5, 5, 5, 5, 5, 5, 5, 5, 5, 5, 5, 5, 5, 5, 5, 5, 5, 5, 5, 5, 5, 5, 5, 5, 5, 5, 0, 5, 5, 5, 5, 5, 5, 5, 5, 5, 5, 5, 5, 5, 5, 5, 5, 5, 5, 5, 5, 5, 5, 5, 5, 5, 5, 5]
[5, 5, 5, 5, 5, 5, 5, 5, 5, 5, 5, 5, 5, 5, 5, 5, 5, 5, 5, 5, 5, 5, 5, 5, 5, 5, 5, 5, 5, 5, 5, 5, 5, 5, 9, 9, 9, 9, 9, 5, 5, 5, 5, 5, 5, 5, 5, 5, 5, 5, 5, 5, 5, 5, 5, 5, 5, 5, 5, 5, 5, 5, 5, 5]
[5, 5, 5, 5, 5, 5, 5, 5, 5, 5, 5, 5, 5, 5, 5, 5, 5, 5, 5, 5, 5, 5, 5, 5, 5, 5, 5, 5, 5, 5, 5, 5, 5, 9, 9, 9, 9, 9, 9, 9, 5, 5, 5, 5, 5, 5, 5, 5, 5, 5, 5, 5, 5, 5, 5, 5, 5, 5, 5, 5, 5, 5, 5, 5]
[5, 5, 5, 5, 5, 5, 5, 5, 5, 5, 5, 5, 5, 5, 5, 5, 5, 5, 5, 5, 5, 5, 5, 5, 5, 5, 5, 5, 5, 5, 5, 5, 9, 9, 9, 9, 9, 9, 9, 9, 9, 5, 5, 5, 5, 5, 5, 5, 5, 5, 5, 5, 5, 5, 5, 5, 5, 5, 5, 5, 5, 5, 5, 5]
[5, 5, 5, 5, 5, 5, 5, 5, 5, 5, 5, 5, 5, 5, 5, 5, 5, 5, 5, 5, 5, 5, 5, 5, 5, 5, 5, 5, 5, 5, 5, 5, 9, 9, 9, 9, 9, 9, 9, 9, 9, 5, 5, 5, 5, 5, 5, 5, 5, 5, 5, 5, 5, 5, 5, 5, 5, 5, 5, 5, 5, 5, 5, 5]
[5, 5, 5, 5, 5, 5, 5, 5, 5, 5, 5, 5, 5, 5, 5, 5, 5, 5, 5, 5, 5, 5, 5, 5, 5, 5, 5, 5, 5, 5, 5, 5, 9, 9, 9, 9, 9, 9, 9, 9, 9, 5, 5, 5, 5, 5, 5, 5, 5, 5, 5, 5, 5, 5, 5, 5, 5, 5, 5, 5, 5, 5, 5, 5]
[5, 5, 5, 5, 5, 5, 5, 5, 5, 5, 5, 5, 5, 5, 5, 5, 5, 5, 5, 5, 5, 5, 5, 5, 5, 5, 5, 5, 5, 5, 5, 5, 9, 9, 9, 9, 9, 9, 9, 9, 9, 5, 5, 5, 5, 5, 5, 5, 5, 5, 5, 5, 5, 5, 5, 5, 5, 5, 5, 5, 5, 5, 5, 5]
[5, 5, 5, 5, 5, 5, 5, 5, 5, 5, 5, 5, 5, 5, 5, 5, 5, 5, 5, 5, 5, 5, 5, 5, 5, 5, 5, 5, 5, 5, 5, 5, 9, 9, 9, 9, 9, 9, 9, 9, 9, 5, 5, 5, 5, 5, 5, 5, 5, 5, 5, 5, 5, 5, 5, 5, 5, 5, 5, 5, 5, 5, 5, 5]
[5, 5, 5, 5, 5, 5, 5, 5, 5, 5, 5, 5, 5, 5, 5, 5, 5, 5, 5, 5, 5, 5, 5, 5, 5, 5, 5, 5, 5, 5, 5, 5, 5, 9, 9, 9, 9, 9, 9, 9, 5, 5, 5, 5, 5, 5, 5, 5, 5, 5, 5, 5, 5, 5, 5, 5, 5, 5, 5, 5, 5, 5, 5, 5]
[5, 5, 5, 5, 5, 5, 5, 5, 5, 5, 5, 5, 5, 5, 5, 5, 5, 5, 5, 5, 5, 5, 5, 5, 5, 5, 5, 5, 5, 5, 5, 5, 5, 5, 9, 9, 9, 9, 9, 5, 5, 5, 5, 5, 5, 5, 5, 5, 5, 5, 5, 5, 5, 5, 5, 5, 5, 5, 5, 5, 5, 5, 5, 5]
[5, 5, 5, 5, 5, 5, 5, 5, 5, 5, 5, 5, 5, 5, 5, 5, 5, 5, 5, 5, 5, 5, 5, 5, 5, 5, 5, 5, 5, 5, 5, 5, 5, 5, 5, 5, 5, 5, 5, 5, 5, 5, 5, 5, 5, 5, 5, 5, 5, 5, 5, 5, 5, 5, 5, 5, 5, 5, 5, 5, 5, 5, 5, 5]
[5, 5, 5, 5, 5, 5, 5, 5, 5, 5, 5, 5, 5, 5, 5, 5, 5, 5, 5, 5, 5, 5, 5, 5, 5, 5, 5, 5, 5, 5, 5, 5, 5, 5, 5, 5, 5, 5, 5, 5, 5, 5, 5, 5, 5, 5, 5, 5, 5, 5, 5, 5, 5, 5, 5, 5, 5, 5, 5, 5, 5, 5, 5, 5]
[5, 5, 5, 5, 5, 5, 5, 5, 5, 5, 5, 5, 5, 5, 5, 5, 5, 5, 5, 5, 5, 5, 5, 5, 5, 5, 5, 5, 5, 5, 5, 5, 5, 5, 5, 5, 5, 5, 5, 5, 5, 5, 5, 5, 5, 5, 5, 5, 5, 5, 5, 5, 5, 5, 5, 5, 5, 5, 5, 5, 5, 5, 5, 5]
[5, 5, 5, 5, 5, 5, 5, 5, 5, 5, 5, 5, 5, 5, 5, 5, 5, 5, 5, 5, 5, 5, 5, 5, 5, 5, 5, 5, 5, 5, 5, 5, 5, 5, 5, 5, 5, 5, 5, 5, 5, 5, 5, 5, 5, 5, 5, 5, 5, 5, 5, 5, 5, 5, 5, 5, 5, 5, 5, 5, 5, 5, 5, 5]
</grid_0>
",,0.0,False
10,ACTION6 x=5 y=5,manual,"State: NOT_FINISHED
Levels completed: 0/7
Action count: 10

========== Start of Direct Observation ==========
<grid_0>
[5, 5, 5, 5, 5, 5, 5, 5, 5, 5, 5, 5, 5, 5, 5, 5, 5, 5, 5, 5, 5, 5, 5, 5, 5, 5, 5, 5, 5, 5, 5, 5, 5, 5, 5, 5, 5, 5, 5, 5, 5, 5, 5, 5, 5, 5, 5, 5, 5, 5, 5, 5, 5, 5, 5, 5, 5, 5, 5, 5, 5, 5, 5, 5]
[5, 9, 9, 9, 9, 9, 9, 9, 9, 9, 9, 9, 9, 9, 9, 9, 9, 9, 9, 9, 9, 9, 9, 9, 9, 9, 9, 9, 9, 9, 9, 9, 9, 9, 9, 9, 9, 9, 9, 9, 9, 9, 9, 9, 9, 9, 9, 9, 9, 9, 9, 9, 3, 3, 3, 3, 3, 3, 3, 3, 3, 3, 5, 5]
[5, 5, 5, 5, 5, 5, 5, 5, 5, 5, 5, 5, 5, 5, 5, 5, 5, 5, 5, 5, 5, 5, 5, 5, 5, 5, 5, 5, 5, 5, 5, 5, 5, 5, 5, 5, 5, 5, 5, 5, 5, 5, 5, 5, 5, 5, 5, 5, 5, 5, 5, 5, 5, 5, 5, 5, 5, 5, 5, 5, 5, 5, 5, 5]
[5, 5, 5, 5, 5, 5, 5, 5, 5, 5, 5, 5, 5, 5, 5, 5, 5, 5, 5, 5, 5, 5, 5, 5, 5, 5, 5, 5, 5, 5, 5, 5, 5, 5, 5, 5, 5, 5, 5, 5, 5, 5, 5, 5, 5, 5, 5, 5, 5, 5, 5, 5, 5, 5, 5, 5, 5, 5, 5, 5, 5, 5, 5, 5]
[5, 5, 5, 5, 5, 5, 5, 5, 5, 5, 5, 5, 5, 5, 5, 5, 5, 5, 5, 5, 5, 5, 5, 5, 5, 5, 5, 5, 5, 5, 5, 5, 5, 5, 5, 5, 5, 5, 5, 5, 5, 5, 5, 5, 5, 5, 5, 5, 5, 5, 5, 5, 5, 5, 5, 5, 5, 5, 5, 5, 5, 5, 5, 5]
[5, 5, 5, 5, 5, 5, 5, 5, 5, 5, 5, 5, 5, 5, 5, 5, 5, 5, 5, 5, 5, 5, 5, 5, 5, 5, 5, 5, 5, 5, 5, 5, 5, 5, 5, 5, 5, 5, 5, 5, 5, 5, 5, 5, 5, 5, 5, 5, 5, 5, 5, 5, 5, 5, 5, 5, 5, 5, 5, 5, 5, 5, 5, 5]
[5, 5, 5, 5, 5, 5, 5, 5, 5, 5, 5, 5, 5, 5, 5, 5, 5, 5, 5, 5, 5, 5, 5, 5, 5, 5, 5, 5, 5, 5, 5, 5, 5, 5, 5, 5, 5, 5, 5, 5, 5, 5, 5, 5, 5, 5, 5, 5, 5, 5, 5, 5, 5, 5, 5, 5, 5, 5, 5, 5, 5, 5, 5, 5]
[5, 5, 5, 5, 5, 5, 5, 5, 5, 5, 5, 5, 5, 5, 5, 5, 5, 5, 5, 5, 5, 5, 5, 5, 5, 5, 5, 5, 5, 5, 5, 5, 5, 5, 5, 5, 5, 5, 5, 5, 5, 5, 5, 5, 5, 5, 5, 5, 5, 5, 5, 5, 5, 5, 5, 5, 5, 5, 5, 5, 5, 5, 5, 5]
[5, 5, 5, 5, 5, 5, 5, 5, 5, 5, 5, 5, 5, 0, 0, 0, 0, 0, 0, 0, 0, 0, 0, 0, 0, 0, 0, 0, 0, 0, 0, 0, 0, 0, 0, 0, 0, 0, 0, 0, 0, 0, 0, 0, 0, 0, 0, 0, 0, 0, 0, 5, 5, 5, 5, 5, 5, 5, 5, 5, 5, 5, 5, 5]
[5, 5, 5, 5, 5, 5, 5, 5, 5, 5, 5, 5, 5, 0, 5, 5, 5, 5, 4, 4, 4, 4, 5, 5, 5, 5, 4, 4, 4, 4, 5, 5, 5, 5, 4, 4, 4, 4, 5, 5, 5, 5, 4, 4, 4, 4, 5, 5, 5, 5, 0, 5, 5, 5, 5, 5, 5, 5, 5, 5, 5, 5, 5, 5]
[5, 5, 5, 5, 5, 5, 5, 5, 5, 5, 5, 5, 5, 0, 5, 5, 5, 5, 4, 4, 4, 4, 5, 5, 5, 5, 4, 4, 4, 4, 5, 5, 5, 5, 4, 4, 4, 4, 5, 5, 5, 5, 4, 4, 4, 4, 5, 5, 5, 5, 0, 5, 5, 5, 5, 5, 5, 5, 5, 5, 5, 5, 5, 5]
[5, 5, 5, 5, 5, 5, 5, 5, 5, 5, 5, 5, 5, 0, 5, 5, 5, 5, 4, 4, 4, 4, 5, 5, 5, 5, 4, 4, 4, 4, 5, 5, 5, 5, 4, 4, 4, 4, 5, 5, 5, 5, 4, 4, 4, 4, 5, 5, 5, 5, 0, 5, 5, 5, 5, 5, 5, 5, 5, 5, 5, 5, 5, 5]
[5, 5, 5, 5, 5, 5, 5, 5, 5, 5, 5, 5, 5, 0, 5, 5, 5, 5, 4, 4, 4, 4, 5, 5, 5, 5, 4, 4, 4, 4, 5, 5, 5, 5, 4, 4, 4, 4, 5, 5, 5, 5, 4, 4, 4, 4, 5, 5, 5, 5, 0, 5, 5, 5, 5, 5, 5, 5, 5, 5, 5, 5, 5, 5]
[5, 5, 5, 5, 5, 5, 5, 5, 5, 5, 5, 5, 5, 0, 4, 4, 4, 4, 5, 5, 5, 5, 4, 4, 4, 4, 5, 5, 5, 5, 11, 11, 11, 11, 5, 5, 5, 5, 4, 4, 4, 4, 5, 5, 5, 5, 4, 4, 4, 4, 0, 5, 5, 5, 5, 5, 5, 5, 5, 5, 5, 5, 5, 5]
[5, 5, 5, 5, 5, 5, 5, 5, 5, 5, 5, 5, 5, 0, 4, 4, 4, 4, 5, 5, 5, 5, 4, 4, 4, 4, 5, 5, 5, 5, 11, 11, 11, 11, 5, 5, 5, 5, 4, 4, 4, 4, 5, 5, 5, 5, 4, 4, 4, 4, 0, 5, 5, 5, 5, 5, 5, 5, 5, 5, 5, 5, 5, 5]
[5, 5, 5, 5, 5, 5, 5, 5, 5, 5, 5, 5, 5, 0, 4, 4, 4, 4, 5, 5, 5, 5, 4, 4, 4, 4, 5, 5, 5, 5, 11, 11, 11, 11, 5, 5, 5, 5, 4, 4, 4, 4, 5, 5, 5, 5, 4, 4, 4, 4, 0, 5, 5, 5, 5, 5, 5, 5, 5, 5, 5, 5, 5, 5]
[5, 5, 5, 5, 5, 5, 5, 5, 5, 5, 5, 5, 5, 0, 4, 4, 4, 4, 5, 5, 5, 5, 4, 4, 4, 4, 5, 5, 5, 5, 11, 4, 4, 11, 5, 5, 5, 5, 4, 4, 4, 4, 5, 5, 5, 5, 4, 4, 4, 4, 0, 5, 5, 5, 5, 5, 5, 5, 5, 5, 5, 5, 5, 5]
[5, 5, 5, 5, 5, 5, 5, 5, 5, 5, 5, 5, 5, 0, 5, 5, 5, 5, 4, 4, 4, 4, 5, 5, 5, 5, 4, 4, 4, 4, 5, 5, 5, 5, 4, 4, 4, 4, 5, 5, 5, 5, 4, 4, 4, 4, 5, 5, 5, 5, 0, 5, 5, 5, 5, 5, 5, 5, 5, 5, 5, 5, 5, 5]
[5, 5, 5, 5, 5, 5, 5, 5, 5, 5, 5, 5, 5, 0, 5, 5, 5, 5, 4, 4, 4, 4, 5, 5, 5, 5, 4, 4, 4, 4, 5, 5, 5, 5, 4, 4, 4, 4, 5, 5, 5, 5, 4, 4, 4, 4, 5, 5, 5, 5, 0, 5, 5, 5, 5, 5, 5, 5, 5, 5, 5, 5, 5, 5]
[5, 5, 5, 5, 5, 5, 5, 5, 5, 5, 5, 5, 5, 0, 5, 5, 5, 5, 4, 4, 4, 4, 5, 5, 5, 5, 4, 4, 4, 4, 5, 5, 5, 5, 4, 4, 4, 4, 5, 5, 5, 5, 4, 4, 4, 4, 5, 5, 5, 5, 0, 5, 5, 5, 5, 5, 5, 5, 5, 5, 5, 5, 5, 5]
[5, 5, 5, 5, 5, 5, 5, 5, 5, 5, 5, 5, 5, 0, 5, 5, 5, 5, 4, 4, 4, 4, 5, 5, 5, 5, 4, 4, 4, 4, 5, 5, 5, 5, 4, 4, 4, 4, 5, 5, 5, 5, 4, 4, 4, 4, 5, 5, 5, 5, 0, 5, 5, 5, 5, 5, 5, 5, 5, 5, 5, 5, 5, 5]
[5, 5, 5, 5, 5, 5, 5, 5, 5, 5, 5, 5, 5, 0, 4, 4, 4, 4, 5, 5, 5, 5, 4, 4, 4, 4, 5, 5, 5, 5, 4, 4, 4, 4, 5, 5, 5, 5, 4, 4, 4, 4, 5, 5, 5, 5, 4, 4, 4, 4, 0, 5, 5, 5, 5, 5, 5, 5, 5, 5, 5, 5, 5, 5]
[5, 5, 5, 5, 5, 5, 5, 5, 5, 5, 5, 5, 5, 0, 4, 4, 4, 4, 5, 5, 5, 5, 4, 4, 4, 4, 5, 5, 5, 5, 4, 4, 4, 4, 5, 5, 5, 5, 4, 4, 4, 4, 5, 5, 5, 5, 4, 4, 4, 4, 0, 5, 5, 5, 5, 5, 5, 5, 5, 5, 5, 5, 5, 5]
[5, 5, 5, 5, 5, 5, 5, 5, 5, 5, 5, 5, 5, 0, 4, 4, 4, 4, 5, 5, 5, 5, 4, 4, 4, 4, 5, 5, 5, 5, 4, 4, 4, 4, 5, 5, 5, 5, 4, 4, 4, 4, 5, 5, 5, 5, 4, 4, 4, 4, 0, 5, 5, 5, 5, 5, 5, 5, 5, 5, 5, 5, 5, 5]
[5, 5, 5, 5, 5, 5, 5, 5, 5, 5, 5, 5, 5, 0, 4, 4, 4, 4, 5, 5, 5, 5, 4, 4, 4, 4, 5, 5, 5, 5, 4, 4, 4, 4, 5, 5, 5, 5, 4, 4, 4, 4, 5, 5, 5, 5, 4, 4, 4, 4, 0, 5, 5, 5, 5, 5, 5, 5, 5, 5, 5, 5, 5, 5]
[5, 5, 5, 5, 5, 5, 5, 5, 5, 5, 5, 5, 5, 0, 5, 5, 5, 5, 4, 4, 4, 4, 5, 5, 5, 5, 4, 4, 4, 4, 5, 5, 5, 5, 4, 4, 4, 4, 5, 5, 5, 5, 4, 4, 4, 4, 5, 5, 5, 5, 0, 5, 5, 5, 5, 5, 5, 5, 5, 5, 5, 5, 5, 5]
[5, 5, 5, 5, 5, 5, 5, 5, 5, 5, 5, 5, 5, 0, 5, 5, 5, 5, 4, 4, 4, 4, 5, 5, 5, 5, 4, 4, 4, 4, 5, 5, 5, 5, 4, 4, 4, 4, 5, 5, 5, 5, 4, 4, 4, 4, 5, 5, 5, 5, 0, 5, 5, 5, 5, 5, 5, 5, 5, 5, 5, 5, 5, 5]
[5, 5, 5, 5, 5, 5, 5, 5, 5, 5, 5, 5, 5, 0, 5, 5, 5, 5, 4, 4, 4, 4, 5, 5, 5, 5, 4, 4, 4, 4, 5, 5, 5, 5, 4, 4, 4, 4, 5, 5, 5, 5, 4, 4, 4, 4, 5, 5, 5, 5, 0, 5, 5, 5, 5, 5, 5, 5, 5, 5, 5, 5, 5, 5]
[5, 5, 5, 5, 5, 5, 5, 5, 5, 5, 5, 5, 5, 0, 5, 5, 5, 5, 4, 4, 4, 4, 5, 5, 5, 5, 4, 4, 4, 4, 5, 5, 5, 5, 4, 4, 4, 4, 5, 5, 5, 5, 4, 4, 4, 4, 5, 5, 5, 5, 0, 5, 5, 5, 5, 5, 5, 5, 5, 5, 5, 5, 5, 5]
[5, 5, 5, 5, 5, 5, 5, 5, 5, 5, 5, 5, 5, 0, 4, 4, 4, 4, 5, 5, 5, 5, 4, 4, 4, 4, 5, 5, 5, 5, 4, 4, 4, 4, 5, 5, 5, 5, 4, 4, 4, 4, 5, 5, 5, 5, 4, 4, 4, 4, 0, 5, 5, 5, 5, 5, 5, 5, 5, 5, 5, 5, 5, 5]
[5, 5, 5, 5, 5, 5, 5, 5, 5, 5, 5, 5, 5, 0, 4, 4, 4, 4, 5, 5, 5, 5, 4, 4, 4, 4, 5, 5, 5, 5, 4, 4, 4, 4, 5, 5, 5, 5, 4, 4, 4, 4, 5, 5, 5, 5, 4, 4, 4, 4, 0, 5, 5, 5, 5, 5, 5, 5, 5, 5, 5, 5, 5, 5]
[5, 5, 5, 5, 5, 5, 5, 5, 5, 5, 5, 5, 5, 0, 4, 4, 4, 4, 5, 5, 5, 5, 4, 4, 4, 4, 5, 5, 5, 5, 4, 4, 4, 4, 5, 5, 5, 5, 4, 4, 4, 4, 5, 5, 5, 5, 4, 4, 4, 4, 0, 5, 5, 5, 5, 5, 5, 5, 5, 5, 5, 5, 5, 5]
[5, 5, 5, 5, 5, 5, 5, 5, 5, 5, 5, 5, 5, 0, 4, 4, 4, 4, 5, 5, 5, 5, 4, 4, 4, 4, 5, 5, 5, 5, 4, 4, 4, 4, 5, 5, 5, 5, 4, 4, 4, 4, 5, 5, 5, 5, 4, 4, 4, 4, 0, 5, 5, 5, 5, 5, 5, 5, 5, 5, 5, 5, 5, 5]
[5, 5, 5, 5, 5, 5, 5, 5, 5, 5, 5, 5, 5, 0, 5, 5, 5, 5, 4, 4, 4, 4, 5, 5, 5, 5, 4, 4, 4, 11, 5, 5, 5, 5, 11, 4, 4, 4, 5, 5, 5, 5, 4, 4, 4, 4, 5, 5, 5, 5, 0, 5, 5, 5, 5, 5, 5, 5, 5, 5, 5, 5, 5, 5]
[5, 5, 5, 5, 5, 5, 5, 5, 5, 5, 5, 5, 5, 0, 5, 5, 5, 5, 4, 4, 4, 4, 5, 5, 5, 5, 4, 4, 4, 11, 5, 5, 5, 5, 11, 4, 4, 4, 5, 5, 5, 5, 4, 4, 4, 4, 5, 5, 5, 5, 0, 5, 5, 5, 5, 5, 5, 5, 5, 5, 5, 5, 5, 5]
[5, 5, 5, 5, 5, 5, 5, 5, 5, 5, 5, 5, 5, 0, 5, 5, 5, 5, 4, 4, 4, 4, 5, 5, 5, 5, 4, 4, 4, 11, 5, 5, 5, 5, 11, 4, 4, 4, 5, 5, 5, 5, 4, 4, 4, 4, 5, 5, 5, 5, 0, 5, 5, 5, 5, 5, 5, 5, 5, 5, 5, 5, 5, 5]
[5, 5, 5, 5, 5, 5, 5, 5, 5, 5, 5, 5, 5, 0, 5, 5, 5, 5, 4, 4, 4, 4, 5, 5, 5, 5, 4, 4, 4, 11, 5, 11, 11, 5, 11, 4, 4, 4, 5, 5, 5, 5, 4, 4, 4, 4, 5, 5, 5, 5, 0, 5, 5, 5, 5, 5, 5, 5, 5, 5, 5, 5, 5, 5]
[5, 5, 5, 5, 5, 5, 5, 5, 5, 5, 5, 5, 5, 0, 4, 4, 4, 4, 5, 5, 5, 5, 4, 4, 4, 4, 5, 5, 5, 11, 11, 11, 11, 11, 11, 5, 5, 5, 4, 4, 4, 4, 5, 5, 5, 5, 4, 4, 4, 4, 0, 5, 5, 5, 5, 5, 5, 5, 5, 5, 5, 5, 5, 5]
[5, 5, 5, 5, 5, 5, 5, 5, 5, 5, 5, 5, 5, 0, 4, 4, 4, 4, 5, 5, 5, 5, 4, 4, 4, 4, 5, 5, 5, 5, 4, 4, 4, 4, 5, 5, 5, 5, 4, 4, 4, 4, 5, 5, 5, 5, 4, 4, 4, 4, 0, 5, 5, 5, 5, 5, 5, 5, 5, 5, 5, 5, 5, 5]
[5, 5, 5, 5, 5, 5, 5, 5, 5, 5, 5, 5, 5, 0, 4, 4, 4, 4, 5, 5, 5, 5, 4, 4, 4, 4, 5, 5, 5, 5, 4, 4, 4, 4, 5, 5, 5, 5, 4, 4, 4, 4, 5, 5, 5, 5, 4, 4, 4, 4, 0, 5, 5, 5, 5, 5, 5, 5, 5, 5, 5, 5, 5, 5]
[5, 5, 5, 5, 5, 5, 5, 5, 5, 5, 5, 5, 5, 0, 4, 4, 4, 4, 5, 5, 5, 5, 4, 4, 4, 4, 5, 5, 5, 5, 4, 4, 4, 4, 5, 5, 5, 5, 4, 4, 4, 4, 5, 5, 5, 5, 4, 4, 4, 4, 0, 5, 5, 5, 5, 5, 5, 5, 5, 5, 5, 5, 5, 5]
[5, 5, 5, 5, 5, 5, 5, 5, 5, 5, 5, 5, 5, 0, 0, 0, 0, 0, 0, 0, 0, 0, 0, 0, 0, 0, 0, 0, 0, 0, 0, 0, 0, 0, 0, 0, 0, 0, 0, 0, 0, 0, 0, 0, 0, 0, 0, 0, 0, 0, 0, 5, 5, 5, 5, 5, 5, 5, 5, 5, 5, 5, 5, 5]
[5, 5, 5, 5, 5, 5, 5, 5, 5, 5, 5, 5, 5, 0, 0, 0, 0, 0, 0, 0, 5, 5, 5, 0, 0, 1, 1, 1, 0, 0, 5, 5, 5, 0, 0, 1, 1, 1, 0, 0, 1, 1, 1, 0, 0, 0, 0, 0, 0, 0, 0, 5, 5, 5, 5, 5, 5, 5, 5, 5, 5, 5, 5, 5]
[5, 5, 5, 5, 5, 5, 5, 5, 5, 5, 5, 5, 5, 0, 0, 0, 0, 0, 0, 0, 0, 0, 0, 0, 0, 0, 0, 0, 0, 0, 0, 0, 0, 0, 0, 0, 0, 0, 0, 0, 0, 0, 0, 0, 0, 0, 0, 0, 0, 0, 0, 5, 5, 5, 5, 5, 5, 5, 5, 5, 5, 5, 5, 5]
[5, 5, 5, 5, 5, 5, 5, 5, 5, 5, 5, 5, 5, 0, 0, 0, 0, 0, 0, 0, 0, 5, 0, 0, 0, 0, 1, 0, 0, 0, 0, 5, 0, 0, 0, 0, 1, 0, 0, 0, 0, 1, 0, 0, 0, 0, 0, 0, 0, 0, 0, 5, 5, 5, 5, 5, 5, 5, 5, 5, 5, 5, 5, 5]
[5, 5, 5, 5, 5, 5, 5, 5, 5, 5, 5, 5, 5, 0, 0, 0, 0, 0, 0, 0, 0, 5, 0, 0, 0, 0, 1, 0, 0, 0, 0, 5, 0, 0, 0, 0, 1, 0, 0, 0, 0, 1, 0, 0, 0, 0, 0, 0, 0, 0, 0, 5, 5, 5, 5, 5, 5, 5, 5, 5, 5, 5, 5, 5]
[5, 5, 5, 5, 5, 5, 5, 5, 5, 5, 5, 5, 5, 0, 0, 0, 0, 0, 0, 0, 0, 5, 0, 0, 0, 0, 1, 0, 0, 0, 0, 5, 0, 0, 0, 0, 1, 0, 0, 0, 0, 1, 0, 0, 0, 0, 0, 0, 0, 0, 0, 5, 5, 5, 5, 5, 5, 5, 5, 5, 5, 5, 5, 5]
[5, 5, 5, 5, 5, 5, 5, 5, 5, 5, 5, 5, 5, 0, 0, 0, 0, 0, 0, 0, 0, 0, 0, 0, 0, 0, 0, 0, 0, 0, 0, 0, 0, 0, 0, 0, 0, 0, 0, 0, 0, 0, 0, 0, 0, 0, 0, 0, 0, 0, 0, 5, 5, 5, 5, 5, 5, 5, 5, 5, 5, 5, 5, 5]
[5, 5, 5, 5, 5, 5, 5, 5, 5, 5, 5, 5, 5, 5, 5, 5, 5, 5, 5, 5, 5, 5, 5, 5, 5, 5, 5, 5, 5, 5, 5, 5, 5, 5, 5, 5, 5, 5, 5, 5, 5, 5, 5, 5, 5, 5, 5, 5, 0, 5, 5, 5, 5, 5, 5, 5, 5, 5, 5, 5, 5, 5, 5, 5]
[5, 5, 5, 5, 5, 5, 5, 5, 5, 5, 5, 5, 5, 5, 5, 5, 5, 5, 5, 5, 5, 5, 5, 5, 5, 5, 5, 5, 5, 5, 5, 5, 5, 5, 5, 5, 0, 0, 0, 0, 0, 0, 0, 0, 0, 0, 0, 0, 0, 5, 5, 5, 5, 5, 5, 5, 5, 5, 5, 5, 5, 5, 5, 5]
[5, 5, 5, 5, 5, 5, 5, 5, 5, 5, 5, 5, 5, 5, 5, 5, 5, 5, 5, 5, 5, 5, 5, 5, 5, 5, 5, 5, 5, 5, 5, 5, 5, 5, 5, 5, 0, 5, 5, 5, 5, 5, 5, 5, 5, 5, 5, 5, 5, 5, 5, 5, 5, 5, 5, 5, 5, 5, 5, 5, 5, 5, 5, 5]
[5, 5, 5, 5, 5, 5, 5, 5, 5, 5, 5, 5, 5, 5, 5, 5, 5, 5, 5, 5, 5, 5, 5, 5, 5, 5, 5, 5, 5, 5, 5, 5, 5, 5, 9, 9, 9, 9, 9, 5, 5, 5, 5, 5, 5, 5, 5, 5, 5, 5, 5, 5, 5, 5, 5, 5, 5, 5, 5, 5, 5, 5, 5, 5]
[5, 5, 5, 5, 5, 5, 5, 5, 5, 5, 5, 5, 5, 5, 5, 5, 5, 5, 5, 5, 5, 5, 5, 5, 5, 5, 5, 5, 5, 5, 5, 5, 5, 9, 9, 9, 9, 9, 9, 9, 5, 5, 5, 5, 5, 5, 5, 5, 5, 5, 5, 5, 5, 5, 5, 5, 5, 5, 5, 5, 5, 5, 5, 5]
[5, 5, 5, 5, 5, 5, 5, 5, 5, 5, 5, 5, 5, 5, 5, 5, 5, 5, 5, 5, 5, 5, 5, 5, 5, 5, 5, 5, 5, 5, 5, 5, 9, 9, 9, 9, 9, 9, 9, 9, 9, 5, 5, 5, 5, 5, 5, 5, 5, 5, 5, 5, 5, 5, 5, 5, 5, 5, 5, 5, 5, 5, 5, 5]
[5, 5, 5, 5, 5, 5, 5, 5, 5, 5, 5, 5, 5, 5, 5, 5, 5, 5, 5, 5, 5, 5, 5, 5, 5, 5, 5, 5, 5, 5, 5, 5, 9, 9, 9, 9, 9, 9, 9, 9, 9, 5, 5, 5, 5, 5, 5, 5, 5, 5, 5, 5, 5, 5, 5, 5, 5, 5, 5, 5, 5, 5, 5, 5]
[5, 5, 5, 5, 5, 5, 5, 5, 5, 5, 5, 5, 5, 5, 5, 5, 5, 5, 5, 5, 5, 5, 5, 5, 5, 5, 5, 5, 5, 5, 5, 5, 9, 9, 9, 9, 9, 9, 9, 9, 9, 5, 5, 5, 5, 5, 5, 5, 5, 5, 5, 5, 5, 5, 5, 5, 5, 5, 5, 5, 5, 5, 5, 5]
[5, 5, 5, 5, 5, 5, 5, 5, 5, 5, 5, 5, 5, 5, 5, 5, 5, 5, 5, 5, 5, 5, 5, 5, 5, 5, 5, 5, 5, 5, 5, 5, 9, 9, 9, 9, 9, 9, 9, 9, 9, 5, 5, 5, 5, 5, 5, 5, 5, 5, 5, 5, 5, 5, 5, 5, 5, 5, 5, 5, 5, 5, 5, 5]
[5, 5, 5, 5, 5, 5, 5, 5, 5, 5, 5, 5, 5, 5, 5, 5, 5, 5, 5, 5, 5, 5, 5, 5, 5, 5, 5, 5, 5, 5, 5, 5, 9, 9, 9, 9, 9, 9, 9, 9, 9, 5, 5, 5, 5, 5, 5, 5, 5, 5, 5, 5, 5, 5, 5, 5, 5, 5, 5, 5, 5, 5, 5, 5]
[5, 5, 5, 5, 5, 5, 5, 5, 5, 5, 5, 5, 5, 5, 5, 5, 5, 5, 5, 5, 5, 5, 5, 5, 5, 5, 5, 5, 5, 5, 5, 5, 5, 9, 9, 9, 9, 9, 9, 9, 5, 5, 5, 5, 5, 5, 5, 5, 5, 5, 5, 5, 5, 5, 5, 5, 5, 5, 5, 5, 5, 5, 5, 5]
[5, 5, 5, 5, 5, 5, 5, 5, 5, 5, 5, 5, 5, 5, 5, 5, 5, 5, 5, 5, 5, 5, 5, 5, 5, 5, 5, 5, 5, 5, 5, 5, 5, 5, 9, 9, 9, 9, 9, 5, 5, 5, 5, 5, 5, 5, 5, 5, 5, 5, 5, 5, 5, 5, 5, 5, 5, 5, 5, 5, 5, 5, 5, 5]
[5, 5, 5, 5, 5, 5, 5, 5, 5, 5, 5, 5, 5, 5, 5, 5, 5, 5, 5, 5, 5, 5, 5, 5, 5, 5, 5, 5, 5, 5, 5, 5, 5, 5, 5, 5, 5, 5, 5, 5, 5, 5, 5, 5, 5, 5, 5, 5, 5, 5, 5, 5, 5, 5, 5, 5, 5, 5, 5, 5, 5, 5, 5, 5]
[5, 5, 5, 5, 5, 5, 5, 5, 5, 5, 5, 5, 5, 5, 5, 5, 5, 5, 5, 5, 5, 5, 5, 5, 5, 5, 5, 5, 5, 5, 5, 5, 5, 5, 5, 5, 5, 5, 5, 5, 5, 5, 5, 5, 5, 5, 5, 5, 5, 5, 5, 5, 5, 5, 5, 5, 5, 5, 5, 5, 5, 5, 5, 5]
[5, 5, 5, 5, 5, 5, 5, 5, 5, 5, 5, 5, 5, 5, 5, 5, 5, 5, 5, 5, 5, 5, 5, 5, 5, 5, 5, 5, 5, 5, 5, 5, 5, 5, 5, 5, 5, 5, 5, 5, 5, 5, 5, 5, 5, 5, 5, 5, 5, 5, 5, 5, 5, 5, 5, 5, 5, 5, 5, 5, 5, 5, 5, 5]
[5, 5, 5, 5, 5, 5, 5, 5, 5, 5, 5, 5, 5, 5, 5, 5, 5, 5, 5, 5, 5, 5, 5, 5, 5, 5, 5, 5, 5, 5, 5, 5, 5, 5, 5, 5, 5, 5, 5, 5, 5, 5, 5, 5, 5, 5, 5, 5, 5, 5, 5, 5, 5, 5, 5, 5, 5, 5, 5, 5, 5, 5, 5, 5]
</grid_0>
",,0.0,False
11,ACTION6 x=26 y=42,manual,"State: NOT_FINISHED
Levels completed: 0/7
Action count: 11

========== Start of Direct Observation ==========
<grid_0>
[5, 5, 5, 5, 5, 5, 5, 5, 5, 5, 5, 5, 5, 5, 5, 5, 5, 5, 5, 5, 5, 5, 5, 5, 5, 5, 5, 5, 5, 5, 5, 5, 5, 5, 5, 5, 5, 5, 5, 5, 5, 5, 5, 5, 5, 5, 5, 5, 5, 5, 5, 5, 5, 5, 5, 5, 5, 5, 5, 5, 5, 5, 5, 5]
[5, 9, 9, 9, 9, 9, 9, 9, 9, 9, 9, 9, 9, 9, 9, 9, 9, 9, 9, 9, 9, 9, 9, 9, 9, 9, 9, 9, 9, 9, 9, 9, 9, 9, 9, 9, 9, 9, 9, 9, 9, 9, 9, 9, 9, 9, 9, 9, 9, 9, 9, 3, 3, 3, 3, 3, 3, 3, 3, 3, 3, 3, 5, 5]
[5, 5, 5, 5, 5, 5, 5, 5, 5, 5, 5, 5, 5, 5, 5, 5, 5, 5, 5, 5, 5, 5, 5, 5, 5, 5, 5, 5, 5, 5, 5, 5, 5, 5, 5, 5, 5, 5, 5, 5, 5, 5, 5, 5, 5, 5, 5, 5, 5, 5, 5, 5, 5, 5, 5, 5, 5, 5, 5, 5, 5, 5, 5, 5]
[5, 5, 5, 5, 5, 5, 5, 5, 5, 5, 5, 5, 5, 5, 5, 5, 5, 5, 5, 5, 5, 5, 5, 5, 5, 5, 5, 5, 5, 5, 5, 5, 5, 5, 5, 5, 5, 5, 5, 5, 5, 5, 5, 5, 5, 5, 5, 5, 5, 5, 5, 5, 5, 5, 5, 5, 5, 5, 5, 5, 5, 5, 5, 5]
[5, 5, 5, 5, 5, 5, 5, 5, 5, 5, 5, 5, 5, 5, 5, 5, 5, 5, 5, 5, 5, 5, 5, 5, 5, 5, 5, 5, 5, 5, 5, 5, 5, 5, 5, 5, 5, 5, 5, 5, 5, 5, 5, 5, 5, 5, 5, 5, 5, 5, 5, 5, 5, 5, 5, 5, 5, 5, 5, 5, 5, 5, 5, 5]
[5, 5, 5, 5, 5, 5, 5, 5, 5, 5, 5, 5, 5, 5, 5, 5, 5, 5, 5, 5, 5, 5, 5, 5, 5, 5, 5, 5, 5, 5, 5, 5, 5, 5, 5, 5, 5, 5, 5, 5, 5, 5, 5, 5, 5, 5, 5, 5, 5, 5, 5, 5, 5, 5, 5, 5, 5, 5, 5, 5, 5, 5, 5, 5]
[5, 5, 5, 5, 5, 5, 5, 5, 5, 5, 5, 5, 5, 5, 5, 5, 5, 5, 5, 5, 5, 5, 5, 5, 5, 5, 5, 5, 5, 5, 5, 5, 5, 5, 5, 5, 5, 5, 5, 5, 5, 5, 5, 5, 5, 5, 5, 5, 5, 5, 5, 5, 5, 5, 5, 5, 5, 5, 5, 5, 5, 5, 5, 5]
[5, 5, 5, 5, 5, 5, 5, 5, 5, 5, 5, 5, 5, 5, 5, 5, 5, 5, 5, 5, 5, 5, 5, 5, 5, 5, 5, 5, 5, 5, 5, 5, 5, 5, 5, 5, 5, 5, 5, 5, 5, 5, 5, 5, 5, 5, 5, 5, 5, 5, 5, 5, 5, 5, 5, 5, 5, 5, 5, 5, 5, 5, 5, 5]
[5, 5, 5, 5, 5, 5, 5, 5, 5, 5, 5, 5, 5, 0, 0, 0, 0, 0, 0, 0, 0, 0, 0, 0, 0, 0, 0, 0, 0, 0, 0, 0, 0, 0, 0, 0, 0, 0, 0, 0, 0, 0, 0, 0, 0, 0, 0, 0, 0, 0, 0, 5, 5, 5, 5, 5, 5, 5, 5, 5, 5, 5, 5, 5]
[5, 5, 5, 5, 5, 5, 5, 5, 5, 5, 5, 5, 5, 0, 5, 5, 5, 5, 4, 4, 4, 4, 5, 5, 5, 5, 4, 4, 4, 4, 5, 5, 5, 5, 4, 4, 4, 4, 5, 5, 5, 5, 4, 4, 4, 4, 5, 5, 5, 5, 0, 5, 5, 5, 5, 5, 5, 5, 5, 5, 5, 5, 5, 5]
[5, 5, 5, 5, 5, 5, 5, 5, 5, 5, 5, 5, 5, 0, 5, 5, 5, 5, 4, 4, 4, 4, 5, 5, 5, 5, 4, 4, 4, 4, 5, 5, 5, 5, 4, 4, 4, 4, 5, 5, 5, 5, 4, 4, 4, 4, 5, 5, 5, 5, 0, 5, 5, 5, 5, 5, 5, 5, 5, 5, 5, 5, 5, 5]
[5, 5, 5, 5, 5, 5, 5, 5, 5, 5, 5, 5, 5, 0, 5, 5, 5, 5, 4, 4, 4, 4, 5, 5, 5, 5, 4, 4, 4, 4, 5, 5, 5, 5, 4, 4, 4, 4, 5, 5, 5, 5, 4, 4, 4, 4, 5, 5, 5, 5, 0, 5, 5, 5, 5, 5, 5, 5, 5, 5, 5, 5, 5, 5]
[5, 5, 5, 5, 5, 5, 5, 5, 5, 5, 5, 5, 5, 0, 5, 5, 5, 5, 4, 4, 4, 4, 5, 5, 5, 5, 4, 4, 4, 4, 5, 5, 5, 5, 4, 4, 4, 4, 5, 5, 5, 5, 4, 4, 4, 4, 5, 5, 5, 5, 0, 5, 5, 5, 5, 5, 5, 5, 5, 5, 5, 5, 5, 5]
[5, 5, 5, 5, 5, 5, 5, 5, 5, 5, 5, 5, 5, 0, 4, 4, 4, 4, 5, 5, 5, 5, 4, 4, 4, 4, 5, 5, 5, 5, 11, 11, 11, 11, 5, 5, 5, 5, 4, 4, 4, 4, 5, 5, 5, 5, 4, 4, 4, 4, 0, 5, 5, 5, 5, 5, 5, 5, 5, 5, 5, 5, 5, 5]
[5, 5, 5, 5, 5, 5, 5, 5, 5, 5, 5, 5, 5, 0, 4, 4, 4, 4, 5, 5, 5, 5, 4, 4, 4, 4, 5, 5, 5, 5, 11, 11, 11, 11, 5, 5, 5, 5, 4, 4, 4, 4, 5, 5, 5, 5, 4, 4, 4, 4, 0, 5, 5, 5, 5, 5, 5, 5, 5, 5, 5, 5, 5, 5]
[5, 5, 5, 5, 5, 5, 5, 5, 5, 5, 5, 5, 5, 0, 4, 4, 4, 4, 5, 5, 5, 5, 4, 4, 4, 4, 5, 5, 5, 5, 11, 11, 11, 11, 5, 5, 5, 5, 4, 4, 4, 4, 5, 5, 5, 5, 4, 4, 4, 4, 0, 5, 5, 5, 5, 5, 5, 5, 5, 5, 5, 5, 5, 5]
[5, 5, 5, 5, 5, 5, 5, 5, 5, 5, 5, 5, 5, 0, 4, 4, 4, 4, 5, 5, 5, 5, 4, 4, 4, 4, 5, 5, 5, 5, 11, 4, 4, 11, 5, 5, 5, 5, 4, 4, 4, 4, 5, 5, 5, 5, 4, 4, 4, 4, 0, 5, 5, 5, 5, 5, 5, 5, 5, 5, 5, 5, 5, 5]
[5, 5, 5, 5, 5, 5, 5, 5, 5, 5, 5, 5, 5, 0, 5, 5, 5, 5, 4, 4, 4, 4, 5, 5, 5, 5, 4, 4, 4, 4, 5, 5, 5, 5, 4, 4, 4, 4, 5, 5, 5, 5, 4, 4, 4, 4, 5, 5, 5, 5, 0, 5, 5, 5, 5, 5, 5, 5, 5, 5, 5, 5, 5, 5]
[5, 5, 5, 5, 5, 5, 5, 5, 5, 5, 5, 5, 5, 0, 5, 5, 5, 5, 4, 4, 4, 4, 5, 5, 5, 5, 4, 4, 4, 4, 5, 5, 5, 5, 4, 4, 4, 4, 5, 5, 5, 5, 4, 4, 4, 4, 5, 5, 5, 5, 0, 5, 5, 5, 5, 5, 5, 5, 5, 5, 5, 5, 5, 5]
[5, 5, 5, 5, 5, 5, 5, 5, 5, 5, 5, 5, 5, 0, 5, 5, 5, 5, 4, 4, 4, 4, 5, 5, 5, 5, 4, 4, 4, 4, 5, 5, 5, 5, 4, 4, 4, 4, 5, 5, 5, 5, 4, 4, 4, 4, 5, 5, 5, 5, 0, 5, 5, 5, 5, 5, 5, 5, 5, 5, 5, 5, 5, 5]
[5, 5, 5, 5, 5, 5, 5, 5, 5, 5, 5, 5, 5, 0, 5, 5, 5, 5, 4, 4, 4, 4, 5, 5, 5, 5, 4, 4, 4, 4, 5, 5, 5, 5, 4, 4, 4, 4, 5, 5, 5, 5, 4, 4, 4, 4, 5, 5, 5, 5, 0, 5, 5, 5, 5, 5, 5, 5, 5, 5, 5, 5, 5, 5]
[5, 5, 5, 5, 5, 5, 5, 5, 5, 5, 5, 5, 5, 0, 4, 4, 4, 4, 5, 5, 5, 5, 4, 4, 4, 4, 5, 5, 5, 5, 4, 4, 4, 4, 5, 5, 5, 5, 4, 4, 4, 4, 5, 5, 5, 5, 4, 4, 4, 4, 0, 5, 5, 5, 5, 5, 5, 5, 5, 5, 5, 5, 5, 5]
[5, 5, 5, 5, 5, 5, 5, 5, 5, 5, 5, 5, 5, 0, 4, 4, 4, 4, 5, 5, 5, 5, 4, 4, 4, 4, 5, 5, 5, 5, 4, 4, 4, 4, 5, 5, 5, 5, 4, 4, 4, 4, 5, 5, 5, 5, 4, 4, 4, 4, 0, 5, 5, 5, 5, 5, 5, 5, 5, 5, 5, 5, 5, 5]
[5, 5, 5, 5, 5, 5, 5, 5, 5, 5, 5, 5, 5, 0, 4, 4, 4, 4, 5, 5, 5, 5, 4, 4, 4, 4, 5, 5, 5, 5, 4, 4, 4, 4, 5, 5, 5, 5, 4, 4, 4, 4, 5, 5, 5, 5, 4, 4, 4, 4, 0, 5, 5, 5, 5, 5, 5, 5, 5, 5, 5, 5, 5, 5]
[5, 5, 5, 5, 5, 5, 5, 5, 5, 5, 5, 5, 5, 0, 4, 4, 4, 4, 5, 5, 5, 5, 4, 4, 4, 4, 5, 5, 5, 5, 4, 4, 4, 4, 5, 5, 5, 5, 4, 4, 4, 4, 5, 5, 5, 5, 4, 4, 4, 4, 0, 5, 5, 5, 5, 5, 5, 5, 5, 5, 5, 5, 5, 5]
[5, 5, 5, 5, 5, 5, 5, 5, 5, 5, 5, 5, 5, 0, 5, 5, 5, 5, 4, 4, 4, 4, 5, 5, 5, 5, 4, 4, 4, 4, 5, 5, 5, 5, 4, 4, 4, 4, 5, 5, 5, 5, 4, 4, 4, 4, 5, 5, 5, 5, 0, 5, 5, 5, 5, 5, 5, 5, 5, 5, 5, 5, 5, 5]
[5, 5, 5, 5, 5, 5, 5, 5, 5, 5, 5, 5, 5, 0, 5, 5, 5, 5, 4, 4, 4, 4, 5, 5, 5, 5, 4, 4, 4, 4, 5, 5, 5, 5, 4, 4, 4, 4, 5, 5, 5, 5, 4, 4, 4, 4, 5, 5, 5, 5, 0, 5, 5, 5, 5, 5, 5, 5, 5, 5, 5, 5, 5, 5]
[5, 5, 5, 5, 5, 5, 5, 5, 5, 5, 5, 5, 5, 0, 5, 5, 5, 5, 4, 4, 4, 4, 5, 5, 5, 5, 4, 4, 4, 4, 5, 5, 5, 5, 4, 4, 4, 4, 5, 5, 5, 5, 4, 4, 4, 4, 5, 5, 5, 5, 0, 5, 5, 5, 5, 5, 5, 5, 5, 5, 5, 5, 5, 5]
[5, 5, 5, 5, 5, 5, 5, 5, 5, 5, 5, 5, 5, 0, 5, 5, 5, 5, 4, 4, 4, 4, 5, 5, 5, 5, 4, 4, 4, 4, 5, 5, 5, 5, 4, 4, 4, 4, 5, 5, 5, 5, 4, 4, 4, 4, 5, 5, 5, 5, 0, 5, 5, 5, 5, 5, 5, 5, 5, 5, 5, 5, 5, 5]
[5, 5, 5, 5, 5, 5, 5, 5, 5, 5, 5, 5, 5, 0, 4, 4, 4, 4, 5, 5, 5, 5, 4, 4, 4, 4, 5, 5, 5, 5, 4, 4, 4, 4, 5, 5, 5, 5, 4, 4, 4, 4, 5, 5, 5, 5, 4, 4, 4, 4, 0, 5, 5, 5, 5, 5, 5, 5, 5, 5, 5, 5, 5, 5]
[5, 5, 5, 5, 5, 5, 5, 5, 5, 5, 5, 5, 5, 0, 4, 4, 4, 4, 5, 5, 5, 5, 4, 4, 4, 4, 5, 5, 5, 5, 4, 4, 4, 4, 5, 5, 5, 5, 4, 4, 4, 4, 5, 5, 5, 5, 4, 4, 4, 4, 0, 5, 5, 5, 5, 5, 5, 5, 5, 5, 5, 5, 5, 5]
[5, 5, 5, 5, 5, 5, 5, 5, 5, 5, 5, 5, 5, 0, 4, 4, 4, 4, 5, 5, 5, 5, 4, 4, 4, 4, 5, 5, 5, 5, 4, 4, 4, 4, 5, 5, 5, 5, 4, 4, 4, 4, 5, 5, 5, 5, 4, 4, 4, 4, 0, 5, 5, 5, 5, 5, 5, 5, 5, 5, 5, 5, 5, 5]
[5, 5, 5, 5, 5, 5, 5, 5, 5, 5, 5, 5, 5, 0, 4, 4, 4, 4, 5, 5, 5, 5, 4, 4, 4, 4, 5, 5, 5, 5, 4, 4, 4, 4, 5, 5, 5, 5, 4, 4, 4, 4, 5, 5, 5, 5, 4, 4, 4, 4, 0, 5, 5, 5, 5, 5, 5, 5, 5, 5, 5, 5, 5, 5]
[5, 5, 5, 5, 5, 5, 5, 5, 5, 5, 5, 5, 5, 0, 5, 5, 5, 5, 4, 4, 4, 4, 5, 5, 5, 5, 4, 4, 4, 11, 5, 5, 5, 5, 11, 4, 4, 4, 5, 5, 5, 5, 4, 4, 4, 4, 5, 5, 5, 5, 0, 5, 5, 5, 5, 5, 5, 5, 5, 5, 5, 5, 5, 5]
[5, 5, 5, 5, 5, 5, 5, 5, 5, 5, 5, 5, 5, 0, 5, 5, 5, 5, 4, 4, 4, 4, 5, 5, 5, 5, 4, 4, 4, 11, 5, 5, 5, 5, 11, 4, 4, 4, 5, 5, 5, 5, 4, 4, 4, 4, 5, 5, 5, 5, 0, 5, 5, 5, 5, 5, 5, 5, 5, 5, 5, 5, 5, 5]
[5, 5, 5, 5, 5, 5, 5, 5, 5, 5, 5, 5, 5, 0, 5, 5, 5, 5, 4, 4, 4, 4, 5, 5, 5, 5, 4, 4, 4, 11, 5, 5, 5, 5, 11, 4, 4, 4, 5, 5, 5, 5, 4, 4, 4, 4, 5, 5, 5, 5, 0, 5, 5, 5, 5, 5, 5, 5, 5, 5, 5, 5, 5, 5]
[5, 5, 5, 5, 5, 5, 5, 5, 5, 5, 5, 5, 5, 0, 5, 5, 5, 5, 4, 4, 4, 4, 5, 5, 5, 5, 4, 4, 4, 11, 5, 11, 11, 5, 11, 4, 4, 4, 5, 5, 5, 5, 4, 4, 4, 4, 5, 5, 5, 5, 0, 5, 5, 5, 5, 5, 5, 5, 5, 5, 5, 5, 5, 5]
[5, 5, 5, 5, 5, 5, 5, 5, 5, 5, 5, 5, 5, 0, 4, 4, 4, 4, 5, 5, 5, 5, 4, 4, 4, 4, 5, 5, 5, 11, 11, 11, 11, 11, 11, 5, 5, 5, 4, 4, 4, 4, 5, 5, 5, 5, 4, 4, 4, 4, 0, 5, 5, 5, 5, 5, 5, 5, 5, 5, 5, 5, 5, 5]
[5, 5, 5, 5, 5, 5, 5, 5, 5, 5, 5, 5, 5, 0, 4, 4, 4, 4, 5, 5, 5, 5, 4, 4, 4, 4, 5, 5, 5, 5, 4, 4, 4, 4, 5, 5, 5, 5, 4, 4, 4, 4, 5, 5, 5, 5, 4, 4, 4, 4, 0, 5, 5, 5, 5, 5, 5, 5, 5, 5, 5, 5, 5, 5]
[5, 5, 5, 5, 5, 5, 5, 5, 5, 5, 5, 5, 5, 0, 4, 4, 4, 4, 5, 5, 5, 5, 4, 4, 4, 4, 5, 5, 5, 5, 4, 4, 4, 4, 5, 5, 5, 5, 4, 4, 4, 4, 5, 5, 5, 5, 4, 4, 4, 4, 0, 5, 5, 5, 5, 5, 5, 5, 5, 5, 5, 5, 5, 5]
[5, 5, 5, 5, 5, 5, 5, 5, 5, 5, 5, 5, 5, 0, 4, 4, 4, 4, 5, 5, 5, 5, 4, 4, 4, 4, 5, 5, 5, 5, 4, 4, 4, 4, 5, 5, 5, 5, 4, 4, 4, 4, 5, 5, 5, 5, 4, 4, 4, 4, 0, 5, 5, 5, 5, 5, 5, 5, 5, 5, 5, 5, 5, 5]
[5, 5, 5, 5, 5, 5, 5, 5, 5, 5, 5, 5, 5, 0, 0, 0, 0, 0, 0, 0, 0, 0, 0, 0, 0, 0, 0, 0, 0, 0, 0, 0, 0, 0, 0, 0, 0, 0, 0, 0, 0, 0, 0, 0, 0, 0, 0, 0, 0, 0, 0, 5, 5, 5, 5, 5, 5, 5, 5, 5, 5, 5, 5, 5]
[5, 5, 5, 5, 5, 5, 5, 5, 5, 5, 5, 5, 5, 0, 0, 0, 0, 0, 0, 0, 5, 5, 5, 0, 0, 1, 1, 1, 0, 0, 5, 5, 5, 0, 0, 1, 1, 1, 0, 0, 1, 1, 1, 0, 0, 0, 0, 0, 0, 0, 0, 5, 5, 5, 5, 5, 5, 5, 5, 5, 5, 5, 5, 5]
[5, 5, 5, 5, 5, 5, 5, 5, 5, 5, 5, 5, 5, 0, 0, 0, 0, 0, 0, 0, 0, 0, 0, 0, 0, 0, 0, 0, 0, 0, 0, 0, 0, 0, 0, 0, 0, 0, 0, 0, 0, 0, 0, 0, 0, 0, 0, 0, 0, 0, 0, 5, 5, 5, 5, 5, 5, 5, 5, 5, 5, 5, 5, 5]
[5, 5, 5, 5, 5, 5, 5, 5, 5, 5, 5, 5, 5, 0, 0, 0, 0, 0, 0, 0, 0, 5, 0, 0, 0, 0, 1, 0, 0, 0, 0, 5, 0, 0, 0, 0, 1, 0, 0, 0, 0, 1, 0, 0, 0, 0, 0, 0, 0, 0, 0, 5, 5, 5, 5, 5, 5, 5, 5, 5, 5, 5, 5, 5]
[5, 5, 5, 5, 5, 5, 5, 5, 5, 5, 5, 5, 5, 0, 0, 0, 0, 0, 0, 0, 0, 5, 0, 0, 0, 0, 1, 0, 0, 0, 0, 5, 0, 0, 0, 0, 1, 0, 0, 0, 0, 1, 0, 0, 0, 0, 0, 0, 0, 0, 0, 5, 5, 5, 5, 5, 5, 5, 5, 5, 5, 5, 5, 5]
[5, 5, 5, 5, 5, 5, 5, 5, 5, 5, 5, 5, 5, 0, 0, 0, 0, 0, 0, 0, 0, 5, 0, 0, 0, 0, 1, 0, 0, 0, 0, 5, 0, 0, 0, 0, 1, 0, 0, 0, 0, 1, 0, 0, 0, 0, 0, 0, 0, 0, 0, 5, 5, 5, 5, 5, 5, 5, 5, 5, 5, 5, 5, 5]
[5, 5, 5, 5, 5, 5, 5, 5, 5, 5, 5, 5, 5, 0, 0, 0, 0, 0, 0, 0, 0, 0, 0, 0, 0, 0, 0, 0, 0, 0, 0, 0, 0, 0, 0, 0, 0, 0, 0, 0, 0, 0, 0, 0, 0, 0, 0, 0, 0, 0, 0, 5, 5, 5, 5, 5, 5, 5, 5, 5, 5, 5, 5, 5]
[5, 5, 5, 5, 5, 5, 5, 5, 5, 5, 5, 5, 5, 5, 5, 5, 5, 5, 5, 5, 5, 5, 5, 5, 5, 5, 5, 5, 5, 5, 5, 5, 5, 5, 5, 5, 5, 5, 5, 5, 5, 5, 5, 5, 5, 5, 5, 5, 0, 5, 5, 5, 5, 5, 5, 5, 5, 5, 5, 5, 5, 5, 5, 5]
[5, 5, 5, 5, 5, 5, 5, 5, 5, 5, 5, 5, 5, 5, 5, 5, 5, 5, 5, 5, 5, 5, 5, 5, 5, 5, 5, 5, 5, 5, 5, 5, 5, 5, 5, 5, 0, 0, 0, 0, 0, 0, 0, 0, 0, 0, 0, 0, 0, 5, 5, 5, 5, 5, 5, 5, 5, 5, 5, 5, 5, 5, 5, 5]
[5, 5, 5, 5, 5, 5, 5, 5, 5, 5, 5, 5, 5, 5, 5, 5, 5, 5, 5, 5, 5, 5, 5, 5, 5, 5, 5, 5, 5, 5, 5, 5, 5, 5, 5, 5, 0, 5, 5, 5, 5, 5, 5, 5, 5, 5, 5, 5, 5, 5, 5, 5, 5, 5, 5, 5, 5, 5, 5, 5, 5, 5, 5, 5]
[5, 5, 5, 5, 5, 5, 5, 5, 5, 5, 5, 5, 5, 5, 5, 5, 5, 5, 5, 5, 5, 5, 5, 5, 5, 5, 5, 5, 5, 5, 5, 5, 5, 5, 9, 9, 9, 9, 9, 5, 5, 5, 5, 5, 5, 5, 5, 5, 5, 5, 5, 5, 5, 5, 5, 5, 5, 5, 5, 5, 5, 5, 5, 5]
[5, 5, 5, 5, 5, 5, 5, 5, 5, 5, 5, 5, 5, 5, 5, 5, 5, 5, 5, 5, 5, 5, 5, 5, 5, 5, 5, 5, 5, 5, 5, 5, 5, 9, 9, 9, 9, 9, 9, 9, 5, 5, 5, 5, 5, 5, 5, 5, 5, 5, 5, 5, 5, 5, 5, 5, 5, 5, 5, 5, 5, 5, 5, 5]
[5, 5, 5, 5, 5, 5, 5, 5, 5, 5, 5, 5, 5, 5, 5, 5, 5, 5, 5, 5, 5, 5, 5, 5, 5, 5, 5, 5, 5, 5, 5, 5, 9, 9, 9, 9, 9, 9, 9, 9, 9, 5, 5, 5, 5, 5, 5, 5, 5, 5, 5, 5, 5, 5, 5, 5, 5, 5, 5, 5, 5, 5, 5, 5]
[5, 5, 5, 5, 5, 5, 5, 5, 5, 5, 5, 5, 5, 5, 5, 5, 5, 5, 5, 5, 5, 5, 5, 5, 5, 5, 5, 5, 5, 5, 5, 5, 9, 9, 9, 9, 9, 9, 9, 9, 9, 5, 5, 5, 5, 5, 5, 5, 5, 5, 5, 5, 5, 5, 5, 5, 5, 5, 5, 5, 5, 5, 5, 5]
[5, 5, 5, 5, 5, 5, 5, 5, 5, 5, 5, 5, 5, 5, 5, 5, 5, 5, 5, 5, 5, 5, 5, 5, 5, 5, 5, 5, 5, 5, 5, 5, 9, 9, 9, 9, 9, 9, 9, 9, 9, 5, 5, 5, 5, 5, 5, 5, 5, 5, 5, 5, 5, 5, 5, 5, 5, 5, 5, 5, 5, 5, 5, 5]
[5, 5, 5, 5, 5, 5, 5, 5, 5, 5, 5, 5, 5, 5, 5, 5, 5, 5, 5, 5, 5, 5, 5, 5, 5, 5, 5, 5, 5, 5, 5, 5, 9, 9, 9, 9, 9, 9, 9, 9, 9, 5, 5, 5, 5, 5, 5, 5, 5, 5, 5, 5, 5, 5, 5, 5, 5, 5, 5, 5, 5, 5, 5, 5]
[5, 5, 5, 5, 5, 5, 5, 5, 5, 5, 5, 5, 5, 5, 5, 5, 5, 5, 5, 5, 5, 5, 5, 5, 5, 5, 5, 5, 5, 5, 5, 5, 9, 9, 9, 9, 9, 9, 9, 9, 9, 5, 5, 5, 5, 5, 5, 5, 5, 5, 5, 5, 5, 5, 5, 5, 5, 5, 5, 5, 5, 5, 5, 5]
[5, 5, 5, 5, 5, 5, 5, 5, 5, 5, 5, 5, 5, 5, 5, 5, 5, 5, 5, 5, 5, 5, 5, 5, 5, 5, 5, 5, 5, 5, 5, 5, 5, 9, 9, 9, 9, 9, 9, 9, 5, 5, 5, 5, 5, 5, 5, 5, 5, 5, 5, 5, 5, 5, 5, 5, 5, 5, 5, 5, 5, 5, 5, 5]
[5, 5, 5, 5, 5, 5, 5, 5, 5, 5, 5, 5, 5, 5, 5, 5, 5, 5, 5, 5, 5, 5, 5, 5, 5, 5, 5, 5, 5, 5, 5, 5, 5, 5, 9, 9, 9, 9, 9, 5, 5, 5, 5, 5, 5, 5, 5, 5, 5, 5, 5, 5, 5, 5, 5, 5, 5, 5, 5, 5, 5, 5, 5, 5]
[5, 5, 5, 5, 5, 5, 5, 5, 5, 5, 5, 5, 5, 5, 5, 5, 5, 5, 5, 5, 5, 5, 5, 5, 5, 5, 5, 5, 5, 5, 5, 5, 5, 5, 5, 5, 5, 5, 5, 5, 5, 5, 5, 5, 5, 5, 5, 5, 5, 5, 5, 5, 5, 5, 5, 5, 5, 5, 5, 5, 5, 5, 5, 5]
[5, 5, 5, 5, 5, 5, 5, 5, 5, 5, 5, 5, 5, 5, 5, 5, 5, 5, 5, 5, 5, 5, 5, 5, 5, 5, 5, 5, 5, 5, 5, 5, 5, 5, 5, 5, 5, 5, 5, 5, 5, 5, 5, 5, 5, 5, 5, 5, 5, 5, 5, 5, 5, 5, 5, 5, 5, 5, 5, 5, 5, 5, 5, 5]
[5, 5, 5, 5, 5, 5, 5, 5, 5, 5, 5, 5, 5, 5, 5, 5, 5, 5, 5, 5, 5, 5, 5, 5, 5, 5, 5, 5, 5, 5, 5, 5, 5, 5, 5, 5, 5, 5, 5, 5, 5, 5, 5, 5, 5, 5, 5, 5, 5, 5, 5, 5, 5, 5, 5, 5, 5, 5, 5, 5, 5, 5, 5, 5]
[5, 5, 5, 5, 5, 5, 5, 5, 5, 5, 5, 5, 5, 5, 5, 5, 5, 5, 5, 5, 5, 5, 5, 5, 5, 5, 5, 5, 5, 5, 5, 5, 5, 5, 5, 5, 5, 5, 5, 5, 5, 5, 5, 5, 5, 5, 5, 5, 5, 5, 5, 5, 5, 5, 5, 5, 5, 5, 5, 5, 5, 5, 5, 5]
</grid_0>
",,0.0,False
12,ACTION6 x=26 y=45,manual,"State: NOT_FINISHED
Levels completed: 0/7
Action count: 12

========== Start of Direct Observation ==========
<grid_0>
[5, 5, 5, 5, 5, 5, 5, 5, 5, 5, 5, 5, 5, 5, 5, 5, 5, 5, 5, 5, 5, 5, 5, 5, 5, 5, 5, 5, 5, 5, 5, 5, 5, 5, 5, 5, 5, 5, 5, 5, 5, 5, 5, 5, 5, 5, 5, 5, 5, 5, 5, 5, 5, 5, 5, 5, 5, 5, 5, 5, 5, 5, 5, 5]
[5, 9, 9, 9, 9, 9, 9, 9, 9, 9, 9, 9, 9, 9, 9, 9, 9, 9, 9, 9, 9, 9, 9, 9, 9, 9, 9, 9, 9, 9, 9, 9, 9, 9, 9, 9, 9, 9, 9, 9, 9, 9, 9, 9, 9, 9, 9, 9, 9, 9, 3, 3, 3, 3, 3, 3, 3, 3, 3, 3, 3, 3, 5, 5]
[5, 5, 5, 5, 5, 5, 5, 5, 5, 5, 5, 5, 5, 5, 5, 5, 5, 5, 5, 5, 5, 5, 5, 5, 5, 5, 5, 5, 5, 5, 5, 5, 5, 5, 5, 5, 5, 5, 5, 5, 5, 5, 5, 5, 5, 5, 5, 5, 5, 5, 5, 5, 5, 5, 5, 5, 5, 5, 5, 5, 5, 5, 5, 5]
[5, 5, 5, 5, 5, 5, 5, 5, 5, 5, 5, 5, 5, 5, 5, 5, 5, 5, 5, 5, 5, 5, 5, 5, 5, 5, 5, 5, 5, 5, 5, 5, 5, 5, 5, 5, 5, 5, 5, 5, 5, 5, 5, 5, 5, 5, 5, 5, 5, 5, 5, 5, 5, 5, 5, 5, 5, 5, 5, 5, 5, 5, 5, 5]
[5, 5, 5, 5, 5, 5, 5, 5, 5, 5, 5, 5, 5, 5, 5, 5, 5, 5, 5, 5, 5, 5, 5, 5, 5, 5, 5, 5, 5, 5, 5, 5, 5, 5, 5, 5, 5, 5, 5, 5, 5, 5, 5, 5, 5, 5, 5, 5, 5, 5, 5, 5, 5, 5, 5, 5, 5, 5, 5, 5, 5, 5, 5, 5]
[5, 5, 5, 5, 5, 5, 5, 5, 5, 5, 5, 5, 5, 5, 5, 5, 5, 5, 5, 5, 5, 5, 5, 5, 5, 5, 5, 5, 5, 5, 5, 5, 5, 5, 5, 5, 5, 5, 5, 5, 5, 5, 5, 5, 5, 5, 5, 5, 5, 5, 5, 5, 5, 5, 5, 5, 5, 5, 5, 5, 5, 5, 5, 5]
[5, 5, 5, 5, 5, 5, 5, 5, 5, 5, 5, 5, 5, 5, 5, 5, 5, 5, 5, 5, 5, 5, 5, 5, 5, 5, 5, 5, 5, 5, 5, 5, 5, 5, 5, 5, 5, 5, 5, 5, 5, 5, 5, 5, 5, 5, 5, 5, 5, 5, 5, 5, 5, 5, 5, 5, 5, 5, 5, 5, 5, 5, 5, 5]
[5, 5, 5, 5, 5, 5, 5, 5, 5, 5, 5, 5, 5, 5, 5, 5, 5, 5, 5, 5, 5, 5, 5, 5, 5, 5, 5, 5, 5, 5, 5, 5, 5, 5, 5, 5, 5, 5, 5, 5, 5, 5, 5, 5, 5, 5, 5, 5, 5, 5, 5, 5, 5, 5, 5, 5, 5, 5, 5, 5, 5, 5, 5, 5]
[5, 5, 5, 5, 5, 5, 5, 5, 5, 5, 5, 5, 5, 0, 0, 0, 0, 0, 0, 0, 0, 0, 0, 0, 0, 0, 0, 0, 0, 0, 0, 0, 0, 0, 0, 0, 0, 0, 0, 0, 0, 0, 0, 0, 0, 0, 0, 0, 0, 0, 0, 5, 5, 5, 5, 5, 5, 5, 5, 5, 5, 5, 5, 5]
[5, 5, 5, 5, 5, 5, 5, 5, 5, 5, 5, 5, 5, 0, 5, 5, 5, 5, 4, 4, 4, 4, 5, 5, 5, 5, 4, 4, 4, 4, 5, 5, 5, 5, 4, 4, 4, 4, 5, 5, 5, 5, 4, 4, 4, 4, 5, 5, 5, 5, 0, 5, 5, 5, 5, 5, 5, 5, 5, 5, 5, 5, 5, 5]
[5, 5, 5, 5, 5, 5, 5, 5, 5, 5, 5, 5, 5, 0, 5, 5, 5, 5, 4, 4, 4, 4, 5, 5, 5, 5, 4, 4, 4, 4, 5, 5, 5, 5, 4, 4, 4, 4, 5, 5, 5, 5, 4, 4, 4, 4, 5, 5, 5, 5, 0, 5, 5, 5, 5, 5, 5, 5, 5, 5, 5, 5, 5, 5]
[5, 5, 5, 5, 5, 5, 5, 5, 5, 5, 5, 5, 5, 0, 5, 5, 5, 5, 4, 4, 4, 4, 5, 5, 5, 5, 4, 4, 4, 4, 5, 5, 5, 5, 4, 4, 4, 4, 5, 5, 5, 5, 4, 4, 4, 4, 5, 5, 5, 5, 0, 5, 5, 5, 5, 5, 5, 5, 5, 5, 5, 5, 5, 5]
[5, 5, 5, 5, 5, 5, 5, 5, 5, 5, 5, 5, 5, 0, 5, 5, 5, 5, 4, 4, 4, 4, 5, 5, 5, 5, 4, 4, 4, 4, 5, 5, 5, 5, 4, 4, 4, 4, 5, 5, 5, 5, 4, 4, 4, 4, 5, 5, 5, 5, 0, 5, 5, 5, 5, 5, 5, 5, 5, 5, 5, 5, 5, 5]
[5, 5, 5, 5, 5, 5, 5, 5, 5, 5, 5, 5, 5, 0, 4, 4, 4, 4, 5, 5, 5, 5, 4, 4, 4, 4, 5, 5, 5, 5, 11, 11, 11, 11, 5, 5, 5, 5, 4, 4, 4, 4, 5, 5, 5, 5, 4, 4, 4, 4, 0, 5, 5, 5, 5, 5, 5, 5, 5, 5, 5, 5, 5, 5]
[5, 5, 5, 5, 5, 5, 5, 5, 5, 5, 5, 5, 5, 0, 4, 4, 4, 4, 5, 5, 5, 5, 4, 4, 4, 4, 5, 5, 5, 5, 11, 11, 11, 11, 5, 5, 5, 5, 4, 4, 4, 4, 5, 5, 5, 5, 4, 4, 4, 4, 0, 5, 5, 5, 5, 5, 5, 5, 5, 5, 5, 5, 5, 5]
[5, 5, 5, 5, 5, 5, 5, 5, 5, 5, 5, 5, 5, 0, 4, 4, 4, 4, 5, 5, 5, 5, 4, 4, 4, 4, 5, 5, 5, 5, 11, 11, 11, 11, 5, 5, 5, 5, 4, 4, 4, 4, 5, 5, 5, 5, 4, 4, 4, 4, 0, 5, 5, 5, 5, 5, 5, 5, 5, 5, 5, 5, 5, 5]
[5, 5, 5, 5, 5, 5, 5, 5, 5, 5, 5, 5, 5, 0, 4, 4, 4, 4, 5, 5, 5, 5, 4, 4, 4, 4, 5, 5, 5, 5, 11, 4, 4, 11, 5, 5, 5, 5, 4, 4, 4, 4, 5, 5, 5, 5, 4, 4, 4, 4, 0, 5, 5, 5, 5, 5, 5, 5, 5, 5, 5, 5, 5, 5]
[5, 5, 5, 5, 5, 5, 5, 5, 5, 5, 5, 5, 5, 0, 5, 5, 5, 5, 4, 4, 4, 4, 5, 5, 5, 5, 4, 4, 4, 4, 5, 5, 5, 5, 4, 4, 4, 4, 5, 5, 5, 5, 4, 4, 4, 4, 5, 5, 5, 5, 0, 5, 5, 5, 5, 5, 5, 5, 5, 5, 5, 5, 5, 5]
[5, 5, 5, 5, 5, 5, 5, 5, 5, 5, 5, 5, 5, 0, 5, 5, 5, 5, 4, 4, 4, 4, 5, 5, 5, 5, 4, 4, 4, 4, 5, 5, 5, 5, 4, 4, 4, 4, 5, 5, 5, 5, 4, 4, 4, 4, 5, 5, 5, 5, 0, 5, 5, 5, 5, 5, 5, 5, 5, 5, 5, 5, 5, 5]
[5, 5, 5, 5, 5, 5, 5, 5, 5, 5, 5, 5, 5, 0, 5, 5, 5, 5, 4, 4, 4, 4, 5, 5, 5, 5, 4, 4, 4, 4, 5, 5, 5, 5, 4, 4, 4, 4, 5, 5, 5, 5, 4, 4, 4, 4, 5, 5, 5, 5, 0, 5, 5, 5, 5, 5, 5, 5, 5, 5, 5, 5, 5, 5]
[5, 5, 5, 5, 5, 5, 5, 5, 5, 5, 5, 5, 5, 0, 5, 5, 5, 5, 4, 4, 4, 4, 5, 5, 5, 5, 4, 4, 4, 4, 5, 5, 5, 5, 4, 4, 4, 4, 5, 5, 5, 5, 4, 4, 4, 4, 5, 5, 5, 5, 0, 5, 5, 5, 5, 5, 5, 5, 5, 5, 5, 5, 5, 5]
[5, 5, 5, 5, 5, 5, 5, 5, 5, 5, 5, 5, 5, 0, 4, 4, 4, 4, 5, 5, 5, 5, 4, 4, 4, 4, 5, 5, 5, 5, 4, 4, 4, 4, 5, 5, 5, 5, 4, 4, 4, 4, 5, 5, 5, 5, 4, 4, 4, 4, 0, 5, 5, 5, 5, 5, 5, 5, 5, 5, 5, 5, 5, 5]
[5, 5, 5, 5, 5, 5, 5, 5, 5, 5, 5, 5, 5, 0, 4, 4, 4, 4, 5, 5, 5, 5, 4, 4, 4, 4, 5, 5, 5, 5, 4, 4, 4, 4, 5, 5, 5, 5, 4, 4, 4, 4, 5, 5, 5, 5, 4, 4, 4, 4, 0, 5, 5, 5, 5, 5, 5, 5, 5, 5, 5, 5, 5, 5]
[5, 5, 5, 5, 5, 5, 5, 5, 5, 5, 5, 5, 5, 0, 4, 4, 4, 4, 5, 5, 5, 5, 4, 4, 4, 4, 5, 5, 5, 5, 4, 4, 4, 4, 5, 5, 5, 5, 4, 4, 4, 4, 5, 5, 5, 5, 4, 4, 4, 4, 0, 5, 5, 5, 5, 5, 5, 5, 5, 5, 5, 5, 5, 5]
[5, 5, 5, 5, 5, 5, 5, 5, 5, 5, 5, 5, 5, 0, 4, 4, 4, 4, 5, 5, 5, 5, 4, 4, 4, 4, 5, 5, 5, 5, 4, 4, 4, 4, 5, 5, 5, 5, 4, 4, 4, 4, 5, 5, 5, 5, 4, 4, 4, 4, 0, 5, 5, 5, 5, 5, 5, 5, 5, 5, 5, 5, 5, 5]
[5, 5, 5, 5, 5, 5, 5, 5, 5, 5, 5, 5, 5, 0, 5, 5, 5, 5, 4, 4, 4, 4, 5, 5, 5, 5, 4, 4, 4, 4, 5, 5, 5, 5, 4, 4, 4, 4, 5, 5, 5, 5, 4, 4, 4, 4, 5, 5, 5, 5, 0, 5, 5, 5, 5, 5, 5, 5, 5, 5, 5, 5, 5, 5]
[5, 5, 5, 5, 5, 5, 5, 5, 5, 5, 5, 5, 5, 0, 5, 5, 5, 5, 4, 4, 4, 4, 5, 5, 5, 5, 4, 4, 4, 4, 5, 5, 5, 5, 4, 4, 4, 4, 5, 5, 5, 5, 4, 4, 4, 4, 5, 5, 5, 5, 0, 5, 5, 5, 5, 5, 5, 5, 5, 5, 5, 5, 5, 5]
[5, 5, 5, 5, 5, 5, 5, 5, 5, 5, 5, 5, 5, 0, 5, 5, 5, 5, 4, 4, 4, 4, 5, 5, 5, 5, 4, 4, 4, 4, 5, 5, 5, 5, 4, 4, 4, 4, 5, 5, 5, 5, 4, 4, 4, 4, 5, 5, 5, 5, 0, 5, 5, 5, 5, 5, 5, 5, 5, 5, 5, 5, 5, 5]
[5, 5, 5, 5, 5, 5, 5, 5, 5, 5, 5, 5, 5, 0, 5, 5, 5, 5, 4, 4, 4, 4, 5, 5, 5, 5, 4, 4, 4, 4, 5, 5, 5, 5, 4, 4, 4, 4, 5, 5, 5, 5, 4, 4, 4, 4, 5, 5, 5, 5, 0, 5, 5, 5, 5, 5, 5, 5, 5, 5, 5, 5, 5, 5]
[5, 5, 5, 5, 5, 5, 5, 5, 5, 5, 5, 5, 5, 0, 4, 4, 4, 4, 5, 5, 5, 5, 4, 4, 4, 4, 5, 5, 5, 5, 4, 4, 4, 4, 5, 5, 5, 5, 4, 4, 4, 4, 5, 5, 5, 5, 4, 4, 4, 4, 0, 5, 5, 5, 5, 5, 5, 5, 5, 5, 5, 5, 5, 5]
[5, 5, 5, 5, 5, 5, 5, 5, 5, 5, 5, 5, 5, 0, 4, 4, 4, 4, 5, 5, 5, 5, 4, 4, 4, 4, 5, 5, 5, 5, 4, 4, 4, 4, 5, 5, 5, 5, 4, 4, 4, 4, 5, 5, 5, 5, 4, 4, 4, 4, 0, 5, 5, 5, 5, 5, 5, 5, 5, 5, 5, 5, 5, 5]
[5, 5, 5, 5, 5, 5, 5, 5, 5, 5, 5, 5, 5, 0, 4, 4, 4, 4, 5, 5, 5, 5, 4, 4, 4, 4, 5, 5, 5, 5, 4, 4, 4, 4, 5, 5, 5, 5, 4, 4, 4, 4, 5, 5, 5, 5, 4, 4, 4, 4, 0, 5, 5, 5, 5, 5, 5, 5, 5, 5, 5, 5, 5, 5]
[5, 5, 5, 5, 5, 5, 5, 5, 5, 5, 5, 5, 5, 0, 4, 4, 4, 4, 5, 5, 5, 5, 4, 4, 4, 4, 5, 5, 5, 5, 4, 4, 4, 4, 5, 5, 5, 5, 4, 4, 4, 4, 5, 5, 5, 5, 4, 4, 4, 4, 0, 5, 5, 5, 5, 5, 5, 5, 5, 5, 5, 5, 5, 5]
[5, 5, 5, 5, 5, 5, 5, 5, 5, 5, 5, 5, 5, 0, 5, 5, 5, 5, 4, 4, 4, 4, 5, 5, 5, 5, 4, 4, 4, 11, 5, 5, 5, 5, 11, 4, 4, 4, 5, 5, 5, 5, 4, 4, 4, 4, 5, 5, 5, 5, 0, 5, 5, 5, 5, 5, 5, 5, 5, 5, 5, 5, 5, 5]
[5, 5, 5, 5, 5, 5, 5, 5, 5, 5, 5, 5, 5, 0, 5, 5, 5, 5, 4, 4, 4, 4, 5, 5, 5, 5, 4, 4, 4, 11, 5, 5, 5, 5, 11, 4, 4, 4, 5, 5, 5, 5, 4, 4, 4, 4, 5, 5, 5, 5, 0, 5, 5, 5, 5, 5, 5, 5, 5, 5, 5, 5, 5, 5]
[5, 5, 5, 5, 5, 5, 5, 5, 5, 5, 5, 5, 5, 0, 5, 5, 5, 5, 4, 4, 4, 4, 5, 5, 5, 5, 4, 4, 4, 11, 5, 5, 5, 5, 11, 4, 4, 4, 5, 5, 5, 5, 4, 4, 4, 4, 5, 5, 5, 5, 0, 5, 5, 5, 5, 5, 5, 5, 5, 5, 5, 5, 5, 5]
[5, 5, 5, 5, 5, 5, 5, 5, 5, 5, 5, 5, 5, 0, 5, 5, 5, 5, 4, 4, 4, 4, 5, 5, 5, 5, 4, 4, 4, 11, 5, 11, 11, 5, 11, 4, 4, 4, 5, 5, 5, 5, 4, 4, 4, 4, 5, 5, 5, 5, 0, 5, 5, 5, 5, 5, 5, 5, 5, 5, 5, 5, 5, 5]
[5, 5, 5, 5, 5, 5, 5, 5, 5, 5, 5, 5, 5, 0, 4, 4, 4, 4, 5, 5, 5, 5, 4, 4, 4, 4, 5, 5, 5, 11, 11, 11, 11, 11, 11, 5, 5, 5, 4, 4, 4, 4, 5, 5, 5, 5, 4, 4, 4, 4, 0, 5, 5, 5, 5, 5, 5, 5, 5, 5, 5, 5, 5, 5]
[5, 5, 5, 5, 5, 5, 5, 5, 5, 5, 5, 5, 5, 0, 4, 4, 4, 4, 5, 5, 5, 5, 4, 4, 4, 4, 5, 5, 5, 5, 4, 4, 4, 4, 5, 5, 5, 5, 4, 4, 4, 4, 5, 5, 5, 5, 4, 4, 4, 4, 0, 5, 5, 5, 5, 5, 5, 5, 5, 5, 5, 5, 5, 5]
[5, 5, 5, 5, 5, 5, 5, 5, 5, 5, 5, 5, 5, 0, 4, 4, 4, 4, 5, 5, 5, 5, 4, 4, 4, 4, 5, 5, 5, 5, 4, 4, 4, 4, 5, 5, 5, 5, 4, 4, 4, 4, 5, 5, 5, 5, 4, 4, 4, 4, 0, 5, 5, 5, 5, 5, 5, 5, 5, 5, 5, 5, 5, 5]
[5, 5, 5, 5, 5, 5, 5, 5, 5, 5, 5, 5, 5, 0, 4, 4, 4, 4, 5, 5, 5, 5, 4, 4, 4, 4, 5, 5, 5, 5, 4, 4, 4, 4, 5, 5, 5, 5, 4, 4, 4, 4, 5, 5, 5, 5, 4, 4, 4, 4, 0, 5, 5, 5, 5, 5, 5, 5, 5, 5, 5, 5, 5, 5]
[5, 5, 5, 5, 5, 5, 5, 5, 5, 5, 5, 5, 5, 0, 0, 0, 0, 0, 0, 0, 0, 0, 0, 0, 0, 0, 0, 0, 0, 0, 0, 0, 0, 0, 0, 0, 0, 0, 0, 0, 0, 0, 0, 0, 0, 0, 0, 0, 0, 0, 0, 5, 5, 5, 5, 5, 5, 5, 5, 5, 5, 5, 5, 5]
[5, 5, 5, 5, 5, 5, 5, 5, 5, 5, 5, 5, 5, 0, 0, 0, 0, 0, 0, 0, 5, 5, 5, 0, 0, 5, 5, 5, 0, 0, 5, 5, 5, 0, 0, 1, 1, 1, 0, 0, 1, 1, 1, 0, 0, 0, 0, 0, 0, 0, 0, 5, 5, 5, 5, 5, 5, 5, 5, 5, 5, 5, 5, 5]
[5, 5, 5, 5, 5, 5, 5, 5, 5, 5, 5, 5, 5, 0, 0, 0, 0, 0, 0, 0, 0, 0, 0, 0, 0, 0, 0, 0, 0, 0, 0, 0, 0, 0, 0, 0, 0, 0, 0, 0, 0, 0, 0, 0, 0, 0, 0, 0, 0, 0, 0, 5, 5, 5, 5, 5, 5, 5, 5, 5, 5, 5, 5, 5]
[5, 5, 5, 5, 5, 5, 5, 5, 5, 5, 5, 5, 5, 0, 0, 0, 0, 0, 0, 0, 0, 5, 0, 0, 0, 0, 1, 0, 0, 0, 0, 5, 0, 0, 0, 0, 1, 0, 0, 0, 0, 1, 0, 0, 0, 0, 0, 0, 0, 0, 0, 5, 5, 5, 5, 5, 5, 5, 5, 5, 5, 5, 5, 5]
[5, 5, 5, 5, 5, 5, 5, 5, 5, 5, 5, 5, 5, 0, 0, 0, 0, 0, 0, 0, 0, 5, 0, 0, 0, 0, 1, 0, 0, 0, 0, 5, 0, 0, 0, 0, 1, 0, 0, 0, 0, 1, 0, 0, 0, 0, 0, 0, 0, 0, 0, 5, 5, 5, 5, 5, 5, 5, 5, 5, 5, 5, 5, 5]
[5, 5, 5, 5, 5, 5, 5, 5, 5, 5, 5, 5, 5, 0, 0, 0, 0, 0, 0, 0, 0, 5, 0, 0, 0, 0, 1, 0, 0, 0, 0, 5, 0, 0, 0, 0, 1, 0, 0, 0, 0, 1, 0, 0, 0, 0, 0, 0, 0, 0, 0, 5, 5, 5, 5, 5, 5, 5, 5, 5, 5, 5, 5, 5]
[5, 5, 5, 5, 5, 5, 5, 5, 5, 5, 5, 5, 5, 0, 0, 0, 0, 0, 0, 0, 0, 0, 0, 0, 0, 0, 0, 0, 0, 0, 0, 0, 0, 0, 0, 0, 0, 0, 0, 0, 0, 0, 0, 0, 0, 0, 0, 0, 0, 0, 0, 5, 5, 5, 5, 5, 5, 5, 5, 5, 5, 5, 5, 5]
[5, 5, 5, 5, 5, 5, 5, 5, 5, 5, 5, 5, 5, 5, 5, 5, 5, 5, 5, 5, 5, 5, 5, 5, 5, 5, 5, 5, 5, 5, 5, 5, 5, 5, 5, 5, 5, 5, 5, 5, 5, 5, 5, 5, 5, 5, 5, 5, 0, 5, 5, 5, 5, 5, 5, 5, 5, 5, 5, 5, 5, 5, 5, 5]
[5, 5, 5, 5, 5, 5, 5, 5, 5, 5, 5, 5, 5, 5, 5, 5, 5, 5, 5, 5, 5, 5, 5, 5, 5, 5, 5, 5, 5, 5, 5, 5, 5, 5, 5, 5, 0, 0, 0, 0, 0, 0, 0, 0, 0, 0, 0, 0, 0, 5, 5, 5, 5, 5, 5, 5, 5, 5, 5, 5, 5, 5, 5, 5]
[5, 5, 5, 5, 5, 5, 5, 5, 5, 5, 5, 5, 5, 5, 5, 5, 5, 5, 5, 5, 5, 5, 5, 5, 5, 5, 5, 5, 5, 5, 5, 5, 5, 5, 5, 5, 0, 5, 5, 5, 5, 5, 5, 5, 5, 5, 5, 5, 5, 5, 5, 5, 5, 5, 5, 5, 5, 5, 5, 5, 5, 5, 5, 5]
[5, 5, 5, 5, 5, 5, 5, 5, 5, 5, 5, 5, 5, 5, 5, 5, 5, 5, 5, 5, 5, 5, 5, 5, 5, 5, 5, 5, 5, 5, 5, 5, 5, 5, 9, 9, 9, 9, 9, 5, 5, 5, 5, 5, 5, 5, 5, 5, 5, 5, 5, 5, 5, 5, 5, 5, 5, 5, 5, 5, 5, 5, 5, 5]
[5, 5, 5, 5, 5, 5, 5, 5, 5, 5, 5, 5, 5, 5, 5, 5, 5, 5, 5, 5, 5, 5, 5, 5, 5, 5, 5, 5, 5, 5, 5, 5, 5, 9, 9, 9, 9, 9, 9, 9, 5, 5, 5, 5, 5, 5, 5, 5, 5, 5, 5, 5, 5, 5, 5, 5, 5, 5, 5, 5, 5, 5, 5, 5]
[5, 5, 5, 5, 5, 5, 5, 5, 5, 5, 5, 5, 5, 5, 5, 5, 5, 5, 5, 5, 5, 5, 5, 5, 5, 5, 5, 5, 5, 5, 5, 5, 9, 9, 9, 9, 9, 9, 9, 9, 9, 5, 5, 5, 5, 5, 5, 5, 5, 5, 5, 5, 5, 5, 5, 5, 5, 5, 5, 5, 5, 5, 5, 5]
[5, 5, 5, 5, 5, 5, 5, 5, 5, 5, 5, 5, 5, 5, 5, 5, 5, 5, 5, 5, 5, 5, 5, 5, 5, 5, 5, 5, 5, 5, 5, 5, 9, 9, 9, 9, 9, 9, 9, 9, 9, 5, 5, 5, 5, 5, 5, 5, 5, 5, 5, 5, 5, 5, 5, 5, 5, 5, 5, 5, 5, 5, 5, 5]
[5, 5, 5, 5, 5, 5, 5, 5, 5, 5, 5, 5, 5, 5, 5, 5, 5, 5, 5, 5, 5, 5, 5, 5, 5, 5, 5, 5, 5, 5, 5, 5, 9, 9, 9, 9, 9, 9, 9, 9, 9, 5, 5, 5, 5, 5, 5, 5, 5, 5, 5, 5, 5, 5, 5, 5, 5, 5, 5, 5, 5, 5, 5, 5]
[5, 5, 5, 5, 5, 5, 5, 5, 5, 5, 5, 5, 5, 5, 5, 5, 5, 5, 5, 5, 5, 5, 5, 5, 5, 5, 5, 5, 5, 5, 5, 5, 9, 9, 9, 9, 9, 9, 9, 9, 9, 5, 5, 5, 5, 5, 5, 5, 5, 5, 5, 5, 5, 5, 5, 5, 5, 5, 5, 5, 5, 5, 5, 5]
[5, 5, 5, 5, 5, 5, 5, 5, 5, 5, 5, 5, 5, 5, 5, 5, 5, 5, 5, 5, 5, 5, 5, 5, 5, 5, 5, 5, 5, 5, 5, 5, 9, 9, 9, 9, 9, 9, 9, 9, 9, 5, 5, 5, 5, 5, 5, 5, 5, 5, 5, 5, 5, 5, 5, 5, 5, 5, 5, 5, 5, 5, 5, 5]
[5, 5, 5, 5, 5, 5, 5, 5, 5, 5, 5, 5, 5, 5, 5, 5, 5, 5, 5, 5, 5, 5, 5, 5, 5, 5, 5, 5, 5, 5, 5, 5, 5, 9, 9, 9, 9, 9, 9, 9, 5, 5, 5, 5, 5, 5, 5, 5, 5, 5, 5, 5, 5, 5, 5, 5, 5, 5, 5, 5, 5, 5, 5, 5]
[5, 5, 5, 5, 5, 5, 5, 5, 5, 5, 5, 5, 5, 5, 5, 5, 5, 5, 5, 5, 5, 5, 5, 5, 5, 5, 5, 5, 5, 5, 5, 5, 5, 5, 9, 9, 9, 9, 9, 5, 5, 5, 5, 5, 5, 5, 5, 5, 5, 5, 5, 5, 5, 5, 5, 5, 5, 5, 5, 5, 5, 5, 5, 5]
[5, 5, 5, 5, 5, 5, 5, 5, 5, 5, 5, 5, 5, 5, 5, 5, 5, 5, 5, 5, 5, 5, 5, 5, 5, 5, 5, 5, 5, 5, 5, 5, 5, 5, 5, 5, 5, 5, 5, 5, 5, 5, 5, 5, 5, 5, 5, 5, 5, 5, 5, 5, 5, 5, 5, 5, 5, 5, 5, 5, 5, 5, 5, 5]
[5, 5, 5, 5, 5, 5, 5, 5, 5, 5, 5, 5, 5, 5, 5, 5, 5, 5, 5, 5, 5, 5, 5, 5, 5, 5, 5, 5, 5, 5, 5, 5, 5, 5, 5, 5, 5, 5, 5, 5, 5, 5, 5, 5, 5, 5, 5, 5, 5, 5, 5, 5, 5, 5, 5, 5, 5, 5, 5, 5, 5, 5, 5, 5]
[5, 5, 5, 5, 5, 5, 5, 5, 5, 5, 5, 5, 5, 5, 5, 5, 5, 5, 5, 5, 5, 5, 5, 5, 5, 5, 5, 5, 5, 5, 5, 5, 5, 5, 5, 5, 5, 5, 5, 5, 5, 5, 5, 5, 5, 5, 5, 5, 5, 5, 5, 5, 5, 5, 5, 5, 5, 5, 5, 5, 5, 5, 5, 5]
[5, 5, 5, 5, 5, 5, 5, 5, 5, 5, 5, 5, 5, 5, 5, 5, 5, 5, 5, 5, 5, 5, 5, 5, 5, 5, 5, 5, 5, 5, 5, 5, 5, 5, 5, 5, 5, 5, 5, 5, 5, 5, 5, 5, 5, 5, 5, 5, 5, 5, 5, 5, 5, 5, 5, 5, 5, 5, 5, 5, 5, 5, 5, 5]
</grid_0>
",,0.0,False
13,ACTION6 x=36 y=42,manual,"State: NOT_FINISHED
Levels completed: 0/7
Action count: 13

========== Start of Direct Observation ==========
<grid_0>
[5, 5, 5, 5, 5, 5, 5, 5, 5, 5, 5, 5, 5, 5, 5, 5, 5, 5, 5, 5, 5, 5, 5, 5, 5, 5, 5, 5, 5, 5, 5, 5, 5, 5, 5, 5, 5, 5, 5, 5, 5, 5, 5, 5, 5, 5, 5, 5, 5, 5, 5, 5, 5, 5, 5, 5, 5, 5, 5, 5, 5, 5, 5, 5]
[5, 9, 9, 9, 9, 9, 9, 9, 9, 9, 9, 9, 9, 9, 9, 9, 9, 9, 9, 9, 9, 9, 9, 9, 9, 9, 9, 9, 9, 9, 9, 9, 9, 9, 9, 9, 9, 9, 9, 9, 9, 9, 9, 9, 9, 9, 9, 9, 9, 3, 3, 3, 3, 3, 3, 3, 3, 3, 3, 3, 3, 3, 5, 5]
[5, 5, 5, 5, 5, 5, 5, 5, 5, 5, 5, 5, 5, 5, 5, 5, 5, 5, 5, 5, 5, 5, 5, 5, 5, 5, 5, 5, 5, 5, 5, 5, 5, 5, 5, 5, 5, 5, 5, 5, 5, 5, 5, 5, 5, 5, 5, 5, 5, 5, 5, 5, 5, 5, 5, 5, 5, 5, 5, 5, 5, 5, 5, 5]
[5, 5, 5, 5, 5, 5, 5, 5, 5, 5, 5, 5, 5, 5, 5, 5, 5, 5, 5, 5, 5, 5, 5, 5, 5, 5, 5, 5, 5, 5, 5, 5, 5, 5, 5, 5, 5, 5, 5, 5, 5, 5, 5, 5, 5, 5, 5, 5, 5, 5, 5, 5, 5, 5, 5, 5, 5, 5, 5, 5, 5, 5, 5, 5]
[5, 5, 5, 5, 5, 5, 5, 5, 5, 5, 5, 5, 5, 5, 5, 5, 5, 5, 5, 5, 5, 5, 5, 5, 5, 5, 5, 5, 5, 5, 5, 5, 5, 5, 5, 5, 5, 5, 5, 5, 5, 5, 5, 5, 5, 5, 5, 5, 5, 5, 5, 5, 5, 5, 5, 5, 5, 5, 5, 5, 5, 5, 5, 5]
[5, 5, 5, 5, 5, 5, 5, 5, 5, 5, 5, 5, 5, 5, 5, 5, 5, 5, 5, 5, 5, 5, 5, 5, 5, 5, 5, 5, 5, 5, 5, 5, 5, 5, 5, 5, 5, 5, 5, 5, 5, 5, 5, 5, 5, 5, 5, 5, 5, 5, 5, 5, 5, 5, 5, 5, 5, 5, 5, 5, 5, 5, 5, 5]
[5, 5, 5, 5, 5, 5, 5, 5, 5, 5, 5, 5, 5, 5, 5, 5, 5, 5, 5, 5, 5, 5, 5, 5, 5, 5, 5, 5, 5, 5, 5, 5, 5, 5, 5, 5, 5, 5, 5, 5, 5, 5, 5, 5, 5, 5, 5, 5, 5, 5, 5, 5, 5, 5, 5, 5, 5, 5, 5, 5, 5, 5, 5, 5]
[5, 5, 5, 5, 5, 5, 5, 5, 5, 5, 5, 5, 5, 5, 5, 5, 5, 5, 5, 5, 5, 5, 5, 5, 5, 5, 5, 5, 5, 5, 5, 5, 5, 5, 5, 5, 5, 5, 5, 5, 5, 5, 5, 5, 5, 5, 5, 5, 5, 5, 5, 5, 5, 5, 5, 5, 5, 5, 5, 5, 5, 5, 5, 5]
[5, 5, 5, 5, 5, 5, 5, 5, 5, 5, 5, 5, 5, 0, 0, 0, 0, 0, 0, 0, 0, 0, 0, 0, 0, 0, 0, 0, 0, 0, 0, 0, 0, 0, 0, 0, 0, 0, 0, 0, 0, 0, 0, 0, 0, 0, 0, 0, 0, 0, 0, 5, 5, 5, 5, 5, 5, 5, 5, 5, 5, 5, 5, 5]
[5, 5, 5, 5, 5, 5, 5, 5, 5, 5, 5, 5, 5, 0, 5, 5, 5, 5, 4, 4, 4, 4, 5, 5, 5, 5, 4, 4, 4, 4, 5, 5, 5, 5, 4, 4, 4, 4, 5, 5, 5, 5, 4, 4, 4, 4, 5, 5, 5, 5, 0, 5, 5, 5, 5, 5, 5, 5, 5, 5, 5, 5, 5, 5]
[5, 5, 5, 5, 5, 5, 5, 5, 5, 5, 5, 5, 5, 0, 5, 5, 5, 5, 4, 4, 4, 4, 5, 5, 5, 5, 4, 4, 4, 4, 5, 5, 5, 5, 4, 4, 4, 4, 5, 5, 5, 5, 4, 4, 4, 4, 5, 5, 5, 5, 0, 5, 5, 5, 5, 5, 5, 5, 5, 5, 5, 5, 5, 5]
[5, 5, 5, 5, 5, 5, 5, 5, 5, 5, 5, 5, 5, 0, 5, 5, 5, 5, 4, 4, 4, 4, 5, 5, 5, 5, 4, 4, 4, 4, 5, 5, 5, 5, 4, 4, 4, 4, 5, 5, 5, 5, 4, 4, 4, 4, 5, 5, 5, 5, 0, 5, 5, 5, 5, 5, 5, 5, 5, 5, 5, 5, 5, 5]
[5, 5, 5, 5, 5, 5, 5, 5, 5, 5, 5, 5, 5, 0, 5, 5, 5, 5, 4, 4, 4, 4, 5, 5, 5, 5, 4, 4, 4, 4, 5, 5, 5, 5, 4, 4, 4, 4, 5, 5, 5, 5, 4, 4, 4, 4, 5, 5, 5, 5, 0, 5, 5, 5, 5, 5, 5, 5, 5, 5, 5, 5, 5, 5]
[5, 5, 5, 5, 5, 5, 5, 5, 5, 5, 5, 5, 5, 0, 4, 4, 4, 4, 5, 5, 5, 5, 4, 4, 4, 4, 5, 5, 5, 5, 11, 11, 11, 11, 5, 5, 5, 5, 4, 4, 4, 4, 5, 5, 5, 5, 4, 4, 4, 4, 0, 5, 5, 5, 5, 5, 5, 5, 5, 5, 5, 5, 5, 5]
[5, 5, 5, 5, 5, 5, 5, 5, 5, 5, 5, 5, 5, 0, 4, 4, 4, 4, 5, 5, 5, 5, 4, 4, 4, 4, 5, 5, 5, 5, 11, 11, 11, 11, 5, 5, 5, 5, 4, 4, 4, 4, 5, 5, 5, 5, 4, 4, 4, 4, 0, 5, 5, 5, 5, 5, 5, 5, 5, 5, 5, 5, 5, 5]
[5, 5, 5, 5, 5, 5, 5, 5, 5, 5, 5, 5, 5, 0, 4, 4, 4, 4, 5, 5, 5, 5, 4, 4, 4, 4, 5, 5, 5, 5, 11, 11, 11, 11, 5, 5, 5, 5, 4, 4, 4, 4, 5, 5, 5, 5, 4, 4, 4, 4, 0, 5, 5, 5, 5, 5, 5, 5, 5, 5, 5, 5, 5, 5]
[5, 5, 5, 5, 5, 5, 5, 5, 5, 5, 5, 5, 5, 0, 4, 4, 4, 4, 5, 5, 5, 5, 4, 4, 4, 4, 5, 5, 5, 5, 11, 4, 4, 11, 5, 5, 5, 5, 4, 4, 4, 4, 5, 5, 5, 5, 4, 4, 4, 4, 0, 5, 5, 5, 5, 5, 5, 5, 5, 5, 5, 5, 5, 5]
[5, 5, 5, 5, 5, 5, 5, 5, 5, 5, 5, 5, 5, 0, 5, 5, 5, 5, 4, 4, 4, 4, 5, 5, 5, 5, 4, 4, 4, 4, 5, 5, 5, 5, 4, 4, 4, 4, 5, 5, 5, 5, 4, 4, 4, 4, 5, 5, 5, 5, 0, 5, 5, 5, 5, 5, 5, 5, 5, 5, 5, 5, 5, 5]
[5, 5, 5, 5, 5, 5, 5, 5, 5, 5, 5, 5, 5, 0, 5, 5, 5, 5, 4, 4, 4, 4, 5, 5, 5, 5, 4, 4, 4, 4, 5, 5, 5, 5, 4, 4, 4, 4, 5, 5, 5, 5, 4, 4, 4, 4, 5, 5, 5, 5, 0, 5, 5, 5, 5, 5, 5, 5, 5, 5, 5, 5, 5, 5]
[5, 5, 5, 5, 5, 5, 5, 5, 5, 5, 5, 5, 5, 0, 5, 5, 5, 5, 4, 4, 4, 4, 5, 5, 5, 5, 4, 4, 4, 4, 5, 5, 5, 5, 4, 4, 4, 4, 5, 5, 5, 5, 4, 4, 4, 4, 5, 5, 5, 5, 0, 5, 5, 5, 5, 5, 5, 5, 5, 5, 5, 5, 5, 5]
[5, 5, 5, 5, 5, 5, 5, 5, 5, 5, 5, 5, 5, 0, 5, 5, 5, 5, 4, 4, 4, 4, 5, 5, 5, 5, 4, 4, 4, 4, 5, 5, 5, 5, 4, 4, 4, 4, 5, 5, 5, 5, 4, 4, 4, 4, 5, 5, 5, 5, 0, 5, 5, 5, 5, 5, 5, 5, 5, 5, 5, 5, 5, 5]
[5, 5, 5, 5, 5, 5, 5, 5, 5, 5, 5, 5, 5, 0, 4, 4, 4, 4, 5, 5, 5, 5, 4, 4, 4, 4, 5, 5, 5, 5, 4, 4, 4, 4, 5, 5, 5, 5, 4, 4, 4, 4, 5, 5, 5, 5, 4, 4, 4, 4, 0, 5, 5, 5, 5, 5, 5, 5, 5, 5, 5, 5, 5, 5]
[5, 5, 5, 5, 5, 5, 5, 5, 5, 5, 5, 5, 5, 0, 4, 4, 4, 4, 5, 5, 5, 5, 4, 4, 4, 4, 5, 5, 5, 5, 4, 4, 4, 4, 5, 5, 5, 5, 4, 4, 4, 4, 5, 5, 5, 5, 4, 4, 4, 4, 0, 5, 5, 5, 5, 5, 5, 5, 5, 5, 5, 5, 5, 5]
[5, 5, 5, 5, 5, 5, 5, 5, 5, 5, 5, 5, 5, 0, 4, 4, 4, 4, 5, 5, 5, 5, 4, 4, 4, 4, 5, 5, 5, 5, 4, 4, 4, 4, 5, 5, 5, 5, 4, 4, 4, 4, 5, 5, 5, 5, 4, 4, 4, 4, 0, 5, 5, 5, 5, 5, 5, 5, 5, 5, 5, 5, 5, 5]
[5, 5, 5, 5, 5, 5, 5, 5, 5, 5, 5, 5, 5, 0, 4, 4, 4, 4, 5, 5, 5, 5, 4, 4, 4, 4, 5, 5, 5, 5, 4, 4, 4, 4, 5, 5, 5, 5, 4, 4, 4, 4, 5, 5, 5, 5, 4, 4, 4, 4, 0, 5, 5, 5, 5, 5, 5, 5, 5, 5, 5, 5, 5, 5]
[5, 5, 5, 5, 5, 5, 5, 5, 5, 5, 5, 5, 5, 0, 5, 5, 5, 5, 4, 4, 4, 4, 5, 5, 5, 5, 4, 4, 4, 4, 5, 5, 5, 5, 4, 4, 4, 4, 5, 5, 5, 5, 4, 4, 4, 4, 5, 5, 5, 5, 0, 5, 5, 5, 5, 5, 5, 5, 5, 5, 5, 5, 5, 5]
[5, 5, 5, 5, 5, 5, 5, 5, 5, 5, 5, 5, 5, 0, 5, 5, 5, 5, 4, 4, 4, 4, 5, 5, 5, 5, 4, 4, 4, 4, 5, 5, 5, 5, 4, 4, 4, 4, 5, 5, 5, 5, 4, 4, 4, 4, 5, 5, 5, 5, 0, 5, 5, 5, 5, 5, 5, 5, 5, 5, 5, 5, 5, 5]
[5, 5, 5, 5, 5, 5, 5, 5, 5, 5, 5, 5, 5, 0, 5, 5, 5, 5, 4, 4, 4, 4, 5, 5, 5, 5, 4, 4, 4, 4, 5, 5, 5, 5, 4, 4, 4, 4, 5, 5, 5, 5, 4, 4, 4, 4, 5, 5, 5, 5, 0, 5, 5, 5, 5, 5, 5, 5, 5, 5, 5, 5, 5, 5]
[5, 5, 5, 5, 5, 5, 5, 5, 5, 5, 5, 5, 5, 0, 5, 5, 5, 5, 4, 4, 4, 4, 5, 5, 5, 5, 4, 4, 4, 4, 5, 5, 5, 5, 4, 4, 4, 4, 5, 5, 5, 5, 4, 4, 4, 4, 5, 5, 5, 5, 0, 5, 5, 5, 5, 5, 5, 5, 5, 5, 5, 5, 5, 5]
[5, 5, 5, 5, 5, 5, 5, 5, 5, 5, 5, 5, 5, 0, 4, 4, 4, 4, 5, 5, 5, 5, 4, 4, 4, 4, 5, 5, 5, 5, 4, 4, 4, 4, 5, 5, 5, 5, 4, 4, 4, 4, 5, 5, 5, 5, 4, 4, 4, 4, 0, 5, 5, 5, 5, 5, 5, 5, 5, 5, 5, 5, 5, 5]
[5, 5, 5, 5, 5, 5, 5, 5, 5, 5, 5, 5, 5, 0, 4, 4, 4, 4, 5, 5, 5, 5, 4, 4, 4, 4, 5, 5, 5, 5, 4, 4, 4, 4, 5, 5, 5, 5, 4, 4, 4, 4, 5, 5, 5, 5, 4, 4, 4, 4, 0, 5, 5, 5, 5, 5, 5, 5, 5, 5, 5, 5, 5, 5]
[5, 5, 5, 5, 5, 5, 5, 5, 5, 5, 5, 5, 5, 0, 4, 4, 4, 4, 5, 5, 5, 5, 4, 4, 4, 4, 5, 5, 5, 5, 4, 4, 4, 4, 5, 5, 5, 5, 4, 4, 4, 4, 5, 5, 5, 5, 4, 4, 4, 4, 0, 5, 5, 5, 5, 5, 5, 5, 5, 5, 5, 5, 5, 5]
[5, 5, 5, 5, 5, 5, 5, 5, 5, 5, 5, 5, 5, 0, 4, 4, 4, 4, 5, 5, 5, 5, 4, 4, 4, 4, 5, 5, 5, 5, 4, 4, 4, 4, 5, 5, 5, 5, 4, 4, 4, 4, 5, 5, 5, 5, 4, 4, 4, 4, 0, 5, 5, 5, 5, 5, 5, 5, 5, 5, 5, 5, 5, 5]
[5, 5, 5, 5, 5, 5, 5, 5, 5, 5, 5, 5, 5, 0, 5, 5, 5, 5, 4, 4, 4, 4, 5, 5, 5, 5, 4, 4, 4, 11, 5, 5, 5, 5, 11, 4, 4, 4, 5, 5, 5, 5, 4, 4, 4, 4, 5, 5, 5, 5, 0, 5, 5, 5, 5, 5, 5, 5, 5, 5, 5, 5, 5, 5]
[5, 5, 5, 5, 5, 5, 5, 5, 5, 5, 5, 5, 5, 0, 5, 5, 5, 5, 4, 4, 4, 4, 5, 5, 5, 5, 4, 4, 4, 11, 5, 5, 5, 5, 11, 4, 4, 4, 5, 5, 5, 5, 4, 4, 4, 4, 5, 5, 5, 5, 0, 5, 5, 5, 5, 5, 5, 5, 5, 5, 5, 5, 5, 5]
[5, 5, 5, 5, 5, 5, 5, 5, 5, 5, 5, 5, 5, 0, 5, 5, 5, 5, 4, 4, 4, 4, 5, 5, 5, 5, 4, 4, 4, 11, 5, 5, 5, 5, 11, 4, 4, 4, 5, 5, 5, 5, 4, 4, 4, 4, 5, 5, 5, 5, 0, 5, 5, 5, 5, 5, 5, 5, 5, 5, 5, 5, 5, 5]
[5, 5, 5, 5, 5, 5, 5, 5, 5, 5, 5, 5, 5, 0, 5, 5, 5, 5, 4, 4, 4, 4, 5, 5, 5, 5, 4, 4, 4, 11, 5, 11, 11, 5, 11, 4, 4, 4, 5, 5, 5, 5, 4, 4, 4, 4, 5, 5, 5, 5, 0, 5, 5, 5, 5, 5, 5, 5, 5, 5, 5, 5, 5, 5]
[5, 5, 5, 5, 5, 5, 5, 5, 5, 5, 5, 5, 5, 0, 4, 4, 4, 4, 5, 5, 5, 5, 4, 4, 4, 4, 5, 5, 5, 11, 11, 11, 11, 11, 11, 5, 5, 5, 4, 4, 4, 4, 5, 5, 5, 5, 4, 4, 4, 4, 0, 5, 5, 5, 5, 5, 5, 5, 5, 5, 5, 5, 5, 5]
[5, 5, 5, 5, 5, 5, 5, 5, 5, 5, 5, 5, 5, 0, 4, 4, 4, 4, 5, 5, 5, 5, 4, 4, 4, 4, 5, 5, 5, 5, 4, 4, 4, 4, 5, 5, 5, 5, 4, 4, 4, 4, 5, 5, 5, 5, 4, 4, 4, 4, 0, 5, 5, 5, 5, 5, 5, 5, 5, 5, 5, 5, 5, 5]
[5, 5, 5, 5, 5, 5, 5, 5, 5, 5, 5, 5, 5, 0, 4, 4, 4, 4, 5, 5, 5, 5, 4, 4, 4, 4, 5, 5, 5, 5, 4, 4, 4, 4, 5, 5, 5, 5, 4, 4, 4, 4, 5, 5, 5, 5, 4, 4, 4, 4, 0, 5, 5, 5, 5, 5, 5, 5, 5, 5, 5, 5, 5, 5]
[5, 5, 5, 5, 5, 5, 5, 5, 5, 5, 5, 5, 5, 0, 4, 4, 4, 4, 5, 5, 5, 5, 4, 4, 4, 4, 5, 5, 5, 5, 4, 4, 4, 4, 5, 5, 5, 5, 4, 4, 4, 4, 5, 5, 5, 5, 4, 4, 4, 4, 0, 5, 5, 5, 5, 5, 5, 5, 5, 5, 5, 5, 5, 5]
[5, 5, 5, 5, 5, 5, 5, 5, 5, 5, 5, 5, 5, 0, 0, 0, 0, 0, 0, 0, 0, 0, 0, 0, 0, 0, 0, 0, 0, 0, 0, 0, 0, 0, 0, 0, 0, 0, 0, 0, 0, 0, 0, 0, 0, 0, 0, 0, 0, 0, 0, 5, 5, 5, 5, 5, 5, 5, 5, 5, 5, 5, 5, 5]
[5, 5, 5, 5, 5, 5, 5, 5, 5, 5, 5, 5, 5, 0, 0, 0, 0, 0, 0, 0, 5, 5, 5, 0, 0, 5, 5, 5, 0, 0, 5, 5, 5, 0, 0, 1, 1, 1, 0, 0, 1, 1, 1, 0, 0, 0, 0, 0, 0, 0, 0, 5, 5, 5, 5, 5, 5, 5, 5, 5, 5, 5, 5, 5]
[5, 5, 5, 5, 5, 5, 5, 5, 5, 5, 5, 5, 5, 0, 0, 0, 0, 0, 0, 0, 0, 0, 0, 0, 0, 0, 0, 0, 0, 0, 0, 0, 0, 0, 0, 0, 0, 0, 0, 0, 0, 0, 0, 0, 0, 0, 0, 0, 0, 0, 0, 5, 5, 5, 5, 5, 5, 5, 5, 5, 5, 5, 5, 5]
[5, 5, 5, 5, 5, 5, 5, 5, 5, 5, 5, 5, 5, 0, 0, 0, 0, 0, 0, 0, 0, 5, 0, 0, 0, 0, 5, 0, 0, 0, 0, 5, 0, 0, 0, 0, 1, 0, 0, 0, 0, 1, 0, 0, 0, 0, 0, 0, 0, 0, 0, 5, 5, 5, 5, 5, 5, 5, 5, 5, 5, 5, 5, 5]
[5, 5, 5, 5, 5, 5, 5, 5, 5, 5, 5, 5, 5, 0, 0, 0, 0, 0, 0, 0, 0, 5, 0, 0, 0, 0, 5, 0, 0, 0, 0, 5, 0, 0, 0, 0, 1, 0, 0, 0, 0, 1, 0, 0, 0, 0, 0, 0, 0, 0, 0, 5, 5, 5, 5, 5, 5, 5, 5, 5, 5, 5, 5, 5]
[5, 5, 5, 5, 5, 5, 5, 5, 5, 5, 5, 5, 5, 0, 0, 0, 0, 0, 0, 0, 0, 5, 0, 0, 0, 0, 5, 0, 0, 0, 0, 5, 0, 0, 0, 0, 1, 0, 0, 0, 0, 1, 0, 0, 0, 0, 0, 0, 0, 0, 0, 5, 5, 5, 5, 5, 5, 5, 5, 5, 5, 5, 5, 5]
[5, 5, 5, 5, 5, 5, 5, 5, 5, 5, 5, 5, 5, 0, 0, 0, 0, 0, 0, 0, 0, 0, 0, 0, 0, 0, 0, 0, 0, 0, 0, 0, 0, 0, 0, 0, 0, 0, 0, 0, 0, 0, 0, 0, 0, 0, 0, 0, 0, 0, 0, 5, 5, 5, 5, 5, 5, 5, 5, 5, 5, 5, 5, 5]
[5, 5, 5, 5, 5, 5, 5, 5, 5, 5, 5, 5, 5, 5, 5, 5, 5, 5, 5, 5, 5, 5, 5, 5, 5, 5, 5, 5, 5, 5, 5, 5, 5, 5, 5, 5, 5, 5, 5, 5, 5, 5, 5, 5, 5, 5, 5, 5, 0, 5, 5, 5, 5, 5, 5, 5, 5, 5, 5, 5, 5, 5, 5, 5]
[5, 5, 5, 5, 5, 5, 5, 5, 5, 5, 5, 5, 5, 5, 5, 5, 5, 5, 5, 5, 5, 5, 5, 5, 5, 5, 5, 5, 5, 5, 5, 5, 5, 5, 5, 5, 0, 0, 0, 0, 0, 0, 0, 0, 0, 0, 0, 0, 0, 5, 5, 5, 5, 5, 5, 5, 5, 5, 5, 5, 5, 5, 5, 5]
[5, 5, 5, 5, 5, 5, 5, 5, 5, 5, 5, 5, 5, 5, 5, 5, 5, 5, 5, 5, 5, 5, 5, 5, 5, 5, 5, 5, 5, 5, 5, 5, 5, 5, 5, 5, 0, 5, 5, 5, 5, 5, 5, 5, 5, 5, 5, 5, 5, 5, 5, 5, 5, 5, 5, 5, 5, 5, 5, 5, 5, 5, 5, 5]
[5, 5, 5, 5, 5, 5, 5, 5, 5, 5, 5, 5, 5, 5, 5, 5, 5, 5, 5, 5, 5, 5, 5, 5, 5, 5, 5, 5, 5, 5, 5, 5, 5, 5, 9, 9, 9, 9, 9, 5, 5, 5, 5, 5, 5, 5, 5, 5, 5, 5, 5, 5, 5, 5, 5, 5, 5, 5, 5, 5, 5, 5, 5, 5]
[5, 5, 5, 5, 5, 5, 5, 5, 5, 5, 5, 5, 5, 5, 5, 5, 5, 5, 5, 5, 5, 5, 5, 5, 5, 5, 5, 5, 5, 5, 5, 5, 5, 9, 9, 9, 9, 9, 9, 9, 5, 5, 5, 5, 5, 5, 5, 5, 5, 5, 5, 5, 5, 5, 5, 5, 5, 5, 5, 5, 5, 5, 5, 5]
[5, 5, 5, 5, 5, 5, 5, 5, 5, 5, 5, 5, 5, 5, 5, 5, 5, 5, 5, 5, 5, 5, 5, 5, 5, 5, 5, 5, 5, 5, 5, 5, 9, 9, 9, 9, 9, 9, 9, 9, 9, 5, 5, 5, 5, 5, 5, 5, 5, 5, 5, 5, 5, 5, 5, 5, 5, 5, 5, 5, 5, 5, 5, 5]
[5, 5, 5, 5, 5, 5, 5, 5, 5, 5, 5, 5, 5, 5, 5, 5, 5, 5, 5, 5, 5, 5, 5, 5, 5, 5, 5, 5, 5, 5, 5, 5, 9, 9, 9, 9, 9, 9, 9, 9, 9, 5, 5, 5, 5, 5, 5, 5, 5, 5, 5, 5, 5, 5, 5, 5, 5, 5, 5, 5, 5, 5, 5, 5]
[5, 5, 5, 5, 5, 5, 5, 5, 5, 5, 5, 5, 5, 5, 5, 5, 5, 5, 5, 5, 5, 5, 5, 5, 5, 5, 5, 5, 5, 5, 5, 5, 9, 9, 9, 9, 9, 9, 9, 9, 9, 5, 5, 5, 5, 5, 5, 5, 5, 5, 5, 5, 5, 5, 5, 5, 5, 5, 5, 5, 5, 5, 5, 5]
[5, 5, 5, 5, 5, 5, 5, 5, 5, 5, 5, 5, 5, 5, 5, 5, 5, 5, 5, 5, 5, 5, 5, 5, 5, 5, 5, 5, 5, 5, 5, 5, 9, 9, 9, 9, 9, 9, 9, 9, 9, 5, 5, 5, 5, 5, 5, 5, 5, 5, 5, 5, 5, 5, 5, 5, 5, 5, 5, 5, 5, 5, 5, 5]
[5, 5, 5, 5, 5, 5, 5, 5, 5, 5, 5, 5, 5, 5, 5, 5, 5, 5, 5, 5, 5, 5, 5, 5, 5, 5, 5, 5, 5, 5, 5, 5, 9, 9, 9, 9, 9, 9, 9, 9, 9, 5, 5, 5, 5, 5, 5, 5, 5, 5, 5, 5, 5, 5, 5, 5, 5, 5, 5, 5, 5, 5, 5, 5]
[5, 5, 5, 5, 5, 5, 5, 5, 5, 5, 5, 5, 5, 5, 5, 5, 5, 5, 5, 5, 5, 5, 5, 5, 5, 5, 5, 5, 5, 5, 5, 5, 5, 9, 9, 9, 9, 9, 9, 9, 5, 5, 5, 5, 5, 5, 5, 5, 5, 5, 5, 5, 5, 5, 5, 5, 5, 5, 5, 5, 5, 5, 5, 5]
[5, 5, 5, 5, 5, 5, 5, 5, 5, 5, 5, 5, 5, 5, 5, 5, 5, 5, 5, 5, 5, 5, 5, 5, 5, 5, 5, 5, 5, 5, 5, 5, 5, 5, 9, 9, 9, 9, 9, 5, 5, 5, 5, 5, 5, 5, 5, 5, 5, 5, 5, 5, 5, 5, 5, 5, 5, 5, 5, 5, 5, 5, 5, 5]
[5, 5, 5, 5, 5, 5, 5, 5, 5, 5, 5, 5, 5, 5, 5, 5, 5, 5, 5, 5, 5, 5, 5, 5, 5, 5, 5, 5, 5, 5, 5, 5, 5, 5, 5, 5, 5, 5, 5, 5, 5, 5, 5, 5, 5, 5, 5, 5, 5, 5, 5, 5, 5, 5, 5, 5, 5, 5, 5, 5, 5, 5, 5, 5]
[5, 5, 5, 5, 5, 5, 5, 5, 5, 5, 5, 5, 5, 5, 5, 5, 5, 5, 5, 5, 5, 5, 5, 5, 5, 5, 5, 5, 5, 5, 5, 5, 5, 5, 5, 5, 5, 5, 5, 5, 5, 5, 5, 5, 5, 5, 5, 5, 5, 5, 5, 5, 5, 5, 5, 5, 5, 5, 5, 5, 5, 5, 5, 5]
[5, 5, 5, 5, 5, 5, 5, 5, 5, 5, 5, 5, 5, 5, 5, 5, 5, 5, 5, 5, 5, 5, 5, 5, 5, 5, 5, 5, 5, 5, 5, 5, 5, 5, 5, 5, 5, 5, 5, 5, 5, 5, 5, 5, 5, 5, 5, 5, 5, 5, 5, 5, 5, 5, 5, 5, 5, 5, 5, 5, 5, 5, 5, 5]
[5, 5, 5, 5, 5, 5, 5, 5, 5, 5, 5, 5, 5, 5, 5, 5, 5, 5, 5, 5, 5, 5, 5, 5, 5, 5, 5, 5, 5, 5, 5, 5, 5, 5, 5, 5, 5, 5, 5, 5, 5, 5, 5, 5, 5, 5, 5, 5, 5, 5, 5, 5, 5, 5, 5, 5, 5, 5, 5, 5, 5, 5, 5, 5]
</grid_0>
",,0.0,False
14,ACTION6 x=36 y=45,manual,"State: NOT_FINISHED
Levels completed: 0/7
Action count: 14

========== Start of Direct Observation ==========
<grid_0>
[5, 5, 5, 5, 5, 5, 5, 5, 5, 5, 5, 5, 5, 5, 5, 5, 5, 5, 5, 5, 5, 5, 5, 5, 5, 5, 5, 5, 5, 5, 5, 5, 5, 5, 5, 5, 5, 5, 5, 5, 5, 5, 5, 5, 5, 5, 5, 5, 5, 5, 5, 5, 5, 5, 5, 5, 5, 5, 5, 5, 5, 5, 5, 5]
[5, 9, 9, 9, 9, 9, 9, 9, 9, 9, 9, 9, 9, 9, 9, 9, 9, 9, 9, 9, 9, 9, 9, 9, 9, 9, 9, 9, 9, 9, 9, 9, 9, 9, 9, 9, 9, 9, 9, 9, 9, 9, 9, 9, 9, 9, 9, 9, 3, 3, 3, 3, 3, 3, 3, 3, 3, 3, 3, 3, 3, 3, 5, 5]
[5, 5, 5, 5, 5, 5, 5, 5, 5, 5, 5, 5, 5, 5, 5, 5, 5, 5, 5, 5, 5, 5, 5, 5, 5, 5, 5, 5, 5, 5, 5, 5, 5, 5, 5, 5, 5, 5, 5, 5, 5, 5, 5, 5, 5, 5, 5, 5, 5, 5, 5, 5, 5, 5, 5, 5, 5, 5, 5, 5, 5, 5, 5, 5]
[5, 5, 5, 5, 5, 5, 5, 5, 5, 5, 5, 5, 5, 5, 5, 5, 5, 5, 5, 5, 5, 5, 5, 5, 5, 5, 5, 5, 5, 5, 5, 5, 5, 5, 5, 5, 5, 5, 5, 5, 5, 5, 5, 5, 5, 5, 5, 5, 5, 5, 5, 5, 5, 5, 5, 5, 5, 5, 5, 5, 5, 5, 5, 5]
[5, 5, 5, 5, 5, 5, 5, 5, 5, 5, 5, 5, 5, 5, 5, 5, 5, 5, 5, 5, 5, 5, 5, 5, 5, 5, 5, 5, 5, 5, 5, 5, 5, 5, 5, 5, 5, 5, 5, 5, 5, 5, 5, 5, 5, 5, 5, 5, 5, 5, 5, 5, 5, 5, 5, 5, 5, 5, 5, 5, 5, 5, 5, 5]
[5, 5, 5, 5, 5, 5, 5, 5, 5, 5, 5, 5, 5, 5, 5, 5, 5, 5, 5, 5, 5, 5, 5, 5, 5, 5, 5, 5, 5, 5, 5, 5, 5, 5, 5, 5, 5, 5, 5, 5, 5, 5, 5, 5, 5, 5, 5, 5, 5, 5, 5, 5, 5, 5, 5, 5, 5, 5, 5, 5, 5, 5, 5, 5]
[5, 5, 5, 5, 5, 5, 5, 5, 5, 5, 5, 5, 5, 5, 5, 5, 5, 5, 5, 5, 5, 5, 5, 5, 5, 5, 5, 5, 5, 5, 5, 5, 5, 5, 5, 5, 5, 5, 5, 5, 5, 5, 5, 5, 5, 5, 5, 5, 5, 5, 5, 5, 5, 5, 5, 5, 5, 5, 5, 5, 5, 5, 5, 5]
[5, 5, 5, 5, 5, 5, 5, 5, 5, 5, 5, 5, 5, 5, 5, 5, 5, 5, 5, 5, 5, 5, 5, 5, 5, 5, 5, 5, 5, 5, 5, 5, 5, 5, 5, 5, 5, 5, 5, 5, 5, 5, 5, 5, 5, 5, 5, 5, 5, 5, 5, 5, 5, 5, 5, 5, 5, 5, 5, 5, 5, 5, 5, 5]
[5, 5, 5, 5, 5, 5, 5, 5, 5, 5, 5, 5, 5, 0, 0, 0, 0, 0, 0, 0, 0, 0, 0, 0, 0, 0, 0, 0, 0, 0, 0, 0, 0, 0, 0, 0, 0, 0, 0, 0, 0, 0, 0, 0, 0, 0, 0, 0, 0, 0, 0, 5, 5, 5, 5, 5, 5, 5, 5, 5, 5, 5, 5, 5]
[5, 5, 5, 5, 5, 5, 5, 5, 5, 5, 5, 5, 5, 0, 5, 5, 5, 5, 4, 4, 4, 4, 5, 5, 5, 5, 4, 4, 4, 4, 5, 5, 5, 5, 4, 4, 4, 4, 5, 5, 5, 5, 4, 4, 4, 4, 5, 5, 5, 5, 0, 5, 5, 5, 5, 5, 5, 5, 5, 5, 5, 5, 5, 5]
[5, 5, 5, 5, 5, 5, 5, 5, 5, 5, 5, 5, 5, 0, 5, 5, 5, 5, 4, 4, 4, 4, 5, 5, 5, 5, 4, 4, 4, 4, 5, 5, 5, 5, 4, 4, 4, 4, 5, 5, 5, 5, 4, 4, 4, 4, 5, 5, 5, 5, 0, 5, 5, 5, 5, 5, 5, 5, 5, 5, 5, 5, 5, 5]
[5, 5, 5, 5, 5, 5, 5, 5, 5, 5, 5, 5, 5, 0, 5, 5, 5, 5, 4, 4, 4, 4, 5, 5, 5, 5, 4, 4, 4, 4, 5, 5, 5, 5, 4, 4, 4, 4, 5, 5, 5, 5, 4, 4, 4, 4, 5, 5, 5, 5, 0, 5, 5, 5, 5, 5, 5, 5, 5, 5, 5, 5, 5, 5]
[5, 5, 5, 5, 5, 5, 5, 5, 5, 5, 5, 5, 5, 0, 5, 5, 5, 5, 4, 4, 4, 4, 5, 5, 5, 5, 4, 4, 4, 4, 5, 5, 5, 5, 4, 4, 4, 4, 5, 5, 5, 5, 4, 4, 4, 4, 5, 5, 5, 5, 0, 5, 5, 5, 5, 5, 5, 5, 5, 5, 5, 5, 5, 5]
[5, 5, 5, 5, 5, 5, 5, 5, 5, 5, 5, 5, 5, 0, 4, 4, 4, 4, 5, 5, 5, 5, 4, 4, 4, 4, 5, 5, 5, 5, 11, 11, 11, 11, 5, 5, 5, 5, 4, 4, 4, 4, 5, 5, 5, 5, 4, 4, 4, 4, 0, 5, 5, 5, 5, 5, 5, 5, 5, 5, 5, 5, 5, 5]
[5, 5, 5, 5, 5, 5, 5, 5, 5, 5, 5, 5, 5, 0, 4, 4, 4, 4, 5, 5, 5, 5, 4, 4, 4, 4, 5, 5, 5, 5, 11, 11, 11, 11, 5, 5, 5, 5, 4, 4, 4, 4, 5, 5, 5, 5, 4, 4, 4, 4, 0, 5, 5, 5, 5, 5, 5, 5, 5, 5, 5, 5, 5, 5]
[5, 5, 5, 5, 5, 5, 5, 5, 5, 5, 5, 5, 5, 0, 4, 4, 4, 4, 5, 5, 5, 5, 4, 4, 4, 4, 5, 5, 5, 5, 11, 11, 11, 11, 5, 5, 5, 5, 4, 4, 4, 4, 5, 5, 5, 5, 4, 4, 4, 4, 0, 5, 5, 5, 5, 5, 5, 5, 5, 5, 5, 5, 5, 5]
[5, 5, 5, 5, 5, 5, 5, 5, 5, 5, 5, 5, 5, 0, 4, 4, 4, 4, 5, 5, 5, 5, 4, 4, 4, 4, 5, 5, 5, 5, 11, 4, 4, 11, 5, 5, 5, 5, 4, 4, 4, 4, 5, 5, 5, 5, 4, 4, 4, 4, 0, 5, 5, 5, 5, 5, 5, 5, 5, 5, 5, 5, 5, 5]
[5, 5, 5, 5, 5, 5, 5, 5, 5, 5, 5, 5, 5, 0, 5, 5, 5, 5, 4, 4, 4, 4, 5, 5, 5, 5, 4, 4, 4, 4, 5, 5, 5, 5, 4, 4, 4, 4, 5, 5, 5, 5, 4, 4, 4, 4, 5, 5, 5, 5, 0, 5, 5, 5, 5, 5, 5, 5, 5, 5, 5, 5, 5, 5]
[5, 5, 5, 5, 5, 5, 5, 5, 5, 5, 5, 5, 5, 0, 5, 5, 5, 5, 4, 4, 4, 4, 5, 5, 5, 5, 4, 4, 4, 4, 5, 5, 5, 5, 4, 4, 4, 4, 5, 5, 5, 5, 4, 4, 4, 4, 5, 5, 5, 5, 0, 5, 5, 5, 5, 5, 5, 5, 5, 5, 5, 5, 5, 5]
[5, 5, 5, 5, 5, 5, 5, 5, 5, 5, 5, 5, 5, 0, 5, 5, 5, 5, 4, 4, 4, 4, 5, 5, 5, 5, 4, 4, 4, 4, 5, 5, 5, 5, 4, 4, 4, 4, 5, 5, 5, 5, 4, 4, 4, 4, 5, 5, 5, 5, 0, 5, 5, 5, 5, 5, 5, 5, 5, 5, 5, 5, 5, 5]
[5, 5, 5, 5, 5, 5, 5, 5, 5, 5, 5, 5, 5, 0, 5, 5, 5, 5, 4, 4, 4, 4, 5, 5, 5, 5, 4, 4, 4, 4, 5, 5, 5, 5, 4, 4, 4, 4, 5, 5, 5, 5, 4, 4, 4, 4, 5, 5, 5, 5, 0, 5, 5, 5, 5, 5, 5, 5, 5, 5, 5, 5, 5, 5]
[5, 5, 5, 5, 5, 5, 5, 5, 5, 5, 5, 5, 5, 0, 4, 4, 4, 4, 5, 5, 5, 5, 4, 4, 4, 4, 5, 5, 5, 5, 4, 4, 4, 4, 5, 5, 5, 5, 4, 4, 4, 4, 5, 5, 5, 5, 4, 4, 4, 4, 0, 5, 5, 5, 5, 5, 5, 5, 5, 5, 5, 5, 5, 5]
[5, 5, 5, 5, 5, 5, 5, 5, 5, 5, 5, 5, 5, 0, 4, 4, 4, 4, 5, 5, 5, 5, 4, 4, 4, 4, 5, 5, 5, 5, 4, 4, 4, 4, 5, 5, 5, 5, 4, 4, 4, 4, 5, 5, 5, 5, 4, 4, 4, 4, 0, 5, 5, 5, 5, 5, 5, 5, 5, 5, 5, 5, 5, 5]
[5, 5, 5, 5, 5, 5, 5, 5, 5, 5, 5, 5, 5, 0, 4, 4, 4, 4, 5, 5, 5, 5, 4, 4, 4, 4, 5, 5, 5, 5, 4, 4, 4, 4, 5, 5, 5, 5, 4, 4, 4, 4, 5, 5, 5, 5, 4, 4, 4, 4, 0, 5, 5, 5, 5, 5, 5, 5, 5, 5, 5, 5, 5, 5]
[5, 5, 5, 5, 5, 5, 5, 5, 5, 5, 5, 5, 5, 0, 4, 4, 4, 4, 5, 5, 5, 5, 4, 4, 4, 4, 5, 5, 5, 5, 4, 4, 4, 4, 5, 5, 5, 5, 4, 4, 4, 4, 5, 5, 5, 5, 4, 4, 4, 4, 0, 5, 5, 5, 5, 5, 5, 5, 5, 5, 5, 5, 5, 5]
[5, 5, 5, 5, 5, 5, 5, 5, 5, 5, 5, 5, 5, 0, 5, 5, 5, 5, 4, 4, 4, 4, 5, 5, 5, 5, 4, 4, 4, 4, 5, 5, 5, 5, 4, 4, 4, 4, 5, 5, 5, 5, 4, 4, 4, 4, 5, 5, 5, 5, 0, 5, 5, 5, 5, 5, 5, 5, 5, 5, 5, 5, 5, 5]
[5, 5, 5, 5, 5, 5, 5, 5, 5, 5, 5, 5, 5, 0, 5, 5, 5, 5, 4, 4, 4, 4, 5, 5, 5, 5, 4, 4, 4, 4, 5, 5, 5, 5, 4, 4, 4, 4, 5, 5, 5, 5, 4, 4, 4, 4, 5, 5, 5, 5, 0, 5, 5, 5, 5, 5, 5, 5, 5, 5, 5, 5, 5, 5]
[5, 5, 5, 5, 5, 5, 5, 5, 5, 5, 5, 5, 5, 0, 5, 5, 5, 5, 4, 4, 4, 4, 5, 5, 5, 5, 4, 4, 4, 4, 5, 5, 5, 5, 4, 4, 4, 4, 5, 5, 5, 5, 4, 4, 4, 4, 5, 5, 5, 5, 0, 5, 5, 5, 5, 5, 5, 5, 5, 5, 5, 5, 5, 5]
[5, 5, 5, 5, 5, 5, 5, 5, 5, 5, 5, 5, 5, 0, 5, 5, 5, 5, 4, 4, 4, 4, 5, 5, 5, 5, 4, 4, 4, 4, 5, 5, 5, 5, 4, 4, 4, 4, 5, 5, 5, 5, 4, 4, 4, 4, 5, 5, 5, 5, 0, 5, 5, 5, 5, 5, 5, 5, 5, 5, 5, 5, 5, 5]
[5, 5, 5, 5, 5, 5, 5, 5, 5, 5, 5, 5, 5, 0, 4, 4, 4, 4, 5, 5, 5, 5, 4, 4, 4, 4, 5, 5, 5, 5, 4, 4, 4, 4, 5, 5, 5, 5, 4, 4, 4, 4, 5, 5, 5, 5, 4, 4, 4, 4, 0, 5, 5, 5, 5, 5, 5, 5, 5, 5, 5, 5, 5, 5]
[5, 5, 5, 5, 5, 5, 5, 5, 5, 5, 5, 5, 5, 0, 4, 4, 4, 4, 5, 5, 5, 5, 4, 4, 4, 4, 5, 5, 5, 5, 4, 4, 4, 4, 5, 5, 5, 5, 4, 4, 4, 4, 5, 5, 5, 5, 4, 4, 4, 4, 0, 5, 5, 5, 5, 5, 5, 5, 5, 5, 5, 5, 5, 5]
[5, 5, 5, 5, 5, 5, 5, 5, 5, 5, 5, 5, 5, 0, 4, 4, 4, 4, 5, 5, 5, 5, 4, 4, 4, 4, 5, 5, 5, 5, 4, 4, 4, 4, 5, 5, 5, 5, 4, 4, 4, 4, 5, 5, 5, 5, 4, 4, 4, 4, 0, 5, 5, 5, 5, 5, 5, 5, 5, 5, 5, 5, 5, 5]
[5, 5, 5, 5, 5, 5, 5, 5, 5, 5, 5, 5, 5, 0, 4, 4, 4, 4, 5, 5, 5, 5, 4, 4, 4, 4, 5, 5, 5, 5, 4, 4, 4, 4, 5, 5, 5, 5, 4, 4, 4, 4, 5, 5, 5, 5, 4, 4, 4, 4, 0, 5, 5, 5, 5, 5, 5, 5, 5, 5, 5, 5, 5, 5]
[5, 5, 5, 5, 5, 5, 5, 5, 5, 5, 5, 5, 5, 0, 5, 5, 5, 5, 4, 4, 4, 4, 5, 5, 5, 5, 4, 4, 4, 11, 5, 5, 5, 5, 11, 4, 4, 4, 5, 5, 5, 5, 4, 4, 4, 4, 5, 5, 5, 5, 0, 5, 5, 5, 5, 5, 5, 5, 5, 5, 5, 5, 5, 5]
[5, 5, 5, 5, 5, 5, 5, 5, 5, 5, 5, 5, 5, 0, 5, 5, 5, 5, 4, 4, 4, 4, 5, 5, 5, 5, 4, 4, 4, 11, 5, 5, 5, 5, 11, 4, 4, 4, 5, 5, 5, 5, 4, 4, 4, 4, 5, 5, 5, 5, 0, 5, 5, 5, 5, 5, 5, 5, 5, 5, 5, 5, 5, 5]
[5, 5, 5, 5, 5, 5, 5, 5, 5, 5, 5, 5, 5, 0, 5, 5, 5, 5, 4, 4, 4, 4, 5, 5, 5, 5, 4, 4, 4, 11, 5, 5, 5, 5, 11, 4, 4, 4, 5, 5, 5, 5, 4, 4, 4, 4, 5, 5, 5, 5, 0, 5, 5, 5, 5, 5, 5, 5, 5, 5, 5, 5, 5, 5]
[5, 5, 5, 5, 5, 5, 5, 5, 5, 5, 5, 5, 5, 0, 5, 5, 5, 5, 4, 4, 4, 4, 5, 5, 5, 5, 4, 4, 4, 11, 5, 11, 11, 5, 11, 4, 4, 4, 5, 5, 5, 5, 4, 4, 4, 4, 5, 5, 5, 5, 0, 5, 5, 5, 5, 5, 5, 5, 5, 5, 5, 5, 5, 5]
[5, 5, 5, 5, 5, 5, 5, 5, 5, 5, 5, 5, 5, 0, 4, 4, 4, 4, 5, 5, 5, 5, 4, 4, 4, 4, 5, 5, 5, 11, 11, 11, 11, 11, 11, 5, 5, 5, 4, 4, 4, 4, 5, 5, 5, 5, 4, 4, 4, 4, 0, 5, 5, 5, 5, 5, 5, 5, 5, 5, 5, 5, 5, 5]
[5, 5, 5, 5, 5, 5, 5, 5, 5, 5, 5, 5, 5, 0, 4, 4, 4, 4, 5, 5, 5, 5, 4, 4, 4, 4, 5, 5, 5, 5, 4, 4, 4, 4, 5, 5, 5, 5, 4, 4, 4, 4, 5, 5, 5, 5, 4, 4, 4, 4, 0, 5, 5, 5, 5, 5, 5, 5, 5, 5, 5, 5, 5, 5]
[5, 5, 5, 5, 5, 5, 5, 5, 5, 5, 5, 5, 5, 0, 4, 4, 4, 4, 5, 5, 5, 5, 4, 4, 4, 4, 5, 5, 5, 5, 4, 4, 4, 4, 5, 5, 5, 5, 4, 4, 4, 4, 5, 5, 5, 5, 4, 4, 4, 4, 0, 5, 5, 5, 5, 5, 5, 5, 5, 5, 5, 5, 5, 5]
[5, 5, 5, 5, 5, 5, 5, 5, 5, 5, 5, 5, 5, 0, 4, 4, 4, 4, 5, 5, 5, 5, 4, 4, 4, 4, 5, 5, 5, 5, 4, 4, 4, 4, 5, 5, 5, 5, 4, 4, 4, 4, 5, 5, 5, 5, 4, 4, 4, 4, 0, 5, 5, 5, 5, 5, 5, 5, 5, 5, 5, 5, 5, 5]
[5, 5, 5, 5, 5, 5, 5, 5, 5, 5, 5, 5, 5, 0, 0, 0, 0, 0, 0, 0, 0, 0, 0, 0, 0, 0, 0, 0, 0, 0, 0, 0, 0, 0, 0, 0, 0, 0, 0, 0, 0, 0, 0, 0, 0, 0, 0, 0, 0, 0, 0, 5, 5, 5, 5, 5, 5, 5, 5, 5, 5, 5, 5, 5]
[5, 5, 5, 5, 5, 5, 5, 5, 5, 5, 5, 5, 5, 0, 0, 0, 0, 0, 0, 0, 5, 5, 5, 0, 0, 5, 5, 5, 0, 0, 5, 5, 5, 0, 0, 5, 5, 5, 0, 0, 1, 1, 1, 0, 0, 0, 0, 0, 0, 0, 0, 5, 5, 5, 5, 5, 5, 5, 5, 5, 5, 5, 5, 5]
[5, 5, 5, 5, 5, 5, 5, 5, 5, 5, 5, 5, 5, 0, 0, 0, 0, 0, 0, 0, 0, 0, 0, 0, 0, 0, 0, 0, 0, 0, 0, 0, 0, 0, 0, 0, 0, 0, 0, 0, 0, 0, 0, 0, 0, 0, 0, 0, 0, 0, 0, 5, 5, 5, 5, 5, 5, 5, 5, 5, 5, 5, 5, 5]
[5, 5, 5, 5, 5, 5, 5, 5, 5, 5, 5, 5, 5, 0, 0, 0, 0, 0, 0, 0, 0, 5, 0, 0, 0, 0, 5, 0, 0, 0, 0, 5, 0, 0, 0, 0, 1, 0, 0, 0, 0, 1, 0, 0, 0, 0, 0, 0, 0, 0, 0, 5, 5, 5, 5, 5, 5, 5, 5, 5, 5, 5, 5, 5]
[5, 5, 5, 5, 5, 5, 5, 5, 5, 5, 5, 5, 5, 0, 0, 0, 0, 0, 0, 0, 0, 5, 0, 0, 0, 0, 5, 0, 0, 0, 0, 5, 0, 0, 0, 0, 1, 0, 0, 0, 0, 1, 0, 0, 0, 0, 0, 0, 0, 0, 0, 5, 5, 5, 5, 5, 5, 5, 5, 5, 5, 5, 5, 5]
[5, 5, 5, 5, 5, 5, 5, 5, 5, 5, 5, 5, 5, 0, 0, 0, 0, 0, 0, 0, 0, 5, 0, 0, 0, 0, 5, 0, 0, 0, 0, 5, 0, 0, 0, 0, 1, 0, 0, 0, 0, 1, 0, 0, 0, 0, 0, 0, 0, 0, 0, 5, 5, 5, 5, 5, 5, 5, 5, 5, 5, 5, 5, 5]
[5, 5, 5, 5, 5, 5, 5, 5, 5, 5, 5, 5, 5, 0, 0, 0, 0, 0, 0, 0, 0, 0, 0, 0, 0, 0, 0, 0, 0, 0, 0, 0, 0, 0, 0, 0, 0, 0, 0, 0, 0, 0, 0, 0, 0, 0, 0, 0, 0, 0, 0, 5, 5, 5, 5, 5, 5, 5, 5, 5, 5, 5, 5, 5]
[5, 5, 5, 5, 5, 5, 5, 5, 5, 5, 5, 5, 5, 5, 5, 5, 5, 5, 5, 5, 5, 5, 5, 5, 5, 5, 5, 5, 5, 5, 5, 5, 5, 5, 5, 5, 5, 5, 5, 5, 5, 5, 5, 5, 5, 5, 5, 5, 0, 5, 5, 5, 5, 5, 5, 5, 5, 5, 5, 5, 5, 5, 5, 5]
[5, 5, 5, 5, 5, 5, 5, 5, 5, 5, 5, 5, 5, 5, 5, 5, 5, 5, 5, 5, 5, 5, 5, 5, 5, 5, 5, 5, 5, 5, 5, 5, 5, 5, 5, 5, 0, 0, 0, 0, 0, 0, 0, 0, 0, 0, 0, 0, 0, 5, 5, 5, 5, 5, 5, 5, 5, 5, 5, 5, 5, 5, 5, 5]
[5, 5, 5, 5, 5, 5, 5, 5, 5, 5, 5, 5, 5, 5, 5, 5, 5, 5, 5, 5, 5, 5, 5, 5, 5, 5, 5, 5, 5, 5, 5, 5, 5, 5, 5, 5, 0, 5, 5, 5, 5, 5, 5, 5, 5, 5, 5, 5, 5, 5, 5, 5, 5, 5, 5, 5, 5, 5, 5, 5, 5, 5, 5, 5]
[5, 5, 5, 5, 5, 5, 5, 5, 5, 5, 5, 5, 5, 5, 5, 5, 5, 5, 5, 5, 5, 5, 5, 5, 5, 5, 5, 5, 5, 5, 5, 5, 5, 5, 9, 9, 9, 9, 9, 5, 5, 5, 5, 5, 5, 5, 5, 5, 5, 5, 5, 5, 5, 5, 5, 5, 5, 5, 5, 5, 5, 5, 5, 5]
[5, 5, 5, 5, 5, 5, 5, 5, 5, 5, 5, 5, 5, 5, 5, 5, 5, 5, 5, 5, 5, 5, 5, 5, 5, 5, 5, 5, 5, 5, 5, 5, 5, 9, 9, 9, 9, 9, 9, 9, 5, 5, 5, 5, 5, 5, 5, 5, 5, 5, 5, 5, 5, 5, 5, 5, 5, 5, 5, 5, 5, 5, 5, 5]
[5, 5, 5, 5, 5, 5, 5, 5, 5, 5, 5, 5, 5, 5, 5, 5, 5, 5, 5, 5, 5, 5, 5, 5, 5, 5, 5, 5, 5, 5, 5, 5, 9, 9, 9, 9, 9, 9, 9, 9, 9, 5, 5, 5, 5, 5, 5, 5, 5, 5, 5, 5, 5, 5, 5, 5, 5, 5, 5, 5, 5, 5, 5, 5]
[5, 5, 5, 5, 5, 5, 5, 5, 5, 5, 5, 5, 5, 5, 5, 5, 5, 5, 5, 5, 5, 5, 5, 5, 5, 5, 5, 5, 5, 5, 5, 5, 9, 9, 9, 9, 9, 9, 9, 9, 9, 5, 5, 5, 5, 5, 5, 5, 5, 5, 5, 5, 5, 5, 5, 5, 5, 5, 5, 5, 5, 5, 5, 5]
[5, 5, 5, 5, 5, 5, 5, 5, 5, 5, 5, 5, 5, 5, 5, 5, 5, 5, 5, 5, 5, 5, 5, 5, 5, 5, 5, 5, 5, 5, 5, 5, 9, 9, 9, 9, 9, 9, 9, 9, 9, 5, 5, 5, 5, 5, 5, 5, 5, 5, 5, 5, 5, 5, 5, 5, 5, 5, 5, 5, 5, 5, 5, 5]
[5, 5, 5, 5, 5, 5, 5, 5, 5, 5, 5, 5, 5, 5, 5, 5, 5, 5, 5, 5, 5, 5, 5, 5, 5, 5, 5, 5, 5, 5, 5, 5, 9, 9, 9, 9, 9, 9, 9, 9, 9, 5, 5, 5, 5, 5, 5, 5, 5, 5, 5, 5, 5, 5, 5, 5, 5, 5, 5, 5, 5, 5, 5, 5]
[5, 5, 5, 5, 5, 5, 5, 5, 5, 5, 5, 5, 5, 5, 5, 5, 5, 5, 5, 5, 5, 5, 5, 5, 5, 5, 5, 5, 5, 5, 5, 5, 9, 9, 9, 9, 9, 9, 9, 9, 9, 5, 5, 5, 5, 5, 5, 5, 5, 5, 5, 5, 5, 5, 5, 5, 5, 5, 5, 5, 5, 5, 5, 5]
[5, 5, 5, 5, 5, 5, 5, 5, 5, 5, 5, 5, 5, 5, 5, 5, 5, 5, 5, 5, 5, 5, 5, 5, 5, 5, 5, 5, 5, 5, 5, 5, 5, 9, 9, 9, 9, 9, 9, 9, 5, 5, 5, 5, 5, 5, 5, 5, 5, 5, 5, 5, 5, 5, 5, 5, 5, 5, 5, 5, 5, 5, 5, 5]
[5, 5, 5, 5, 5, 5, 5, 5, 5, 5, 5, 5, 5, 5, 5, 5, 5, 5, 5, 5, 5, 5, 5, 5, 5, 5, 5, 5, 5, 5, 5, 5, 5, 5, 9, 9, 9, 9, 9, 5, 5, 5, 5, 5, 5, 5, 5, 5, 5, 5, 5, 5, 5, 5, 5, 5, 5, 5, 5, 5, 5, 5, 5, 5]
[5, 5, 5, 5, 5, 5, 5, 5, 5, 5, 5, 5, 5, 5, 5, 5, 5, 5, 5, 5, 5, 5, 5, 5, 5, 5, 5, 5, 5, 5, 5, 5, 5, 5, 5, 5, 5, 5, 5, 5, 5, 5, 5, 5, 5, 5, 5, 5, 5, 5, 5, 5, 5, 5, 5, 5, 5, 5, 5, 5, 5, 5, 5, 5]
[5, 5, 5, 5, 5, 5, 5, 5, 5, 5, 5, 5, 5, 5, 5, 5, 5, 5, 5, 5, 5, 5, 5, 5, 5, 5, 5, 5, 5, 5, 5, 5, 5, 5, 5, 5, 5, 5, 5, 5, 5, 5, 5, 5, 5, 5, 5, 5, 5, 5, 5, 5, 5, 5, 5, 5, 5, 5, 5, 5, 5, 5, 5, 5]
[5, 5, 5, 5, 5, 5, 5, 5, 5, 5, 5, 5, 5, 5, 5, 5, 5, 5, 5, 5, 5, 5, 5, 5, 5, 5, 5, 5, 5, 5, 5, 5, 5, 5, 5, 5, 5, 5, 5, 5, 5, 5, 5, 5, 5, 5, 5, 5, 5, 5, 5, 5, 5, 5, 5, 5, 5, 5, 5, 5, 5, 5, 5, 5]
[5, 5, 5, 5, 5, 5, 5, 5, 5, 5, 5, 5, 5, 5, 5, 5, 5, 5, 5, 5, 5, 5, 5, 5, 5, 5, 5, 5, 5, 5, 5, 5, 5, 5, 5, 5, 5, 5, 5, 5, 5, 5, 5, 5, 5, 5, 5, 5, 5, 5, 5, 5, 5, 5, 5, 5, 5, 5, 5, 5, 5, 5, 5, 5]
</grid_0>
",,0.0,False
15,ACTION6 x=40 y=20,manual,"State: NOT_FINISHED
Levels completed: 0/7
Action count: 15

========== Start of Direct Observation ==========
<grid_0>
[5, 5, 5, 5, 5, 5, 5, 5, 5, 5, 5, 5, 5, 5, 5, 5, 5, 5, 5, 5, 5, 5, 5, 5, 5, 5, 5, 5, 5, 5, 5, 5, 5, 5, 5, 5, 5, 5, 5, 5, 5, 5, 5, 5, 5, 5, 5, 5, 5, 5, 5, 5, 5, 5, 5, 5, 5, 5, 5, 5, 5, 5, 5, 5]
[5, 9, 9, 9, 9, 9, 9, 9, 9, 9, 9, 9, 9, 9, 9, 9, 9, 9, 9, 9, 9, 9, 9, 9, 9, 9, 9, 9, 9, 9, 9, 9, 9, 9, 9, 9, 9, 9, 9, 9, 9, 9, 9, 9, 9, 9, 9, 3, 3, 3, 3, 3, 3, 3, 3, 3, 3, 3, 3, 3, 3, 3, 5, 5]
[5, 5, 5, 5, 5, 5, 5, 5, 5, 5, 5, 5, 5, 5, 5, 5, 5, 5, 5, 5, 5, 5, 5, 5, 5, 5, 5, 5, 5, 5, 5, 5, 5, 5, 5, 5, 5, 5, 5, 5, 5, 5, 5, 5, 5, 5, 5, 5, 5, 5, 5, 5, 5, 5, 5, 5, 5, 5, 5, 5, 5, 5, 5, 5]
[5, 5, 5, 5, 5, 5, 5, 5, 5, 5, 5, 5, 5, 5, 5, 5, 5, 5, 5, 5, 5, 5, 5, 5, 5, 5, 5, 5, 5, 5, 5, 5, 5, 5, 5, 5, 5, 5, 5, 5, 5, 5, 5, 5, 5, 5, 5, 5, 5, 5, 5, 5, 5, 5, 5, 5, 5, 5, 5, 5, 5, 5, 5, 5]
[5, 5, 5, 5, 5, 5, 5, 5, 5, 5, 5, 5, 5, 5, 5, 5, 5, 5, 5, 5, 5, 5, 5, 5, 5, 5, 5, 5, 5, 5, 5, 5, 5, 5, 5, 5, 5, 5, 5, 5, 5, 5, 5, 5, 5, 5, 5, 5, 5, 5, 5, 5, 5, 5, 5, 5, 5, 5, 5, 5, 5, 5, 5, 5]
[5, 5, 5, 5, 5, 5, 5, 5, 5, 5, 5, 5, 5, 5, 5, 5, 5, 5, 5, 5, 5, 5, 5, 5, 5, 5, 5, 5, 5, 5, 5, 5, 5, 5, 5, 5, 5, 5, 5, 5, 5, 5, 5, 5, 5, 5, 5, 5, 5, 5, 5, 5, 5, 5, 5, 5, 5, 5, 5, 5, 5, 5, 5, 5]
[5, 5, 5, 5, 5, 5, 5, 5, 5, 5, 5, 5, 5, 5, 5, 5, 5, 5, 5, 5, 5, 5, 5, 5, 5, 5, 5, 5, 5, 5, 5, 5, 5, 5, 5, 5, 5, 5, 5, 5, 5, 5, 5, 5, 5, 5, 5, 5, 5, 5, 5, 5, 5, 5, 5, 5, 5, 5, 5, 5, 5, 5, 5, 5]
[5, 5, 5, 5, 5, 5, 5, 5, 5, 5, 5, 5, 5, 5, 5, 5, 5, 5, 5, 5, 5, 5, 5, 5, 5, 5, 5, 5, 5, 5, 5, 5, 5, 5, 5, 5, 5, 5, 5, 5, 5, 5, 5, 5, 5, 5, 5, 5, 5, 5, 5, 5, 5, 5, 5, 5, 5, 5, 5, 5, 5, 5, 5, 5]
[5, 5, 5, 5, 5, 5, 5, 5, 5, 5, 5, 5, 5, 0, 0, 0, 0, 0, 0, 0, 0, 0, 0, 0, 0, 0, 0, 0, 0, 0, 0, 0, 0, 0, 0, 0, 0, 0, 0, 0, 0, 0, 0, 0, 0, 0, 0, 0, 0, 0, 0, 5, 5, 5, 5, 5, 5, 5, 5, 5, 5, 5, 5, 5]
[5, 5, 5, 5, 5, 5, 5, 5, 5, 5, 5, 5, 5, 0, 5, 5, 5, 5, 4, 4, 4, 4, 5, 5, 5, 5, 4, 4, 4, 4, 5, 5, 5, 5, 4, 4, 4, 4, 5, 5, 5, 5, 4, 4, 4, 4, 5, 5, 5, 5, 0, 5, 5, 5, 5, 5, 5, 5, 5, 5, 5, 5, 5, 5]
[5, 5, 5, 5, 5, 5, 5, 5, 5, 5, 5, 5, 5, 0, 5, 5, 5, 5, 4, 4, 4, 4, 5, 5, 5, 5, 4, 4, 4, 4, 5, 5, 5, 5, 4, 4, 4, 4, 5, 5, 5, 5, 4, 4, 4, 4, 5, 5, 5, 5, 0, 5, 5, 5, 5, 5, 5, 5, 5, 5, 5, 5, 5, 5]
[5, 5, 5, 5, 5, 5, 5, 5, 5, 5, 5, 5, 5, 0, 5, 5, 5, 5, 4, 4, 4, 4, 5, 5, 5, 5, 4, 4, 4, 4, 5, 5, 5, 5, 4, 4, 4, 4, 5, 5, 5, 5, 4, 4, 4, 4, 5, 5, 5, 5, 0, 5, 5, 5, 5, 5, 5, 5, 5, 5, 5, 5, 5, 5]
[5, 5, 5, 5, 5, 5, 5, 5, 5, 5, 5, 5, 5, 0, 5, 5, 5, 5, 4, 4, 4, 4, 5, 5, 5, 5, 4, 4, 4, 4, 5, 5, 5, 5, 4, 4, 4, 4, 5, 5, 5, 5, 4, 4, 4, 4, 5, 5, 5, 5, 0, 5, 5, 5, 5, 5, 5, 5, 5, 5, 5, 5, 5, 5]
[5, 5, 5, 5, 5, 5, 5, 5, 5, 5, 5, 5, 5, 0, 4, 4, 4, 4, 5, 5, 5, 5, 4, 4, 4, 4, 5, 5, 5, 5, 11, 11, 11, 11, 5, 5, 5, 5, 4, 4, 4, 4, 5, 5, 5, 5, 4, 4, 4, 4, 0, 5, 5, 5, 5, 5, 5, 5, 5, 5, 5, 5, 5, 5]
[5, 5, 5, 5, 5, 5, 5, 5, 5, 5, 5, 5, 5, 0, 4, 4, 4, 4, 5, 5, 5, 5, 4, 4, 4, 4, 5, 5, 5, 5, 11, 11, 11, 11, 5, 5, 5, 5, 4, 4, 4, 4, 5, 5, 5, 5, 4, 4, 4, 4, 0, 5, 5, 5, 5, 5, 5, 5, 5, 5, 5, 5, 5, 5]
[5, 5, 5, 5, 5, 5, 5, 5, 5, 5, 5, 5, 5, 0, 4, 4, 4, 4, 5, 5, 5, 5, 4, 4, 4, 4, 5, 5, 5, 5, 11, 11, 11, 11, 5, 5, 5, 5, 4, 4, 4, 4, 5, 5, 5, 5, 4, 4, 4, 4, 0, 5, 5, 5, 5, 5, 5, 5, 5, 5, 5, 5, 5, 5]
[5, 5, 5, 5, 5, 5, 5, 5, 5, 5, 5, 5, 5, 0, 4, 4, 4, 4, 5, 5, 5, 5, 4, 4, 4, 4, 5, 5, 5, 5, 11, 4, 4, 11, 5, 5, 5, 5, 4, 4, 4, 4, 5, 5, 5, 5, 4, 4, 4, 4, 0, 5, 5, 5, 5, 5, 5, 5, 5, 5, 5, 5, 5, 5]
[5, 5, 5, 5, 5, 5, 5, 5, 5, 5, 5, 5, 5, 0, 5, 5, 5, 5, 4, 4, 4, 4, 5, 5, 5, 5, 4, 4, 4, 4, 5, 5, 5, 5, 4, 4, 4, 4, 5, 5, 5, 5, 4, 4, 4, 4, 5, 5, 5, 5, 0, 5, 5, 5, 5, 5, 5, 5, 5, 5, 5, 5, 5, 5]
[5, 5, 5, 5, 5, 5, 5, 5, 5, 5, 5, 5, 5, 0, 5, 5, 5, 5, 4, 4, 4, 4, 5, 5, 5, 5, 4, 4, 4, 4, 5, 5, 5, 5, 4, 4, 4, 4, 5, 5, 5, 5, 4, 4, 4, 4, 5, 5, 5, 5, 0, 5, 5, 5, 5, 5, 5, 5, 5, 5, 5, 5, 5, 5]
[5, 5, 5, 5, 5, 5, 5, 5, 5, 5, 5, 5, 5, 0, 5, 5, 5, 5, 4, 4, 4, 4, 5, 5, 5, 5, 4, 4, 4, 4, 5, 5, 5, 5, 4, 4, 4, 4, 5, 5, 5, 5, 4, 4, 4, 4, 5, 5, 5, 5, 0, 5, 5, 5, 5, 5, 5, 5, 5, 5, 5, 5, 5, 5]
[5, 5, 5, 5, 5, 5, 5, 5, 5, 5, 5, 5, 5, 0, 5, 5, 5, 5, 4, 4, 4, 4, 5, 5, 5, 5, 4, 4, 4, 4, 5, 5, 5, 5, 4, 4, 4, 4, 5, 5, 5, 5, 4, 4, 4, 4, 5, 5, 5, 5, 0, 5, 5, 5, 5, 5, 5, 5, 5, 5, 5, 5, 5, 5]
[5, 5, 5, 5, 5, 5, 5, 5, 5, 5, 5, 5, 5, 0, 4, 4, 4, 4, 5, 5, 5, 5, 4, 4, 4, 4, 5, 5, 5, 5, 4, 4, 4, 4, 5, 5, 5, 5, 4, 4, 4, 4, 5, 5, 5, 5, 4, 4, 4, 4, 0, 5, 5, 5, 5, 5, 5, 5, 5, 5, 5, 5, 5, 5]
[5, 5, 5, 5, 5, 5, 5, 5, 5, 5, 5, 5, 5, 0, 4, 4, 4, 4, 5, 5, 5, 5, 4, 4, 4, 4, 5, 5, 5, 5, 4, 4, 4, 4, 5, 5, 5, 5, 4, 4, 4, 4, 5, 5, 5, 5, 4, 4, 4, 4, 0, 5, 5, 5, 5, 5, 5, 5, 5, 5, 5, 5, 5, 5]
[5, 5, 5, 5, 5, 5, 5, 5, 5, 5, 5, 5, 5, 0, 4, 4, 4, 4, 5, 5, 5, 5, 4, 4, 4, 4, 5, 5, 5, 5, 4, 4, 4, 4, 5, 5, 5, 5, 4, 4, 4, 4, 5, 5, 5, 5, 4, 4, 4, 4, 0, 5, 5, 5, 5, 5, 5, 5, 5, 5, 5, 5, 5, 5]
[5, 5, 5, 5, 5, 5, 5, 5, 5, 5, 5, 5, 5, 0, 4, 4, 4, 4, 5, 5, 5, 5, 4, 4, 4, 4, 5, 5, 5, 5, 4, 4, 4, 4, 5, 5, 5, 5, 4, 4, 4, 4, 5, 5, 5, 5, 4, 4, 4, 4, 0, 5, 5, 5, 5, 5, 5, 5, 5, 5, 5, 5, 5, 5]
[5, 5, 5, 5, 5, 5, 5, 5, 5, 5, 5, 5, 5, 0, 5, 5, 5, 5, 4, 4, 4, 4, 5, 5, 5, 5, 4, 4, 4, 4, 5, 5, 5, 5, 4, 4, 4, 4, 5, 5, 5, 5, 4, 4, 4, 4, 5, 5, 5, 5, 0, 5, 5, 5, 5, 5, 5, 5, 5, 5, 5, 5, 5, 5]
[5, 5, 5, 5, 5, 5, 5, 5, 5, 5, 5, 5, 5, 0, 5, 5, 5, 5, 4, 4, 4, 4, 5, 5, 5, 5, 4, 4, 4, 4, 5, 5, 5, 5, 4, 4, 4, 4, 5, 5, 5, 5, 4, 4, 4, 4, 5, 5, 5, 5, 0, 5, 5, 5, 5, 5, 5, 5, 5, 5, 5, 5, 5, 5]
[5, 5, 5, 5, 5, 5, 5, 5, 5, 5, 5, 5, 5, 0, 5, 5, 5, 5, 4, 4, 4, 4, 5, 5, 5, 5, 4, 4, 4, 4, 5, 5, 5, 5, 4, 4, 4, 4, 5, 5, 5, 5, 4, 4, 4, 4, 5, 5, 5, 5, 0, 5, 5, 5, 5, 5, 5, 5, 5, 5, 5, 5, 5, 5]
[5, 5, 5, 5, 5, 5, 5, 5, 5, 5, 5, 5, 5, 0, 5, 5, 5, 5, 4, 4, 4, 4, 5, 5, 5, 5, 4, 4, 4, 4, 5, 5, 5, 5, 4, 4, 4, 4, 5, 5, 5, 5, 4, 4, 4, 4, 5, 5, 5, 5, 0, 5, 5, 5, 5, 5, 5, 5, 5, 5, 5, 5, 5, 5]
[5, 5, 5, 5, 5, 5, 5, 5, 5, 5, 5, 5, 5, 0, 4, 4, 4, 4, 5, 5, 5, 5, 4, 4, 4, 4, 5, 5, 5, 5, 4, 4, 4, 4, 5, 5, 5, 5, 4, 4, 4, 4, 5, 5, 5, 5, 4, 4, 4, 4, 0, 5, 5, 5, 5, 5, 5, 5, 5, 5, 5, 5, 5, 5]
[5, 5, 5, 5, 5, 5, 5, 5, 5, 5, 5, 5, 5, 0, 4, 4, 4, 4, 5, 5, 5, 5, 4, 4, 4, 4, 5, 5, 5, 5, 4, 4, 4, 4, 5, 5, 5, 5, 4, 4, 4, 4, 5, 5, 5, 5, 4, 4, 4, 4, 0, 5, 5, 5, 5, 5, 5, 5, 5, 5, 5, 5, 5, 5]
[5, 5, 5, 5, 5, 5, 5, 5, 5, 5, 5, 5, 5, 0, 4, 4, 4, 4, 5, 5, 5, 5, 4, 4, 4, 4, 5, 5, 5, 5, 4, 4, 4, 4, 5, 5, 5, 5, 4, 4, 4, 4, 5, 5, 5, 5, 4, 4, 4, 4, 0, 5, 5, 5, 5, 5, 5, 5, 5, 5, 5, 5, 5, 5]
[5, 5, 5, 5, 5, 5, 5, 5, 5, 5, 5, 5, 5, 0, 4, 4, 4, 4, 5, 5, 5, 5, 4, 4, 4, 4, 5, 5, 5, 5, 4, 4, 4, 4, 5, 5, 5, 5, 4, 4, 4, 4, 5, 5, 5, 5, 4, 4, 4, 4, 0, 5, 5, 5, 5, 5, 5, 5, 5, 5, 5, 5, 5, 5]
[5, 5, 5, 5, 5, 5, 5, 5, 5, 5, 5, 5, 5, 0, 5, 5, 5, 5, 4, 4, 4, 4, 5, 5, 5, 5, 4, 4, 4, 11, 5, 5, 5, 5, 11, 4, 4, 4, 5, 5, 5, 5, 4, 4, 4, 4, 5, 5, 5, 5, 0, 5, 5, 5, 5, 5, 5, 5, 5, 5, 5, 5, 5, 5]
[5, 5, 5, 5, 5, 5, 5, 5, 5, 5, 5, 5, 5, 0, 5, 5, 5, 5, 4, 4, 4, 4, 5, 5, 5, 5, 4, 4, 4, 11, 5, 5, 5, 5, 11, 4, 4, 4, 5, 5, 5, 5, 4, 4, 4, 4, 5, 5, 5, 5, 0, 5, 5, 5, 5, 5, 5, 5, 5, 5, 5, 5, 5, 5]
[5, 5, 5, 5, 5, 5, 5, 5, 5, 5, 5, 5, 5, 0, 5, 5, 5, 5, 4, 4, 4, 4, 5, 5, 5, 5, 4, 4, 4, 11, 5, 5, 5, 5, 11, 4, 4, 4, 5, 5, 5, 5, 4, 4, 4, 4, 5, 5, 5, 5, 0, 5, 5, 5, 5, 5, 5, 5, 5, 5, 5, 5, 5, 5]
[5, 5, 5, 5, 5, 5, 5, 5, 5, 5, 5, 5, 5, 0, 5, 5, 5, 5, 4, 4, 4, 4, 5, 5, 5, 5, 4, 4, 4, 11, 5, 11, 11, 5, 11, 4, 4, 4, 5, 5, 5, 5, 4, 4, 4, 4, 5, 5, 5, 5, 0, 5, 5, 5, 5, 5, 5, 5, 5, 5, 5, 5, 5, 5]
[5, 5, 5, 5, 5, 5, 5, 5, 5, 5, 5, 5, 5, 0, 4, 4, 4, 4, 5, 5, 5, 5, 4, 4, 4, 4, 5, 5, 5, 11, 11, 11, 11, 11, 11, 5, 5, 5, 4, 4, 4, 4, 5, 5, 5, 5, 4, 4, 4, 4, 0, 5, 5, 5, 5, 5, 5, 5, 5, 5, 5, 5, 5, 5]
[5, 5, 5, 5, 5, 5, 5, 5, 5, 5, 5, 5, 5, 0, 4, 4, 4, 4, 5, 5, 5, 5, 4, 4, 4, 4, 5, 5, 5, 5, 4, 4, 4, 4, 5, 5, 5, 5, 4, 4, 4, 4, 5, 5, 5, 5, 4, 4, 4, 4, 0, 5, 5, 5, 5, 5, 5, 5, 5, 5, 5, 5, 5, 5]
[5, 5, 5, 5, 5, 5, 5, 5, 5, 5, 5, 5, 5, 0, 4, 4, 4, 4, 5, 5, 5, 5, 4, 4, 4, 4, 5, 5, 5, 5, 4, 4, 4, 4, 5, 5, 5, 5, 4, 4, 4, 4, 5, 5, 5, 5, 4, 4, 4, 4, 0, 5, 5, 5, 5, 5, 5, 5, 5, 5, 5, 5, 5, 5]
[5, 5, 5, 5, 5, 5, 5, 5, 5, 5, 5, 5, 5, 0, 4, 4, 4, 4, 5, 5, 5, 5, 4, 4, 4, 4, 5, 5, 5, 5, 4, 4, 4, 4, 5, 5, 5, 5, 4, 4, 4, 4, 5, 5, 5, 5, 4, 4, 4, 4, 0, 5, 5, 5, 5, 5, 5, 5, 5, 5, 5, 5, 5, 5]
[5, 5, 5, 5, 5, 5, 5, 5, 5, 5, 5, 5, 5, 0, 0, 0, 0, 0, 0, 0, 0, 0, 0, 0, 0, 0, 0, 0, 0, 0, 0, 0, 0, 0, 0, 0, 0, 0, 0, 0, 0, 0, 0, 0, 0, 0, 0, 0, 0, 0, 0, 5, 5, 5, 5, 5, 5, 5, 5, 5, 5, 5, 5, 5]
[5, 5, 5, 5, 5, 5, 5, 5, 5, 5, 5, 5, 5, 0, 0, 0, 0, 0, 0, 0, 5, 5, 5, 0, 0, 5, 5, 5, 0, 0, 5, 5, 5, 0, 0, 5, 5, 5, 0, 0, 1, 1, 1, 0, 0, 0, 0, 0, 0, 0, 0, 5, 5, 5, 5, 5, 5, 5, 5, 5, 5, 5, 5, 5]
[5, 5, 5, 5, 5, 5, 5, 5, 5, 5, 5, 5, 5, 0, 0, 0, 0, 0, 0, 0, 0, 0, 0, 0, 0, 0, 0, 0, 0, 0, 0, 0, 0, 0, 0, 0, 0, 0, 0, 0, 0, 0, 0, 0, 0, 0, 0, 0, 0, 0, 0, 5, 5, 5, 5, 5, 5, 5, 5, 5, 5, 5, 5, 5]
[5, 5, 5, 5, 5, 5, 5, 5, 5, 5, 5, 5, 5, 0, 0, 0, 0, 0, 0, 0, 0, 5, 0, 0, 0, 0, 5, 0, 0, 0, 0, 5, 0, 0, 0, 0, 5, 0, 0, 0, 0, 1, 0, 0, 0, 0, 0, 0, 0, 0, 0, 5, 5, 5, 5, 5, 5, 5, 5, 5, 5, 5, 5, 5]
[5, 5, 5, 5, 5, 5, 5, 5, 5, 5, 5, 5, 5, 0, 0, 0, 0, 0, 0, 0, 0, 5, 0, 0, 0, 0, 5, 0, 0, 0, 0, 5, 0, 0, 0, 0, 5, 0, 0, 0, 0, 1, 0, 0, 0, 0, 0, 0, 0, 0, 0, 5, 5, 5, 5, 5, 5, 5, 5, 5, 5, 5, 5, 5]
[5, 5, 5, 5, 5, 5, 5, 5, 5, 5, 5, 5, 5, 0, 0, 0, 0, 0, 0, 0, 0, 5, 0, 0, 0, 0, 5, 0, 0, 0, 0, 5, 0, 0, 0, 0, 5, 0, 0, 0, 0, 1, 0, 0, 0, 0, 0, 0, 0, 0, 0, 5, 5, 5, 5, 5, 5, 5, 5, 5, 5, 5, 5, 5]
[5, 5, 5, 5, 5, 5, 5, 5, 5, 5, 5, 5, 5, 0, 0, 0, 0, 0, 0, 0, 0, 0, 0, 0, 0, 0, 0, 0, 0, 0, 0, 0, 0, 0, 0, 0, 0, 0, 0, 0, 0, 0, 0, 0, 0, 0, 0, 0, 0, 0, 0, 5, 5, 5, 5, 5, 5, 5, 5, 5, 5, 5, 5, 5]
[5, 5, 5, 5, 5, 5, 5, 5, 5, 5, 5, 5, 5, 5, 5, 5, 5, 5, 5, 5, 5, 5, 5, 5, 5, 5, 5, 5, 5, 5, 5, 5, 5, 5, 5, 5, 5, 5, 5, 5, 5, 5, 5, 5, 5, 5, 5, 5, 0, 5, 5, 5, 5, 5, 5, 5, 5, 5, 5, 5, 5, 5, 5, 5]
[5, 5, 5, 5, 5, 5, 5, 5, 5, 5, 5, 5, 5, 5, 5, 5, 5, 5, 5, 5, 5, 5, 5, 5, 5, 5, 5, 5, 5, 5, 5, 5, 5, 5, 5, 5, 0, 0, 0, 0, 0, 0, 0, 0, 0, 0, 0, 0, 0, 5, 5, 5, 5, 5, 5, 5, 5, 5, 5, 5, 5, 5, 5, 5]
[5, 5, 5, 5, 5, 5, 5, 5, 5, 5, 5, 5, 5, 5, 5, 5, 5, 5, 5, 5, 5, 5, 5, 5, 5, 5, 5, 5, 5, 5, 5, 5, 5, 5, 5, 5, 0, 5, 5, 5, 5, 5, 5, 5, 5, 5, 5, 5, 5, 5, 5, 5, 5, 5, 5, 5, 5, 5, 5, 5, 5, 5, 5, 5]
[5, 5, 5, 5, 5, 5, 5, 5, 5, 5, 5, 5, 5, 5, 5, 5, 5, 5, 5, 5, 5, 5, 5, 5, 5, 5, 5, 5, 5, 5, 5, 5, 5, 5, 9, 9, 9, 9, 9, 5, 5, 5, 5, 5, 5, 5, 5, 5, 5, 5, 5, 5, 5, 5, 5, 5, 5, 5, 5, 5, 5, 5, 5, 5]
[5, 5, 5, 5, 5, 5, 5, 5, 5, 5, 5, 5, 5, 5, 5, 5, 5, 5, 5, 5, 5, 5, 5, 5, 5, 5, 5, 5, 5, 5, 5, 5, 5, 9, 9, 9, 9, 9, 9, 9, 5, 5, 5, 5, 5, 5, 5, 5, 5, 5, 5, 5, 5, 5, 5, 5, 5, 5, 5, 5, 5, 5, 5, 5]
[5, 5, 5, 5, 5, 5, 5, 5, 5, 5, 5, 5, 5, 5, 5, 5, 5, 5, 5, 5, 5, 5, 5, 5, 5, 5, 5, 5, 5, 5, 5, 5, 9, 9, 9, 9, 9, 9, 9, 9, 9, 5, 5, 5, 5, 5, 5, 5, 5, 5, 5, 5, 5, 5, 5, 5, 5, 5, 5, 5, 5, 5, 5, 5]
[5, 5, 5, 5, 5, 5, 5, 5, 5, 5, 5, 5, 5, 5, 5, 5, 5, 5, 5, 5, 5, 5, 5, 5, 5, 5, 5, 5, 5, 5, 5, 5, 9, 9, 9, 9, 9, 9, 9, 9, 9, 5, 5, 5, 5, 5, 5, 5, 5, 5, 5, 5, 5, 5, 5, 5, 5, 5, 5, 5, 5, 5, 5, 5]
[5, 5, 5, 5, 5, 5, 5, 5, 5, 5, 5, 5, 5, 5, 5, 5, 5, 5, 5, 5, 5, 5, 5, 5, 5, 5, 5, 5, 5, 5, 5, 5, 9, 9, 9, 9, 9, 9, 9, 9, 9, 5, 5, 5, 5, 5, 5, 5, 5, 5, 5, 5, 5, 5, 5, 5, 5, 5, 5, 5, 5, 5, 5, 5]
[5, 5, 5, 5, 5, 5, 5, 5, 5, 5, 5, 5, 5, 5, 5, 5, 5, 5, 5, 5, 5, 5, 5, 5, 5, 5, 5, 5, 5, 5, 5, 5, 9, 9, 9, 9, 9, 9, 9, 9, 9, 5, 5, 5, 5, 5, 5, 5, 5, 5, 5, 5, 5, 5, 5, 5, 5, 5, 5, 5, 5, 5, 5, 5]
[5, 5, 5, 5, 5, 5, 5, 5, 5, 5, 5, 5, 5, 5, 5, 5, 5, 5, 5, 5, 5, 5, 5, 5, 5, 5, 5, 5, 5, 5, 5, 5, 9, 9, 9, 9, 9, 9, 9, 9, 9, 5, 5, 5, 5, 5, 5, 5, 5, 5, 5, 5, 5, 5, 5, 5, 5, 5, 5, 5, 5, 5, 5, 5]
[5, 5, 5, 5, 5, 5, 5, 5, 5, 5, 5, 5, 5, 5, 5, 5, 5, 5, 5, 5, 5, 5, 5, 5, 5, 5, 5, 5, 5, 5, 5, 5, 5, 9, 9, 9, 9, 9, 9, 9, 5, 5, 5, 5, 5, 5, 5, 5, 5, 5, 5, 5, 5, 5, 5, 5, 5, 5, 5, 5, 5, 5, 5, 5]
[5, 5, 5, 5, 5, 5, 5, 5, 5, 5, 5, 5, 5, 5, 5, 5, 5, 5, 5, 5, 5, 5, 5, 5, 5, 5, 5, 5, 5, 5, 5, 5, 5, 5, 9, 9, 9, 9, 9, 5, 5, 5, 5, 5, 5, 5, 5, 5, 5, 5, 5, 5, 5, 5, 5, 5, 5, 5, 5, 5, 5, 5, 5, 5]
[5, 5, 5, 5, 5, 5, 5, 5, 5, 5, 5, 5, 5, 5, 5, 5, 5, 5, 5, 5, 5, 5, 5, 5, 5, 5, 5, 5, 5, 5, 5, 5, 5, 5, 5, 5, 5, 5, 5, 5, 5, 5, 5, 5, 5, 5, 5, 5, 5, 5, 5, 5, 5, 5, 5, 5, 5, 5, 5, 5, 5, 5, 5, 5]
[5, 5, 5, 5, 5, 5, 5, 5, 5, 5, 5, 5, 5, 5, 5, 5, 5, 5, 5, 5, 5, 5, 5, 5, 5, 5, 5, 5, 5, 5, 5, 5, 5, 5, 5, 5, 5, 5, 5, 5, 5, 5, 5, 5, 5, 5, 5, 5, 5, 5, 5, 5, 5, 5, 5, 5, 5, 5, 5, 5, 5, 5, 5, 5]
[5, 5, 5, 5, 5, 5, 5, 5, 5, 5, 5, 5, 5, 5, 5, 5, 5, 5, 5, 5, 5, 5, 5, 5, 5, 5, 5, 5, 5, 5, 5, 5, 5, 5, 5, 5, 5, 5, 5, 5, 5, 5, 5, 5, 5, 5, 5, 5, 5, 5, 5, 5, 5, 5, 5, 5, 5, 5, 5, 5, 5, 5, 5, 5]
[5, 5, 5, 5, 5, 5, 5, 5, 5, 5, 5, 5, 5, 5, 5, 5, 5, 5, 5, 5, 5, 5, 5, 5, 5, 5, 5, 5, 5, 5, 5, 5, 5, 5, 5, 5, 5, 5, 5, 5, 5, 5, 5, 5, 5, 5, 5, 5, 5, 5, 5, 5, 5, 5, 5, 5, 5, 5, 5, 5, 5, 5, 5, 5]
</grid_0>
",,0.0,False
16,ACTION6 x=41 y=42,manual,"State: NOT_FINISHED
Levels completed: 0/7
Action count: 16

========== Start of Direct Observation ==========
<grid_0>
[5, 5, 5, 5, 5, 5, 5, 5, 5, 5, 5, 5, 5, 5, 5, 5, 5, 5, 5, 5, 5, 5, 5, 5, 5, 5, 5, 5, 5, 5, 5, 5, 5, 5, 5, 5, 5, 5, 5, 5, 5, 5, 5, 5, 5, 5, 5, 5, 5, 5, 5, 5, 5, 5, 5, 5, 5, 5, 5, 5, 5, 5, 5, 5]
[5, 9, 9, 9, 9, 9, 9, 9, 9, 9, 9, 9, 9, 9, 9, 9, 9, 9, 9, 9, 9, 9, 9, 9, 9, 9, 9, 9, 9, 9, 9, 9, 9, 9, 9, 9, 9, 9, 9, 9, 9, 9, 9, 9, 9, 9, 3, 3, 3, 3, 3, 3, 3, 3, 3, 3, 3, 3, 3, 3, 3, 3, 5, 5]
[5, 5, 5, 5, 5, 5, 5, 5, 5, 5, 5, 5, 5, 5, 5, 5, 5, 5, 5, 5, 5, 5, 5, 5, 5, 5, 5, 5, 5, 5, 5, 5, 5, 5, 5, 5, 5, 5, 5, 5, 5, 5, 5, 5, 5, 5, 5, 5, 5, 5, 5, 5, 5, 5, 5, 5, 5, 5, 5, 5, 5, 5, 5, 5]
[5, 5, 5, 5, 5, 5, 5, 5, 5, 5, 5, 5, 5, 5, 5, 5, 5, 5, 5, 5, 5, 5, 5, 5, 5, 5, 5, 5, 5, 5, 5, 5, 5, 5, 5, 5, 5, 5, 5, 5, 5, 5, 5, 5, 5, 5, 5, 5, 5, 5, 5, 5, 5, 5, 5, 5, 5, 5, 5, 5, 5, 5, 5, 5]
[5, 5, 5, 5, 5, 5, 5, 5, 5, 5, 5, 5, 5, 5, 5, 5, 5, 5, 5, 5, 5, 5, 5, 5, 5, 5, 5, 5, 5, 5, 5, 5, 5, 5, 5, 5, 5, 5, 5, 5, 5, 5, 5, 5, 5, 5, 5, 5, 5, 5, 5, 5, 5, 5, 5, 5, 5, 5, 5, 5, 5, 5, 5, 5]
[5, 5, 5, 5, 5, 5, 5, 5, 5, 5, 5, 5, 5, 5, 5, 5, 5, 5, 5, 5, 5, 5, 5, 5, 5, 5, 5, 5, 5, 5, 5, 5, 5, 5, 5, 5, 5, 5, 5, 5, 5, 5, 5, 5, 5, 5, 5, 5, 5, 5, 5, 5, 5, 5, 5, 5, 5, 5, 5, 5, 5, 5, 5, 5]
[5, 5, 5, 5, 5, 5, 5, 5, 5, 5, 5, 5, 5, 5, 5, 5, 5, 5, 5, 5, 5, 5, 5, 5, 5, 5, 5, 5, 5, 5, 5, 5, 5, 5, 5, 5, 5, 5, 5, 5, 5, 5, 5, 5, 5, 5, 5, 5, 5, 5, 5, 5, 5, 5, 5, 5, 5, 5, 5, 5, 5, 5, 5, 5]
[5, 5, 5, 5, 5, 5, 5, 5, 5, 5, 5, 5, 5, 5, 5, 5, 5, 5, 5, 5, 5, 5, 5, 5, 5, 5, 5, 5, 5, 5, 5, 5, 5, 5, 5, 5, 5, 5, 5, 5, 5, 5, 5, 5, 5, 5, 5, 5, 5, 5, 5, 5, 5, 5, 5, 5, 5, 5, 5, 5, 5, 5, 5, 5]
[5, 5, 5, 5, 5, 5, 5, 5, 5, 5, 5, 5, 5, 0, 0, 0, 0, 0, 0, 0, 0, 0, 0, 0, 0, 0, 0, 0, 0, 0, 0, 0, 0, 0, 0, 0, 0, 0, 0, 0, 0, 0, 0, 0, 0, 0, 0, 0, 0, 0, 0, 5, 5, 5, 5, 5, 5, 5, 5, 5, 5, 5, 5, 5]
[5, 5, 5, 5, 5, 5, 5, 5, 5, 5, 5, 5, 5, 0, 5, 5, 5, 5, 4, 4, 4, 4, 5, 5, 5, 5, 4, 4, 4, 4, 5, 5, 5, 5, 4, 4, 4, 4, 5, 5, 5, 5, 4, 4, 4, 4, 5, 5, 5, 5, 0, 5, 5, 5, 5, 5, 5, 5, 5, 5, 5, 5, 5, 5]
[5, 5, 5, 5, 5, 5, 5, 5, 5, 5, 5, 5, 5, 0, 5, 5, 5, 5, 4, 4, 4, 4, 5, 5, 5, 5, 4, 4, 4, 4, 5, 5, 5, 5, 4, 4, 4, 4, 5, 5, 5, 5, 4, 4, 4, 4, 5, 5, 5, 5, 0, 5, 5, 5, 5, 5, 5, 5, 5, 5, 5, 5, 5, 5]
[5, 5, 5, 5, 5, 5, 5, 5, 5, 5, 5, 5, 5, 0, 5, 5, 5, 5, 4, 4, 4, 4, 5, 5, 5, 5, 4, 4, 4, 4, 5, 5, 5, 5, 4, 4, 4, 4, 5, 5, 5, 5, 4, 4, 4, 4, 5, 5, 5, 5, 0, 5, 5, 5, 5, 5, 5, 5, 5, 5, 5, 5, 5, 5]
[5, 5, 5, 5, 5, 5, 5, 5, 5, 5, 5, 5, 5, 0, 5, 5, 5, 5, 4, 4, 4, 4, 5, 5, 5, 5, 4, 4, 4, 4, 5, 5, 5, 5, 4, 4, 4, 4, 5, 5, 5, 5, 4, 4, 4, 4, 5, 5, 5, 5, 0, 5, 5, 5, 5, 5, 5, 5, 5, 5, 5, 5, 5, 5]
[5, 5, 5, 5, 5, 5, 5, 5, 5, 5, 5, 5, 5, 0, 4, 4, 4, 4, 5, 5, 5, 5, 4, 4, 4, 4, 5, 5, 5, 5, 11, 11, 11, 11, 5, 5, 5, 5, 4, 4, 4, 4, 5, 5, 5, 5, 4, 4, 4, 4, 0, 5, 5, 5, 5, 5, 5, 5, 5, 5, 5, 5, 5, 5]
[5, 5, 5, 5, 5, 5, 5, 5, 5, 5, 5, 5, 5, 0, 4, 4, 4, 4, 5, 5, 5, 5, 4, 4, 4, 4, 5, 5, 5, 5, 11, 11, 11, 11, 5, 5, 5, 5, 4, 4, 4, 4, 5, 5, 5, 5, 4, 4, 4, 4, 0, 5, 5, 5, 5, 5, 5, 5, 5, 5, 5, 5, 5, 5]
[5, 5, 5, 5, 5, 5, 5, 5, 5, 5, 5, 5, 5, 0, 4, 4, 4, 4, 5, 5, 5, 5, 4, 4, 4, 4, 5, 5, 5, 5, 11, 11, 11, 11, 5, 5, 5, 5, 4, 4, 4, 4, 5, 5, 5, 5, 4, 4, 4, 4, 0, 5, 5, 5, 5, 5, 5, 5, 5, 5, 5, 5, 5, 5]
[5, 5, 5, 5, 5, 5, 5, 5, 5, 5, 5, 5, 5, 0, 4, 4, 4, 4, 5, 5, 5, 5, 4, 4, 4, 4, 5, 5, 5, 5, 11, 4, 4, 11, 5, 5, 5, 5, 4, 4, 4, 4, 5, 5, 5, 5, 4, 4, 4, 4, 0, 5, 5, 5, 5, 5, 5, 5, 5, 5, 5, 5, 5, 5]
[5, 5, 5, 5, 5, 5, 5, 5, 5, 5, 5, 5, 5, 0, 5, 5, 5, 5, 4, 4, 4, 4, 5, 5, 5, 5, 4, 4, 4, 4, 5, 5, 5, 5, 4, 4, 4, 4, 5, 5, 5, 5, 4, 4, 4, 4, 5, 5, 5, 5, 0, 5, 5, 5, 5, 5, 5, 5, 5, 5, 5, 5, 5, 5]
[5, 5, 5, 5, 5, 5, 5, 5, 5, 5, 5, 5, 5, 0, 5, 5, 5, 5, 4, 4, 4, 4, 5, 5, 5, 5, 4, 4, 4, 4, 5, 5, 5, 5, 4, 4, 4, 4, 5, 5, 5, 5, 4, 4, 4, 4, 5, 5, 5, 5, 0, 5, 5, 5, 5, 5, 5, 5, 5, 5, 5, 5, 5, 5]
[5, 5, 5, 5, 5, 5, 5, 5, 5, 5, 5, 5, 5, 0, 5, 5, 5, 5, 4, 4, 4, 4, 5, 5, 5, 5, 4, 4, 4, 4, 5, 5, 5, 5, 4, 4, 4, 4, 5, 5, 5, 5, 4, 4, 4, 4, 5, 5, 5, 5, 0, 5, 5, 5, 5, 5, 5, 5, 5, 5, 5, 5, 5, 5]
[5, 5, 5, 5, 5, 5, 5, 5, 5, 5, 5, 5, 5, 0, 5, 5, 5, 5, 4, 4, 4, 4, 5, 5, 5, 5, 4, 4, 4, 4, 5, 5, 5, 5, 4, 4, 4, 4, 5, 5, 5, 5, 4, 4, 4, 4, 5, 5, 5, 5, 0, 5, 5, 5, 5, 5, 5, 5, 5, 5, 5, 5, 5, 5]
[5, 5, 5, 5, 5, 5, 5, 5, 5, 5, 5, 5, 5, 0, 4, 4, 4, 4, 5, 5, 5, 5, 4, 4, 4, 4, 5, 5, 5, 5, 4, 4, 4, 4, 5, 5, 5, 5, 4, 4, 4, 4, 5, 5, 5, 5, 4, 4, 4, 4, 0, 5, 5, 5, 5, 5, 5, 5, 5, 5, 5, 5, 5, 5]
[5, 5, 5, 5, 5, 5, 5, 5, 5, 5, 5, 5, 5, 0, 4, 4, 4, 4, 5, 5, 5, 5, 4, 4, 4, 4, 5, 5, 5, 5, 4, 4, 4, 4, 5, 5, 5, 5, 4, 4, 4, 4, 5, 5, 5, 5, 4, 4, 4, 4, 0, 5, 5, 5, 5, 5, 5, 5, 5, 5, 5, 5, 5, 5]
[5, 5, 5, 5, 5, 5, 5, 5, 5, 5, 5, 5, 5, 0, 4, 4, 4, 4, 5, 5, 5, 5, 4, 4, 4, 4, 5, 5, 5, 5, 4, 4, 4, 4, 5, 5, 5, 5, 4, 4, 4, 4, 5, 5, 5, 5, 4, 4, 4, 4, 0, 5, 5, 5, 5, 5, 5, 5, 5, 5, 5, 5, 5, 5]
[5, 5, 5, 5, 5, 5, 5, 5, 5, 5, 5, 5, 5, 0, 4, 4, 4, 4, 5, 5, 5, 5, 4, 4, 4, 4, 5, 5, 5, 5, 4, 4, 4, 4, 5, 5, 5, 5, 4, 4, 4, 4, 5, 5, 5, 5, 4, 4, 4, 4, 0, 5, 5, 5, 5, 5, 5, 5, 5, 5, 5, 5, 5, 5]
[5, 5, 5, 5, 5, 5, 5, 5, 5, 5, 5, 5, 5, 0, 5, 5, 5, 5, 4, 4, 4, 4, 5, 5, 5, 5, 4, 4, 4, 4, 5, 5, 5, 5, 4, 4, 4, 4, 5, 5, 5, 5, 4, 4, 4, 4, 5, 5, 5, 5, 0, 5, 5, 5, 5, 5, 5, 5, 5, 5, 5, 5, 5, 5]
[5, 5, 5, 5, 5, 5, 5, 5, 5, 5, 5, 5, 5, 0, 5, 5, 5, 5, 4, 4, 4, 4, 5, 5, 5, 5, 4, 4, 4, 4, 5, 5, 5, 5, 4, 4, 4, 4, 5, 5, 5, 5, 4, 4, 4, 4, 5, 5, 5, 5, 0, 5, 5, 5, 5, 5, 5, 5, 5, 5, 5, 5, 5, 5]
[5, 5, 5, 5, 5, 5, 5, 5, 5, 5, 5, 5, 5, 0, 5, 5, 5, 5, 4, 4, 4, 4, 5, 5, 5, 5, 4, 4, 4, 4, 5, 5, 5, 5, 4, 4, 4, 4, 5, 5, 5, 5, 4, 4, 4, 4, 5, 5, 5, 5, 0, 5, 5, 5, 5, 5, 5, 5, 5, 5, 5, 5, 5, 5]
[5, 5, 5, 5, 5, 5, 5, 5, 5, 5, 5, 5, 5, 0, 5, 5, 5, 5, 4, 4, 4, 4, 5, 5, 5, 5, 4, 4, 4, 4, 5, 5, 5, 5, 4, 4, 4, 4, 5, 5, 5, 5, 4, 4, 4, 4, 5, 5, 5, 5, 0, 5, 5, 5, 5, 5, 5, 5, 5, 5, 5, 5, 5, 5]
[5, 5, 5, 5, 5, 5, 5, 5, 5, 5, 5, 5, 5, 0, 4, 4, 4, 4, 5, 5, 5, 5, 4, 4, 4, 4, 5, 5, 5, 5, 4, 4, 4, 4, 5, 5, 5, 5, 4, 4, 4, 4, 5, 5, 5, 5, 4, 4, 4, 4, 0, 5, 5, 5, 5, 5, 5, 5, 5, 5, 5, 5, 5, 5]
[5, 5, 5, 5, 5, 5, 5, 5, 5, 5, 5, 5, 5, 0, 4, 4, 4, 4, 5, 5, 5, 5, 4, 4, 4, 4, 5, 5, 5, 5, 4, 4, 4, 4, 5, 5, 5, 5, 4, 4, 4, 4, 5, 5, 5, 5, 4, 4, 4, 4, 0, 5, 5, 5, 5, 5, 5, 5, 5, 5, 5, 5, 5, 5]
[5, 5, 5, 5, 5, 5, 5, 5, 5, 5, 5, 5, 5, 0, 4, 4, 4, 4, 5, 5, 5, 5, 4, 4, 4, 4, 5, 5, 5, 5, 4, 4, 4, 4, 5, 5, 5, 5, 4, 4, 4, 4, 5, 5, 5, 5, 4, 4, 4, 4, 0, 5, 5, 5, 5, 5, 5, 5, 5, 5, 5, 5, 5, 5]
[5, 5, 5, 5, 5, 5, 5, 5, 5, 5, 5, 5, 5, 0, 4, 4, 4, 4, 5, 5, 5, 5, 4, 4, 4, 4, 5, 5, 5, 5, 4, 4, 4, 4, 5, 5, 5, 5, 4, 4, 4, 4, 5, 5, 5, 5, 4, 4, 4, 4, 0, 5, 5, 5, 5, 5, 5, 5, 5, 5, 5, 5, 5, 5]
[5, 5, 5, 5, 5, 5, 5, 5, 5, 5, 5, 5, 5, 0, 5, 5, 5, 5, 4, 4, 4, 4, 5, 5, 5, 5, 4, 4, 4, 11, 5, 5, 5, 5, 11, 4, 4, 4, 5, 5, 5, 5, 4, 4, 4, 4, 5, 5, 5, 5, 0, 5, 5, 5, 5, 5, 5, 5, 5, 5, 5, 5, 5, 5]
[5, 5, 5, 5, 5, 5, 5, 5, 5, 5, 5, 5, 5, 0, 5, 5, 5, 5, 4, 4, 4, 4, 5, 5, 5, 5, 4, 4, 4, 11, 5, 5, 5, 5, 11, 4, 4, 4, 5, 5, 5, 5, 4, 4, 4, 4, 5, 5, 5, 5, 0, 5, 5, 5, 5, 5, 5, 5, 5, 5, 5, 5, 5, 5]
[5, 5, 5, 5, 5, 5, 5, 5, 5, 5, 5, 5, 5, 0, 5, 5, 5, 5, 4, 4, 4, 4, 5, 5, 5, 5, 4, 4, 4, 11, 5, 5, 5, 5, 11, 4, 4, 4, 5, 5, 5, 5, 4, 4, 4, 4, 5, 5, 5, 5, 0, 5, 5, 5, 5, 5, 5, 5, 5, 5, 5, 5, 5, 5]
[5, 5, 5, 5, 5, 5, 5, 5, 5, 5, 5, 5, 5, 0, 5, 5, 5, 5, 4, 4, 4, 4, 5, 5, 5, 5, 4, 4, 4, 11, 5, 11, 11, 5, 11, 4, 4, 4, 5, 5, 5, 5, 4, 4, 4, 4, 5, 5, 5, 5, 0, 5, 5, 5, 5, 5, 5, 5, 5, 5, 5, 5, 5, 5]
[5, 5, 5, 5, 5, 5, 5, 5, 5, 5, 5, 5, 5, 0, 4, 4, 4, 4, 5, 5, 5, 5, 4, 4, 4, 4, 5, 5, 5, 11, 11, 11, 11, 11, 11, 5, 5, 5, 4, 4, 4, 4, 5, 5, 5, 5, 4, 4, 4, 4, 0, 5, 5, 5, 5, 5, 5, 5, 5, 5, 5, 5, 5, 5]
[5, 5, 5, 5, 5, 5, 5, 5, 5, 5, 5, 5, 5, 0, 4, 4, 4, 4, 5, 5, 5, 5, 4, 4, 4, 4, 5, 5, 5, 5, 4, 4, 4, 4, 5, 5, 5, 5, 4, 4, 4, 4, 5, 5, 5, 5, 4, 4, 4, 4, 0, 5, 5, 5, 5, 5, 5, 5, 5, 5, 5, 5, 5, 5]
[5, 5, 5, 5, 5, 5, 5, 5, 5, 5, 5, 5, 5, 0, 4, 4, 4, 4, 5, 5, 5, 5, 4, 4, 4, 4, 5, 5, 5, 5, 4, 4, 4, 4, 5, 5, 5, 5, 4, 4, 4, 4, 5, 5, 5, 5, 4, 4, 4, 4, 0, 5, 5, 5, 5, 5, 5, 5, 5, 5, 5, 5, 5, 5]
[5, 5, 5, 5, 5, 5, 5, 5, 5, 5, 5, 5, 5, 0, 4, 4, 4, 4, 5, 5, 5, 5, 4, 4, 4, 4, 5, 5, 5, 5, 4, 4, 4, 4, 5, 5, 5, 5, 4, 4, 4, 4, 5, 5, 5, 5, 4, 4, 4, 4, 0, 5, 5, 5, 5, 5, 5, 5, 5, 5, 5, 5, 5, 5]
[5, 5, 5, 5, 5, 5, 5, 5, 5, 5, 5, 5, 5, 0, 0, 0, 0, 0, 0, 0, 0, 0, 0, 0, 0, 0, 0, 0, 0, 0, 0, 0, 0, 0, 0, 0, 0, 0, 0, 0, 0, 0, 0, 0, 0, 0, 0, 0, 0, 0, 0, 5, 5, 5, 5, 5, 5, 5, 5, 5, 5, 5, 5, 5]
[5, 5, 5, 5, 5, 5, 5, 5, 5, 5, 5, 5, 5, 0, 0, 0, 0, 0, 0, 0, 5, 5, 5, 0, 0, 5, 5, 5, 0, 0, 5, 5, 5, 0, 0, 5, 5, 5, 0, 0, 1, 1, 1, 0, 0, 0, 0, 0, 0, 0, 0, 5, 5, 5, 5, 5, 5, 5, 5, 5, 5, 5, 5, 5]
[5, 5, 5, 5, 5, 5, 5, 5, 5, 5, 5, 5, 5, 0, 0, 0, 0, 0, 0, 0, 0, 0, 0, 0, 0, 0, 0, 0, 0, 0, 0, 0, 0, 0, 0, 0, 0, 0, 0, 0, 0, 0, 0, 0, 0, 0, 0, 0, 0, 0, 0, 5, 5, 5, 5, 5, 5, 5, 5, 5, 5, 5, 5, 5]
[5, 5, 5, 5, 5, 5, 5, 5, 5, 5, 5, 5, 5, 0, 0, 0, 0, 0, 0, 0, 0, 5, 0, 0, 0, 0, 5, 0, 0, 0, 0, 5, 0, 0, 0, 0, 5, 0, 0, 0, 0, 1, 0, 0, 0, 0, 0, 0, 0, 0, 0, 5, 5, 5, 5, 5, 5, 5, 5, 5, 5, 5, 5, 5]
[5, 5, 5, 5, 5, 5, 5, 5, 5, 5, 5, 5, 5, 0, 0, 0, 0, 0, 0, 0, 0, 5, 0, 0, 0, 0, 5, 0, 0, 0, 0, 5, 0, 0, 0, 0, 5, 0, 0, 0, 0, 1, 0, 0, 0, 0, 0, 0, 0, 0, 0, 5, 5, 5, 5, 5, 5, 5, 5, 5, 5, 5, 5, 5]
[5, 5, 5, 5, 5, 5, 5, 5, 5, 5, 5, 5, 5, 0, 0, 0, 0, 0, 0, 0, 0, 5, 0, 0, 0, 0, 5, 0, 0, 0, 0, 5, 0, 0, 0, 0, 5, 0, 0, 0, 0, 1, 0, 0, 0, 0, 0, 0, 0, 0, 0, 5, 5, 5, 5, 5, 5, 5, 5, 5, 5, 5, 5, 5]
[5, 5, 5, 5, 5, 5, 5, 5, 5, 5, 5, 5, 5, 0, 0, 0, 0, 0, 0, 0, 0, 0, 0, 0, 0, 0, 0, 0, 0, 0, 0, 0, 0, 0, 0, 0, 0, 0, 0, 0, 0, 0, 0, 0, 0, 0, 0, 0, 0, 0, 0, 5, 5, 5, 5, 5, 5, 5, 5, 5, 5, 5, 5, 5]
[5, 5, 5, 5, 5, 5, 5, 5, 5, 5, 5, 5, 5, 5, 5, 5, 5, 5, 5, 5, 5, 5, 5, 5, 5, 5, 5, 5, 5, 5, 5, 5, 5, 5, 5, 5, 5, 5, 5, 5, 5, 5, 5, 5, 5, 5, 5, 5, 0, 5, 5, 5, 5, 5, 5, 5, 5, 5, 5, 5, 5, 5, 5, 5]
[5, 5, 5, 5, 5, 5, 5, 5, 5, 5, 5, 5, 5, 5, 5, 5, 5, 5, 5, 5, 5, 5, 5, 5, 5, 5, 5, 5, 5, 5, 5, 5, 5, 5, 5, 5, 0, 0, 0, 0, 0, 0, 0, 0, 0, 0, 0, 0, 0, 5, 5, 5, 5, 5, 5, 5, 5, 5, 5, 5, 5, 5, 5, 5]
[5, 5, 5, 5, 5, 5, 5, 5, 5, 5, 5, 5, 5, 5, 5, 5, 5, 5, 5, 5, 5, 5, 5, 5, 5, 5, 5, 5, 5, 5, 5, 5, 5, 5, 5, 5, 0, 5, 5, 5, 5, 5, 5, 5, 5, 5, 5, 5, 5, 5, 5, 5, 5, 5, 5, 5, 5, 5, 5, 5, 5, 5, 5, 5]
[5, 5, 5, 5, 5, 5, 5, 5, 5, 5, 5, 5, 5, 5, 5, 5, 5, 5, 5, 5, 5, 5, 5, 5, 5, 5, 5, 5, 5, 5, 5, 5, 5, 5, 9, 9, 9, 9, 9, 5, 5, 5, 5, 5, 5, 5, 5, 5, 5, 5, 5, 5, 5, 5, 5, 5, 5, 5, 5, 5, 5, 5, 5, 5]
[5, 5, 5, 5, 5, 5, 5, 5, 5, 5, 5, 5, 5, 5, 5, 5, 5, 5, 5, 5, 5, 5, 5, 5, 5, 5, 5, 5, 5, 5, 5, 5, 5, 9, 9, 9, 9, 9, 9, 9, 5, 5, 5, 5, 5, 5, 5, 5, 5, 5, 5, 5, 5, 5, 5, 5, 5, 5, 5, 5, 5, 5, 5, 5]
[5, 5, 5, 5, 5, 5, 5, 5, 5, 5, 5, 5, 5, 5, 5, 5, 5, 5, 5, 5, 5, 5, 5, 5, 5, 5, 5, 5, 5, 5, 5, 5, 9, 9, 9, 9, 9, 9, 9, 9, 9, 5, 5, 5, 5, 5, 5, 5, 5, 5, 5, 5, 5, 5, 5, 5, 5, 5, 5, 5, 5, 5, 5, 5]
[5, 5, 5, 5, 5, 5, 5, 5, 5, 5, 5, 5, 5, 5, 5, 5, 5, 5, 5, 5, 5, 5, 5, 5, 5, 5, 5, 5, 5, 5, 5, 5, 9, 9, 9, 9, 9, 9, 9, 9, 9, 5, 5, 5, 5, 5, 5, 5, 5, 5, 5, 5, 5, 5, 5, 5, 5, 5, 5, 5, 5, 5, 5, 5]
[5, 5, 5, 5, 5, 5, 5, 5, 5, 5, 5, 5, 5, 5, 5, 5, 5, 5, 5, 5, 5, 5, 5, 5, 5, 5, 5, 5, 5, 5, 5, 5, 9, 9, 9, 9, 9, 9, 9, 9, 9, 5, 5, 5, 5, 5, 5, 5, 5, 5, 5, 5, 5, 5, 5, 5, 5, 5, 5, 5, 5, 5, 5, 5]
[5, 5, 5, 5, 5, 5, 5, 5, 5, 5, 5, 5, 5, 5, 5, 5, 5, 5, 5, 5, 5, 5, 5, 5, 5, 5, 5, 5, 5, 5, 5, 5, 9, 9, 9, 9, 9, 9, 9, 9, 9, 5, 5, 5, 5, 5, 5, 5, 5, 5, 5, 5, 5, 5, 5, 5, 5, 5, 5, 5, 5, 5, 5, 5]
[5, 5, 5, 5, 5, 5, 5, 5, 5, 5, 5, 5, 5, 5, 5, 5, 5, 5, 5, 5, 5, 5, 5, 5, 5, 5, 5, 5, 5, 5, 5, 5, 9, 9, 9, 9, 9, 9, 9, 9, 9, 5, 5, 5, 5, 5, 5, 5, 5, 5, 5, 5, 5, 5, 5, 5, 5, 5, 5, 5, 5, 5, 5, 5]
[5, 5, 5, 5, 5, 5, 5, 5, 5, 5, 5, 5, 5, 5, 5, 5, 5, 5, 5, 5, 5, 5, 5, 5, 5, 5, 5, 5, 5, 5, 5, 5, 5, 9, 9, 9, 9, 9, 9, 9, 5, 5, 5, 5, 5, 5, 5, 5, 5, 5, 5, 5, 5, 5, 5, 5, 5, 5, 5, 5, 5, 5, 5, 5]
[5, 5, 5, 5, 5, 5, 5, 5, 5, 5, 5, 5, 5, 5, 5, 5, 5, 5, 5, 5, 5, 5, 5, 5, 5, 5, 5, 5, 5, 5, 5, 5, 5, 5, 9, 9, 9, 9, 9, 5, 5, 5, 5, 5, 5, 5, 5, 5, 5, 5, 5, 5, 5, 5, 5, 5, 5, 5, 5, 5, 5, 5, 5, 5]
[5, 5, 5, 5, 5, 5, 5, 5, 5, 5, 5, 5, 5, 5, 5, 5, 5, 5, 5, 5, 5, 5, 5, 5, 5, 5, 5, 5, 5, 5, 5, 5, 5, 5, 5, 5, 5, 5, 5, 5, 5, 5, 5, 5, 5, 5, 5, 5, 5, 5, 5, 5, 5, 5, 5, 5, 5, 5, 5, 5, 5, 5, 5, 5]
[5, 5, 5, 5, 5, 5, 5, 5, 5, 5, 5, 5, 5, 5, 5, 5, 5, 5, 5, 5, 5, 5, 5, 5, 5, 5, 5, 5, 5, 5, 5, 5, 5, 5, 5, 5, 5, 5, 5, 5, 5, 5, 5, 5, 5, 5, 5, 5, 5, 5, 5, 5, 5, 5, 5, 5, 5, 5, 5, 5, 5, 5, 5, 5]
[5, 5, 5, 5, 5, 5, 5, 5, 5, 5, 5, 5, 5, 5, 5, 5, 5, 5, 5, 5, 5, 5, 5, 5, 5, 5, 5, 5, 5, 5, 5, 5, 5, 5, 5, 5, 5, 5, 5, 5, 5, 5, 5, 5, 5, 5, 5, 5, 5, 5, 5, 5, 5, 5, 5, 5, 5, 5, 5, 5, 5, 5, 5, 5]
[5, 5, 5, 5, 5, 5, 5, 5, 5, 5, 5, 5, 5, 5, 5, 5, 5, 5, 5, 5, 5, 5, 5, 5, 5, 5, 5, 5, 5, 5, 5, 5, 5, 5, 5, 5, 5, 5, 5, 5, 5, 5, 5, 5, 5, 5, 5, 5, 5, 5, 5, 5, 5, 5, 5, 5, 5, 5, 5, 5, 5, 5, 5, 5]
</grid_0>
",,0.0,False
17,ACTION6 x=41 y=45,manual,"State: NOT_FINISHED
Levels completed: 0/7
Action count: 17

========== Start of Direct Observation ==========
<grid_0>
[5, 5, 5, 5, 5, 5, 5, 5, 5, 5, 5, 5, 5, 5, 5, 5, 5, 5, 5, 5, 5, 5, 5, 5, 5, 5, 5, 5, 5, 5, 5, 5, 5, 5, 5, 5, 5, 5, 5, 5, 5, 5, 5, 5, 5, 5, 5, 5, 5, 5, 5, 5, 5, 5, 5, 5, 5, 5, 5, 5, 5, 5, 5, 5]
[5, 9, 9, 9, 9, 9, 9, 9, 9, 9, 9, 9, 9, 9, 9, 9, 9, 9, 9, 9, 9, 9, 9, 9, 9, 9, 9, 9, 9, 9, 9, 9, 9, 9, 9, 9, 9, 9, 9, 9, 9, 9, 9, 9, 9, 3, 3, 3, 3, 3, 3, 3, 3, 3, 3, 3, 3, 3, 3, 3, 3, 3, 5, 5]
[5, 5, 5, 5, 5, 5, 5, 5, 5, 5, 5, 5, 5, 5, 5, 5, 5, 5, 5, 5, 5, 5, 5, 5, 5, 5, 5, 5, 5, 5, 5, 5, 5, 5, 5, 5, 5, 5, 5, 5, 5, 5, 5, 5, 5, 5, 5, 5, 5, 5, 5, 5, 5, 5, 5, 5, 5, 5, 5, 5, 5, 5, 5, 5]
[5, 5, 5, 5, 5, 5, 5, 5, 5, 5, 5, 5, 5, 5, 5, 5, 5, 5, 5, 5, 5, 5, 5, 5, 5, 5, 5, 5, 5, 5, 5, 5, 5, 5, 5, 5, 5, 5, 5, 5, 5, 5, 5, 5, 5, 5, 5, 5, 5, 5, 5, 5, 5, 5, 5, 5, 5, 5, 5, 5, 5, 5, 5, 5]
[5, 5, 5, 5, 5, 5, 5, 5, 5, 5, 5, 5, 5, 5, 5, 5, 5, 5, 5, 5, 5, 5, 5, 5, 5, 5, 5, 5, 5, 5, 5, 5, 5, 5, 5, 5, 5, 5, 5, 5, 5, 5, 5, 5, 5, 5, 5, 5, 5, 5, 5, 5, 5, 5, 5, 5, 5, 5, 5, 5, 5, 5, 5, 5]
[5, 5, 5, 5, 5, 5, 5, 5, 5, 5, 5, 5, 5, 5, 5, 5, 5, 5, 5, 5, 5, 5, 5, 5, 5, 5, 5, 5, 5, 5, 5, 5, 5, 5, 5, 5, 5, 5, 5, 5, 5, 5, 5, 5, 5, 5, 5, 5, 5, 5, 5, 5, 5, 5, 5, 5, 5, 5, 5, 5, 5, 5, 5, 5]
[5, 5, 5, 5, 5, 5, 5, 5, 5, 5, 5, 5, 5, 5, 5, 5, 5, 5, 5, 5, 5, 5, 5, 5, 5, 5, 5, 5, 5, 5, 5, 5, 5, 5, 5, 5, 5, 5, 5, 5, 5, 5, 5, 5, 5, 5, 5, 5, 5, 5, 5, 5, 5, 5, 5, 5, 5, 5, 5, 5, 5, 5, 5, 5]
[5, 5, 5, 5, 5, 5, 5, 5, 5, 5, 5, 5, 5, 5, 5, 5, 5, 5, 5, 5, 5, 5, 5, 5, 5, 5, 5, 5, 5, 5, 5, 5, 5, 5, 5, 5, 5, 5, 5, 5, 5, 5, 5, 5, 5, 5, 5, 5, 5, 5, 5, 5, 5, 5, 5, 5, 5, 5, 5, 5, 5, 5, 5, 5]
[5, 5, 5, 5, 5, 5, 5, 5, 5, 5, 5, 5, 5, 0, 0, 0, 0, 0, 0, 0, 0, 0, 0, 0, 0, 0, 0, 0, 0, 0, 0, 0, 0, 0, 0, 0, 0, 0, 0, 0, 0, 0, 0, 0, 0, 0, 0, 0, 0, 0, 0, 5, 5, 5, 5, 5, 5, 5, 5, 5, 5, 5, 5, 5]
[5, 5, 5, 5, 5, 5, 5, 5, 5, 5, 5, 5, 5, 0, 5, 5, 5, 5, 4, 4, 4, 4, 5, 5, 5, 5, 4, 4, 4, 4, 5, 5, 5, 5, 4, 4, 4, 4, 5, 5, 5, 5, 4, 4, 4, 4, 5, 5, 5, 5, 0, 5, 5, 5, 5, 5, 5, 5, 5, 5, 5, 5, 5, 5]
[5, 5, 5, 5, 5, 5, 5, 5, 5, 5, 5, 5, 5, 0, 5, 5, 5, 5, 4, 4, 4, 4, 5, 5, 5, 5, 4, 4, 4, 4, 5, 5, 5, 5, 4, 4, 4, 4, 5, 5, 5, 5, 4, 4, 4, 4, 5, 5, 5, 5, 0, 5, 5, 5, 5, 5, 5, 5, 5, 5, 5, 5, 5, 5]
[5, 5, 5, 5, 5, 5, 5, 5, 5, 5, 5, 5, 5, 0, 5, 5, 5, 5, 4, 4, 4, 4, 5, 5, 5, 5, 4, 4, 4, 4, 5, 5, 5, 5, 4, 4, 4, 4, 5, 5, 5, 5, 4, 4, 4, 4, 5, 5, 5, 5, 0, 5, 5, 5, 5, 5, 5, 5, 5, 5, 5, 5, 5, 5]
[5, 5, 5, 5, 5, 5, 5, 5, 5, 5, 5, 5, 5, 0, 5, 5, 5, 5, 4, 4, 4, 4, 5, 5, 5, 5, 4, 4, 4, 4, 5, 5, 5, 5, 4, 4, 4, 4, 5, 5, 5, 5, 4, 4, 4, 4, 5, 5, 5, 5, 0, 5, 5, 5, 5, 5, 5, 5, 5, 5, 5, 5, 5, 5]
[5, 5, 5, 5, 5, 5, 5, 5, 5, 5, 5, 5, 5, 0, 4, 4, 4, 4, 5, 5, 5, 5, 4, 4, 4, 4, 5, 5, 5, 5, 11, 11, 11, 11, 5, 5, 5, 5, 4, 4, 4, 4, 5, 5, 5, 5, 4, 4, 4, 4, 0, 5, 5, 5, 5, 5, 5, 5, 5, 5, 5, 5, 5, 5]
[5, 5, 5, 5, 5, 5, 5, 5, 5, 5, 5, 5, 5, 0, 4, 4, 4, 4, 5, 5, 5, 5, 4, 4, 4, 4, 5, 5, 5, 5, 11, 11, 11, 11, 5, 5, 5, 5, 4, 4, 4, 4, 5, 5, 5, 5, 4, 4, 4, 4, 0, 5, 5, 5, 5, 5, 5, 5, 5, 5, 5, 5, 5, 5]
[5, 5, 5, 5, 5, 5, 5, 5, 5, 5, 5, 5, 5, 0, 4, 4, 4, 4, 5, 5, 5, 5, 4, 4, 4, 4, 5, 5, 5, 5, 11, 11, 11, 11, 5, 5, 5, 5, 4, 4, 4, 4, 5, 5, 5, 5, 4, 4, 4, 4, 0, 5, 5, 5, 5, 5, 5, 5, 5, 5, 5, 5, 5, 5]
[5, 5, 5, 5, 5, 5, 5, 5, 5, 5, 5, 5, 5, 0, 4, 4, 4, 4, 5, 5, 5, 5, 4, 4, 4, 4, 5, 5, 5, 5, 11, 4, 4, 11, 5, 5, 5, 5, 4, 4, 4, 4, 5, 5, 5, 5, 4, 4, 4, 4, 0, 5, 5, 5, 5, 5, 5, 5, 5, 5, 5, 5, 5, 5]
[5, 5, 5, 5, 5, 5, 5, 5, 5, 5, 5, 5, 5, 0, 5, 5, 5, 5, 4, 4, 4, 4, 5, 5, 5, 5, 4, 4, 4, 4, 5, 5, 5, 5, 4, 4, 4, 4, 5, 5, 5, 5, 4, 4, 4, 4, 5, 5, 5, 5, 0, 5, 5, 5, 5, 5, 5, 5, 5, 5, 5, 5, 5, 5]
[5, 5, 5, 5, 5, 5, 5, 5, 5, 5, 5, 5, 5, 0, 5, 5, 5, 5, 4, 4, 4, 4, 5, 5, 5, 5, 4, 4, 4, 4, 5, 5, 5, 5, 4, 4, 4, 4, 5, 5, 5, 5, 4, 4, 4, 4, 5, 5, 5, 5, 0, 5, 5, 5, 5, 5, 5, 5, 5, 5, 5, 5, 5, 5]
[5, 5, 5, 5, 5, 5, 5, 5, 5, 5, 5, 5, 5, 0, 5, 5, 5, 5, 4, 4, 4, 4, 5, 5, 5, 5, 4, 4, 4, 4, 5, 5, 5, 5, 4, 4, 4, 4, 5, 5, 5, 5, 4, 4, 4, 4, 5, 5, 5, 5, 0, 5, 5, 5, 5, 5, 5, 5, 5, 5, 5, 5, 5, 5]
[5, 5, 5, 5, 5, 5, 5, 5, 5, 5, 5, 5, 5, 0, 5, 5, 5, 5, 4, 4, 4, 4, 5, 5, 5, 5, 4, 4, 4, 4, 5, 5, 5, 5, 4, 4, 4, 4, 5, 5, 5, 5, 4, 4, 4, 4, 5, 5, 5, 5, 0, 5, 5, 5, 5, 5, 5, 5, 5, 5, 5, 5, 5, 5]
[5, 5, 5, 5, 5, 5, 5, 5, 5, 5, 5, 5, 5, 0, 4, 4, 4, 4, 5, 5, 5, 5, 4, 4, 4, 4, 5, 5, 5, 5, 4, 4, 4, 4, 5, 5, 5, 5, 4, 4, 4, 4, 5, 5, 5, 5, 4, 4, 4, 4, 0, 5, 5, 5, 5, 5, 5, 5, 5, 5, 5, 5, 5, 5]
[5, 5, 5, 5, 5, 5, 5, 5, 5, 5, 5, 5, 5, 0, 4, 4, 4, 4, 5, 5, 5, 5, 4, 4, 4, 4, 5, 5, 5, 5, 4, 4, 4, 4, 5, 5, 5, 5, 4, 4, 4, 4, 5, 5, 5, 5, 4, 4, 4, 4, 0, 5, 5, 5, 5, 5, 5, 5, 5, 5, 5, 5, 5, 5]
[5, 5, 5, 5, 5, 5, 5, 5, 5, 5, 5, 5, 5, 0, 4, 4, 4, 4, 5, 5, 5, 5, 4, 4, 4, 4, 5, 5, 5, 5, 4, 4, 4, 4, 5, 5, 5, 5, 4, 4, 4, 4, 5, 5, 5, 5, 4, 4, 4, 4, 0, 5, 5, 5, 5, 5, 5, 5, 5, 5, 5, 5, 5, 5]
[5, 5, 5, 5, 5, 5, 5, 5, 5, 5, 5, 5, 5, 0, 4, 4, 4, 4, 5, 5, 5, 5, 4, 4, 4, 4, 5, 5, 5, 5, 4, 4, 4, 4, 5, 5, 5, 5, 4, 4, 4, 4, 5, 5, 5, 5, 4, 4, 4, 4, 0, 5, 5, 5, 5, 5, 5, 5, 5, 5, 5, 5, 5, 5]
[5, 5, 5, 5, 5, 5, 5, 5, 5, 5, 5, 5, 5, 0, 5, 5, 5, 5, 4, 4, 4, 4, 5, 5, 5, 5, 4, 4, 4, 4, 5, 5, 5, 5, 4, 4, 4, 4, 5, 5, 5, 5, 4, 4, 4, 4, 5, 5, 5, 5, 0, 5, 5, 5, 5, 5, 5, 5, 5, 5, 5, 5, 5, 5]
[5, 5, 5, 5, 5, 5, 5, 5, 5, 5, 5, 5, 5, 0, 5, 5, 5, 5, 4, 4, 4, 4, 5, 5, 5, 5, 4, 4, 4, 4, 5, 5, 5, 5, 4, 4, 4, 4, 5, 5, 5, 5, 4, 4, 4, 4, 5, 5, 5, 5, 0, 5, 5, 5, 5, 5, 5, 5, 5, 5, 5, 5, 5, 5]
[5, 5, 5, 5, 5, 5, 5, 5, 5, 5, 5, 5, 5, 0, 5, 5, 5, 5, 4, 4, 4, 4, 5, 5, 5, 5, 4, 4, 4, 4, 5, 5, 5, 5, 4, 4, 4, 4, 5, 5, 5, 5, 4, 4, 4, 4, 5, 5, 5, 5, 0, 5, 5, 5, 5, 5, 5, 5, 5, 5, 5, 5, 5, 5]
[5, 5, 5, 5, 5, 5, 5, 5, 5, 5, 5, 5, 5, 0, 5, 5, 5, 5, 4, 4, 4, 4, 5, 5, 5, 5, 4, 4, 4, 4, 5, 5, 5, 5, 4, 4, 4, 4, 5, 5, 5, 5, 4, 4, 4, 4, 5, 5, 5, 5, 0, 5, 5, 5, 5, 5, 5, 5, 5, 5, 5, 5, 5, 5]
[5, 5, 5, 5, 5, 5, 5, 5, 5, 5, 5, 5, 5, 0, 4, 4, 4, 4, 5, 5, 5, 5, 4, 4, 4, 4, 5, 5, 5, 5, 4, 4, 4, 4, 5, 5, 5, 5, 4, 4, 4, 4, 5, 5, 5, 5, 4, 4, 4, 4, 0, 5, 5, 5, 5, 5, 5, 5, 5, 5, 5, 5, 5, 5]
[5, 5, 5, 5, 5, 5, 5, 5, 5, 5, 5, 5, 5, 0, 4, 4, 4, 4, 5, 5, 5, 5, 4, 4, 4, 4, 5, 5, 5, 5, 4, 4, 4, 4, 5, 5, 5, 5, 4, 4, 4, 4, 5, 5, 5, 5, 4, 4, 4, 4, 0, 5, 5, 5, 5, 5, 5, 5, 5, 5, 5, 5, 5, 5]
[5, 5, 5, 5, 5, 5, 5, 5, 5, 5, 5, 5, 5, 0, 4, 4, 4, 4, 5, 5, 5, 5, 4, 4, 4, 4, 5, 5, 5, 5, 4, 4, 4, 4, 5, 5, 5, 5, 4, 4, 4, 4, 5, 5, 5, 5, 4, 4, 4, 4, 0, 5, 5, 5, 5, 5, 5, 5, 5, 5, 5, 5, 5, 5]
[5, 5, 5, 5, 5, 5, 5, 5, 5, 5, 5, 5, 5, 0, 4, 4, 4, 4, 5, 5, 5, 5, 4, 4, 4, 4, 5, 5, 5, 5, 4, 4, 4, 4, 5, 5, 5, 5, 4, 4, 4, 4, 5, 5, 5, 5, 4, 4, 4, 4, 0, 5, 5, 5, 5, 5, 5, 5, 5, 5, 5, 5, 5, 5]
[5, 5, 5, 5, 5, 5, 5, 5, 5, 5, 5, 5, 5, 0, 5, 5, 5, 5, 4, 4, 4, 4, 5, 5, 5, 5, 4, 4, 4, 11, 5, 5, 5, 5, 11, 4, 4, 4, 5, 5, 5, 5, 4, 4, 4, 4, 5, 5, 5, 5, 0, 5, 5, 5, 5, 5, 5, 5, 5, 5, 5, 5, 5, 5]
[5, 5, 5, 5, 5, 5, 5, 5, 5, 5, 5, 5, 5, 0, 5, 5, 5, 5, 4, 4, 4, 4, 5, 5, 5, 5, 4, 4, 4, 11, 5, 5, 5, 5, 11, 4, 4, 4, 5, 5, 5, 5, 4, 4, 4, 4, 5, 5, 5, 5, 0, 5, 5, 5, 5, 5, 5, 5, 5, 5, 5, 5, 5, 5]
[5, 5, 5, 5, 5, 5, 5, 5, 5, 5, 5, 5, 5, 0, 5, 5, 5, 5, 4, 4, 4, 4, 5, 5, 5, 5, 4, 4, 4, 11, 5, 5, 5, 5, 11, 4, 4, 4, 5, 5, 5, 5, 4, 4, 4, 4, 5, 5, 5, 5, 0, 5, 5, 5, 5, 5, 5, 5, 5, 5, 5, 5, 5, 5]
[5, 5, 5, 5, 5, 5, 5, 5, 5, 5, 5, 5, 5, 0, 5, 5, 5, 5, 4, 4, 4, 4, 5, 5, 5, 5, 4, 4, 4, 11, 5, 11, 11, 5, 11, 4, 4, 4, 5, 5, 5, 5, 4, 4, 4, 4, 5, 5, 5, 5, 0, 5, 5, 5, 5, 5, 5, 5, 5, 5, 5, 5, 5, 5]
[5, 5, 5, 5, 5, 5, 5, 5, 5, 5, 5, 5, 5, 0, 4, 4, 4, 4, 5, 5, 5, 5, 4, 4, 4, 4, 5, 5, 5, 11, 11, 11, 11, 11, 11, 5, 5, 5, 4, 4, 4, 4, 5, 5, 5, 5, 4, 4, 4, 4, 0, 5, 5, 5, 5, 5, 5, 5, 5, 5, 5, 5, 5, 5]
[5, 5, 5, 5, 5, 5, 5, 5, 5, 5, 5, 5, 5, 0, 4, 4, 4, 4, 5, 5, 5, 5, 4, 4, 4, 4, 5, 5, 5, 5, 4, 4, 4, 4, 5, 5, 5, 5, 4, 4, 4, 4, 5, 5, 5, 5, 4, 4, 4, 4, 0, 5, 5, 5, 5, 5, 5, 5, 5, 5, 5, 5, 5, 5]
[5, 5, 5, 5, 5, 5, 5, 5, 5, 5, 5, 5, 5, 0, 4, 4, 4, 4, 5, 5, 5, 5, 4, 4, 4, 4, 5, 5, 5, 5, 4, 4, 4, 4, 5, 5, 5, 5, 4, 4, 4, 4, 5, 5, 5, 5, 4, 4, 4, 4, 0, 5, 5, 5, 5, 5, 5, 5, 5, 5, 5, 5, 5, 5]
[5, 5, 5, 5, 5, 5, 5, 5, 5, 5, 5, 5, 5, 0, 4, 4, 4, 4, 5, 5, 5, 5, 4, 4, 4, 4, 5, 5, 5, 5, 4, 4, 4, 4, 5, 5, 5, 5, 4, 4, 4, 4, 5, 5, 5, 5, 4, 4, 4, 4, 0, 5, 5, 5, 5, 5, 5, 5, 5, 5, 5, 5, 5, 5]
[5, 5, 5, 5, 5, 5, 5, 5, 5, 5, 5, 5, 5, 0, 0, 0, 0, 0, 0, 0, 0, 0, 0, 0, 0, 0, 0, 0, 0, 0, 0, 0, 0, 0, 0, 0, 0, 0, 0, 0, 0, 0, 0, 0, 0, 0, 0, 0, 0, 0, 0, 5, 5, 5, 5, 5, 5, 5, 5, 5, 5, 5, 5, 5]
[5, 5, 5, 5, 5, 5, 5, 5, 5, 5, 5, 5, 5, 0, 0, 0, 0, 0, 0, 0, 5, 5, 5, 0, 0, 5, 5, 5, 0, 0, 5, 5, 5, 0, 0, 5, 5, 5, 0, 0, 5, 5, 5, 0, 0, 0, 0, 0, 0, 0, 0, 5, 5, 5, 5, 5, 5, 5, 5, 5, 5, 5, 5, 5]
[5, 5, 5, 5, 5, 5, 5, 5, 5, 5, 5, 5, 5, 0, 0, 0, 0, 0, 0, 0, 0, 0, 0, 0, 0, 0, 0, 0, 0, 0, 0, 0, 0, 0, 0, 0, 0, 0, 0, 0, 0, 0, 0, 0, 0, 0, 0, 0, 0, 0, 0, 5, 5, 5, 5, 5, 5, 5, 5, 5, 5, 5, 5, 5]
[5, 5, 5, 5, 5, 5, 5, 5, 5, 5, 5, 5, 5, 0, 0, 0, 0, 0, 0, 0, 0, 5, 0, 0, 0, 0, 5, 0, 0, 0, 0, 5, 0, 0, 0, 0, 5, 0, 0, 0, 0, 1, 0, 0, 0, 0, 0, 0, 0, 0, 0, 5, 5, 5, 5, 5, 5, 5, 5, 5, 5, 5, 5, 5]
[5, 5, 5, 5, 5, 5, 5, 5, 5, 5, 5, 5, 5, 0, 0, 0, 0, 0, 0, 0, 0, 5, 0, 0, 0, 0, 5, 0, 0, 0, 0, 5, 0, 0, 0, 0, 5, 0, 0, 0, 0, 1, 0, 0, 0, 0, 0, 0, 0, 0, 0, 5, 5, 5, 5, 5, 5, 5, 5, 5, 5, 5, 5, 5]
[5, 5, 5, 5, 5, 5, 5, 5, 5, 5, 5, 5, 5, 0, 0, 0, 0, 0, 0, 0, 0, 5, 0, 0, 0, 0, 5, 0, 0, 0, 0, 5, 0, 0, 0, 0, 5, 0, 0, 0, 0, 1, 0, 0, 0, 0, 0, 0, 0, 0, 0, 5, 5, 5, 5, 5, 5, 5, 5, 5, 5, 5, 5, 5]
[5, 5, 5, 5, 5, 5, 5, 5, 5, 5, 5, 5, 5, 0, 0, 0, 0, 0, 0, 0, 0, 0, 0, 0, 0, 0, 0, 0, 0, 0, 0, 0, 0, 0, 0, 0, 0, 0, 0, 0, 0, 0, 0, 0, 0, 0, 0, 0, 0, 0, 0, 5, 5, 5, 5, 5, 5, 5, 5, 5, 5, 5, 5, 5]
[5, 5, 5, 5, 5, 5, 5, 5, 5, 5, 5, 5, 5, 5, 5, 5, 5, 5, 5, 5, 5, 5, 5, 5, 5, 5, 5, 5, 5, 5, 5, 5, 5, 5, 5, 5, 5, 5, 5, 5, 5, 5, 5, 5, 5, 5, 5, 5, 0, 5, 5, 5, 5, 5, 5, 5, 5, 5, 5, 5, 5, 5, 5, 5]
[5, 5, 5, 5, 5, 5, 5, 5, 5, 5, 5, 5, 5, 5, 5, 5, 5, 5, 5, 5, 5, 5, 5, 5, 5, 5, 5, 5, 5, 5, 5, 5, 5, 5, 5, 5, 0, 0, 0, 0, 0, 0, 0, 0, 0, 0, 0, 0, 0, 5, 5, 5, 5, 5, 5, 5, 5, 5, 5, 5, 5, 5, 5, 5]
[5, 5, 5, 5, 5, 5, 5, 5, 5, 5, 5, 5, 5, 5, 5, 5, 5, 5, 5, 5, 5, 5, 5, 5, 5, 5, 5, 5, 5, 5, 5, 5, 5, 5, 5, 5, 0, 5, 5, 5, 5, 5, 5, 5, 5, 5, 5, 5, 5, 5, 5, 5, 5, 5, 5, 5, 5, 5, 5, 5, 5, 5, 5, 5]
[5, 5, 5, 5, 5, 5, 5, 5, 5, 5, 5, 5, 5, 5, 5, 5, 5, 5, 5, 5, 5, 5, 5, 5, 5, 5, 5, 5, 5, 5, 5, 5, 5, 5, 9, 9, 9, 9, 9, 5, 5, 5, 5, 5, 5, 5, 5, 5, 5, 5, 5, 5, 5, 5, 5, 5, 5, 5, 5, 5, 5, 5, 5, 5]
[5, 5, 5, 5, 5, 5, 5, 5, 5, 5, 5, 5, 5, 5, 5, 5, 5, 5, 5, 5, 5, 5, 5, 5, 5, 5, 5, 5, 5, 5, 5, 5, 5, 9, 9, 9, 9, 9, 9, 9, 5, 5, 5, 5, 5, 5, 5, 5, 5, 5, 5, 5, 5, 5, 5, 5, 5, 5, 5, 5, 5, 5, 5, 5]
[5, 5, 5, 5, 5, 5, 5, 5, 5, 5, 5, 5, 5, 5, 5, 5, 5, 5, 5, 5, 5, 5, 5, 5, 5, 5, 5, 5, 5, 5, 5, 5, 9, 9, 9, 9, 9, 9, 9, 9, 9, 5, 5, 5, 5, 5, 5, 5, 5, 5, 5, 5, 5, 5, 5, 5, 5, 5, 5, 5, 5, 5, 5, 5]
[5, 5, 5, 5, 5, 5, 5, 5, 5, 5, 5, 5, 5, 5, 5, 5, 5, 5, 5, 5, 5, 5, 5, 5, 5, 5, 5, 5, 5, 5, 5, 5, 9, 9, 9, 9, 9, 9, 9, 9, 9, 5, 5, 5, 5, 5, 5, 5, 5, 5, 5, 5, 5, 5, 5, 5, 5, 5, 5, 5, 5, 5, 5, 5]
[5, 5, 5, 5, 5, 5, 5, 5, 5, 5, 5, 5, 5, 5, 5, 5, 5, 5, 5, 5, 5, 5, 5, 5, 5, 5, 5, 5, 5, 5, 5, 5, 9, 9, 9, 9, 9, 9, 9, 9, 9, 5, 5, 5, 5, 5, 5, 5, 5, 5, 5, 5, 5, 5, 5, 5, 5, 5, 5, 5, 5, 5, 5, 5]
[5, 5, 5, 5, 5, 5, 5, 5, 5, 5, 5, 5, 5, 5, 5, 5, 5, 5, 5, 5, 5, 5, 5, 5, 5, 5, 5, 5, 5, 5, 5, 5, 9, 9, 9, 9, 9, 9, 9, 9, 9, 5, 5, 5, 5, 5, 5, 5, 5, 5, 5, 5, 5, 5, 5, 5, 5, 5, 5, 5, 5, 5, 5, 5]
[5, 5, 5, 5, 5, 5, 5, 5, 5, 5, 5, 5, 5, 5, 5, 5, 5, 5, 5, 5, 5, 5, 5, 5, 5, 5, 5, 5, 5, 5, 5, 5, 9, 9, 9, 9, 9, 9, 9, 9, 9, 5, 5, 5, 5, 5, 5, 5, 5, 5, 5, 5, 5, 5, 5, 5, 5, 5, 5, 5, 5, 5, 5, 5]
[5, 5, 5, 5, 5, 5, 5, 5, 5, 5, 5, 5, 5, 5, 5, 5, 5, 5, 5, 5, 5, 5, 5, 5, 5, 5, 5, 5, 5, 5, 5, 5, 5, 9, 9, 9, 9, 9, 9, 9, 5, 5, 5, 5, 5, 5, 5, 5, 5, 5, 5, 5, 5, 5, 5, 5, 5, 5, 5, 5, 5, 5, 5, 5]
[5, 5, 5, 5, 5, 5, 5, 5, 5, 5, 5, 5, 5, 5, 5, 5, 5, 5, 5, 5, 5, 5, 5, 5, 5, 5, 5, 5, 5, 5, 5, 5, 5, 5, 9, 9, 9, 9, 9, 5, 5, 5, 5, 5, 5, 5, 5, 5, 5, 5, 5, 5, 5, 5, 5, 5, 5, 5, 5, 5, 5, 5, 5, 5]
[5, 5, 5, 5, 5, 5, 5, 5, 5, 5, 5, 5, 5, 5, 5, 5, 5, 5, 5, 5, 5, 5, 5, 5, 5, 5, 5, 5, 5, 5, 5, 5, 5, 5, 5, 5, 5, 5, 5, 5, 5, 5, 5, 5, 5, 5, 5, 5, 5, 5, 5, 5, 5, 5, 5, 5, 5, 5, 5, 5, 5, 5, 5, 5]
[5, 5, 5, 5, 5, 5, 5, 5, 5, 5, 5, 5, 5, 5, 5, 5, 5, 5, 5, 5, 5, 5, 5, 5, 5, 5, 5, 5, 5, 5, 5, 5, 5, 5, 5, 5, 5, 5, 5, 5, 5, 5, 5, 5, 5, 5, 5, 5, 5, 5, 5, 5, 5, 5, 5, 5, 5, 5, 5, 5, 5, 5, 5, 5]
[5, 5, 5, 5, 5, 5, 5, 5, 5, 5, 5, 5, 5, 5, 5, 5, 5, 5, 5, 5, 5, 5, 5, 5, 5, 5, 5, 5, 5, 5, 5, 5, 5, 5, 5, 5, 5, 5, 5, 5, 5, 5, 5, 5, 5, 5, 5, 5, 5, 5, 5, 5, 5, 5, 5, 5, 5, 5, 5, 5, 5, 5, 5, 5]
[5, 5, 5, 5, 5, 5, 5, 5, 5, 5, 5, 5, 5, 5, 5, 5, 5, 5, 5, 5, 5, 5, 5, 5, 5, 5, 5, 5, 5, 5, 5, 5, 5, 5, 5, 5, 5, 5, 5, 5, 5, 5, 5, 5, 5, 5, 5, 5, 5, 5, 5, 5, 5, 5, 5, 5, 5, 5, 5, 5, 5, 5, 5, 5]
</grid_0>
",,0.0,False
18,ACTION6 x=36 y=55,manual,"State: NOT_FINISHED
Levels completed: 0/7
Action count: 18

========== Start of Direct Observation ==========
<grid_0>
[5, 5, 5, 5, 5, 5, 5, 5, 5, 5, 5, 5, 5, 5, 5, 5, 5, 5, 5, 5, 5, 5, 5, 5, 5, 5, 5, 5, 5, 5, 5, 5, 5, 5, 5, 5, 5, 5, 5, 5, 5, 5, 5, 5, 5, 5, 5, 5, 5, 5, 5, 5, 5, 5, 5, 5, 5, 5, 5, 5, 5, 5, 5, 5]
[5, 9, 9, 9, 9, 9, 9, 9, 9, 9, 9, 9, 9, 9, 9, 9, 9, 9, 9, 9, 9, 9, 9, 9, 9, 9, 9, 9, 9, 9, 9, 9, 9, 9, 9, 9, 9, 9, 9, 9, 9, 9, 9, 9, 3, 3, 3, 3, 3, 3, 3, 3, 3, 3, 3, 3, 3, 3, 3, 3, 3, 3, 5, 5]
[5, 5, 5, 5, 5, 5, 5, 5, 5, 5, 5, 5, 5, 5, 5, 5, 5, 5, 5, 5, 5, 5, 5, 5, 5, 5, 5, 5, 5, 5, 5, 5, 5, 5, 5, 5, 5, 5, 5, 5, 5, 5, 5, 5, 5, 5, 5, 5, 5, 5, 5, 5, 5, 5, 5, 5, 5, 5, 5, 5, 5, 5, 5, 5]
[5, 5, 5, 5, 5, 5, 5, 5, 5, 5, 5, 5, 5, 5, 5, 5, 5, 5, 5, 5, 5, 5, 5, 5, 5, 5, 5, 5, 5, 5, 5, 5, 5, 5, 5, 5, 5, 5, 5, 5, 5, 5, 5, 5, 5, 5, 5, 5, 5, 5, 5, 5, 5, 5, 5, 5, 5, 5, 5, 5, 5, 5, 5, 5]
[5, 5, 5, 5, 5, 5, 5, 5, 5, 5, 5, 5, 5, 5, 5, 5, 5, 5, 5, 5, 5, 5, 5, 5, 5, 5, 5, 5, 5, 5, 5, 5, 5, 5, 5, 5, 5, 5, 5, 5, 5, 5, 5, 5, 5, 5, 5, 5, 5, 5, 5, 5, 5, 5, 5, 5, 5, 5, 5, 5, 5, 5, 5, 5]
[5, 5, 5, 5, 5, 5, 5, 5, 5, 5, 5, 5, 5, 5, 5, 5, 5, 5, 5, 5, 5, 5, 5, 5, 5, 5, 5, 5, 5, 5, 5, 5, 5, 5, 5, 5, 5, 5, 5, 5, 5, 5, 5, 5, 5, 5, 5, 5, 5, 5, 5, 5, 5, 5, 5, 5, 5, 5, 5, 5, 5, 5, 5, 5]
[5, 5, 5, 5, 5, 5, 5, 5, 5, 5, 5, 5, 5, 5, 5, 5, 5, 5, 5, 5, 5, 5, 5, 5, 5, 5, 5, 5, 5, 5, 5, 5, 5, 5, 5, 5, 5, 5, 5, 5, 5, 5, 5, 5, 5, 5, 5, 5, 5, 5, 5, 5, 5, 5, 5, 5, 5, 5, 5, 5, 5, 5, 5, 5]
[5, 5, 5, 5, 5, 5, 5, 5, 5, 5, 5, 5, 5, 5, 5, 5, 5, 5, 5, 5, 5, 5, 5, 5, 5, 5, 5, 5, 5, 5, 5, 5, 5, 5, 5, 5, 5, 5, 5, 5, 5, 5, 5, 5, 5, 5, 5, 5, 5, 5, 5, 5, 5, 5, 5, 5, 5, 5, 5, 5, 5, 5, 5, 5]
[5, 5, 5, 5, 5, 5, 5, 5, 5, 5, 5, 5, 5, 0, 0, 0, 0, 0, 0, 0, 0, 0, 0, 0, 0, 0, 0, 0, 0, 0, 0, 0, 0, 0, 0, 0, 0, 0, 0, 0, 0, 0, 0, 0, 0, 0, 0, 0, 0, 0, 0, 5, 5, 5, 5, 5, 5, 5, 5, 5, 5, 5, 5, 5]
[5, 5, 5, 5, 5, 5, 5, 5, 5, 5, 5, 5, 5, 0, 5, 5, 5, 5, 4, 4, 4, 4, 5, 5, 5, 5, 4, 4, 4, 4, 5, 5, 5, 5, 4, 4, 4, 4, 5, 5, 5, 5, 4, 4, 4, 4, 5, 5, 5, 5, 0, 5, 5, 5, 5, 5, 5, 5, 5, 5, 5, 5, 5, 5]
[5, 5, 5, 5, 5, 5, 5, 5, 5, 5, 5, 5, 5, 0, 5, 5, 5, 5, 4, 4, 4, 4, 5, 5, 5, 5, 4, 4, 4, 4, 5, 5, 5, 5, 4, 4, 4, 4, 5, 5, 5, 5, 4, 4, 4, 4, 5, 5, 5, 5, 0, 5, 5, 5, 5, 5, 5, 5, 5, 5, 5, 5, 5, 5]
[5, 5, 5, 5, 5, 5, 5, 5, 5, 5, 5, 5, 5, 0, 5, 5, 5, 5, 4, 4, 4, 4, 5, 5, 5, 5, 4, 4, 4, 4, 5, 5, 5, 5, 4, 4, 4, 4, 5, 5, 5, 5, 4, 4, 4, 4, 5, 5, 5, 5, 0, 5, 5, 5, 5, 5, 5, 5, 5, 5, 5, 5, 5, 5]
[5, 5, 5, 5, 5, 5, 5, 5, 5, 5, 5, 5, 5, 0, 5, 5, 5, 5, 4, 4, 4, 4, 5, 5, 5, 5, 4, 4, 4, 4, 5, 5, 5, 5, 4, 4, 4, 4, 5, 5, 5, 5, 4, 4, 4, 4, 5, 5, 5, 5, 0, 5, 5, 5, 5, 5, 5, 5, 5, 5, 5, 5, 5, 5]
[5, 5, 5, 5, 5, 5, 5, 5, 5, 5, 5, 5, 5, 0, 4, 4, 4, 4, 5, 5, 5, 5, 4, 4, 4, 4, 5, 5, 5, 5, 11, 11, 11, 11, 5, 5, 5, 5, 4, 4, 4, 4, 5, 5, 5, 5, 4, 4, 4, 4, 0, 5, 5, 5, 5, 5, 5, 5, 5, 5, 5, 5, 5, 5]
[5, 5, 5, 5, 5, 5, 5, 5, 5, 5, 5, 5, 5, 0, 4, 4, 4, 4, 5, 5, 5, 5, 4, 4, 4, 4, 5, 5, 5, 5, 11, 11, 11, 11, 5, 5, 5, 5, 4, 4, 4, 4, 5, 5, 5, 5, 4, 4, 4, 4, 0, 5, 5, 5, 5, 5, 5, 5, 5, 5, 5, 5, 5, 5]
[5, 5, 5, 5, 5, 5, 5, 5, 5, 5, 5, 5, 5, 0, 4, 4, 4, 4, 5, 5, 5, 5, 4, 4, 4, 4, 5, 5, 5, 5, 11, 11, 11, 11, 5, 5, 5, 5, 4, 4, 4, 4, 5, 5, 5, 5, 4, 4, 4, 4, 0, 5, 5, 5, 5, 5, 5, 5, 5, 5, 5, 5, 5, 5]
[5, 5, 5, 5, 5, 5, 5, 5, 5, 5, 5, 5, 5, 0, 4, 4, 4, 4, 5, 5, 5, 5, 4, 4, 4, 4, 5, 5, 5, 5, 11, 4, 4, 11, 5, 5, 5, 5, 4, 4, 4, 4, 5, 5, 5, 5, 4, 4, 4, 4, 0, 5, 5, 5, 5, 5, 5, 5, 5, 5, 5, 5, 5, 5]
[5, 5, 5, 5, 5, 5, 5, 5, 5, 5, 5, 5, 5, 0, 5, 5, 5, 5, 4, 4, 4, 4, 5, 5, 5, 5, 4, 4, 4, 4, 5, 5, 5, 5, 4, 4, 4, 4, 5, 5, 5, 5, 4, 4, 4, 4, 5, 5, 5, 5, 0, 5, 5, 5, 5, 5, 5, 5, 5, 5, 5, 5, 5, 5]
[5, 5, 5, 5, 5, 5, 5, 5, 5, 5, 5, 5, 5, 0, 5, 5, 5, 5, 4, 4, 4, 4, 5, 5, 5, 5, 4, 4, 4, 4, 5, 5, 5, 5, 4, 4, 4, 4, 5, 5, 5, 5, 4, 4, 4, 4, 5, 5, 5, 5, 0, 5, 5, 5, 5, 5, 5, 5, 5, 5, 5, 5, 5, 5]
[5, 5, 5, 5, 5, 5, 5, 5, 5, 5, 5, 5, 5, 0, 5, 5, 5, 5, 4, 4, 4, 4, 5, 5, 5, 5, 4, 4, 4, 4, 5, 5, 5, 5, 4, 4, 4, 4, 5, 5, 5, 5, 4, 4, 4, 4, 5, 5, 5, 5, 0, 5, 5, 5, 5, 5, 5, 5, 5, 5, 5, 5, 5, 5]
[5, 5, 5, 5, 5, 5, 5, 5, 5, 5, 5, 5, 5, 0, 5, 5, 5, 5, 4, 4, 4, 4, 5, 5, 5, 5, 4, 4, 4, 4, 5, 5, 5, 5, 4, 4, 4, 4, 5, 5, 5, 5, 4, 4, 4, 4, 5, 5, 5, 5, 0, 5, 5, 5, 5, 5, 5, 5, 5, 5, 5, 5, 5, 5]
[5, 5, 5, 5, 5, 5, 5, 5, 5, 5, 5, 5, 5, 0, 4, 4, 4, 4, 5, 5, 5, 5, 4, 4, 4, 4, 5, 5, 5, 5, 4, 4, 4, 4, 5, 5, 5, 5, 4, 4, 4, 4, 5, 5, 5, 5, 4, 4, 4, 4, 0, 5, 5, 5, 5, 5, 5, 5, 5, 5, 5, 5, 5, 5]
[5, 5, 5, 5, 5, 5, 5, 5, 5, 5, 5, 5, 5, 0, 4, 4, 4, 4, 5, 5, 5, 5, 4, 4, 4, 4, 5, 5, 5, 5, 4, 4, 4, 4, 5, 5, 5, 5, 4, 4, 4, 4, 5, 5, 5, 5, 4, 4, 4, 4, 0, 5, 5, 5, 5, 5, 5, 5, 5, 5, 5, 5, 5, 5]
[5, 5, 5, 5, 5, 5, 5, 5, 5, 5, 5, 5, 5, 0, 4, 4, 4, 4, 5, 5, 5, 5, 4, 4, 4, 4, 5, 5, 5, 5, 4, 4, 4, 4, 5, 5, 5, 5, 4, 4, 4, 4, 5, 5, 5, 5, 4, 4, 4, 4, 0, 5, 5, 5, 5, 5, 5, 5, 5, 5, 5, 5, 5, 5]
[5, 5, 5, 5, 5, 5, 5, 5, 5, 5, 5, 5, 5, 0, 4, 4, 4, 4, 5, 5, 5, 5, 4, 4, 4, 4, 5, 5, 5, 5, 4, 4, 4, 4, 5, 5, 5, 5, 4, 4, 4, 4, 5, 5, 5, 5, 4, 4, 4, 4, 0, 5, 5, 5, 5, 5, 5, 5, 5, 5, 5, 5, 5, 5]
[5, 5, 5, 5, 5, 5, 5, 5, 5, 5, 5, 5, 5, 0, 5, 5, 5, 5, 4, 4, 4, 4, 5, 5, 5, 5, 4, 4, 4, 4, 5, 5, 5, 5, 4, 4, 4, 4, 5, 5, 5, 5, 4, 4, 4, 4, 5, 5, 5, 5, 0, 5, 5, 5, 5, 5, 5, 5, 5, 5, 5, 5, 5, 5]
[5, 5, 5, 5, 5, 5, 5, 5, 5, 5, 5, 5, 5, 0, 5, 5, 5, 5, 4, 4, 4, 4, 5, 5, 5, 5, 4, 4, 4, 4, 5, 5, 5, 5, 4, 4, 4, 4, 5, 5, 5, 5, 4, 4, 4, 4, 5, 5, 5, 5, 0, 5, 5, 5, 5, 5, 5, 5, 5, 5, 5, 5, 5, 5]
[5, 5, 5, 5, 5, 5, 5, 5, 5, 5, 5, 5, 5, 0, 5, 5, 5, 5, 4, 4, 4, 4, 5, 5, 5, 5, 4, 4, 4, 4, 5, 5, 5, 5, 4, 4, 4, 4, 5, 5, 5, 5, 4, 4, 4, 4, 5, 5, 5, 5, 0, 5, 5, 5, 5, 5, 5, 5, 5, 5, 5, 5, 5, 5]
[5, 5, 5, 5, 5, 5, 5, 5, 5, 5, 5, 5, 5, 0, 5, 5, 5, 5, 4, 4, 4, 4, 5, 5, 5, 5, 4, 4, 4, 4, 5, 5, 5, 5, 4, 4, 4, 4, 5, 5, 5, 5, 4, 4, 4, 4, 5, 5, 5, 5, 0, 5, 5, 5, 5, 5, 5, 5, 5, 5, 5, 5, 5, 5]
[5, 5, 5, 5, 5, 5, 5, 5, 5, 5, 5, 5, 5, 0, 4, 4, 4, 4, 5, 5, 5, 5, 4, 4, 4, 4, 5, 5, 5, 5, 4, 4, 4, 4, 5, 5, 5, 5, 4, 4, 4, 4, 5, 5, 5, 5, 4, 4, 4, 4, 0, 5, 5, 5, 5, 5, 5, 5, 5, 5, 5, 5, 5, 5]
[5, 5, 5, 5, 5, 5, 5, 5, 5, 5, 5, 5, 5, 0, 4, 4, 4, 4, 5, 5, 5, 5, 4, 4, 4, 4, 5, 5, 5, 5, 4, 4, 4, 4, 5, 5, 5, 5, 4, 4, 4, 4, 5, 5, 5, 5, 4, 4, 4, 4, 0, 5, 5, 5, 5, 5, 5, 5, 5, 5, 5, 5, 5, 5]
[5, 5, 5, 5, 5, 5, 5, 5, 5, 5, 5, 5, 5, 0, 4, 4, 4, 4, 5, 5, 5, 5, 4, 4, 4, 4, 5, 5, 5, 5, 4, 4, 4, 4, 5, 5, 5, 5, 4, 4, 4, 4, 5, 5, 5, 5, 4, 4, 4, 4, 0, 5, 5, 5, 5, 5, 5, 5, 5, 5, 5, 5, 5, 5]
[5, 5, 5, 5, 5, 5, 5, 5, 5, 5, 5, 5, 5, 0, 4, 4, 4, 4, 5, 5, 5, 5, 4, 4, 4, 4, 5, 5, 5, 5, 4, 4, 4, 4, 5, 5, 5, 5, 4, 4, 4, 4, 5, 5, 5, 5, 4, 4, 4, 4, 0, 5, 5, 5, 5, 5, 5, 5, 5, 5, 5, 5, 5, 5]
[5, 5, 5, 5, 5, 5, 5, 5, 5, 5, 5, 5, 5, 0, 5, 5, 5, 5, 4, 4, 4, 4, 5, 5, 5, 5, 4, 4, 4, 11, 5, 5, 5, 5, 11, 4, 4, 4, 5, 5, 5, 5, 4, 4, 4, 4, 5, 5, 5, 5, 0, 5, 5, 5, 5, 5, 5, 5, 5, 5, 5, 5, 5, 5]
[5, 5, 5, 5, 5, 5, 5, 5, 5, 5, 5, 5, 5, 0, 5, 5, 5, 5, 4, 4, 4, 4, 5, 5, 5, 5, 4, 4, 4, 11, 5, 5, 5, 5, 11, 4, 4, 4, 5, 5, 5, 5, 4, 4, 4, 4, 5, 5, 5, 5, 0, 5, 5, 5, 5, 5, 5, 5, 5, 5, 5, 5, 5, 5]
[5, 5, 5, 5, 5, 5, 5, 5, 5, 5, 5, 5, 5, 0, 5, 5, 5, 5, 4, 4, 4, 4, 5, 5, 5, 5, 4, 4, 4, 11, 5, 5, 5, 5, 11, 4, 4, 4, 5, 5, 5, 5, 4, 4, 4, 4, 5, 5, 5, 5, 0, 5, 5, 5, 5, 5, 5, 5, 5, 5, 5, 5, 5, 5]
[5, 5, 5, 5, 5, 5, 5, 5, 5, 5, 5, 5, 5, 0, 5, 5, 5, 5, 4, 4, 4, 4, 5, 5, 5, 5, 4, 4, 4, 11, 5, 11, 11, 5, 11, 4, 4, 4, 5, 5, 5, 5, 4, 4, 4, 4, 5, 5, 5, 5, 0, 5, 5, 5, 5, 5, 5, 5, 5, 5, 5, 5, 5, 5]
[5, 5, 5, 5, 5, 5, 5, 5, 5, 5, 5, 5, 5, 0, 4, 4, 4, 4, 5, 5, 5, 5, 4, 4, 4, 4, 5, 5, 5, 11, 11, 11, 11, 11, 11, 5, 5, 5, 4, 4, 4, 4, 5, 5, 5, 5, 4, 4, 4, 4, 0, 5, 5, 5, 5, 5, 5, 5, 5, 5, 5, 5, 5, 5]
[5, 5, 5, 5, 5, 5, 5, 5, 5, 5, 5, 5, 5, 0, 4, 4, 4, 4, 5, 5, 5, 5, 4, 4, 4, 4, 5, 5, 5, 5, 4, 4, 4, 4, 5, 5, 5, 5, 4, 4, 4, 4, 5, 5, 5, 5, 4, 4, 4, 4, 0, 5, 5, 5, 5, 5, 5, 5, 5, 5, 5, 5, 5, 5]
[5, 5, 5, 5, 5, 5, 5, 5, 5, 5, 5, 5, 5, 0, 4, 4, 4, 4, 5, 5, 5, 5, 4, 4, 4, 4, 5, 5, 5, 5, 4, 4, 4, 4, 5, 5, 5, 5, 4, 4, 4, 4, 5, 5, 5, 5, 4, 4, 4, 4, 0, 5, 5, 5, 5, 5, 5, 5, 5, 5, 5, 5, 5, 5]
[5, 5, 5, 5, 5, 5, 5, 5, 5, 5, 5, 5, 5, 0, 4, 4, 4, 4, 5, 5, 5, 5, 4, 4, 4, 4, 5, 5, 5, 5, 4, 4, 4, 4, 5, 5, 5, 5, 4, 4, 4, 4, 5, 5, 5, 5, 4, 4, 4, 4, 0, 5, 5, 5, 5, 5, 5, 5, 5, 5, 5, 5, 5, 5]
[5, 5, 5, 5, 5, 5, 5, 5, 5, 5, 5, 5, 5, 0, 0, 0, 0, 0, 0, 0, 0, 0, 0, 0, 0, 0, 0, 0, 0, 0, 0, 0, 0, 0, 0, 0, 0, 0, 0, 0, 0, 0, 0, 0, 0, 0, 0, 0, 0, 0, 0, 5, 5, 5, 5, 5, 5, 5, 5, 5, 5, 5, 5, 5]
[5, 5, 5, 5, 5, 5, 5, 5, 5, 5, 5, 5, 5, 0, 0, 0, 0, 0, 0, 0, 5, 5, 5, 0, 0, 5, 5, 5, 0, 0, 5, 5, 5, 0, 0, 5, 5, 5, 0, 0, 5, 5, 5, 0, 0, 0, 0, 0, 0, 0, 0, 5, 5, 5, 5, 5, 5, 5, 5, 5, 5, 5, 5, 5]
[5, 5, 5, 5, 5, 5, 5, 5, 5, 5, 5, 5, 5, 0, 0, 0, 0, 0, 0, 0, 0, 0, 0, 0, 0, 0, 0, 0, 0, 0, 0, 0, 0, 0, 0, 0, 0, 0, 0, 0, 0, 0, 0, 0, 0, 0, 0, 0, 0, 0, 0, 5, 5, 5, 5, 5, 5, 5, 5, 5, 5, 5, 5, 5]
[5, 5, 5, 5, 5, 5, 5, 5, 5, 5, 5, 5, 5, 0, 0, 0, 0, 0, 0, 0, 0, 5, 0, 0, 0, 0, 5, 0, 0, 0, 0, 5, 0, 0, 0, 0, 5, 0, 0, 0, 0, 5, 0, 0, 0, 0, 0, 0, 0, 0, 0, 5, 5, 5, 5, 5, 5, 5, 5, 5, 5, 5, 5, 5]
[5, 5, 5, 5, 5, 5, 5, 5, 5, 5, 5, 5, 5, 0, 0, 0, 0, 0, 0, 0, 0, 5, 0, 0, 0, 0, 5, 0, 0, 0, 0, 5, 0, 0, 0, 0, 5, 0, 0, 0, 0, 5, 0, 0, 0, 0, 0, 0, 0, 0, 0, 5, 5, 5, 5, 5, 5, 5, 5, 5, 5, 5, 5, 5]
[5, 5, 5, 5, 5, 5, 5, 5, 5, 5, 5, 5, 5, 0, 0, 0, 0, 0, 0, 0, 0, 5, 0, 0, 0, 0, 5, 0, 0, 0, 0, 5, 0, 0, 0, 0, 5, 0, 0, 0, 0, 5, 0, 0, 0, 0, 0, 0, 0, 0, 0, 5, 5, 5, 5, 5, 5, 5, 5, 5, 5, 5, 5, 5]
[5, 5, 5, 5, 5, 5, 5, 5, 5, 5, 5, 5, 5, 0, 0, 0, 0, 0, 0, 0, 0, 0, 0, 0, 0, 0, 0, 0, 0, 0, 0, 0, 0, 0, 0, 0, 0, 0, 0, 0, 0, 0, 0, 0, 0, 0, 0, 0, 0, 0, 0, 5, 5, 5, 5, 5, 5, 5, 5, 5, 5, 5, 5, 5]
[5, 5, 5, 5, 5, 5, 5, 5, 5, 5, 5, 5, 5, 5, 5, 5, 5, 5, 5, 5, 5, 5, 5, 5, 5, 5, 5, 5, 5, 5, 5, 5, 5, 5, 5, 5, 5, 5, 5, 5, 5, 5, 5, 5, 5, 5, 5, 5, 0, 5, 5, 5, 5, 5, 5, 5, 5, 5, 5, 5, 5, 5, 5, 5]
[5, 5, 5, 5, 5, 5, 5, 5, 5, 5, 5, 5, 5, 5, 5, 5, 5, 5, 5, 5, 5, 5, 5, 5, 5, 5, 5, 5, 5, 5, 5, 5, 5, 5, 5, 5, 0, 0, 0, 0, 0, 0, 0, 0, 0, 0, 0, 0, 0, 5, 5, 5, 5, 5, 5, 5, 5, 5, 5, 5, 5, 5, 5, 5]
[5, 5, 5, 5, 5, 5, 5, 5, 5, 5, 5, 5, 5, 5, 5, 5, 5, 5, 5, 5, 5, 5, 5, 5, 5, 5, 5, 5, 5, 5, 5, 5, 5, 5, 5, 5, 0, 5, 5, 5, 5, 5, 5, 5, 5, 5, 5, 5, 5, 5, 5, 5, 5, 5, 5, 5, 5, 5, 5, 5, 5, 5, 5, 5]
[5, 5, 5, 5, 5, 5, 5, 5, 5, 5, 5, 5, 5, 5, 5, 5, 5, 5, 5, 5, 5, 5, 5, 5, 5, 5, 5, 5, 5, 5, 5, 5, 5, 5, 9, 9, 9, 9, 9, 5, 5, 5, 5, 5, 5, 5, 5, 5, 5, 5, 5, 5, 5, 5, 5, 5, 5, 5, 5, 5, 5, 5, 5, 5]
[5, 5, 5, 5, 5, 5, 5, 5, 5, 5, 5, 5, 5, 5, 5, 5, 5, 5, 5, 5, 5, 5, 5, 5, 5, 5, 5, 5, 5, 5, 5, 5, 5, 9, 9, 9, 9, 9, 9, 9, 5, 5, 5, 5, 5, 5, 5, 5, 5, 5, 5, 5, 5, 5, 5, 5, 5, 5, 5, 5, 5, 5, 5, 5]
[5, 5, 5, 5, 5, 5, 5, 5, 5, 5, 5, 5, 5, 5, 5, 5, 5, 5, 5, 5, 5, 5, 5, 5, 5, 5, 5, 5, 5, 5, 5, 5, 9, 9, 9, 9, 9, 9, 9, 9, 9, 5, 5, 5, 5, 5, 5, 5, 5, 5, 5, 5, 5, 5, 5, 5, 5, 5, 5, 5, 5, 5, 5, 5]
[5, 5, 5, 5, 5, 5, 5, 5, 5, 5, 5, 5, 5, 5, 5, 5, 5, 5, 5, 5, 5, 5, 5, 5, 5, 5, 5, 5, 5, 5, 5, 5, 9, 9, 9, 9, 9, 9, 9, 9, 9, 5, 5, 5, 5, 5, 5, 5, 5, 5, 5, 5, 5, 5, 5, 5, 5, 5, 5, 5, 5, 5, 5, 5]
[5, 5, 5, 5, 5, 5, 5, 5, 5, 5, 5, 5, 5, 5, 5, 5, 5, 5, 5, 5, 5, 5, 5, 5, 5, 5, 5, 5, 5, 5, 5, 5, 9, 9, 9, 9, 9, 9, 9, 9, 9, 5, 5, 5, 5, 5, 5, 5, 5, 5, 5, 5, 5, 5, 5, 5, 5, 5, 5, 5, 5, 5, 5, 5]
[5, 5, 5, 5, 5, 5, 5, 5, 5, 5, 5, 5, 5, 5, 5, 5, 5, 5, 5, 5, 5, 5, 5, 5, 5, 5, 5, 5, 5, 5, 5, 5, 9, 9, 9, 9, 9, 9, 9, 9, 9, 5, 5, 5, 5, 5, 5, 5, 5, 5, 5, 5, 5, 5, 5, 5, 5, 5, 5, 5, 5, 5, 5, 5]
[5, 5, 5, 5, 5, 5, 5, 5, 5, 5, 5, 5, 5, 5, 5, 5, 5, 5, 5, 5, 5, 5, 5, 5, 5, 5, 5, 5, 5, 5, 5, 5, 9, 9, 9, 9, 9, 9, 9, 9, 9, 5, 5, 5, 5, 5, 5, 5, 5, 5, 5, 5, 5, 5, 5, 5, 5, 5, 5, 5, 5, 5, 5, 5]
[5, 5, 5, 5, 5, 5, 5, 5, 5, 5, 5, 5, 5, 5, 5, 5, 5, 5, 5, 5, 5, 5, 5, 5, 5, 5, 5, 5, 5, 5, 5, 5, 5, 9, 9, 9, 9, 9, 9, 9, 5, 5, 5, 5, 5, 5, 5, 5, 5, 5, 5, 5, 5, 5, 5, 5, 5, 5, 5, 5, 5, 5, 5, 5]
[5, 5, 5, 5, 5, 5, 5, 5, 5, 5, 5, 5, 5, 5, 5, 5, 5, 5, 5, 5, 5, 5, 5, 5, 5, 5, 5, 5, 5, 5, 5, 5, 5, 5, 9, 9, 9, 9, 9, 5, 5, 5, 5, 5, 5, 5, 5, 5, 5, 5, 5, 5, 5, 5, 5, 5, 5, 5, 5, 5, 5, 5, 5, 5]
[5, 5, 5, 5, 5, 5, 5, 5, 5, 5, 5, 5, 5, 5, 5, 5, 5, 5, 5, 5, 5, 5, 5, 5, 5, 5, 5, 5, 5, 5, 5, 5, 5, 5, 5, 5, 5, 5, 5, 5, 5, 5, 5, 5, 5, 5, 5, 5, 5, 5, 5, 5, 5, 5, 5, 5, 5, 5, 5, 5, 5, 5, 5, 5]
[5, 5, 5, 5, 5, 5, 5, 5, 5, 5, 5, 5, 5, 5, 5, 5, 5, 5, 5, 5, 5, 5, 5, 5, 5, 5, 5, 5, 5, 5, 5, 5, 5, 5, 5, 5, 5, 5, 5, 5, 5, 5, 5, 5, 5, 5, 5, 5, 5, 5, 5, 5, 5, 5, 5, 5, 5, 5, 5, 5, 5, 5, 5, 5]
[5, 5, 5, 5, 5, 5, 5, 5, 5, 5, 5, 5, 5, 5, 5, 5, 5, 5, 5, 5, 5, 5, 5, 5, 5, 5, 5, 5, 5, 5, 5, 5, 5, 5, 5, 5, 5, 5, 5, 5, 5, 5, 5, 5, 5, 5, 5, 5, 5, 5, 5, 5, 5, 5, 5, 5, 5, 5, 5, 5, 5, 5, 5, 5]
[5, 5, 5, 5, 5, 5, 5, 5, 5, 5, 5, 5, 5, 5, 5, 5, 5, 5, 5, 5, 5, 5, 5, 5, 5, 5, 5, 5, 5, 5, 5, 5, 5, 5, 5, 5, 5, 5, 5, 5, 5, 5, 5, 5, 5, 5, 5, 5, 5, 5, 5, 5, 5, 5, 5, 5, 5, 5, 5, 5, 5, 5, 5, 5]
</grid_0>
",,0.0,False
19,,manual,"State: NOT_FINISHED
Levels completed: 1/7
Action count: 19

========== Start of Direct Observation ==========
<grid_0>
[5, 5, 5, 5, 5, 5, 5, 5, 5, 5, 5, 5, 5, 5, 5, 5, 5, 5, 5, 5, 5, 5, 5, 5, 5, 5, 5, 5, 5, 5, 5, 5, 5, 5, 5, 5, 5, 5, 5, 5, 5, 5, 5, 5, 5, 5, 5, 5, 5, 5, 5, 5, 5, 5, 5, 5, 5, 5, 5, 5, 5, 5, 5, 5]
[5, 9, 9, 9, 9, 9, 9, 9, 9, 9, 9, 9, 9, 9, 9, 9, 9, 9, 9, 9, 9, 9, 9, 9, 9, 9, 9, 9, 9, 9, 9, 9, 9, 9, 9, 9, 9, 9, 9, 9, 9, 9, 9, 9, 9, 9, 9, 9, 9, 9, 9, 9, 9, 9, 9, 9, 9, 9, 9, 9, 9, 9, 5, 5]
[5, 5, 5, 5, 5, 5, 5, 5, 5, 5, 5, 5, 5, 5, 5, 5, 5, 5, 5, 5, 5, 5, 5, 5, 5, 5, 5, 5, 5, 5, 5, 5, 5, 5, 5, 5, 5, 5, 5, 5, 5, 5, 5, 5, 5, 5, 5, 5, 5, 5, 5, 5, 5, 5, 5, 5, 5, 5, 5, 5, 5, 5, 5, 5]
[5, 3, 3, 3, 3, 3, 3, 3, 3, 3, 3, 3, 3, 3, 3, 3, 3, 3, 3, 3, 3, 3, 3, 3, 3, 3, 3, 3, 3, 3, 3, 5, 0, 0, 0, 0, 0, 0, 0, 0, 0, 0, 0, 0, 0, 0, 0, 0, 0, 0, 0, 0, 0, 0, 0, 0, 0, 0, 0, 0, 0, 0, 5, 5]
[5, 3, 3, 3, 3, 3, 3, 3, 3, 3, 3, 3, 3, 3, 3, 3, 3, 3, 3, 3, 3, 3, 3, 3, 3, 3, 3, 3, 3, 3, 3, 5, 0, 5, 5, 5, 5, 4, 4, 4, 4, 5, 5, 5, 5, 4, 4, 4, 4, 5, 5, 5, 5, 4, 4, 4, 4, 5, 5, 5, 5, 0, 5, 5]
[5, 3, 3, 3, 3, 3, 3, 3, 3, 3, 3, 3, 3, 3, 3, 3, 3, 3, 3, 3, 3, 3, 3, 3, 3, 3, 3, 3, 3, 3, 3, 5, 0, 5, 5, 5, 5, 4, 4, 4, 4, 5, 5, 5, 5, 4, 4, 4, 4, 5, 5, 5, 5, 4, 4, 4, 4, 5, 5, 5, 5, 0, 5, 5]
[5, 3, 3, 3, 3, 3, 3, 3, 3, 3, 3, 3, 3, 3, 3, 3, 3, 3, 3, 3, 3, 3, 3, 3, 3, 3, 3, 3, 3, 3, 3, 5, 0, 5, 5, 5, 5, 4, 4, 4, 4, 5, 5, 5, 5, 4, 4, 4, 4, 5, 5, 5, 5, 4, 4, 4, 4, 5, 5, 5, 5, 0, 5, 5]
[5, 3, 3, 3, 3, 3, 3, 3, 3, 3, 3, 3, 3, 3, 3, 3, 3, 3, 3, 3, 3, 3, 3, 3, 3, 3, 3, 3, 3, 3, 3, 5, 0, 5, 5, 5, 5, 4, 4, 4, 4, 5, 5, 5, 11, 11, 11, 11, 11, 11, 5, 5, 5, 4, 4, 4, 4, 5, 5, 5, 5, 0, 5, 5]
[5, 3, 3, 3, 3, 3, 3, 3, 3, 3, 3, 3, 3, 3, 3, 3, 3, 3, 3, 3, 3, 3, 3, 3, 3, 3, 3, 3, 3, 3, 3, 5, 0, 4, 4, 4, 4, 5, 5, 5, 5, 4, 4, 4, 11, 5, 11, 11, 5, 11, 4, 4, 4, 5, 5, 5, 5, 4, 4, 4, 4, 0, 5, 5]
[5, 3, 3, 3, 3, 3, 3, 3, 3, 3, 3, 3, 3, 3, 3, 3, 3, 3, 3, 3, 3, 3, 3, 3, 3, 3, 3, 3, 3, 3, 3, 5, 0, 4, 4, 4, 4, 5, 5, 5, 5, 4, 4, 4, 11, 5, 5, 5, 5, 11, 4, 4, 4, 5, 5, 5, 5, 4, 4, 4, 4, 0, 5, 5]
[5, 3, 3, 3, 3, 3, 3, 3, 3, 3, 3, 3, 3, 3, 3, 3, 3, 3, 3, 3, 3, 3, 3, 3, 3, 3, 3, 3, 3, 3, 3, 5, 0, 4, 4, 4, 4, 5, 5, 5, 5, 4, 4, 4, 11, 5, 5, 5, 5, 11, 4, 4, 4, 5, 5, 5, 5, 4, 4, 4, 4, 0, 5, 5]
[5, 3, 3, 3, 3, 3, 3, 3, 3, 3, 3, 3, 3, 3, 3, 3, 3, 3, 3, 3, 3, 3, 3, 3, 3, 3, 3, 3, 3, 3, 3, 5, 0, 4, 4, 4, 4, 5, 5, 5, 5, 4, 4, 4, 11, 5, 5, 5, 5, 11, 4, 4, 4, 5, 5, 5, 5, 4, 4, 4, 4, 0, 5, 5]
[5, 3, 3, 3, 3, 3, 3, 3, 3, 3, 3, 3, 3, 3, 3, 3, 3, 3, 3, 3, 3, 3, 3, 3, 3, 3, 3, 3, 3, 3, 3, 5, 0, 5, 5, 5, 5, 4, 4, 4, 4, 5, 5, 5, 5, 4, 4, 4, 4, 5, 5, 5, 5, 4, 4, 4, 4, 5, 5, 5, 5, 0, 5, 5]
[5, 3, 3, 3, 3, 3, 3, 3, 3, 3, 3, 3, 3, 3, 3, 3, 3, 3, 3, 3, 3, 3, 3, 3, 3, 3, 3, 3, 3, 3, 3, 5, 0, 5, 5, 5, 5, 4, 4, 4, 4, 5, 5, 5, 5, 4, 4, 4, 4, 5, 5, 5, 5, 4, 4, 4, 4, 5, 5, 5, 5, 0, 5, 5]
[5, 3, 3, 3, 3, 3, 3, 3, 3, 3, 3, 3, 3, 3, 3, 3, 3, 3, 3, 3, 3, 3, 3, 3, 3, 3, 3, 3, 3, 3, 3, 5, 0, 5, 5, 5, 5, 4, 4, 4, 4, 5, 5, 5, 5, 4, 4, 4, 4, 5, 5, 5, 5, 4, 4, 4, 4, 5, 5, 5, 5, 0, 5, 5]
[5, 3, 3, 3, 3, 3, 3, 3, 3, 3, 3, 3, 3, 3, 3, 3, 3, 3, 3, 3, 3, 3, 3, 3, 3, 3, 3, 3, 3, 3, 3, 5, 0, 5, 5, 5, 5, 4, 4, 4, 4, 5, 5, 5, 5, 4, 4, 4, 4, 5, 5, 5, 5, 4, 4, 4, 4, 5, 5, 5, 5, 0, 5, 5]
[5, 3, 3, 3, 3, 3, 3, 3, 3, 3, 3, 3, 3, 3, 3, 3, 3, 3, 3, 3, 3, 3, 4, 4, 4, 4, 3, 3, 3, 3, 3, 5, 0, 4, 4, 4, 4, 5, 5, 5, 5, 4, 4, 4, 4, 5, 5, 5, 5, 4, 4, 4, 4, 5, 5, 5, 5, 4, 4, 4, 4, 0, 5, 5]
[5, 3, 3, 3, 3, 3, 3, 3, 3, 3, 3, 3, 3, 3, 3, 3, 3, 3, 3, 3, 3, 3, 3, 4, 4, 4, 3, 3, 3, 3, 3, 5, 0, 4, 4, 4, 4, 5, 5, 5, 5, 4, 4, 4, 4, 5, 5, 5, 5, 4, 4, 4, 4, 5, 5, 5, 5, 4, 4, 4, 4, 0, 5, 5]
[5, 3, 3, 3, 3, 3, 3, 3, 3, 3, 3, 3, 3, 3, 3, 3, 3, 3, 3, 3, 3, 3, 3, 4, 4, 4, 3, 3, 3, 3, 3, 5, 0, 4, 4, 4, 4, 5, 5, 5, 5, 4, 4, 4, 4, 5, 5, 5, 5, 4, 4, 4, 4, 5, 5, 5, 5, 4, 4, 4, 4, 0, 5, 5]
[5, 3, 3, 3, 3, 3, 3, 3, 3, 3, 3, 3, 3, 3, 3, 3, 3, 3, 3, 3, 3, 3, 4, 4, 4, 4, 3, 3, 3, 3, 3, 5, 0, 4, 4, 4, 4, 5, 5, 5, 5, 4, 4, 4, 4, 5, 5, 5, 5, 4, 4, 4, 4, 5, 5, 5, 5, 4, 4, 4, 4, 0, 5, 5]
[5, 3, 3, 3, 3, 3, 3, 3, 3, 3, 3, 3, 3, 3, 3, 3, 3, 3, 3, 3, 3, 3, 3, 3, 3, 3, 3, 3, 3, 3, 3, 5, 0, 5, 5, 5, 5, 4, 4, 4, 4, 5, 5, 5, 5, 4, 4, 4, 4, 5, 5, 5, 5, 4, 4, 4, 4, 5, 5, 5, 5, 0, 5, 5]
[5, 3, 3, 3, 3, 3, 3, 3, 3, 3, 3, 3, 3, 3, 3, 3, 3, 3, 3, 3, 3, 3, 3, 3, 3, 3, 3, 3, 3, 3, 3, 5, 0, 5, 5, 5, 5, 4, 4, 4, 4, 5, 5, 5, 5, 4, 4, 4, 4, 5, 5, 5, 5, 4, 4, 4, 4, 5, 5, 5, 5, 0, 5, 5]
[5, 3, 3, 3, 3, 3, 3, 3, 3, 3, 3, 3, 3, 3, 3, 3, 3, 3, 3, 3, 3, 3, 3, 3, 3, 3, 3, 3, 3, 3, 3, 5, 0, 5, 5, 5, 5, 4, 4, 4, 4, 5, 5, 5, 5, 4, 4, 4, 4, 5, 5, 5, 5, 4, 4, 4, 4, 5, 5, 5, 5, 0, 5, 5]
[5, 3, 3, 3, 3, 3, 3, 3, 3, 3, 3, 3, 3, 3, 3, 3, 3, 3, 3, 3, 3, 3, 3, 3, 3, 3, 3, 3, 3, 3, 3, 5, 0, 5, 5, 5, 5, 4, 4, 4, 4, 5, 5, 5, 5, 4, 4, 4, 4, 5, 5, 5, 5, 4, 4, 4, 4, 5, 5, 5, 5, 0, 5, 5]
[5, 3, 3, 3, 3, 3, 3, 3, 3, 3, 3, 3, 3, 3, 3, 3, 3, 3, 3, 3, 3, 3, 3, 3, 3, 3, 3, 3, 3, 3, 3, 5, 0, 4, 4, 4, 4, 5, 5, 5, 5, 4, 4, 4, 4, 11, 5, 5, 11, 4, 4, 4, 4, 5, 5, 5, 5, 4, 4, 4, 4, 0, 5, 5]
[5, 3, 3, 3, 3, 3, 3, 3, 3, 3, 3, 3, 3, 3, 3, 3, 3, 3, 3, 3, 3, 3, 3, 3, 3, 3, 3, 3, 3, 3, 3, 5, 0, 4, 4, 4, 4, 5, 5, 5, 5, 4, 4, 4, 4, 11, 11, 11, 11, 4, 4, 4, 4, 5, 5, 5, 5, 4, 4, 4, 4, 0, 5, 5]
[5, 3, 3, 3, 3, 3, 3, 3, 3, 3, 3, 3, 3, 3, 3, 3, 3, 3, 3, 3, 3, 3, 3, 3, 3, 3, 3, 3, 3, 3, 3, 5, 0, 4, 4, 4, 4, 5, 5, 5, 5, 4, 4, 4, 4, 11, 11, 11, 11, 4, 4, 4, 4, 5, 5, 5, 5, 4, 4, 4, 4, 0, 5, 5]
[5, 3, 3, 3, 3, 3, 3, 3, 3, 3, 3, 3, 3, 3, 3, 3, 3, 3, 3, 3, 3, 3, 3, 3, 3, 3, 3, 3, 3, 3, 3, 5, 0, 4, 4, 4, 4, 5, 5, 5, 5, 4, 4, 4, 4, 11, 11, 11, 11, 4, 4, 4, 4, 5, 5, 5, 5, 4, 4, 4, 4, 0, 5, 5]
[5, 3, 3, 3, 3, 3, 3, 3, 3, 3, 3, 3, 3, 3, 3, 3, 3, 3, 3, 3, 3, 3, 3, 3, 3, 3, 3, 3, 3, 3, 3, 5, 0, 5, 5, 5, 5, 4, 4, 4, 4, 5, 5, 5, 5, 4, 4, 4, 4, 5, 5, 5, 5, 4, 4, 4, 4, 5, 5, 5, 5, 0, 5, 5]
[5, 3, 3, 3, 3, 3, 3, 3, 3, 3, 3, 3, 3, 3, 3, 3, 3, 3, 3, 3, 3, 3, 3, 3, 3, 3, 3, 3, 3, 3, 3, 5, 0, 5, 5, 5, 5, 4, 4, 4, 4, 5, 5, 5, 5, 4, 4, 4, 4, 5, 5, 5, 5, 4, 4, 4, 4, 5, 5, 5, 5, 0, 5, 5]
[5, 3, 3, 3, 3, 3, 3, 3, 3, 3, 3, 3, 3, 3, 3, 3, 3, 3, 3, 3, 3, 3, 3, 3, 3, 3, 3, 3, 3, 3, 3, 5, 0, 5, 5, 5, 5, 4, 4, 4, 4, 5, 5, 5, 5, 4, 4, 4, 4, 5, 5, 5, 5, 4, 4, 4, 4, 5, 5, 5, 5, 0, 5, 5]
[5, 3, 3, 3, 3, 3, 3, 3, 3, 3, 3, 3, 3, 3, 3, 3, 3, 3, 3, 3, 3, 3, 3, 3, 3, 3, 3, 3, 3, 3, 3, 5, 0, 5, 5, 5, 5, 4, 4, 4, 4, 5, 5, 5, 5, 4, 4, 4, 4, 5, 5, 5, 5, 4, 4, 4, 4, 5, 5, 5, 5, 0, 5, 5]
[5, 2, 2, 2, 2, 2, 2, 2, 2, 2, 2, 2, 2, 2, 2, 2, 2, 2, 2, 2, 2, 2, 2, 2, 2, 2, 2, 2, 2, 2, 2, 5, 0, 0, 0, 0, 0, 0, 0, 0, 0, 0, 0, 0, 0, 0, 0, 0, 0, 0, 0, 0, 0, 0, 0, 0, 0, 0, 0, 0, 0, 0, 5, 5]
[5, 2, 2, 2, 2, 2, 2, 5, 5, 5, 2, 2, 5, 5, 5, 2, 2, 5, 5, 5, 2, 2, 5, 5, 5, 2, 2, 2, 2, 2, 2, 5, 0, 0, 0, 0, 0, 0, 1, 1, 1, 0, 0, 1, 1, 1, 0, 0, 1, 1, 1, 0, 0, 1, 1, 1, 0, 0, 0, 0, 0, 0, 5, 5]
[5, 2, 2, 2, 2, 2, 2, 2, 2, 2, 2, 2, 2, 2, 2, 2, 2, 2, 2, 2, 2, 2, 2, 2, 2, 2, 2, 2, 2, 2, 2, 5, 0, 0, 0, 0, 0, 0, 0, 0, 0, 0, 0, 0, 0, 0, 0, 0, 0, 0, 0, 0, 0, 0, 0, 0, 0, 0, 0, 0, 0, 0, 5, 5]
[5, 2, 2, 2, 2, 2, 2, 2, 1, 2, 2, 2, 2, 1, 2, 2, 2, 2, 1, 2, 2, 2, 2, 1, 2, 2, 2, 2, 2, 2, 2, 5, 0, 0, 0, 0, 0, 0, 0, 1, 0, 0, 0, 0, 1, 0, 0, 0, 0, 1, 0, 0, 0, 0, 1, 0, 0, 0, 0, 0, 0, 0, 5, 5]
[5, 2, 2, 2, 2, 2, 2, 2, 1, 2, 2, 2, 2, 1, 2, 2, 2, 2, 1, 2, 2, 2, 2, 1, 2, 2, 2, 2, 2, 2, 2, 5, 0, 0, 0, 0, 0, 0, 0, 1, 0, 0, 0, 0, 1, 0, 0, 0, 0, 1, 0, 0, 0, 0, 1, 0, 0, 0, 0, 0, 0, 0, 5, 5]
[5, 2, 2, 2, 2, 2, 2, 2, 1, 2, 2, 2, 2, 1, 2, 2, 2, 2, 1, 2, 2, 2, 2, 1, 2, 2, 2, 2, 2, 2, 2, 5, 0, 0, 0, 0, 0, 0, 0, 1, 0, 0, 0, 0, 1, 0, 0, 0, 0, 1, 0, 0, 0, 0, 1, 0, 0, 0, 0, 0, 0, 0, 5, 5]
[5, 2, 2, 2, 2, 2, 2, 2, 2, 2, 2, 2, 2, 2, 2, 2, 2, 2, 2, 2, 2, 2, 2, 2, 2, 2, 2, 2, 2, 2, 2, 5, 0, 0, 0, 0, 0, 0, 0, 0, 0, 0, 0, 0, 0, 0, 0, 0, 0, 0, 0, 0, 0, 0, 0, 0, 0, 0, 0, 0, 0, 0, 5, 5]
[5, 2, 2, 2, 2, 2, 2, 1, 1, 1, 2, 2, 1, 1, 1, 2, 2, 1, 1, 1, 2, 2, 1, 1, 1, 2, 2, 2, 2, 2, 2, 5, 0, 0, 0, 0, 0, 0, 1, 1, 1, 0, 0, 1, 1, 1, 0, 0, 1, 1, 1, 0, 0, 1, 1, 1, 0, 0, 0, 0, 0, 0, 5, 5]
[5, 2, 2, 2, 2, 2, 2, 2, 2, 2, 2, 2, 2, 2, 2, 2, 2, 2, 2, 2, 2, 2, 2, 2, 2, 2, 2, 2, 2, 2, 2, 5, 0, 0, 0, 0, 0, 0, 0, 0, 0, 0, 0, 0, 0, 0, 0, 0, 0, 0, 0, 0, 0, 0, 0, 0, 0, 0, 0, 0, 0, 0, 5, 5]
[5, 2, 2, 2, 2, 2, 2, 2, 1, 2, 2, 2, 2, 1, 2, 2, 2, 2, 1, 2, 2, 2, 2, 1, 2, 2, 2, 2, 2, 2, 2, 5, 0, 0, 0, 0, 0, 0, 0, 1, 0, 0, 0, 0, 1, 0, 0, 0, 0, 1, 0, 0, 0, 0, 1, 0, 0, 0, 0, 0, 0, 0, 5, 5]
[5, 2, 2, 2, 2, 2, 2, 2, 1, 2, 2, 2, 2, 1, 2, 2, 2, 2, 1, 2, 2, 2, 2, 1, 2, 2, 2, 2, 2, 2, 2, 5, 0, 0, 0, 0, 0, 0, 0, 1, 0, 0, 0, 0, 1, 0, 0, 0, 0, 1, 0, 0, 0, 0, 1, 0, 0, 0, 0, 0, 0, 0, 5, 5]
[5, 2, 2, 2, 2, 2, 2, 2, 1, 2, 2, 2, 2, 1, 2, 2, 2, 2, 1, 2, 2, 2, 2, 1, 2, 2, 2, 2, 2, 2, 2, 5, 0, 0, 0, 0, 0, 0, 0, 1, 0, 0, 0, 0, 1, 0, 0, 0, 0, 1, 0, 0, 0, 0, 1, 0, 0, 0, 0, 0, 0, 0, 5, 5]
[5, 2, 2, 2, 2, 2, 2, 2, 2, 2, 2, 2, 2, 2, 2, 2, 2, 2, 2, 2, 2, 2, 2, 2, 2, 2, 2, 2, 2, 2, 2, 5, 0, 0, 0, 0, 0, 0, 0, 0, 0, 0, 0, 0, 0, 0, 0, 0, 0, 0, 0, 0, 0, 0, 0, 0, 0, 0, 0, 0, 0, 0, 5, 5]
[5, 2, 2, 2, 2, 2, 2, 1, 1, 1, 2, 2, 1, 1, 1, 2, 2, 1, 1, 1, 2, 2, 1, 1, 1, 2, 2, 2, 2, 2, 2, 5, 0, 0, 0, 0, 0, 0, 1, 1, 1, 0, 0, 1, 1, 1, 0, 0, 1, 1, 1, 0, 0, 1, 1, 1, 0, 0, 0, 0, 0, 0, 5, 5]
[5, 2, 2, 2, 2, 2, 2, 2, 2, 2, 2, 2, 2, 2, 2, 2, 2, 2, 2, 2, 2, 2, 2, 2, 2, 2, 2, 2, 2, 2, 2, 5, 0, 0, 0, 0, 0, 0, 0, 0, 0, 0, 0, 0, 0, 0, 0, 0, 0, 0, 0, 0, 0, 0, 0, 0, 0, 0, 0, 0, 0, 0, 5, 5]
[5, 2, 2, 2, 2, 2, 2, 2, 1, 2, 2, 2, 2, 1, 2, 2, 2, 2, 1, 2, 2, 2, 2, 1, 2, 2, 2, 2, 2, 2, 2, 5, 0, 0, 0, 0, 0, 0, 0, 1, 0, 0, 0, 0, 1, 0, 0, 0, 0, 1, 0, 0, 0, 0, 1, 0, 0, 0, 0, 0, 0, 0, 5, 5]
[5, 2, 2, 2, 2, 2, 2, 2, 1, 2, 2, 2, 2, 1, 2, 2, 2, 2, 1, 2, 2, 2, 2, 1, 2, 2, 2, 2, 2, 2, 2, 5, 0, 0, 0, 0, 0, 0, 0, 1, 0, 0, 0, 0, 1, 0, 0, 0, 0, 1, 0, 0, 0, 0, 1, 0, 0, 0, 0, 0, 0, 0, 5, 5]
[5, 2, 2, 2, 2, 2, 2, 2, 1, 2, 2, 2, 2, 1, 2, 2, 2, 2, 1, 2, 2, 2, 2, 1, 2, 2, 2, 2, 2, 2, 2, 5, 0, 0, 0, 0, 0, 0, 0, 1, 0, 0, 0, 0, 1, 0, 0, 0, 0, 1, 0, 0, 0, 0, 1, 0, 0, 0, 0, 0, 0, 0, 5, 5]
[5, 2, 2, 2, 2, 2, 2, 2, 2, 2, 2, 2, 2, 2, 2, 2, 2, 2, 2, 2, 2, 2, 2, 2, 2, 2, 2, 2, 2, 2, 2, 5, 0, 0, 0, 0, 0, 0, 0, 0, 0, 0, 0, 0, 0, 0, 0, 0, 0, 0, 0, 0, 0, 0, 0, 0, 0, 0, 0, 0, 0, 0, 5, 5]
[5, 5, 5, 5, 5, 5, 5, 5, 5, 5, 5, 5, 5, 5, 5, 5, 2, 5, 5, 5, 5, 5, 5, 5, 5, 5, 5, 5, 5, 5, 5, 5, 5, 5, 5, 5, 5, 5, 5, 5, 5, 5, 5, 5, 5, 5, 5, 5, 5, 5, 5, 5, 5, 5, 5, 5, 5, 5, 0, 5, 5, 5, 5, 5]
[5, 5, 5, 5, 5, 5, 5, 5, 5, 5, 5, 2, 2, 2, 2, 2, 2, 2, 2, 2, 2, 2, 5, 5, 5, 5, 5, 5, 5, 5, 5, 5, 5, 5, 5, 5, 5, 5, 5, 5, 5, 5, 5, 5, 5, 5, 0, 0, 0, 0, 0, 0, 0, 0, 0, 0, 0, 0, 0, 5, 5, 5, 5, 5]
[5, 5, 5, 5, 5, 5, 5, 5, 5, 5, 5, 2, 5, 5, 5, 5, 5, 5, 5, 5, 5, 2, 5, 5, 5, 5, 5, 5, 5, 5, 5, 5, 5, 5, 5, 5, 5, 5, 5, 5, 5, 5, 5, 5, 5, 5, 0, 5, 5, 5, 5, 5, 5, 5, 5, 5, 5, 5, 5, 5, 5, 5, 5, 5]
[5, 5, 5, 5, 5, 5, 5, 9, 9, 9, 9, 9, 9, 9, 9, 9, 5, 2, 2, 2, 2, 2, 2, 2, 2, 2, 5, 5, 5, 5, 5, 5, 5, 5, 5, 5, 5, 5, 5, 5, 5, 5, 5, 5, 9, 9, 9, 9, 9, 5, 5, 5, 5, 5, 5, 5, 5, 5, 5, 5, 5, 5, 5, 5]
[5, 5, 5, 5, 5, 5, 5, 9, 5, 5, 5, 5, 5, 5, 5, 9, 5, 2, 5, 5, 11, 11, 11, 5, 5, 2, 5, 5, 5, 5, 5, 5, 5, 5, 5, 5, 5, 5, 5, 5, 5, 5, 5, 9, 9, 9, 9, 9, 9, 9, 5, 5, 5, 5, 5, 5, 5, 5, 5, 5, 5, 5, 5, 5]
[5, 5, 5, 5, 5, 5, 5, 9, 5, 5, 5, 5, 5, 5, 5, 9, 5, 2, 5, 5, 11, 11, 11, 5, 5, 2, 5, 5, 5, 5, 5, 5, 5, 5, 5, 5, 5, 5, 5, 5, 5, 5, 9, 9, 9, 9, 9, 9, 9, 9, 9, 5, 5, 5, 5, 5, 5, 5, 5, 5, 5, 5, 5, 5]
[5, 5, 5, 5, 5, 5, 5, 9, 11, 11, 5, 5, 5, 5, 5, 9, 5, 2, 5, 5, 5, 5, 5, 5, 5, 2, 5, 5, 5, 5, 5, 5, 5, 5, 5, 5, 5, 5, 5, 5, 5, 5, 9, 9, 9, 9, 9, 9, 9, 9, 9, 5, 5, 5, 5, 5, 5, 5, 5, 5, 5, 5, 5, 5]
[5, 5, 5, 5, 5, 5, 5, 9, 11, 11, 5, 0, 5, 0, 5, 9, 5, 2, 5, 5, 5, 0, 5, 5, 5, 2, 5, 5, 5, 5, 5, 5, 5, 5, 5, 5, 5, 5, 5, 5, 5, 5, 9, 9, 9, 9, 9, 9, 9, 9, 9, 5, 5, 5, 5, 5, 5, 5, 5, 5, 5, 5, 5, 5]
[5, 5, 5, 5, 5, 5, 5, 9, 11, 11, 5, 5, 5, 5, 5, 9, 5, 2, 5, 5, 5, 5, 5, 5, 5, 2, 5, 5, 5, 5, 5, 5, 5, 5, 5, 5, 5, 5, 5, 5, 5, 5, 9, 9, 9, 9, 9, 9, 9, 9, 9, 5, 5, 5, 5, 5, 5, 5, 5, 5, 5, 5, 5, 5]
[5, 5, 5, 5, 5, 5, 5, 9, 5, 5, 5, 5, 5, 5, 5, 9, 5, 2, 5, 5, 5, 0, 5, 5, 5, 2, 5, 5, 5, 5, 5, 5, 5, 5, 5, 5, 5, 5, 5, 5, 5, 5, 9, 9, 9, 9, 9, 9, 9, 9, 9, 5, 5, 5, 5, 5, 5, 5, 5, 5, 5, 5, 5, 5]
[5, 5, 5, 5, 5, 5, 5, 9, 5, 5, 5, 5, 5, 5, 5, 9, 5, 2, 5, 5, 5, 5, 5, 5, 5, 2, 5, 5, 5, 5, 5, 5, 5, 5, 5, 5, 5, 5, 5, 5, 5, 5, 5, 9, 9, 9, 9, 9, 9, 9, 5, 5, 5, 5, 5, 5, 5, 5, 5, 5, 5, 5, 5, 5]
[5, 5, 5, 5, 5, 5, 5, 9, 9, 9, 9, 9, 9, 9, 9, 9, 5, 2, 2, 2, 2, 2, 2, 2, 2, 2, 5, 5, 5, 5, 5, 5, 5, 5, 5, 5, 5, 5, 5, 5, 5, 5, 5, 5, 9, 9, 9, 9, 9, 5, 5, 5, 5, 5, 5, 5, 5, 5, 5, 5, 5, 5, 5, 5]
[5, 5, 5, 5, 5, 5, 5, 5, 5, 5, 5, 5, 5, 5, 5, 5, 5, 5, 5, 5, 5, 5, 5, 5, 5, 5, 5, 5, 5, 5, 5, 5, 5, 5, 5, 5, 5, 5, 5, 5, 5, 5, 5, 5, 5, 5, 5, 5, 5, 5, 5, 5, 5, 5, 5, 5, 5, 5, 5, 5, 5, 5, 5, 5]
</grid_0>
",,0.0,True
