Step,Action,Reasoning,Observation,Auxiliary_Observation,Reward,Done
0,up,manual,"Task: interactive
Step: 0
Phase: Interactive
Available actions now:
- left
- right
- up
- down
- click ROW COL  (ROW first, then COL, both in 0..15; matches the (row, col) order the perception reports)
- noop
- quit
- reset

========== Start of Direct Observation ==========
Welcome, you are now in the interactive phase, where you can interact with the grid using the available actions.
During the interactive phase your goal is to act in the environment to understand the underlying rules of the environment. You can reset the environment to it's initial state at any time.

Here is the initial state of the grid: 
[[""black"", ""black"", ""black"", ""black"", ""black"", ""black"", ""black"", ""black"", ""black"", ""black"", ""black"", ""black"", ""black"", ""black"", ""black"", ""black""], [""black"", ""black"", ""black"", ""black"", ""black"", ""black"", ""black"", ""black"", ""black"", ""black"", ""black"", ""black"", ""black"", ""black"", ""black"", ""black""], [""black"", ""black"", ""black"", ""black"", ""black"", ""black"", ""black"", ""black"", ""black"", ""black"", ""black"", ""black"", ""black"", ""black"", ""black"", ""black""], [""black"", ""black"", ""black"", ""black"", ""black"", ""black"", ""black"", ""black"", ""black"", ""black"", ""black"", ""black"", ""black"", ""black"", ""black"", ""black""], [""black"", ""black"", ""black"", ""black"", ""black"", ""black"", ""black"", ""black"", ""black"", ""black"", ""black"", ""black"", ""black"", ""black"", ""black"", ""black""], [""black"", ""black"", ""black"", ""black"", ""black"", ""black"", ""black"", ""black"", ""black"", ""black"", ""black"", ""black"", ""black"", ""black"", ""black"", ""black""], [""black"", ""black"", ""black"", ""black"", ""black"", ""black"", ""black"", ""black"", ""black"", ""black"", ""black"", ""black"", ""black"", ""black"", ""black"", ""black""], [""black"", ""black"", ""black"", ""black"", ""blue"", ""black"", ""black"", ""red"", ""black"", ""black"", ""black"", ""black"", ""black"", ""black"", ""black"", ""black""], [""black"", ""black"", ""black"", ""black"", ""blue"", ""black"", ""black"", ""red"", ""black"", ""black"", ""black"", ""black"", ""black"", ""black"", ""black"", ""black""], [""black"", ""black"", ""black"", ""black"", ""black"", ""black"", ""black"", ""black"", ""black"", ""black"", ""black"", ""black"", ""black"", ""black"", ""black"", ""black""], [""black"", ""black"", ""black"", ""black"", ""black"", ""black"", ""black"", ""black"", ""black"", ""black"", ""black"", ""black"", ""black"", ""black"", ""black"", ""black""], [""black"", ""black"", ""black"", ""black"", ""black"", ""black"", ""black"", ""black"", ""black"", ""black"", ""black"", ""black"", ""black"", ""black"", ""black"", ""black""], [""black"", ""black"", ""black"", ""black"", ""black"", ""black"", ""black"", ""black"", ""black"", ""black"", ""black"", ""black"", ""black"", ""black"", ""black"", ""black""], [""black"", ""black"", ""black"", ""black"", ""black"", ""black"", ""black"", ""black"", ""black"", ""black"", ""black"", ""black"", ""black"", ""black"", ""black"", ""black""], [""black"", ""black"", ""black"", ""black"", ""black"", ""black"", ""black"", ""black"", ""black"", ""black"", ""black"", ""black"", ""black"", ""black"", ""black"", ""black""], [""black"", ""black"", ""black"", ""black"", ""black"", ""black"", ""black"", ""black"", ""black"", ""black"", ""black"", ""black"", ""black"", ""black"", ""black"", ""black""]]",,0.0,False
1,up,manual,"Task: interactive
Step: 1
Phase: Interactive
Available actions now:
- left
- right
- up
- down
- click ROW COL  (ROW first, then COL, both in 0..15; matches the (row, col) order the perception reports)
- noop
- quit
- reset

========== Start of Direct Observation ==========
[[""black"", ""black"", ""black"", ""black"", ""black"", ""black"", ""black"", ""black"", ""black"", ""black"", ""black"", ""black"", ""black"", ""black"", ""black"", ""black""], [""black"", ""black"", ""black"", ""black"", ""black"", ""black"", ""black"", ""black"", ""black"", ""black"", ""black"", ""black"", ""black"", ""black"", ""black"", ""black""], [""black"", ""black"", ""black"", ""black"", ""black"", ""black"", ""black"", ""black"", ""black"", ""black"", ""black"", ""black"", ""black"", ""black"", ""black"", ""black""], [""black"", ""black"", ""black"", ""black"", ""black"", ""black"", ""black"", ""black"", ""black"", ""black"", ""black"", ""black"", ""black"", ""black"", ""black"", ""black""], [""black"", ""black"", ""black"", ""black"", ""black"", ""black"", ""black"", ""black"", ""black"", ""black"", ""black"", ""black"", ""black"", ""black"", ""black"", ""black""], [""black"", ""black"", ""black"", ""black"", ""black"", ""black"", ""black"", ""black"", ""black"", ""black"", ""black"", ""black"", ""black"", ""black"", ""black"", ""black""], [""black"", ""black"", ""black"", ""black"", ""blue"", ""black"", ""black"", ""black"", ""black"", ""black"", ""black"", ""black"", ""black"", ""black"", ""black"", ""black""], [""black"", ""black"", ""black"", ""black"", ""blue"", ""black"", ""black"", ""red"", ""black"", ""black"", ""black"", ""black"", ""black"", ""black"", ""black"", ""black""], [""black"", ""black"", ""black"", ""black"", ""black"", ""black"", ""black"", ""red"", ""black"", ""black"", ""black"", ""black"", ""black"", ""black"", ""black"", ""black""], [""black"", ""black"", ""black"", ""black"", ""black"", ""black"", ""black"", ""black"", ""black"", ""black"", ""black"", ""black"", ""black"", ""black"", ""black"", ""black""], [""black"", ""black"", ""black"", ""black"", ""black"", ""black"", ""black"", ""black"", ""black"", ""black"", ""black"", ""black"", ""black"", ""black"", ""black"", ""black""], [""black"", ""black"", ""black"", ""black"", ""black"", ""black"", ""black"", ""black"", ""black"", ""black"", ""black"", ""black"", ""black"", ""black"", ""black"", ""black""], [""black"", ""black"", ""black"", ""black"", ""black"", ""black"", ""black"", ""black"", ""black"", ""black"", ""black"", ""black"", ""black"", ""black"", ""black"", ""black""], [""black"", ""black"", ""black"", ""black"", ""black"", ""black"", ""black"", ""black"", ""black"", ""black"", ""black"", ""black"", ""black"", ""black"", ""black"", ""black""], [""black"", ""black"", ""black"", ""black"", ""black"", ""black"", ""black"", ""black"", ""black"", ""black"", ""black"", ""black"", ""black"", ""black"", ""black"", ""black""], [""black"", ""black"", ""black"", ""black"", ""black"", ""black"", ""black"", ""black"", ""black"", ""black"", ""black"", ""black"", ""black"", ""black"", ""black"", ""black""]]",,0.0,False
2,up,manual,"Task: interactive
Step: 2
Phase: Interactive
Available actions now:
- left
- right
- up
- down
- click ROW COL  (ROW first, then COL, both in 0..15; matches the (row, col) order the perception reports)
- noop
- quit
- reset

========== Start of Direct Observation ==========
[[""black"", ""black"", ""black"", ""black"", ""black"", ""black"", ""black"", ""black"", ""black"", ""black"", ""black"", ""black"", ""black"", ""black"", ""black"", ""black""], [""black"", ""black"", ""black"", ""black"", ""black"", ""black"", ""black"", ""black"", ""black"", ""black"", ""black"", ""black"", ""black"", ""black"", ""black"", ""black""], [""black"", ""black"", ""black"", ""black"", ""black"", ""black"", ""black"", ""black"", ""black"", ""black"", ""black"", ""black"", ""black"", ""black"", ""black"", ""black""], [""black"", ""black"", ""black"", ""black"", ""black"", ""black"", ""black"", ""black"", ""black"", ""black"", ""black"", ""black"", ""black"", ""black"", ""black"", ""black""], [""black"", ""black"", ""black"", ""black"", ""black"", ""black"", ""black"", ""black"", ""black"", ""black"", ""black"", ""black"", ""black"", ""black"", ""black"", ""black""], [""black"", ""black"", ""black"", ""black"", ""blue"", ""black"", ""black"", ""black"", ""black"", ""black"", ""black"", ""black"", ""black"", ""black"", ""black"", ""black""], [""black"", ""black"", ""black"", ""black"", ""blue"", ""black"", ""black"", ""black"", ""black"", ""black"", ""black"", ""black"", ""black"", ""black"", ""black"", ""black""], [""black"", ""black"", ""black"", ""black"", ""black"", ""black"", ""black"", ""red"", ""black"", ""black"", ""black"", ""black"", ""black"", ""black"", ""black"", ""black""], [""black"", ""black"", ""black"", ""black"", ""black"", ""black"", ""black"", ""red"", ""black"", ""black"", ""black"", ""black"", ""black"", ""black"", ""black"", ""black""], [""black"", ""black"", ""black"", ""black"", ""black"", ""black"", ""black"", ""black"", ""black"", ""black"", ""black"", ""black"", ""black"", ""black"", ""black"", ""black""], [""black"", ""black"", ""black"", ""black"", ""black"", ""black"", ""black"", ""black"", ""black"", ""black"", ""black"", ""black"", ""black"", ""black"", ""black"", ""black""], [""black"", ""black"", ""black"", ""black"", ""black"", ""black"", ""black"", ""black"", ""black"", ""black"", ""black"", ""black"", ""black"", ""black"", ""black"", ""black""], [""black"", ""black"", ""black"", ""black"", ""black"", ""black"", ""black"", ""black"", ""black"", ""black"", ""black"", ""black"", ""black"", ""black"", ""black"", ""black""], [""black"", ""black"", ""black"", ""black"", ""black"", ""black"", ""black"", ""black"", ""black"", ""black"", ""black"", ""black"", ""black"", ""black"", ""black"", ""black""], [""black"", ""black"", ""black"", ""black"", ""black"", ""black"", ""black"", ""black"", ""black"", ""black"", ""black"", ""black"", ""black"", ""black"", ""black"", ""black""], [""black"", ""black"", ""black"", ""black"", ""black"", ""black"", ""black"", ""black"", ""black"", ""black"", ""black"", ""black"", ""black"", ""black"", ""black"", ""black""]]",,0.0,False
3,up,manual,"Task: interactive
Step: 3
Phase: Interactive
Available actions now:
- left
- right
- up
- down
- click ROW COL  (ROW first, then COL, both in 0..15; matches the (row, col) order the perception reports)
- noop
- quit
- reset

========== Start of Direct Observation ==========
[[""black"", ""black"", ""black"", ""black"", ""black"", ""black"", ""black"", ""black"", ""black"", ""black"", ""black"", ""black"", ""black"", ""black"", ""black"", ""black""], [""black"", ""black"", ""black"", ""black"", ""black"", ""black"", ""black"", ""black"", ""black"", ""black"", ""black"", ""black"", ""black"", ""black"", ""black"", ""black""], [""black"", ""black"", ""black"", ""black"", ""black"", ""black"", ""black"", ""black"", ""black"", ""black"", ""black"", ""black"", ""black"", ""black"", ""black"", ""black""], [""black"", ""black"", ""black"", ""black"", ""black"", ""black"", ""black"", ""black"", ""black"", ""black"", ""black"", ""black"", ""black"", ""black"", ""black"", ""black""], [""black"", ""black"", ""black"", ""black"", ""blue"", ""black"", ""black"", ""black"", ""black"", ""black"", ""black"", ""black"", ""black"", ""black"", ""black"", ""black""], [""black"", ""black"", ""black"", ""black"", ""blue"", ""black"", ""black"", ""black"", ""black"", ""black"", ""black"", ""black"", ""black"", ""black"", ""black"", ""black""], [""black"", ""black"", ""black"", ""black"", ""black"", ""black"", ""black"", ""black"", ""black"", ""black"", ""black"", ""black"", ""black"", ""black"", ""black"", ""black""], [""black"", ""black"", ""black"", ""black"", ""black"", ""black"", ""black"", ""red"", ""black"", ""black"", ""black"", ""black"", ""black"", ""black"", ""black"", ""black""], [""black"", ""black"", ""black"", ""black"", ""black"", ""black"", ""black"", ""red"", ""black"", ""black"", ""black"", ""black"", ""black"", ""black"", ""black"", ""black""], [""black"", ""black"", ""black"", ""black"", ""black"", ""black"", ""black"", ""black"", ""black"", ""black"", ""black"", ""black"", ""black"", ""black"", ""black"", ""black""], [""black"", ""black"", ""black"", ""black"", ""black"", ""black"", ""black"", ""black"", ""black"", ""black"", ""black"", ""black"", ""black"", ""black"", ""black"", ""black""], [""black"", ""black"", ""black"", ""black"", ""black"", ""black"", ""black"", ""black"", ""black"", ""black"", ""black"", ""black"", ""black"", ""black"", ""black"", ""black""], [""black"", ""black"", ""black"", ""black"", ""black"", ""black"", ""black"", ""black"", ""black"", ""black"", ""black"", ""black"", ""black"", ""black"", ""black"", ""black""], [""black"", ""black"", ""black"", ""black"", ""black"", ""black"", ""black"", ""black"", ""black"", ""black"", ""black"", ""black"", ""black"", ""black"", ""black"", ""black""], [""black"", ""black"", ""black"", ""black"", ""black"", ""black"", ""black"", ""black"", ""black"", ""black"", ""black"", ""black"", ""black"", ""black"", ""black"", ""black""], [""black"", ""black"", ""black"", ""black"", ""black"", ""black"", ""black"", ""black"", ""black"", ""black"", ""black"", ""black"", ""black"", ""black"", ""black"", ""black""]]",,0.0,False
4,up,manual,"Task: interactive
Step: 4
Phase: Interactive
Available actions now:
- left
- right
- up
- down
- click ROW COL  (ROW first, then COL, both in 0..15; matches the (row, col) order the perception reports)
- noop
- quit
- reset

========== Start of Direct Observation ==========
[[""black"", ""black"", ""black"", ""black"", ""black"", ""black"", ""black"", ""black"", ""black"", ""black"", ""black"", ""black"", ""black"", ""black"", ""black"", ""black""], [""black"", ""black"", ""black"", ""black"", ""black"", ""black"", ""black"", ""black"", ""black"", ""black"", ""black"", ""black"", ""black"", ""black"", ""black"", ""black""], [""black"", ""black"", ""black"", ""black"", ""black"", ""black"", ""black"", ""black"", ""black"", ""black"", ""black"", ""black"", ""black"", ""black"", ""black"", ""black""], [""black"", ""black"", ""black"", ""black"", ""blue"", ""black"", ""black"", ""black"", ""black"", ""black"", ""black"", ""black"", ""black"", ""black"", ""black"", ""black""], [""black"", ""black"", ""black"", ""black"", ""blue"", ""black"", ""black"", ""black"", ""black"", ""black"", ""black"", ""black"", ""black"", ""black"", ""black"", ""black""], [""black"", ""black"", ""black"", ""black"", ""black"", ""black"", ""black"", ""black"", ""black"", ""black"", ""black"", ""black"", ""black"", ""black"", ""black"", ""black""], [""black"", ""black"", ""black"", ""black"", ""black"", ""black"", ""black"", ""black"", ""black"", ""black"", ""black"", ""black"", ""black"", ""black"", ""black"", ""black""], [""black"", ""black"", ""black"", ""black"", ""black"", ""black"", ""black"", ""red"", ""black"", ""black"", ""black"", ""black"", ""black"", ""black"", ""black"", ""black""], [""black"", ""black"", ""black"", ""black"", ""black"", ""black"", ""black"", ""red"", ""black"", ""black"", ""black"", ""black"", ""black"", ""black"", ""black"", ""black""], [""black"", ""black"", ""black"", ""black"", ""black"", ""black"", ""black"", ""black"", ""black"", ""black"", ""black"", ""black"", ""black"", ""black"", ""black"", ""black""], [""black"", ""black"", ""black"", ""black"", ""black"", ""black"", ""black"", ""black"", ""black"", ""black"", ""black"", ""black"", ""black"", ""black"", ""black"", ""black""], [""black"", ""black"", ""black"", ""black"", ""black"", ""black"", ""black"", ""black"", ""black"", ""black"", ""black"", ""black"", ""black"", ""black"", ""black"", ""black""], [""black"", ""black"", ""black"", ""black"", ""black"", ""black"", ""black"", ""black"", ""black"", ""black"", ""black"", ""black"", ""black"", ""black"", ""black"", ""black""], [""black"", ""black"", ""black"", ""black"", ""black"", ""black"", ""black"", ""black"", ""black"", ""black"", ""black"", ""black"", ""black"", ""black"", ""black"", ""black""], [""black"", ""black"", ""black"", ""black"", ""black"", ""black"", ""black"", ""black"", ""black"", ""black"", ""black"", ""black"", ""black"", ""black"", ""black"", ""black""], [""black"", ""black"", ""black"", ""black"", ""black"", ""black"", ""black"", ""black"", ""black"", ""black"", ""black"", ""black"", ""black"", ""black"", ""black"", ""black""]]",,0.0,False
5,noop,manual,"Task: interactive
Step: 5
Phase: Interactive
Available actions now:
- left
- right
- up
- down
- click ROW COL  (ROW first, then COL, both in 0..15; matches the (row, col) order the perception reports)
- noop
- quit
- reset

========== Start of Direct Observation ==========
[[""black"", ""black"", ""black"", ""black"", ""black"", ""black"", ""black"", ""black"", ""black"", ""black"", ""black"", ""black"", ""black"", ""black"", ""black"", ""black""], [""black"", ""black"", ""black"", ""black"", ""black"", ""black"", ""black"", ""black"", ""black"", ""black"", ""black"", ""black"", ""black"", ""black"", ""black"", ""black""], [""black"", ""black"", ""black"", ""black"", ""blue"", ""black"", ""black"", ""black"", ""black"", ""black"", ""black"", ""black"", ""black"", ""black"", ""black"", ""black""], [""black"", ""black"", ""black"", ""black"", ""blue"", ""black"", ""black"", ""black"", ""black"", ""black"", ""black"", ""black"", ""black"", ""black"", ""black"", ""black""], [""black"", ""black"", ""black"", ""black"", ""black"", ""black"", ""black"", ""black"", ""black"", ""black"", ""black"", ""black"", ""black"", ""black"", ""black"", ""black""], [""black"", ""black"", ""black"", ""black"", ""black"", ""black"", ""black"", ""black"", ""black"", ""black"", ""black"", ""black"", ""black"", ""black"", ""black"", ""black""], [""black"", ""black"", ""black"", ""black"", ""black"", ""black"", ""black"", ""black"", ""black"", ""black"", ""black"", ""black"", ""black"", ""black"", ""black"", ""black""], [""black"", ""black"", ""black"", ""black"", ""black"", ""black"", ""black"", ""red"", ""black"", ""black"", ""black"", ""black"", ""black"", ""black"", ""black"", ""black""], [""black"", ""black"", ""black"", ""black"", ""black"", ""black"", ""black"", ""red"", ""black"", ""black"", ""black"", ""black"", ""black"", ""black"", ""black"", ""black""], [""black"", ""black"", ""black"", ""black"", ""black"", ""black"", ""black"", ""black"", ""black"", ""black"", ""black"", ""black"", ""black"", ""black"", ""black"", ""black""], [""black"", ""black"", ""black"", ""black"", ""black"", ""black"", ""black"", ""black"", ""black"", ""black"", ""black"", ""black"", ""black"", ""black"", ""black"", ""black""], [""black"", ""black"", ""black"", ""black"", ""black"", ""black"", ""black"", ""black"", ""black"", ""black"", ""black"", ""black"", ""black"", ""black"", ""black"", ""black""], [""black"", ""black"", ""black"", ""black"", ""black"", ""black"", ""black"", ""black"", ""black"", ""black"", ""black"", ""black"", ""black"", ""black"", ""black"", ""black""], [""black"", ""black"", ""black"", ""black"", ""black"", ""black"", ""black"", ""black"", ""black"", ""black"", ""black"", ""black"", ""black"", ""black"", ""black"", ""black""], [""black"", ""black"", ""black"", ""black"", ""black"", ""black"", ""black"", ""black"", ""black"", ""black"", ""black"", ""black"", ""black"", ""black"", ""black"", ""black""], [""black"", ""black"", ""black"", ""black"", ""black"", ""black"", ""black"", ""black"", ""black"", ""black"", ""black"", ""black"", ""black"", ""black"", ""black"", ""black""]]",,0.0,False
6,right,manual,"Task: interactive
Step: 6
Phase: Interactive
Available actions now:
- left
- right
- up
- down
- click ROW COL  (ROW first, then COL, both in 0..15; matches the (row, col) order the perception reports)
- noop
- quit
- reset

========== Start of Direct Observation ==========
[[""black"", ""black"", ""black"", ""black"", ""black"", ""black"", ""black"", ""black"", ""black"", ""black"", ""black"", ""black"", ""black"", ""black"", ""black"", ""black""], [""black"", ""black"", ""black"", ""black"", ""black"", ""black"", ""black"", ""black"", ""black"", ""black"", ""black"", ""black"", ""black"", ""black"", ""black"", ""black""], [""black"", ""black"", ""black"", ""black"", ""blue"", ""black"", ""black"", ""black"", ""black"", ""black"", ""black"", ""black"", ""black"", ""black"", ""black"", ""black""], [""black"", ""black"", ""black"", ""black"", ""blue"", ""black"", ""black"", ""black"", ""black"", ""black"", ""black"", ""black"", ""black"", ""black"", ""black"", ""black""], [""black"", ""black"", ""black"", ""black"", ""black"", ""black"", ""black"", ""black"", ""black"", ""black"", ""black"", ""black"", ""black"", ""black"", ""black"", ""black""], [""black"", ""black"", ""black"", ""black"", ""black"", ""black"", ""black"", ""black"", ""black"", ""black"", ""black"", ""black"", ""black"", ""black"", ""black"", ""black""], [""black"", ""black"", ""black"", ""black"", ""black"", ""black"", ""black"", ""black"", ""black"", ""black"", ""black"", ""black"", ""black"", ""black"", ""black"", ""black""], [""black"", ""black"", ""black"", ""black"", ""black"", ""black"", ""black"", ""red"", ""black"", ""black"", ""black"", ""black"", ""black"", ""black"", ""black"", ""black""], [""black"", ""black"", ""black"", ""black"", ""black"", ""black"", ""black"", ""red"", ""black"", ""black"", ""black"", ""black"", ""black"", ""black"", ""black"", ""black""], [""black"", ""black"", ""black"", ""black"", ""black"", ""black"", ""black"", ""black"", ""black"", ""black"", ""black"", ""black"", ""black"", ""black"", ""black"", ""black""], [""black"", ""black"", ""black"", ""black"", ""black"", ""black"", ""black"", ""black"", ""black"", ""black"", ""black"", ""black"", ""black"", ""black"", ""black"", ""black""], [""black"", ""black"", ""black"", ""black"", ""black"", ""black"", ""black"", ""black"", ""black"", ""black"", ""black"", ""black"", ""black"", ""black"", ""black"", ""black""], [""black"", ""black"", ""black"", ""black"", ""black"", ""black"", ""black"", ""black"", ""black"", ""black"", ""black"", ""black"", ""black"", ""black"", ""black"", ""black""], [""black"", ""black"", ""black"", ""black"", ""black"", ""black"", ""black"", ""black"", ""black"", ""black"", ""black"", ""black"", ""black"", ""black"", ""black"", ""black""], [""black"", ""black"", ""black"", ""black"", ""black"", ""black"", ""black"", ""black"", ""black"", ""black"", ""black"", ""black"", ""black"", ""black"", ""black"", ""black""], [""black"", ""black"", ""black"", ""black"", ""black"", ""black"", ""black"", ""black"", ""black"", ""black"", ""black"", ""black"", ""black"", ""black"", ""black"", ""black""]]",,0.0,False
7,right,manual,"Task: interactive
Step: 7
Phase: Interactive
Available actions now:
- left
- right
- up
- down
- click ROW COL  (ROW first, then COL, both in 0..15; matches the (row, col) order the perception reports)
- noop
- quit
- reset

========== Start of Direct Observation ==========
[[""black"", ""black"", ""black"", ""black"", ""black"", ""black"", ""black"", ""black"", ""black"", ""black"", ""black"", ""black"", ""black"", ""black"", ""black"", ""black""], [""black"", ""black"", ""black"", ""black"", ""black"", ""black"", ""black"", ""black"", ""black"", ""black"", ""black"", ""black"", ""black"", ""black"", ""black"", ""black""], [""black"", ""black"", ""black"", ""black"", ""black"", ""blue"", ""black"", ""black"", ""black"", ""black"", ""black"", ""black"", ""black"", ""black"", ""black"", ""black""], [""black"", ""black"", ""black"", ""black"", ""black"", ""blue"", ""black"", ""black"", ""black"", ""black"", ""black"", ""black"", ""black"", ""black"", ""black"", ""black""], [""black"", ""black"", ""black"", ""black"", ""black"", ""black"", ""black"", ""black"", ""black"", ""black"", ""black"", ""black"", ""black"", ""black"", ""black"", ""black""], [""black"", ""black"", ""black"", ""black"", ""black"", ""black"", ""black"", ""black"", ""black"", ""black"", ""black"", ""black"", ""black"", ""black"", ""black"", ""black""], [""black"", ""black"", ""black"", ""black"", ""black"", ""black"", ""black"", ""black"", ""black"", ""black"", ""black"", ""black"", ""black"", ""black"", ""black"", ""black""], [""black"", ""black"", ""black"", ""black"", ""black"", ""black"", ""black"", ""red"", ""black"", ""black"", ""black"", ""black"", ""black"", ""black"", ""black"", ""black""], [""black"", ""black"", ""black"", ""black"", ""black"", ""black"", ""black"", ""red"", ""black"", ""black"", ""black"", ""black"", ""black"", ""black"", ""black"", ""black""], [""black"", ""black"", ""black"", ""black"", ""black"", ""black"", ""black"", ""black"", ""black"", ""black"", ""black"", ""black"", ""black"", ""black"", ""black"", ""black""], [""black"", ""black"", ""black"", ""black"", ""black"", ""black"", ""black"", ""black"", ""black"", ""black"", ""black"", ""black"", ""black"", ""black"", ""black"", ""black""], [""black"", ""black"", ""black"", ""black"", ""black"", ""black"", ""black"", ""black"", ""black"", ""black"", ""black"", ""black"", ""black"", ""black"", ""black"", ""black""], [""black"", ""black"", ""black"", ""black"", ""black"", ""black"", ""black"", ""black"", ""black"", ""black"", ""black"", ""black"", ""black"", ""black"", ""black"", ""black""], [""black"", ""black"", ""black"", ""black"", ""black"", ""black"", ""black"", ""black"", ""black"", ""black"", ""black"", ""black"", ""black"", ""black"", ""black"", ""black""], [""black"", ""black"", ""black"", ""black"", ""black"", ""black"", ""black"", ""black"", ""black"", ""black"", ""black"", ""black"", ""black"", ""black"", ""black"", ""black""], [""black"", ""black"", ""black"", ""black"", ""black"", ""black"", ""black"", ""black"", ""black"", ""black"", ""black"", ""black"", ""black"", ""black"", ""black"", ""black""]]",,0.0,False
8,right,manual,"Task: interactive
Step: 8
Phase: Interactive
Available actions now:
- left
- right
- up
- down
- click ROW COL  (ROW first, then COL, both in 0..15; matches the (row, col) order the perception reports)
- noop
- quit
- reset

========== Start of Direct Observation ==========
[[""black"", ""black"", ""black"", ""black"", ""black"", ""black"", ""black"", ""black"", ""black"", ""black"", ""black"", ""black"", ""black"", ""black"", ""black"", ""black""], [""black"", ""black"", ""black"", ""black"", ""black"", ""black"", ""black"", ""black"", ""black"", ""black"", ""black"", ""black"", ""black"", ""black"", ""black"", ""black""], [""black"", ""black"", ""black"", ""black"", ""black"", ""black"", ""blue"", ""black"", ""black"", ""black"", ""black"", ""black"", ""black"", ""black"", ""black"", ""black""], [""black"", ""black"", ""black"", ""black"", ""black"", ""black"", ""blue"", ""black"", ""black"", ""black"", ""black"", ""black"", ""black"", ""black"", ""black"", ""black""], [""black"", ""black"", ""black"", ""black"", ""black"", ""black"", ""black"", ""black"", ""black"", ""black"", ""black"", ""black"", ""black"", ""black"", ""black"", ""black""], [""black"", ""black"", ""black"", ""black"", ""black"", ""black"", ""black"", ""black"", ""black"", ""black"", ""black"", ""black"", ""black"", ""black"", ""black"", ""black""], [""black"", ""black"", ""black"", ""black"", ""black"", ""black"", ""black"", ""black"", ""black"", ""black"", ""black"", ""black"", ""black"", ""black"", ""black"", ""black""], [""black"", ""black"", ""black"", ""black"", ""black"", ""black"", ""black"", ""red"", ""black"", ""black"", ""black"", ""black"", ""black"", ""black"", ""black"", ""black""], [""black"", ""black"", ""black"", ""black"", ""black"", ""black"", ""black"", ""red"", ""black"", ""black"", ""black"", ""black"", ""black"", ""black"", ""black"", ""black""], [""black"", ""black"", ""black"", ""black"", ""black"", ""black"", ""black"", ""black"", ""black"", ""black"", ""black"", ""black"", ""black"", ""black"", ""black"", ""black""], [""black"", ""black"", ""black"", ""black"", ""black"", ""black"", ""black"", ""black"", ""black"", ""black"", ""black"", ""black"", ""black"", ""black"", ""black"", ""black""], [""black"", ""black"", ""black"", ""black"", ""black"", ""black"", ""black"", ""black"", ""black"", ""black"", ""black"", ""black"", ""black"", ""black"", ""black"", ""black""], [""black"", ""black"", ""black"", ""black"", ""black"", ""black"", ""black"", ""black"", ""black"", ""black"", ""black"", ""black"", ""black"", ""black"", ""black"", ""black""], [""black"", ""black"", ""black"", ""black"", ""black"", ""black"", ""black"", ""black"", ""black"", ""black"", ""black"", ""black"", ""black"", ""black"", ""black"", ""black""], [""black"", ""black"", ""black"", ""black"", ""black"", ""black"", ""black"", ""black"", ""black"", ""black"", ""black"", ""black"", ""black"", ""black"", ""black"", ""black""], [""black"", ""black"", ""black"", ""black"", ""black"", ""black"", ""black"", ""black"", ""black"", ""black"", ""black"", ""black"", ""black"", ""black"", ""black"", ""black""]]",,0.0,False
9,right,manual,"Task: interactive
Step: 9
Phase: Interactive
Available actions now:
- left
- right
- up
- down
- click ROW COL  (ROW first, then COL, both in 0..15; matches the (row, col) order the perception reports)
- noop
- quit
- reset

========== Start of Direct Observation ==========
[[""black"", ""black"", ""black"", ""black"", ""black"", ""black"", ""black"", ""black"", ""black"", ""black"", ""black"", ""black"", ""black"", ""black"", ""black"", ""black""], [""black"", ""black"", ""black"", ""black"", ""black"", ""black"", ""black"", ""black"", ""black"", ""black"", ""black"", ""black"", ""black"", ""black"", ""black"", ""black""], [""black"", ""black"", ""black"", ""black"", ""black"", ""black"", ""black"", ""blue"", ""black"", ""black"", ""black"", ""black"", ""black"", ""black"", ""black"", ""black""], [""black"", ""black"", ""black"", ""black"", ""black"", ""black"", ""black"", ""blue"", ""black"", ""black"", ""black"", ""black"", ""black"", ""black"", ""black"", ""black""], [""black"", ""black"", ""black"", ""black"", ""black"", ""black"", ""black"", ""black"", ""black"", ""black"", ""black"", ""black"", ""black"", ""black"", ""black"", ""black""], [""black"", ""black"", ""black"", ""black"", ""black"", ""black"", ""black"", ""black"", ""black"", ""black"", ""black"", ""black"", ""black"", ""black"", ""black"", ""black""], [""black"", ""black"", ""black"", ""black"", ""black"", ""black"", ""black"", ""black"", ""black"", ""black"", ""black"", ""black"", ""black"", ""black"", ""black"", ""black""], [""black"", ""black"", ""black"", ""black"", ""black"", ""black"", ""black"", ""red"", ""black"", ""black"", ""black"", ""black"", ""black"", ""black"", ""black"", ""black""], [""black"", ""black"", ""black"", ""black"", ""black"", ""black"", ""black"", ""red"", ""black"", ""black"", ""black"", ""black"", ""black"", ""black"", ""black"", ""black""], [""black"", ""black"", ""black"", ""black"", ""black"", ""black"", ""black"", ""black"", ""black"", ""black"", ""black"", ""black"", ""black"", ""black"", ""black"", ""black""], [""black"", ""black"", ""black"", ""black"", ""black"", ""black"", ""black"", ""black"", ""black"", ""black"", ""black"", ""black"", ""black"", ""black"", ""black"", ""black""], [""black"", ""black"", ""black"", ""black"", ""black"", ""black"", ""black"", ""black"", ""black"", ""black"", ""black"", ""black"", ""black"", ""black"", ""black"", ""black""], [""black"", ""black"", ""black"", ""black"", ""black"", ""black"", ""black"", ""black"", ""black"", ""black"", ""black"", ""black"", ""black"", ""black"", ""black"", ""black""], [""black"", ""black"", ""black"", ""black"", ""black"", ""black"", ""black"", ""black"", ""black"", ""black"", ""black"", ""black"", ""black"", ""black"", ""black"", ""black""], [""black"", ""black"", ""black"", ""black"", ""black"", ""black"", ""black"", ""black"", ""black"", ""black"", ""black"", ""black"", ""black"", ""black"", ""black"", ""black""], [""black"", ""black"", ""black"", ""black"", ""black"", ""black"", ""black"", ""black"", ""black"", ""black"", ""black"", ""black"", ""black"", ""black"", ""black"", ""black""]]",,0.0,False
10,right,manual,"Task: interactive
Step: 10
Phase: Interactive
Available actions now:
- left
- right
- up
- down
- click ROW COL  (ROW first, then COL, both in 0..15; matches the (row, col) order the perception reports)
- noop
- quit
- reset

========== Start of Direct Observation ==========
[[""black"", ""black"", ""black"", ""black"", ""black"", ""black"", ""black"", ""black"", ""black"", ""black"", ""black"", ""black"", ""black"", ""black"", ""black"", ""black""], [""black"", ""black"", ""black"", ""black"", ""black"", ""black"", ""black"", ""black"", ""black"", ""black"", ""black"", ""black"", ""black"", ""black"", ""black"", ""black""], [""black"", ""black"", ""black"", ""black"", ""black"", ""black"", ""black"", ""black"", ""blue"", ""black"", ""black"", ""black"", ""black"", ""black"", ""black"", ""black""], [""black"", ""black"", ""black"", ""black"", ""black"", ""black"", ""black"", ""black"", ""blue"", ""black"", ""black"", ""black"", ""black"", ""black"", ""black"", ""black""], [""black"", ""black"", ""black"", ""black"", ""black"", ""black"", ""black"", ""black"", ""black"", ""black"", ""black"", ""black"", ""black"", ""black"", ""black"", ""black""], [""black"", ""black"", ""black"", ""black"", ""black"", ""black"", ""black"", ""black"", ""black"", ""black"", ""black"", ""black"", ""black"", ""black"", ""black"", ""black""], [""black"", ""black"", ""black"", ""black"", ""black"", ""black"", ""black"", ""black"", ""black"", ""black"", ""black"", ""black"", ""black"", ""black"", ""black"", ""black""], [""black"", ""black"", ""black"", ""black"", ""black"", ""black"", ""black"", ""red"", ""black"", ""black"", ""black"", ""black"", ""black"", ""black"", ""black"", ""black""], [""black"", ""black"", ""black"", ""black"", ""black"", ""black"", ""black"", ""red"", ""black"", ""black"", ""black"", ""black"", ""black"", ""black"", ""black"", ""black""], [""black"", ""black"", ""black"", ""black"", ""black"", ""black"", ""black"", ""black"", ""black"", ""black"", ""black"", ""black"", ""black"", ""black"", ""black"", ""black""], [""black"", ""black"", ""black"", ""black"", ""black"", ""black"", ""black"", ""black"", ""black"", ""black"", ""black"", ""black"", ""black"", ""black"", ""black"", ""black""], [""black"", ""black"", ""black"", ""black"", ""black"", ""black"", ""black"", ""black"", ""black"", ""black"", ""black"", ""black"", ""black"", ""black"", ""black"", ""black""], [""black"", ""black"", ""black"", ""black"", ""black"", ""black"", ""black"", ""black"", ""black"", ""black"", ""black"", ""black"", ""black"", ""black"", ""black"", ""black""], [""black"", ""black"", ""black"", ""black"", ""black"", ""black"", ""black"", ""black"", ""black"", ""black"", ""black"", ""black"", ""black"", ""black"", ""black"", ""black""], [""black"", ""black"", ""black"", ""black"", ""black"", ""black"", ""black"", ""black"", ""black"", ""black"", ""black"", ""black"", ""black"", ""black"", ""black"", ""black""], [""black"", ""black"", ""black"", ""black"", ""black"", ""black"", ""black"", ""black"", ""black"", ""black"", ""black"", ""black"", ""black"", ""black"", ""black"", ""black""]]",,0.0,False
11,right,manual,"Task: interactive
Step: 11
Phase: Interactive
Available actions now:
- left
- right
- up
- down
- click ROW COL  (ROW first, then COL, both in 0..15; matches the (row, col) order the perception reports)
- noop
- quit
- reset

========== Start of Direct Observation ==========
[[""black"", ""black"", ""black"", ""black"", ""black"", ""black"", ""black"", ""black"", ""black"", ""black"", ""black"", ""black"", ""black"", ""black"", ""black"", ""black""], [""black"", ""black"", ""black"", ""black"", ""black"", ""black"", ""black"", ""black"", ""black"", ""black"", ""black"", ""black"", ""black"", ""black"", ""black"", ""black""], [""black"", ""black"", ""black"", ""black"", ""black"", ""black"", ""black"", ""black"", ""black"", ""blue"", ""black"", ""black"", ""black"", ""black"", ""black"", ""black""], [""black"", ""black"", ""black"", ""black"", ""black"", ""black"", ""black"", ""black"", ""black"", ""blue"", ""black"", ""black"", ""black"", ""black"", ""black"", ""black""], [""black"", ""black"", ""black"", ""black"", ""black"", ""black"", ""black"", ""black"", ""black"", ""black"", ""black"", ""black"", ""black"", ""black"", ""black"", ""black""], [""black"", ""black"", ""black"", ""black"", ""black"", ""black"", ""black"", ""black"", ""black"", ""black"", ""black"", ""black"", ""black"", ""black"", ""black"", ""black""], [""black"", ""black"", ""black"", ""black"", ""black"", ""black"", ""black"", ""black"", ""black"", ""black"", ""black"", ""black"", ""black"", ""black"", ""black"", ""black""], [""black"", ""black"", ""black"", ""black"", ""black"", ""black"", ""black"", ""red"", ""black"", ""black"", ""black"", ""black"", ""black"", ""black"", ""black"", ""black""], [""black"", ""black"", ""black"", ""black"", ""black"", ""black"", ""black"", ""red"", ""black"", ""black"", ""black"", ""black"", ""black"", ""black"", ""black"", ""black""], [""black"", ""black"", ""black"", ""black"", ""black"", ""black"", ""black"", ""black"", ""black"", ""black"", ""black"", ""black"", ""black"", ""black"", ""black"", ""black""], [""black"", ""black"", ""black"", ""black"", ""black"", ""black"", ""black"", ""black"", ""black"", ""black"", ""black"", ""black"", ""black"", ""black"", ""black"", ""black""], [""black"", ""black"", ""black"", ""black"", ""black"", ""black"", ""black"", ""black"", ""black"", ""black"", ""black"", ""black"", ""black"", ""black"", ""black"", ""black""], [""black"", ""black"", ""black"", ""black"", ""black"", ""black"", ""black"", ""black"", ""black"", ""black"", ""black"", ""black"", ""black"", ""black"", ""black"", ""black""], [""black"", ""black"", ""black"", ""black"", ""black"", ""black"", ""black"", ""black"", ""black"", ""black"", ""black"", ""black"", ""black"", ""black"", ""black"", ""black""], [""black"", ""black"", ""black"", ""black"", ""black"", ""black"", ""black"", ""black"", ""black"", ""black"", ""black"", ""black"", ""black"", ""black"", ""black"", ""black""], [""black"", ""black"", ""black"", ""black"", ""black"", ""black"", ""black"", ""black"", ""black"", ""black"", ""black"", ""black"", ""black"", ""black"", ""black"", ""black""]]",,0.0,False
12,right,manual,"Task: interactive
Step: 12
Phase: Interactive
Available actions now:
- left
- right
- up
- down
- click ROW COL  (ROW first, then COL, both in 0..15; matches the (row, col) order the perception reports)
- noop
- quit
- reset

========== Start of Direct Observation ==========
[[""black"", ""black"", ""black"", ""black"", ""black"", ""black"", ""black"", ""black"", ""black"", ""black"", ""black"", ""black"", ""black"", ""black"", ""black"", ""black""], [""black"", ""black"", ""black"", ""black"", ""black"", ""black"", ""black"", ""black"", ""black"", ""black"", ""black"", ""black"", ""black"", ""black"", ""black"", ""black""], [""black"", ""black"", ""black"", ""black"", ""black"", ""black"", ""black"", ""black"", ""black"", ""black"", ""blue"", ""black"", ""black"", ""black"", ""black"", ""black""], [""black"", ""black"", ""black"", ""black"", ""black"", ""black"", ""black"", ""black"", ""black"", ""black"", ""blue"", ""black"", ""black"", ""black"", ""black"", ""black""], [""black"", ""black"", ""black"", ""black"", ""black"", ""black"", ""black"", ""black"", ""black"", ""black"", ""black"", ""black"", ""black"", ""black"", ""black"", ""black""], [""black"", ""black"", ""black"", ""black"", ""black"", ""black"", ""black"", ""black"", ""black"", ""black"", ""black"", ""black"", ""black"", ""black"", ""black"", ""black""], [""black"", ""black"", ""black"", ""black"", ""black"", ""black"", ""black"", ""black"", ""black"", ""black"", ""black"", ""black"", ""black"", ""black"", ""black"", ""black""], [""black"", ""black"", ""black"", ""black"", ""black"", ""black"", ""black"", ""red"", ""black"", ""black"", ""black"", ""black"", ""black"", ""black"", ""black"", ""black""], [""black"", ""black"", ""black"", ""black"", ""black"", ""black"", ""black"", ""red"", ""black"", ""black"", ""black"", ""black"", ""black"", ""black"", ""black"", ""black""], [""black"", ""black"", ""black"", ""black"", ""black"", ""black"", ""black"", ""black"", ""black"", ""black"", ""black"", ""black"", ""black"", ""black"", ""black"", ""black""], [""black"", ""black"", ""black"", ""black"", ""black"", ""black"", ""black"", ""black"", ""black"", ""black"", ""black"", ""black"", ""black"", ""black"", ""black"", ""black""], [""black"", ""black"", ""black"", ""black"", ""black"", ""black"", ""black"", ""black"", ""black"", ""black"", ""black"", ""black"", ""black"", ""black"", ""black"", ""black""], [""black"", ""black"", ""black"", ""black"", ""black"", ""black"", ""black"", ""black"", ""black"", ""black"", ""black"", ""black"", ""black"", ""black"", ""black"", ""black""], [""black"", ""black"", ""black"", ""black"", ""black"", ""black"", ""black"", ""black"", ""black"", ""black"", ""black"", ""black"", ""black"", ""black"", ""black"", ""black""], [""black"", ""black"", ""black"", ""black"", ""black"", ""black"", ""black"", ""black"", ""black"", ""black"", ""black"", ""black"", ""black"", ""black"", ""black"", ""black""], [""black"", ""black"", ""black"", ""black"", ""black"", ""black"", ""black"", ""black"", ""black"", ""black"", ""black"", ""black"", ""black"", ""black"", ""black"", ""black""]]",,0.0,False
13,right,manual,"Task: interactive
Step: 13
Phase: Interactive
Available actions now:
- left
- right
- up
- down
- click ROW COL  (ROW first, then COL, both in 0..15; matches the (row, col) order the perception reports)
- noop
- quit
- reset

========== Start of Direct Observation ==========
[[""black"", ""black"", ""black"", ""black"", ""black"", ""black"", ""black"", ""black"", ""black"", ""black"", ""black"", ""black"", ""black"", ""black"", ""black"", ""black""], [""black"", ""black"", ""black"", ""black"", ""black"", ""black"", ""black"", ""black"", ""black"", ""black"", ""black"", ""black"", ""black"", ""black"", ""black"", ""black""], [""black"", ""black"", ""black"", ""black"", ""black"", ""black"", ""black"", ""black"", ""black"", ""black"", ""black"", ""blue"", ""black"", ""black"", ""black"", ""black""], [""black"", ""black"", ""black"", ""black"", ""black"", ""black"", ""black"", ""black"", ""black"", ""black"", ""black"", ""blue"", ""black"", ""black"", ""black"", ""black""], [""black"", ""black"", ""black"", ""black"", ""black"", ""black"", ""black"", ""black"", ""black"", ""black"", ""black"", ""black"", ""black"", ""black"", ""black"", ""black""], [""black"", ""black"", ""black"", ""black"", ""black"", ""black"", ""black"", ""black"", ""black"", ""black"", ""black"", ""black"", ""black"", ""black"", ""black"", ""black""], [""black"", ""black"", ""black"", ""black"", ""black"", ""black"", ""black"", ""black"", ""black"", ""black"", ""black"", ""black"", ""black"", ""black"", ""black"", ""black""], [""black"", ""black"", ""black"", ""black"", ""black"", ""black"", ""black"", ""red"", ""black"", ""black"", ""black"", ""black"", ""black"", ""black"", ""black"", ""black""], [""black"", ""black"", ""black"", ""black"", ""black"", ""black"", ""black"", ""red"", ""black"", ""black"", ""black"", ""black"", ""black"", ""black"", ""black"", ""black""], [""black"", ""black"", ""black"", ""black"", ""black"", ""black"", ""black"", ""black"", ""black"", ""black"", ""black"", ""black"", ""black"", ""black"", ""black"", ""black""], [""black"", ""black"", ""black"", ""black"", ""black"", ""black"", ""black"", ""black"", ""black"", ""black"", ""black"", ""black"", ""black"", ""black"", ""black"", ""black""], [""black"", ""black"", ""black"", ""black"", ""black"", ""black"", ""black"", ""black"", ""black"", ""black"", ""black"", ""black"", ""black"", ""black"", ""black"", ""black""], [""black"", ""black"", ""black"", ""black"", ""black"", ""black"", ""black"", ""black"", ""black"", ""black"", ""black"", ""black"", ""black"", ""black"", ""black"", ""black""], [""black"", ""black"", ""black"", ""black"", ""black"", ""black"", ""black"", ""black"", ""black"", ""black"", ""black"", ""black"", ""black"", ""black"", ""black"", ""black""], [""black"", ""black"", ""black"", ""black"", ""black"", ""black"", ""black"", ""black"", ""black"", ""black"", ""black"", ""black"", ""black"", ""black"", ""black"", ""black""], [""black"", ""black"", ""black"", ""black"", ""black"", ""black"", ""black"", ""black"", ""black"", ""black"", ""black"", ""black"", ""black"", ""black"", ""black"", ""black""]]",,0.0,False
14,right,manual,"Task: interactive
Step: 14
Phase: Interactive
Available actions now:
- left
- right
- up
- down
- click ROW COL  (ROW first, then COL, both in 0..15; matches the (row, col) order the perception reports)
- noop
- quit
- reset

========== Start of Direct Observation ==========
[[""black"", ""black"", ""black"", ""black"", ""black"", ""black"", ""black"", ""black"", ""black"", ""black"", ""black"", ""black"", ""black"", ""black"", ""black"", ""black""], [""black"", ""black"", ""black"", ""black"", ""black"", ""black"", ""black"", ""black"", ""black"", ""black"", ""black"", ""black"", ""black"", ""black"", ""black"", ""black""], [""black"", ""black"", ""black"", ""black"", ""black"", ""black"", ""black"", ""black"", ""black"", ""black"", ""black"", ""black"", ""blue"", ""black"", ""black"", ""black""], [""black"", ""black"", ""black"", ""black"", ""black"", ""black"", ""black"", ""black"", ""black"", ""black"", ""black"", ""black"", ""blue"", ""black"", ""black"", ""black""], [""black"", ""black"", ""black"", ""black"", ""black"", ""black"", ""black"", ""black"", ""black"", ""black"", ""black"", ""black"", ""black"", ""black"", ""black"", ""black""], [""black"", ""black"", ""black"", ""black"", ""black"", ""black"", ""black"", ""black"", ""black"", ""black"", ""black"", ""black"", ""black"", ""black"", ""black"", ""black""], [""black"", ""black"", ""black"", ""black"", ""black"", ""black"", ""black"", ""black"", ""black"", ""black"", ""black"", ""black"", ""black"", ""black"", ""black"", ""black""], [""black"", ""black"", ""black"", ""black"", ""black"", ""black"", ""black"", ""red"", ""black"", ""black"", ""black"", ""black"", ""black"", ""black"", ""black"", ""black""], [""black"", ""black"", ""black"", ""black"", ""black"", ""black"", ""black"", ""red"", ""black"", ""black"", ""black"", ""black"", ""black"", ""black"", ""black"", ""black""], [""black"", ""black"", ""black"", ""black"", ""black"", ""black"", ""black"", ""black"", ""black"", ""black"", ""black"", ""black"", ""black"", ""black"", ""black"", ""black""], [""black"", ""black"", ""black"", ""black"", ""black"", ""black"", ""black"", ""black"", ""black"", ""black"", ""black"", ""black"", ""black"", ""black"", ""black"", ""black""], [""black"", ""black"", ""black"", ""black"", ""black"", ""black"", ""black"", ""black"", ""black"", ""black"", ""black"", ""black"", ""black"", ""black"", ""black"", ""black""], [""black"", ""black"", ""black"", ""black"", ""black"", ""black"", ""black"", ""black"", ""black"", ""black"", ""black"", ""black"", ""black"", ""black"", ""black"", ""black""], [""black"", ""black"", ""black"", ""black"", ""black"", ""black"", ""black"", ""black"", ""black"", ""black"", ""black"", ""black"", ""black"", ""black"", ""black"", ""black""], [""black"", ""black"", ""black"", ""black"", ""black"", ""black"", ""black"", ""black"", ""black"", ""black"", ""black"", ""black"", ""black"", ""black"", ""black"", ""black""], [""black"", ""black"", ""black"", ""black"", ""black"", ""black"", ""black"", ""black"", ""black"", ""black"", ""black"", ""black"", ""black"", ""black"", ""black"", ""black""]]",,0.0,False
15,right,manual,"Task: interactive
Step: 15
Phase: Interactive
Available actions now:
- left
- right
- up
- down
- click ROW COL  (ROW first, then COL, both in 0..15; matches the (row, col) order the perception reports)
- noop
- quit
- reset

========== Start of Direct Observation ==========
[[""black"", ""black"", ""black"", ""black"", ""black"", ""black"", ""black"", ""black"", ""black"", ""black"", ""black"", ""black"", ""black"", ""black"", ""black"", ""black""], [""black"", ""black"", ""black"", ""black"", ""black"", ""black"", ""black"", ""black"", ""black"", ""black"", ""black"", ""black"", ""black"", ""black"", ""black"", ""black""], [""black"", ""black"", ""black"", ""black"", ""black"", ""black"", ""black"", ""black"", ""black"", ""black"", ""black"", ""black"", ""black"", ""blue"", ""black"", ""black""], [""black"", ""black"", ""black"", ""black"", ""black"", ""black"", ""black"", ""black"", ""black"", ""black"", ""black"", ""black"", ""black"", ""blue"", ""black"", ""black""], [""black"", ""black"", ""black"", ""black"", ""black"", ""black"", ""black"", ""black"", ""black"", ""black"", ""black"", ""black"", ""black"", ""black"", ""black"", ""black""], [""black"", ""black"", ""black"", ""black"", ""black"", ""black"", ""black"", ""black"", ""black"", ""black"", ""black"", ""black"", ""black"", ""black"", ""black"", ""black""], [""black"", ""black"", ""black"", ""black"", ""black"", ""black"", ""black"", ""black"", ""black"", ""black"", ""black"", ""black"", ""black"", ""black"", ""black"", ""black""], [""black"", ""black"", ""black"", ""black"", ""black"", ""black"", ""black"", ""red"", ""black"", ""black"", ""black"", ""black"", ""black"", ""black"", ""black"", ""black""], [""black"", ""black"", ""black"", ""black"", ""black"", ""black"", ""black"", ""red"", ""black"", ""black"", ""black"", ""black"", ""black"", ""black"", ""black"", ""black""], [""black"", ""black"", ""black"", ""black"", ""black"", ""black"", ""black"", ""black"", ""black"", ""black"", ""black"", ""black"", ""black"", ""black"", ""black"", ""black""], [""black"", ""black"", ""black"", ""black"", ""black"", ""black"", ""black"", ""black"", ""black"", ""black"", ""black"", ""black"", ""black"", ""black"", ""black"", ""black""], [""black"", ""black"", ""black"", ""black"", ""black"", ""black"", ""black"", ""black"", ""black"", ""black"", ""black"", ""black"", ""black"", ""black"", ""black"", ""black""], [""black"", ""black"", ""black"", ""black"", ""black"", ""black"", ""black"", ""black"", ""black"", ""black"", ""black"", ""black"", ""black"", ""black"", ""black"", ""black""], [""black"", ""black"", ""black"", ""black"", ""black"", ""black"", ""black"", ""black"", ""black"", ""black"", ""black"", ""black"", ""black"", ""black"", ""black"", ""black""], [""black"", ""black"", ""black"", ""black"", ""black"", ""black"", ""black"", ""black"", ""black"", ""black"", ""black"", ""black"", ""black"", ""black"", ""black"", ""black""], [""black"", ""black"", ""black"", ""black"", ""black"", ""black"", ""black"", ""black"", ""black"", ""black"", ""black"", ""black"", ""black"", ""black"", ""black"", ""black""]]",,0.0,False
16,noop,manual,"Task: interactive
Step: 16
Phase: Interactive
Available actions now:
- left
- right
- up
- down
- click ROW COL  (ROW first, then COL, both in 0..15; matches the (row, col) order the perception reports)
- noop
- quit
- reset

========== Start of Direct Observation ==========
[[""black"", ""black"", ""black"", ""black"", ""black"", ""black"", ""black"", ""black"", ""black"", ""black"", ""black"", ""black"", ""black"", ""black"", ""black"", ""black""], [""black"", ""black"", ""black"", ""black"", ""black"", ""black"", ""black"", ""black"", ""black"", ""black"", ""black"", ""black"", ""black"", ""black"", ""black"", ""black""], [""black"", ""black"", ""black"", ""black"", ""black"", ""black"", ""black"", ""black"", ""black"", ""black"", ""black"", ""black"", ""black"", ""black"", ""blue"", ""black""], [""black"", ""black"", ""black"", ""black"", ""black"", ""black"", ""black"", ""black"", ""black"", ""black"", ""black"", ""black"", ""black"", ""black"", ""blue"", ""black""], [""black"", ""black"", ""black"", ""black"", ""black"", ""black"", ""black"", ""black"", ""black"", ""black"", ""black"", ""black"", ""black"", ""black"", ""black"", ""black""], [""black"", ""black"", ""black"", ""black"", ""black"", ""black"", ""black"", ""black"", ""black"", ""black"", ""black"", ""black"", ""black"", ""black"", ""black"", ""black""], [""black"", ""black"", ""black"", ""black"", ""black"", ""black"", ""black"", ""black"", ""black"", ""black"", ""black"", ""black"", ""black"", ""black"", ""black"", ""black""], [""black"", ""black"", ""black"", ""black"", ""black"", ""black"", ""black"", ""red"", ""black"", ""black"", ""black"", ""black"", ""black"", ""black"", ""black"", ""black""], [""black"", ""black"", ""black"", ""black"", ""black"", ""black"", ""black"", ""red"", ""black"", ""black"", ""black"", ""black"", ""black"", ""black"", ""black"", ""black""], [""black"", ""black"", ""black"", ""black"", ""black"", ""black"", ""black"", ""black"", ""black"", ""black"", ""black"", ""black"", ""black"", ""black"", ""black"", ""black""], [""black"", ""black"", ""black"", ""black"", ""black"", ""black"", ""black"", ""black"", ""black"", ""black"", ""black"", ""black"", ""black"", ""black"", ""black"", ""black""], [""black"", ""black"", ""black"", ""black"", ""black"", ""black"", ""black"", ""black"", ""black"", ""black"", ""black"", ""black"", ""black"", ""black"", ""black"", ""black""], [""black"", ""black"", ""black"", ""black"", ""black"", ""black"", ""black"", ""black"", ""black"", ""black"", ""black"", ""black"", ""black"", ""black"", ""black"", ""black""], [""black"", ""black"", ""black"", ""black"", ""black"", ""black"", ""black"", ""black"", ""black"", ""black"", ""black"", ""black"", ""black"", ""black"", ""black"", ""black""], [""black"", ""black"", ""black"", ""black"", ""black"", ""black"", ""black"", ""black"", ""black"", ""black"", ""black"", ""black"", ""black"", ""black"", ""black"", ""black""], [""black"", ""black"", ""black"", ""black"", ""black"", ""black"", ""black"", ""black"", ""black"", ""black"", ""black"", ""black"", ""black"", ""black"", ""black"", ""black""]]",,0.0,False
17,down,manual,"Task: interactive
Step: 17
Phase: Interactive
Available actions now:
- left
- right
- up
- down
- click ROW COL  (ROW first, then COL, both in 0..15; matches the (row, col) order the perception reports)
- noop
- quit
- reset

========== Start of Direct Observation ==========
[[""black"", ""black"", ""black"", ""black"", ""black"", ""black"", ""black"", ""black"", ""black"", ""black"", ""black"", ""black"", ""black"", ""black"", ""black"", ""black""], [""black"", ""black"", ""black"", ""black"", ""black"", ""black"", ""black"", ""black"", ""black"", ""black"", ""black"", ""black"", ""black"", ""black"", ""black"", ""black""], [""black"", ""black"", ""black"", ""black"", ""black"", ""black"", ""black"", ""black"", ""black"", ""black"", ""black"", ""black"", ""black"", ""black"", ""blue"", ""black""], [""black"", ""black"", ""black"", ""black"", ""black"", ""black"", ""black"", ""black"", ""black"", ""black"", ""black"", ""black"", ""black"", ""black"", ""blue"", ""black""], [""black"", ""black"", ""black"", ""black"", ""black"", ""black"", ""black"", ""black"", ""black"", ""black"", ""black"", ""black"", ""black"", ""black"", ""black"", ""black""], [""black"", ""black"", ""black"", ""black"", ""black"", ""black"", ""black"", ""black"", ""black"", ""black"", ""black"", ""black"", ""black"", ""black"", ""black"", ""black""], [""black"", ""black"", ""black"", ""black"", ""black"", ""black"", ""black"", ""black"", ""black"", ""black"", ""black"", ""black"", ""black"", ""black"", ""black"", ""black""], [""black"", ""black"", ""black"", ""black"", ""black"", ""black"", ""black"", ""red"", ""black"", ""black"", ""black"", ""black"", ""black"", ""black"", ""black"", ""black""], [""black"", ""black"", ""black"", ""black"", ""black"", ""black"", ""black"", ""red"", ""black"", ""black"", ""black"", ""black"", ""black"", ""black"", ""black"", ""black""], [""black"", ""black"", ""black"", ""black"", ""black"", ""black"", ""black"", ""black"", ""black"", ""black"", ""black"", ""black"", ""black"", ""black"", ""black"", ""black""], [""black"", ""black"", ""black"", ""black"", ""black"", ""black"", ""black"", ""black"", ""black"", ""black"", ""black"", ""black"", ""black"", ""black"", ""black"", ""black""], [""black"", ""black"", ""black"", ""black"", ""black"", ""black"", ""black"", ""black"", ""black"", ""black"", ""black"", ""black"", ""black"", ""black"", ""black"", ""black""], [""black"", ""black"", ""black"", ""black"", ""black"", ""black"", ""black"", ""black"", ""black"", ""black"", ""black"", ""black"", ""black"", ""black"", ""black"", ""black""], [""black"", ""black"", ""black"", ""black"", ""black"", ""black"", ""black"", ""black"", ""black"", ""black"", ""black"", ""black"", ""black"", ""black"", ""black"", ""black""], [""black"", ""black"", ""black"", ""black"", ""black"", ""black"", ""black"", ""black"", ""black"", ""black"", ""black"", ""black"", ""black"", ""black"", ""black"", ""black""], [""black"", ""black"", ""black"", ""black"", ""black"", ""black"", ""black"", ""black"", ""black"", ""black"", ""black"", ""black"", ""black"", ""black"", ""black"", ""black""]]",,0.0,False
18,down,manual,"Task: interactive
Step: 18
Phase: Interactive
Available actions now:
- left
- right
- up
- down
- click ROW COL  (ROW first, then COL, both in 0..15; matches the (row, col) order the perception reports)
- noop
- quit
- reset

========== Start of Direct Observation ==========
[[""black"", ""black"", ""black"", ""black"", ""black"", ""black"", ""black"", ""black"", ""black"", ""black"", ""black"", ""black"", ""black"", ""black"", ""black"", ""black""], [""black"", ""black"", ""black"", ""black"", ""black"", ""black"", ""black"", ""black"", ""black"", ""black"", ""black"", ""black"", ""black"", ""black"", ""black"", ""black""], [""black"", ""black"", ""black"", ""black"", ""black"", ""black"", ""black"", ""black"", ""black"", ""black"", ""black"", ""black"", ""black"", ""black"", ""black"", ""black""], [""black"", ""black"", ""black"", ""black"", ""black"", ""black"", ""black"", ""black"", ""black"", ""black"", ""black"", ""black"", ""black"", ""black"", ""blue"", ""black""], [""black"", ""black"", ""black"", ""black"", ""black"", ""black"", ""black"", ""black"", ""black"", ""black"", ""black"", ""black"", ""black"", ""black"", ""blue"", ""black""], [""black"", ""black"", ""black"", ""black"", ""black"", ""black"", ""black"", ""black"", ""black"", ""black"", ""black"", ""black"", ""black"", ""black"", ""black"", ""black""], [""black"", ""black"", ""black"", ""black"", ""black"", ""black"", ""black"", ""black"", ""black"", ""black"", ""black"", ""black"", ""black"", ""black"", ""black"", ""black""], [""black"", ""black"", ""black"", ""black"", ""black"", ""black"", ""black"", ""red"", ""black"", ""black"", ""black"", ""black"", ""black"", ""black"", ""black"", ""black""], [""black"", ""black"", ""black"", ""black"", ""black"", ""black"", ""black"", ""red"", ""black"", ""black"", ""black"", ""black"", ""black"", ""black"", ""black"", ""black""], [""black"", ""black"", ""black"", ""black"", ""black"", ""black"", ""black"", ""black"", ""black"", ""black"", ""black"", ""black"", ""black"", ""black"", ""black"", ""black""], [""black"", ""black"", ""black"", ""black"", ""black"", ""black"", ""black"", ""black"", ""black"", ""black"", ""black"", ""black"", ""black"", ""black"", ""black"", ""black""], [""black"", ""black"", ""black"", ""black"", ""black"", ""black"", ""black"", ""black"", ""black"", ""black"", ""black"", ""black"", ""black"", ""black"", ""black"", ""black""], [""black"", ""black"", ""black"", ""black"", ""black"", ""black"", ""black"", ""black"", ""black"", ""black"", ""black"", ""black"", ""black"", ""black"", ""black"", ""black""], [""black"", ""black"", ""black"", ""black"", ""black"", ""black"", ""black"", ""black"", ""black"", ""black"", ""black"", ""black"", ""black"", ""black"", ""black"", ""black""], [""black"", ""black"", ""black"", ""black"", ""black"", ""black"", ""black"", ""black"", ""black"", ""black"", ""black"", ""black"", ""black"", ""black"", ""black"", ""black""], [""black"", ""black"", ""black"", ""black"", ""black"", ""black"", ""black"", ""black"", ""black"", ""black"", ""black"", ""black"", ""black"", ""black"", ""black"", ""black""]]",,0.0,False
19,down,manual,"Task: interactive
Step: 19
Phase: Interactive
Available actions now:
- left
- right
- up
- down
- click ROW COL  (ROW first, then COL, both in 0..15; matches the (row, col) order the perception reports)
- noop
- quit
- reset

========== Start of Direct Observation ==========
[[""black"", ""black"", ""black"", ""black"", ""black"", ""black"", ""black"", ""black"", ""black"", ""black"", ""black"", ""black"", ""black"", ""black"", ""black"", ""black""], [""black"", ""black"", ""black"", ""black"", ""black"", ""black"", ""black"", ""black"", ""black"", ""black"", ""black"", ""black"", ""black"", ""black"", ""black"", ""black""], [""black"", ""black"", ""black"", ""black"", ""black"", ""black"", ""black"", ""black"", ""black"", ""black"", ""black"", ""black"", ""black"", ""black"", ""black"", ""black""], [""black"", ""black"", ""black"", ""black"", ""black"", ""black"", ""black"", ""black"", ""black"", ""black"", ""black"", ""black"", ""black"", ""black"", ""black"", ""black""], [""black"", ""black"", ""black"", ""black"", ""black"", ""black"", ""black"", ""black"", ""black"", ""black"", ""black"", ""black"", ""black"", ""black"", ""blue"", ""black""], [""black"", ""black"", ""black"", ""black"", ""black"", ""black"", ""black"", ""black"", ""black"", ""black"", ""black"", ""black"", ""black"", ""black"", ""blue"", ""black""], [""black"", ""black"", ""black"", ""black"", ""black"", ""black"", ""black"", ""black"", ""black"", ""black"", ""black"", ""black"", ""black"", ""black"", ""black"", ""black""], [""black"", ""black"", ""black"", ""black"", ""black"", ""black"", ""black"", ""red"", ""black"", ""black"", ""black"", ""black"", ""black"", ""black"", ""black"", ""black""], [""black"", ""black"", ""black"", ""black"", ""black"", ""black"", ""black"", ""red"", ""black"", ""black"", ""black"", ""black"", ""black"", ""black"", ""black"", ""black""], [""black"", ""black"", ""black"", ""black"", ""black"", ""black"", ""black"", ""black"", ""black"", ""black"", ""black"", ""black"", ""black"", ""black"", ""black"", ""black""], [""black"", ""black"", ""black"", ""black"", ""black"", ""black"", ""black"", ""black"", ""black"", ""black"", ""black"", ""black"", ""black"", ""black"", ""black"", ""black""], [""black"", ""black"", ""black"", ""black"", ""black"", ""black"", ""black"", ""black"", ""black"", ""black"", ""black"", ""black"", ""black"", ""black"", ""black"", ""black""], [""black"", ""black"", ""black"", ""black"", ""black"", ""black"", ""black"", ""black"", ""black"", ""black"", ""black"", ""black"", ""black"", ""black"", ""black"", ""black""], [""black"", ""black"", ""black"", ""black"", ""black"", ""black"", ""black"", ""black"", ""black"", ""black"", ""black"", ""black"", ""black"", ""black"", ""black"", ""black""], [""black"", ""black"", ""black"", ""black"", ""black"", ""black"", ""black"", ""black"", ""black"", ""black"", ""black"", ""black"", ""black"", ""black"", ""black"", ""black""], [""black"", ""black"", ""black"", ""black"", ""black"", ""black"", ""black"", ""black"", ""black"", ""black"", ""black"", ""black"", ""black"", ""black"", ""black"", ""black""]]",,0.0,False
20,left,manual,"Task: interactive
Step: 20
Phase: Interactive
Available actions now:
- left
- right
- up
- down
- click ROW COL  (ROW first, then COL, both in 0..15; matches the (row, col) order the perception reports)
- noop
- quit
- reset

========== Start of Direct Observation ==========
[[""black"", ""black"", ""black"", ""black"", ""black"", ""black"", ""black"", ""black"", ""black"", ""black"", ""black"", ""black"", ""black"", ""black"", ""black"", ""black""], [""black"", ""black"", ""black"", ""black"", ""black"", ""black"", ""black"", ""black"", ""black"", ""black"", ""black"", ""black"", ""black"", ""black"", ""black"", ""black""], [""black"", ""black"", ""black"", ""black"", ""black"", ""black"", ""black"", ""black"", ""black"", ""black"", ""black"", ""black"", ""black"", ""black"", ""black"", ""black""], [""black"", ""black"", ""black"", ""black"", ""black"", ""black"", ""black"", ""black"", ""black"", ""black"", ""black"", ""black"", ""black"", ""black"", ""black"", ""black""], [""black"", ""black"", ""black"", ""black"", ""black"", ""black"", ""black"", ""black"", ""black"", ""black"", ""black"", ""black"", ""black"", ""black"", ""black"", ""black""], [""black"", ""black"", ""black"", ""black"", ""black"", ""black"", ""black"", ""black"", ""black"", ""black"", ""black"", ""black"", ""black"", ""black"", ""blue"", ""black""], [""black"", ""black"", ""black"", ""black"", ""black"", ""black"", ""black"", ""black"", ""black"", ""black"", ""black"", ""black"", ""black"", ""black"", ""blue"", ""black""], [""black"", ""black"", ""black"", ""black"", ""black"", ""black"", ""black"", ""red"", ""black"", ""black"", ""black"", ""black"", ""black"", ""black"", ""black"", ""black""], [""black"", ""black"", ""black"", ""black"", ""black"", ""black"", ""black"", ""red"", ""black"", ""black"", ""black"", ""black"", ""black"", ""black"", ""black"", ""black""], [""black"", ""black"", ""black"", ""black"", ""black"", ""black"", ""black"", ""black"", ""black"", ""black"", ""black"", ""black"", ""black"", ""black"", ""black"", ""black""], [""black"", ""black"", ""black"", ""black"", ""black"", ""black"", ""black"", ""black"", ""black"", ""black"", ""black"", ""black"", ""black"", ""black"", ""black"", ""black""], [""black"", ""black"", ""black"", ""black"", ""black"", ""black"", ""black"", ""black"", ""black"", ""black"", ""black"", ""black"", ""black"", ""black"", ""black"", ""black""], [""black"", ""black"", ""black"", ""black"", ""black"", ""black"", ""black"", ""black"", ""black"", ""black"", ""black"", ""black"", ""black"", ""black"", ""black"", ""black""], [""black"", ""black"", ""black"", ""black"", ""black"", ""black"", ""black"", ""black"", ""black"", ""black"", ""black"", ""black"", ""black"", ""black"", ""black"", ""black""], [""black"", ""black"", ""black"", ""black"", ""black"", ""black"", ""black"", ""black"", ""black"", ""black"", ""black"", ""black"", ""black"", ""black"", ""black"", ""black""], [""black"", ""black"", ""black"", ""black"", ""black"", ""black"", ""black"", ""black"", ""black"", ""black"", ""black"", ""black"", ""black"", ""black"", ""black"", ""black""]]",,0.0,False
21,left,manual,"Task: interactive
Step: 21
Phase: Interactive
Available actions now:
- left
- right
- up
- down
- click ROW COL  (ROW first, then COL, both in 0..15; matches the (row, col) order the perception reports)
- noop
- quit
- reset

========== Start of Direct Observation ==========
[[""black"", ""black"", ""black"", ""black"", ""black"", ""black"", ""black"", ""black"", ""black"", ""black"", ""black"", ""black"", ""black"", ""black"", ""black"", ""black""], [""black"", ""black"", ""black"", ""black"", ""black"", ""black"", ""black"", ""black"", ""black"", ""black"", ""black"", ""black"", ""black"", ""black"", ""black"", ""black""], [""black"", ""black"", ""black"", ""black"", ""black"", ""black"", ""black"", ""black"", ""black"", ""black"", ""black"", ""black"", ""black"", ""black"", ""black"", ""black""], [""black"", ""black"", ""black"", ""black"", ""black"", ""black"", ""black"", ""black"", ""black"", ""black"", ""black"", ""black"", ""black"", ""black"", ""black"", ""black""], [""black"", ""black"", ""black"", ""black"", ""black"", ""black"", ""black"", ""black"", ""black"", ""black"", ""black"", ""black"", ""black"", ""black"", ""black"", ""black""], [""black"", ""black"", ""black"", ""black"", ""black"", ""black"", ""black"", ""black"", ""black"", ""black"", ""black"", ""black"", ""black"", ""blue"", ""black"", ""black""], [""black"", ""black"", ""black"", ""black"", ""black"", ""black"", ""black"", ""black"", ""black"", ""black"", ""black"", ""black"", ""black"", ""blue"", ""black"", ""black""], [""black"", ""black"", ""black"", ""black"", ""black"", ""black"", ""black"", ""red"", ""black"", ""black"", ""black"", ""black"", ""black"", ""black"", ""black"", ""black""], [""black"", ""black"", ""black"", ""black"", ""black"", ""black"", ""black"", ""red"", ""black"", ""black"", ""black"", ""black"", ""black"", ""black"", ""black"", ""black""], [""black"", ""black"", ""black"", ""black"", ""black"", ""black"", ""black"", ""black"", ""black"", ""black"", ""black"", ""black"", ""black"", ""black"", ""black"", ""black""], [""black"", ""black"", ""black"", ""black"", ""black"", ""black"", ""black"", ""black"", ""black"", ""black"", ""black"", ""black"", ""black"", ""black"", ""black"", ""black""], [""black"", ""black"", ""black"", ""black"", ""black"", ""black"", ""black"", ""black"", ""black"", ""black"", ""black"", ""black"", ""black"", ""black"", ""black"", ""black""], [""black"", ""black"", ""black"", ""black"", ""black"", ""black"", ""black"", ""black"", ""black"", ""black"", ""black"", ""black"", ""black"", ""black"", ""black"", ""black""], [""black"", ""black"", ""black"", ""black"", ""black"", ""black"", ""black"", ""black"", ""black"", ""black"", ""black"", ""black"", ""black"", ""black"", ""black"", ""black""], [""black"", ""black"", ""black"", ""black"", ""black"", ""black"", ""black"", ""black"", ""black"", ""black"", ""black"", ""black"", ""black"", ""black"", ""black"", ""black""], [""black"", ""black"", ""black"", ""black"", ""black"", ""black"", ""black"", ""black"", ""black"", ""black"", ""black"", ""black"", ""black"", ""black"", ""black"", ""black""]]",,0.0,False
22,left,manual,"Task: interactive
Step: 22
Phase: Interactive
Available actions now:
- left
- right
- up
- down
- click ROW COL  (ROW first, then COL, both in 0..15; matches the (row, col) order the perception reports)
- noop
- quit
- reset

========== Start of Direct Observation ==========
[[""black"", ""black"", ""black"", ""black"", ""black"", ""black"", ""black"", ""black"", ""black"", ""black"", ""black"", ""black"", ""black"", ""black"", ""black"", ""black""], [""black"", ""black"", ""black"", ""black"", ""black"", ""black"", ""black"", ""black"", ""black"", ""black"", ""black"", ""black"", ""black"", ""black"", ""black"", ""black""], [""black"", ""black"", ""black"", ""black"", ""black"", ""black"", ""black"", ""black"", ""black"", ""black"", ""black"", ""black"", ""black"", ""black"", ""black"", ""black""], [""black"", ""black"", ""black"", ""black"", ""black"", ""black"", ""black"", ""black"", ""black"", ""black"", ""black"", ""black"", ""black"", ""black"", ""black"", ""black""], [""black"", ""black"", ""black"", ""black"", ""black"", ""black"", ""black"", ""black"", ""black"", ""black"", ""black"", ""black"", ""black"", ""black"", ""black"", ""black""], [""black"", ""black"", ""black"", ""black"", ""black"", ""black"", ""black"", ""black"", ""black"", ""black"", ""black"", ""black"", ""blue"", ""black"", ""black"", ""black""], [""black"", ""black"", ""black"", ""black"", ""black"", ""black"", ""black"", ""black"", ""black"", ""black"", ""black"", ""black"", ""blue"", ""black"", ""black"", ""black""], [""black"", ""black"", ""black"", ""black"", ""black"", ""black"", ""black"", ""red"", ""black"", ""black"", ""black"", ""black"", ""black"", ""black"", ""black"", ""black""], [""black"", ""black"", ""black"", ""black"", ""black"", ""black"", ""black"", ""red"", ""black"", ""black"", ""black"", ""black"", ""black"", ""black"", ""black"", ""black""], [""black"", ""black"", ""black"", ""black"", ""black"", ""black"", ""black"", ""black"", ""black"", ""black"", ""black"", ""black"", ""black"", ""black"", ""black"", ""black""], [""black"", ""black"", ""black"", ""black"", ""black"", ""black"", ""black"", ""black"", ""black"", ""black"", ""black"", ""black"", ""black"", ""black"", ""black"", ""black""], [""black"", ""black"", ""black"", ""black"", ""black"", ""black"", ""black"", ""black"", ""black"", ""black"", ""black"", ""black"", ""black"", ""black"", ""black"", ""black""], [""black"", ""black"", ""black"", ""black"", ""black"", ""black"", ""black"", ""black"", ""black"", ""black"", ""black"", ""black"", ""black"", ""black"", ""black"", ""black""], [""black"", ""black"", ""black"", ""black"", ""black"", ""black"", ""black"", ""black"", ""black"", ""black"", ""black"", ""black"", ""black"", ""black"", ""black"", ""black""], [""black"", ""black"", ""black"", ""black"", ""black"", ""black"", ""black"", ""black"", ""black"", ""black"", ""black"", ""black"", ""black"", ""black"", ""black"", ""black""], [""black"", ""black"", ""black"", ""black"", ""black"", ""black"", ""black"", ""black"", ""black"", ""black"", ""black"", ""black"", ""black"", ""black"", ""black"", ""black""]]",,0.0,False
23,left,manual,"Task: interactive
Step: 23
Phase: Interactive
Available actions now:
- left
- right
- up
- down
- click ROW COL  (ROW first, then COL, both in 0..15; matches the (row, col) order the perception reports)
- noop
- quit
- reset

========== Start of Direct Observation ==========
[[""black"", ""black"", ""black"", ""black"", ""black"", ""black"", ""black"", ""black"", ""black"", ""black"", ""black"", ""black"", ""black"", ""black"", ""black"", ""black""], [""black"", ""black"", ""black"", ""black"", ""black"", ""black"", ""black"", ""black"", ""black"", ""black"", ""black"", ""black"", ""black"", ""black"", ""black"", ""black""], [""black"", ""black"", ""black"", ""black"", ""black"", ""black"", ""black"", ""black"", ""black"", ""black"", ""black"", ""black"", ""black"", ""black"", ""black"", ""black""], [""black"", ""black"", ""black"", ""black"", ""black"", ""black"", ""black"", ""black"", ""black"", ""black"", ""black"", ""black"", ""black"", ""black"", ""black"", ""black""], [""black"", ""black"", ""black"", ""black"", ""black"", ""black"", ""black"", ""black"", ""black"", ""black"", ""black"", ""black"", ""black"", ""black"", ""black"", ""black""], [""black"", ""black"", ""black"", ""black"", ""black"", ""black"", ""black"", ""black"", ""black"", ""black"", ""black"", ""blue"", ""black"", ""black"", ""black"", ""black""], [""black"", ""black"", ""black"", ""black"", ""black"", ""black"", ""black"", ""black"", ""black"", ""black"", ""black"", ""blue"", ""black"", ""black"", ""black"", ""black""], [""black"", ""black"", ""black"", ""black"", ""black"", ""black"", ""black"", ""red"", ""black"", ""black"", ""black"", ""black"", ""black"", ""black"", ""black"", ""black""], [""black"", ""black"", ""black"", ""black"", ""black"", ""black"", ""black"", ""red"", ""black"", ""black"", ""black"", ""black"", ""black"", ""black"", ""black"", ""black""], [""black"", ""black"", ""black"", ""black"", ""black"", ""black"", ""black"", ""black"", ""black"", ""black"", ""black"", ""black"", ""black"", ""black"", ""black"", ""black""], [""black"", ""black"", ""black"", ""black"", ""black"", ""black"", ""black"", ""black"", ""black"", ""black"", ""black"", ""black"", ""black"", ""black"", ""black"", ""black""], [""black"", ""black"", ""black"", ""black"", ""black"", ""black"", ""black"", ""black"", ""black"", ""black"", ""black"", ""black"", ""black"", ""black"", ""black"", ""black""], [""black"", ""black"", ""black"", ""black"", ""black"", ""black"", ""black"", ""black"", ""black"", ""black"", ""black"", ""black"", ""black"", ""black"", ""black"", ""black""], [""black"", ""black"", ""black"", ""black"", ""black"", ""black"", ""black"", ""black"", ""black"", ""black"", ""black"", ""black"", ""black"", ""black"", ""black"", ""black""], [""black"", ""black"", ""black"", ""black"", ""black"", ""black"", ""black"", ""black"", ""black"", ""black"", ""black"", ""black"", ""black"", ""black"", ""black"", ""black""], [""black"", ""black"", ""black"", ""black"", ""black"", ""black"", ""black"", ""black"", ""black"", ""black"", ""black"", ""black"", ""black"", ""black"", ""black"", ""black""]]",,0.0,False
24,left,manual,"Task: interactive
Step: 24
Phase: Interactive
Available actions now:
- left
- right
- up
- down
- click ROW COL  (ROW first, then COL, both in 0..15; matches the (row, col) order the perception reports)
- noop
- quit
- reset

========== Start of Direct Observation ==========
[[""black"", ""black"", ""black"", ""black"", ""black"", ""black"", ""black"", ""black"", ""black"", ""black"", ""black"", ""black"", ""black"", ""black"", ""black"", ""black""], [""black"", ""black"", ""black"", ""black"", ""black"", ""black"", ""black"", ""black"", ""black"", ""black"", ""black"", ""black"", ""black"", ""black"", ""black"", ""black""], [""black"", ""black"", ""black"", ""black"", ""black"", ""black"", ""black"", ""black"", ""black"", ""black"", ""black"", ""black"", ""black"", ""black"", ""black"", ""black""], [""black"", ""black"", ""black"", ""black"", ""black"", ""black"", ""black"", ""black"", ""black"", ""black"", ""black"", ""black"", ""black"", ""black"", ""black"", ""black""], [""black"", ""black"", ""black"", ""black"", ""black"", ""black"", ""black"", ""black"", ""black"", ""black"", ""black"", ""black"", ""black"", ""black"", ""black"", ""black""], [""black"", ""black"", ""black"", ""black"", ""black"", ""black"", ""black"", ""black"", ""black"", ""black"", ""blue"", ""black"", ""black"", ""black"", ""black"", ""black""], [""black"", ""black"", ""black"", ""black"", ""black"", ""black"", ""black"", ""black"", ""black"", ""black"", ""blue"", ""black"", ""black"", ""black"", ""black"", ""black""], [""black"", ""black"", ""black"", ""black"", ""black"", ""black"", ""black"", ""red"", ""black"", ""black"", ""black"", ""black"", ""black"", ""black"", ""black"", ""black""], [""black"", ""black"", ""black"", ""black"", ""black"", ""black"", ""black"", ""red"", ""black"", ""black"", ""black"", ""black"", ""black"", ""black"", ""black"", ""black""], [""black"", ""black"", ""black"", ""black"", ""black"", ""black"", ""black"", ""black"", ""black"", ""black"", ""black"", ""black"", ""black"", ""black"", ""black"", ""black""], [""black"", ""black"", ""black"", ""black"", ""black"", ""black"", ""black"", ""black"", ""black"", ""black"", ""black"", ""black"", ""black"", ""black"", ""black"", ""black""], [""black"", ""black"", ""black"", ""black"", ""black"", ""black"", ""black"", ""black"", ""black"", ""black"", ""black"", ""black"", ""black"", ""black"", ""black"", ""black""], [""black"", ""black"", ""black"", ""black"", ""black"", ""black"", ""black"", ""black"", ""black"", ""black"", ""black"", ""black"", ""black"", ""black"", ""black"", ""black""], [""black"", ""black"", ""black"", ""black"", ""black"", ""black"", ""black"", ""black"", ""black"", ""black"", ""black"", ""black"", ""black"", ""black"", ""black"", ""black""], [""black"", ""black"", ""black"", ""black"", ""black"", ""black"", ""black"", ""black"", ""black"", ""black"", ""black"", ""black"", ""black"", ""black"", ""black"", ""black""], [""black"", ""black"", ""black"", ""black"", ""black"", ""black"", ""black"", ""black"", ""black"", ""black"", ""black"", ""black"", ""black"", ""black"", ""black"", ""black""]]",,0.0,False
25,left,manual,"Task: interactive
Step: 25
Phase: Interactive
Available actions now:
- left
- right
- up
- down
- click ROW COL  (ROW first, then COL, both in 0..15; matches the (row, col) order the perception reports)
- noop
- quit
- reset

========== Start of Direct Observation ==========
[[""black"", ""black"", ""black"", ""black"", ""black"", ""black"", ""black"", ""black"", ""black"", ""black"", ""black"", ""black"", ""black"", ""black"", ""black"", ""black""], [""black"", ""black"", ""black"", ""black"", ""black"", ""black"", ""black"", ""black"", ""black"", ""black"", ""black"", ""black"", ""black"", ""black"", ""black"", ""black""], [""black"", ""black"", ""black"", ""black"", ""black"", ""black"", ""black"", ""black"", ""black"", ""black"", ""black"", ""black"", ""black"", ""black"", ""black"", ""black""], [""black"", ""black"", ""black"", ""black"", ""black"", ""black"", ""black"", ""black"", ""black"", ""black"", ""black"", ""black"", ""black"", ""black"", ""black"", ""black""], [""black"", ""black"", ""black"", ""black"", ""black"", ""black"", ""black"", ""black"", ""black"", ""black"", ""black"", ""black"", ""black"", ""black"", ""black"", ""black""], [""black"", ""black"", ""black"", ""black"", ""black"", ""black"", ""black"", ""black"", ""black"", ""blue"", ""black"", ""black"", ""black"", ""black"", ""black"", ""black""], [""black"", ""black"", ""black"", ""black"", ""black"", ""black"", ""black"", ""black"", ""black"", ""blue"", ""black"", ""black"", ""black"", ""black"", ""black"", ""black""], [""black"", ""black"", ""black"", ""black"", ""black"", ""black"", ""black"", ""red"", ""black"", ""black"", ""black"", ""black"", ""black"", ""black"", ""black"", ""black""], [""black"", ""black"", ""black"", ""black"", ""black"", ""black"", ""black"", ""red"", ""black"", ""black"", ""black"", ""black"", ""black"", ""black"", ""black"", ""black""], [""black"", ""black"", ""black"", ""black"", ""black"", ""black"", ""black"", ""black"", ""black"", ""black"", ""black"", ""black"", ""black"", ""black"", ""black"", ""black""], [""black"", ""black"", ""black"", ""black"", ""black"", ""black"", ""black"", ""black"", ""black"", ""black"", ""black"", ""black"", ""black"", ""black"", ""black"", ""black""], [""black"", ""black"", ""black"", ""black"", ""black"", ""black"", ""black"", ""black"", ""black"", ""black"", ""black"", ""black"", ""black"", ""black"", ""black"", ""black""], [""black"", ""black"", ""black"", ""black"", ""black"", ""black"", ""black"", ""black"", ""black"", ""black"", ""black"", ""black"", ""black"", ""black"", ""black"", ""black""], [""black"", ""black"", ""black"", ""black"", ""black"", ""black"", ""black"", ""black"", ""black"", ""black"", ""black"", ""black"", ""black"", ""black"", ""black"", ""black""], [""black"", ""black"", ""black"", ""black"", ""black"", ""black"", ""black"", ""black"", ""black"", ""black"", ""black"", ""black"", ""black"", ""black"", ""black"", ""black""], [""black"", ""black"", ""black"", ""black"", ""black"", ""black"", ""black"", ""black"", ""black"", ""black"", ""black"", ""black"", ""black"", ""black"", ""black"", ""black""]]",,0.0,False
26,left,manual,"Task: interactive
Step: 26
Phase: Interactive
Available actions now:
- left
- right
- up
- down
- click ROW COL  (ROW first, then COL, both in 0..15; matches the (row, col) order the perception reports)
- noop
- quit
- reset

========== Start of Direct Observation ==========
[[""black"", ""black"", ""black"", ""black"", ""black"", ""black"", ""black"", ""black"", ""black"", ""black"", ""black"", ""black"", ""black"", ""black"", ""black"", ""black""], [""black"", ""black"", ""black"", ""black"", ""black"", ""black"", ""black"", ""black"", ""black"", ""black"", ""black"", ""black"", ""black"", ""black"", ""black"", ""black""], [""black"", ""black"", ""black"", ""black"", ""black"", ""black"", ""black"", ""black"", ""black"", ""black"", ""black"", ""black"", ""black"", ""black"", ""black"", ""black""], [""black"", ""black"", ""black"", ""black"", ""black"", ""black"", ""black"", ""black"", ""black"", ""black"", ""black"", ""black"", ""black"", ""black"", ""black"", ""black""], [""black"", ""black"", ""black"", ""black"", ""black"", ""black"", ""black"", ""black"", ""black"", ""black"", ""black"", ""black"", ""black"", ""black"", ""black"", ""black""], [""black"", ""black"", ""black"", ""black"", ""black"", ""black"", ""black"", ""black"", ""blue"", ""black"", ""black"", ""black"", ""black"", ""black"", ""black"", ""black""], [""black"", ""black"", ""black"", ""black"", ""black"", ""black"", ""black"", ""black"", ""blue"", ""black"", ""black"", ""black"", ""black"", ""black"", ""black"", ""black""], [""black"", ""black"", ""black"", ""black"", ""black"", ""black"", ""black"", ""red"", ""black"", ""black"", ""black"", ""black"", ""black"", ""black"", ""black"", ""black""], [""black"", ""black"", ""black"", ""black"", ""black"", ""black"", ""black"", ""red"", ""black"", ""black"", ""black"", ""black"", ""black"", ""black"", ""black"", ""black""], [""black"", ""black"", ""black"", ""black"", ""black"", ""black"", ""black"", ""black"", ""black"", ""black"", ""black"", ""black"", ""black"", ""black"", ""black"", ""black""], [""black"", ""black"", ""black"", ""black"", ""black"", ""black"", ""black"", ""black"", ""black"", ""black"", ""black"", ""black"", ""black"", ""black"", ""black"", ""black""], [""black"", ""black"", ""black"", ""black"", ""black"", ""black"", ""black"", ""black"", ""black"", ""black"", ""black"", ""black"", ""black"", ""black"", ""black"", ""black""], [""black"", ""black"", ""black"", ""black"", ""black"", ""black"", ""black"", ""black"", ""black"", ""black"", ""black"", ""black"", ""black"", ""black"", ""black"", ""black""], [""black"", ""black"", ""black"", ""black"", ""black"", ""black"", ""black"", ""black"", ""black"", ""black"", ""black"", ""black"", ""black"", ""black"", ""black"", ""black""], [""black"", ""black"", ""black"", ""black"", ""black"", ""black"", ""black"", ""black"", ""black"", ""black"", ""black"", ""black"", ""black"", ""black"", ""black"", ""black""], [""black"", ""black"", ""black"", ""black"", ""black"", ""black"", ""black"", ""black"", ""black"", ""black"", ""black"", ""black"", ""black"", ""black"", ""black"", ""black""]]",,0.0,False
27,up,manual,"Task: interactive
Step: 27
Phase: Interactive
Available actions now:
- left
- right
- up
- down
- click ROW COL  (ROW first, then COL, both in 0..15; matches the (row, col) order the perception reports)
- noop
- quit
- reset

========== Start of Direct Observation ==========
[[""black"", ""black"", ""black"", ""black"", ""black"", ""black"", ""black"", ""black"", ""black"", ""black"", ""black"", ""black"", ""black"", ""black"", ""black"", ""black""], [""black"", ""black"", ""black"", ""black"", ""black"", ""black"", ""black"", ""black"", ""black"", ""black"", ""black"", ""black"", ""black"", ""black"", ""black"", ""black""], [""black"", ""black"", ""black"", ""black"", ""black"", ""black"", ""black"", ""black"", ""black"", ""black"", ""black"", ""black"", ""black"", ""black"", ""black"", ""black""], [""black"", ""black"", ""black"", ""black"", ""black"", ""black"", ""black"", ""black"", ""black"", ""black"", ""black"", ""black"", ""black"", ""black"", ""black"", ""black""], [""black"", ""black"", ""black"", ""black"", ""black"", ""black"", ""black"", ""black"", ""black"", ""black"", ""black"", ""black"", ""black"", ""black"", ""black"", ""black""], [""black"", ""black"", ""black"", ""black"", ""black"", ""black"", ""black"", ""blue"", ""black"", ""black"", ""black"", ""black"", ""black"", ""black"", ""black"", ""black""], [""black"", ""black"", ""black"", ""black"", ""black"", ""black"", ""black"", ""blue"", ""black"", ""black"", ""black"", ""black"", ""black"", ""black"", ""black"", ""black""], [""black"", ""black"", ""black"", ""black"", ""black"", ""black"", ""black"", ""red"", ""black"", ""black"", ""black"", ""black"", ""black"", ""black"", ""black"", ""black""], [""black"", ""black"", ""black"", ""black"", ""black"", ""black"", ""black"", ""red"", ""black"", ""black"", ""black"", ""black"", ""black"", ""black"", ""black"", ""black""], [""black"", ""black"", ""black"", ""black"", ""black"", ""black"", ""black"", ""black"", ""black"", ""black"", ""black"", ""black"", ""black"", ""black"", ""black"", ""black""], [""black"", ""black"", ""black"", ""black"", ""black"", ""black"", ""black"", ""black"", ""black"", ""black"", ""black"", ""black"", ""black"", ""black"", ""black"", ""black""], [""black"", ""black"", ""black"", ""black"", ""black"", ""black"", ""black"", ""black"", ""black"", ""black"", ""black"", ""black"", ""black"", ""black"", ""black"", ""black""], [""black"", ""black"", ""black"", ""black"", ""black"", ""black"", ""black"", ""black"", ""black"", ""black"", ""black"", ""black"", ""black"", ""black"", ""black"", ""black""], [""black"", ""black"", ""black"", ""black"", ""black"", ""black"", ""black"", ""black"", ""black"", ""black"", ""black"", ""black"", ""black"", ""black"", ""black"", ""black""], [""black"", ""black"", ""black"", ""black"", ""black"", ""black"", ""black"", ""black"", ""black"", ""black"", ""black"", ""black"", ""black"", ""black"", ""black"", ""black""], [""black"", ""black"", ""black"", ""black"", ""black"", ""black"", ""black"", ""black"", ""black"", ""black"", ""black"", ""black"", ""black"", ""black"", ""black"", ""black""]]",,0.0,False
28,right,manual,"Task: interactive
Step: 28
Phase: Interactive
Available actions now:
- left
- right
- up
- down
- click ROW COL  (ROW first, then COL, both in 0..15; matches the (row, col) order the perception reports)
- noop
- quit
- reset

========== Start of Direct Observation ==========
[[""black"", ""black"", ""black"", ""black"", ""black"", ""black"", ""black"", ""black"", ""black"", ""black"", ""black"", ""black"", ""black"", ""black"", ""black"", ""black""], [""black"", ""black"", ""black"", ""black"", ""black"", ""black"", ""black"", ""black"", ""black"", ""black"", ""black"", ""black"", ""black"", ""black"", ""black"", ""black""], [""black"", ""black"", ""black"", ""black"", ""black"", ""black"", ""black"", ""black"", ""black"", ""black"", ""black"", ""black"", ""black"", ""black"", ""black"", ""black""], [""black"", ""black"", ""black"", ""black"", ""black"", ""black"", ""black"", ""black"", ""black"", ""black"", ""black"", ""black"", ""black"", ""black"", ""black"", ""black""], [""black"", ""black"", ""black"", ""black"", ""black"", ""black"", ""black"", ""black"", ""black"", ""black"", ""black"", ""black"", ""black"", ""black"", ""black"", ""black""], [""black"", ""black"", ""black"", ""black"", ""black"", ""black"", ""black"", ""blue"", ""black"", ""black"", ""black"", ""black"", ""black"", ""black"", ""black"", ""black""], [""black"", ""black"", ""black"", ""black"", ""black"", ""black"", ""black"", ""blue"", ""black"", ""black"", ""black"", ""black"", ""black"", ""black"", ""black"", ""black""], [""black"", ""black"", ""black"", ""black"", ""black"", ""black"", ""black"", ""red"", ""black"", ""black"", ""black"", ""black"", ""black"", ""black"", ""black"", ""black""], [""black"", ""black"", ""black"", ""black"", ""black"", ""black"", ""black"", ""red"", ""black"", ""black"", ""black"", ""black"", ""black"", ""black"", ""black"", ""black""], [""black"", ""black"", ""black"", ""black"", ""black"", ""black"", ""black"", ""black"", ""black"", ""black"", ""black"", ""black"", ""black"", ""black"", ""black"", ""black""], [""black"", ""black"", ""black"", ""black"", ""black"", ""black"", ""black"", ""black"", ""black"", ""black"", ""black"", ""black"", ""black"", ""black"", ""black"", ""black""], [""black"", ""black"", ""black"", ""black"", ""black"", ""black"", ""black"", ""black"", ""black"", ""black"", ""black"", ""black"", ""black"", ""black"", ""black"", ""black""], [""black"", ""black"", ""black"", ""black"", ""black"", ""black"", ""black"", ""black"", ""black"", ""black"", ""black"", ""black"", ""black"", ""black"", ""black"", ""black""], [""black"", ""black"", ""black"", ""black"", ""black"", ""black"", ""black"", ""black"", ""black"", ""black"", ""black"", ""black"", ""black"", ""black"", ""black"", ""black""], [""black"", ""black"", ""black"", ""black"", ""black"", ""black"", ""black"", ""black"", ""black"", ""black"", ""black"", ""black"", ""black"", ""black"", ""black"", ""black""], [""black"", ""black"", ""black"", ""black"", ""black"", ""black"", ""black"", ""black"", ""black"", ""black"", ""black"", ""black"", ""black"", ""black"", ""black"", ""black""]]",,0.0,False
29,down,manual,"Task: interactive
Step: 29
Phase: Interactive
Available actions now:
- left
- right
- up
- down
- click ROW COL  (ROW first, then COL, both in 0..15; matches the (row, col) order the perception reports)
- noop
- quit
- reset

========== Start of Direct Observation ==========
[[""black"", ""black"", ""black"", ""black"", ""black"", ""black"", ""black"", ""black"", ""black"", ""black"", ""black"", ""black"", ""black"", ""black"", ""black"", ""black""], [""black"", ""black"", ""black"", ""black"", ""black"", ""black"", ""black"", ""black"", ""black"", ""black"", ""black"", ""black"", ""black"", ""black"", ""black"", ""black""], [""black"", ""black"", ""black"", ""black"", ""black"", ""black"", ""black"", ""black"", ""black"", ""black"", ""black"", ""black"", ""black"", ""black"", ""black"", ""black""], [""black"", ""black"", ""black"", ""black"", ""black"", ""black"", ""black"", ""black"", ""black"", ""black"", ""black"", ""black"", ""black"", ""black"", ""black"", ""black""], [""black"", ""black"", ""black"", ""black"", ""black"", ""black"", ""black"", ""black"", ""black"", ""black"", ""black"", ""black"", ""black"", ""black"", ""black"", ""black""], [""black"", ""black"", ""black"", ""black"", ""black"", ""black"", ""black"", ""black"", ""blue"", ""black"", ""black"", ""black"", ""black"", ""black"", ""black"", ""black""], [""black"", ""black"", ""black"", ""black"", ""black"", ""black"", ""black"", ""black"", ""blue"", ""black"", ""black"", ""black"", ""black"", ""black"", ""black"", ""black""], [""black"", ""black"", ""black"", ""black"", ""black"", ""black"", ""black"", ""red"", ""black"", ""black"", ""black"", ""black"", ""black"", ""black"", ""black"", ""black""], [""black"", ""black"", ""black"", ""black"", ""black"", ""black"", ""black"", ""red"", ""black"", ""black"", ""black"", ""black"", ""black"", ""black"", ""black"", ""black""], [""black"", ""black"", ""black"", ""black"", ""black"", ""black"", ""black"", ""black"", ""black"", ""black"", ""black"", ""black"", ""black"", ""black"", ""black"", ""black""], [""black"", ""black"", ""black"", ""black"", ""black"", ""black"", ""black"", ""black"", ""black"", ""black"", ""black"", ""black"", ""black"", ""black"", ""black"", ""black""], [""black"", ""black"", ""black"", ""black"", ""black"", ""black"", ""black"", ""black"", ""black"", ""black"", ""black"", ""black"", ""black"", ""black"", ""black"", ""black""], [""black"", ""black"", ""black"", ""black"", ""black"", ""black"", ""black"", ""black"", ""black"", ""black"", ""black"", ""black"", ""black"", ""black"", ""black"", ""black""], [""black"", ""black"", ""black"", ""black"", ""black"", ""black"", ""black"", ""black"", ""black"", ""black"", ""black"", ""black"", ""black"", ""black"", ""black"", ""black""], [""black"", ""black"", ""black"", ""black"", ""black"", ""black"", ""black"", ""black"", ""black"", ""black"", ""black"", ""black"", ""black"", ""black"", ""black"", ""black""], [""black"", ""black"", ""black"", ""black"", ""black"", ""black"", ""black"", ""black"", ""black"", ""black"", ""black"", ""black"", ""black"", ""black"", ""black"", ""black""]]",,0.0,False
30,down,manual,"Task: interactive
Step: 30
Phase: Interactive
Available actions now:
- left
- right
- up
- down
- click ROW COL  (ROW first, then COL, both in 0..15; matches the (row, col) order the perception reports)
- noop
- quit
- reset

========== Start of Direct Observation ==========
[[""black"", ""black"", ""black"", ""black"", ""black"", ""black"", ""black"", ""black"", ""black"", ""black"", ""black"", ""black"", ""black"", ""black"", ""black"", ""black""], [""black"", ""black"", ""black"", ""black"", ""black"", ""black"", ""black"", ""black"", ""black"", ""black"", ""black"", ""black"", ""black"", ""black"", ""black"", ""black""], [""black"", ""black"", ""black"", ""black"", ""black"", ""black"", ""black"", ""black"", ""black"", ""black"", ""black"", ""black"", ""black"", ""black"", ""black"", ""black""], [""black"", ""black"", ""black"", ""black"", ""black"", ""black"", ""black"", ""black"", ""black"", ""black"", ""black"", ""black"", ""black"", ""black"", ""black"", ""black""], [""black"", ""black"", ""black"", ""black"", ""black"", ""black"", ""black"", ""black"", ""black"", ""black"", ""black"", ""black"", ""black"", ""black"", ""black"", ""black""], [""black"", ""black"", ""black"", ""black"", ""black"", ""black"", ""black"", ""black"", ""black"", ""black"", ""black"", ""black"", ""black"", ""black"", ""black"", ""black""], [""black"", ""black"", ""black"", ""black"", ""black"", ""black"", ""black"", ""black"", ""blue"", ""black"", ""black"", ""black"", ""black"", ""black"", ""black"", ""black""], [""black"", ""black"", ""black"", ""black"", ""black"", ""black"", ""black"", ""red"", ""blue"", ""black"", ""black"", ""black"", ""black"", ""black"", ""black"", ""black""], [""black"", ""black"", ""black"", ""black"", ""black"", ""black"", ""black"", ""red"", ""black"", ""black"", ""black"", ""black"", ""black"", ""black"", ""black"", ""black""], [""black"", ""black"", ""black"", ""black"", ""black"", ""black"", ""black"", ""black"", ""black"", ""black"", ""black"", ""black"", ""black"", ""black"", ""black"", ""black""], [""black"", ""black"", ""black"", ""black"", ""black"", ""black"", ""black"", ""black"", ""black"", ""black"", ""black"", ""black"", ""black"", ""black"", ""black"", ""black""], [""black"", ""black"", ""black"", ""black"", ""black"", ""black"", ""black"", ""black"", ""black"", ""black"", ""black"", ""black"", ""black"", ""black"", ""black"", ""black""], [""black"", ""black"", ""black"", ""black"", ""black"", ""black"", ""black"", ""black"", ""black"", ""black"", ""black"", ""black"", ""black"", ""black"", ""black"", ""black""], [""black"", ""black"", ""black"", ""black"", ""black"", ""black"", ""black"", ""black"", ""black"", ""black"", ""black"", ""black"", ""black"", ""black"", ""black"", ""black""], [""black"", ""black"", ""black"", ""black"", ""black"", ""black"", ""black"", ""black"", ""black"", ""black"", ""black"", ""black"", ""black"", ""black"", ""black"", ""black""], [""black"", ""black"", ""black"", ""black"", ""black"", ""black"", ""black"", ""black"", ""black"", ""black"", ""black"", ""black"", ""black"", ""black"", ""black"", ""black""]]",,0.0,False
31,right,manual,"Task: interactive
Step: 31
Phase: Interactive
Available actions now:
- left
- right
- up
- down
- click ROW COL  (ROW first, then COL, both in 0..15; matches the (row, col) order the perception reports)
- noop
- quit
- reset

========== Start of Direct Observation ==========
[[""black"", ""black"", ""black"", ""black"", ""black"", ""black"", ""black"", ""black"", ""black"", ""black"", ""black"", ""black"", ""black"", ""black"", ""black"", ""black""], [""black"", ""black"", ""black"", ""black"", ""black"", ""black"", ""black"", ""black"", ""black"", ""black"", ""black"", ""black"", ""black"", ""black"", ""black"", ""black""], [""black"", ""black"", ""black"", ""black"", ""black"", ""black"", ""black"", ""black"", ""black"", ""black"", ""black"", ""black"", ""black"", ""black"", ""black"", ""black""], [""black"", ""black"", ""black"", ""black"", ""black"", ""black"", ""black"", ""black"", ""black"", ""black"", ""black"", ""black"", ""black"", ""black"", ""black"", ""black""], [""black"", ""black"", ""black"", ""black"", ""black"", ""black"", ""black"", ""black"", ""black"", ""black"", ""black"", ""black"", ""black"", ""black"", ""black"", ""black""], [""black"", ""black"", ""black"", ""black"", ""black"", ""black"", ""black"", ""black"", ""black"", ""black"", ""black"", ""black"", ""black"", ""black"", ""black"", ""black""], [""black"", ""black"", ""black"", ""black"", ""black"", ""black"", ""black"", ""black"", ""blue"", ""black"", ""black"", ""black"", ""black"", ""black"", ""black"", ""black""], [""black"", ""black"", ""black"", ""black"", ""black"", ""black"", ""black"", ""red"", ""blue"", ""black"", ""black"", ""black"", ""black"", ""black"", ""black"", ""black""], [""black"", ""black"", ""black"", ""black"", ""black"", ""black"", ""black"", ""red"", ""black"", ""black"", ""black"", ""black"", ""black"", ""black"", ""black"", ""black""], [""black"", ""black"", ""black"", ""black"", ""black"", ""black"", ""black"", ""black"", ""black"", ""black"", ""black"", ""black"", ""black"", ""black"", ""black"", ""black""], [""black"", ""black"", ""black"", ""black"", ""black"", ""black"", ""black"", ""black"", ""black"", ""black"", ""black"", ""black"", ""black"", ""black"", ""black"", ""black""], [""black"", ""black"", ""black"", ""black"", ""black"", ""black"", ""black"", ""black"", ""black"", ""black"", ""black"", ""black"", ""black"", ""black"", ""black"", ""black""], [""black"", ""black"", ""black"", ""black"", ""black"", ""black"", ""black"", ""black"", ""black"", ""black"", ""black"", ""black"", ""black"", ""black"", ""black"", ""black""], [""black"", ""black"", ""black"", ""black"", ""black"", ""black"", ""black"", ""black"", ""black"", ""black"", ""black"", ""black"", ""black"", ""black"", ""black"", ""black""], [""black"", ""black"", ""black"", ""black"", ""black"", ""black"", ""black"", ""black"", ""black"", ""black"", ""black"", ""black"", ""black"", ""black"", ""black"", ""black""], [""black"", ""black"", ""black"", ""black"", ""black"", ""black"", ""black"", ""black"", ""black"", ""black"", ""black"", ""black"", ""black"", ""black"", ""black"", ""black""]]",,0.0,False
32,up,manual,"Task: interactive
Step: 32
Phase: Interactive
Available actions now:
- left
- right
- up
- down
- click ROW COL  (ROW first, then COL, both in 0..15; matches the (row, col) order the perception reports)
- noop
- quit
- reset

========== Start of Direct Observation ==========
[[""black"", ""black"", ""black"", ""black"", ""black"", ""black"", ""black"", ""black"", ""black"", ""black"", ""black"", ""black"", ""black"", ""black"", ""black"", ""black""], [""black"", ""black"", ""black"", ""black"", ""black"", ""black"", ""black"", ""black"", ""black"", ""black"", ""black"", ""black"", ""black"", ""black"", ""black"", ""black""], [""black"", ""black"", ""black"", ""black"", ""black"", ""black"", ""black"", ""black"", ""black"", ""black"", ""black"", ""black"", ""black"", ""black"", ""black"", ""black""], [""black"", ""black"", ""black"", ""black"", ""black"", ""black"", ""black"", ""black"", ""black"", ""black"", ""black"", ""black"", ""black"", ""black"", ""black"", ""black""], [""black"", ""black"", ""black"", ""black"", ""black"", ""black"", ""black"", ""black"", ""black"", ""black"", ""black"", ""black"", ""black"", ""black"", ""black"", ""black""], [""black"", ""black"", ""black"", ""black"", ""black"", ""black"", ""black"", ""black"", ""black"", ""black"", ""black"", ""black"", ""black"", ""black"", ""black"", ""black""], [""black"", ""black"", ""black"", ""black"", ""black"", ""black"", ""black"", ""black"", ""blue"", ""black"", ""black"", ""black"", ""black"", ""black"", ""black"", ""black""], [""black"", ""black"", ""black"", ""black"", ""black"", ""black"", ""black"", ""red"", ""blue"", ""black"", ""black"", ""black"", ""black"", ""black"", ""black"", ""black""], [""black"", ""black"", ""black"", ""black"", ""black"", ""black"", ""black"", ""red"", ""black"", ""black"", ""black"", ""black"", ""black"", ""black"", ""black"", ""black""], [""black"", ""black"", ""black"", ""black"", ""black"", ""black"", ""black"", ""black"", ""black"", ""black"", ""black"", ""black"", ""black"", ""black"", ""black"", ""black""], [""black"", ""black"", ""black"", ""black"", ""black"", ""black"", ""black"", ""black"", ""black"", ""black"", ""black"", ""black"", ""black"", ""black"", ""black"", ""black""], [""black"", ""black"", ""black"", ""black"", ""black"", ""black"", ""black"", ""black"", ""black"", ""black"", ""black"", ""black"", ""black"", ""black"", ""black"", ""black""], [""black"", ""black"", ""black"", ""black"", ""black"", ""black"", ""black"", ""black"", ""black"", ""black"", ""black"", ""black"", ""black"", ""black"", ""black"", ""black""], [""black"", ""black"", ""black"", ""black"", ""black"", ""black"", ""black"", ""black"", ""black"", ""black"", ""black"", ""black"", ""black"", ""black"", ""black"", ""black""], [""black"", ""black"", ""black"", ""black"", ""black"", ""black"", ""black"", ""black"", ""black"", ""black"", ""black"", ""black"", ""black"", ""black"", ""black"", ""black""], [""black"", ""black"", ""black"", ""black"", ""black"", ""black"", ""black"", ""black"", ""black"", ""black"", ""black"", ""black"", ""black"", ""black"", ""black"", ""black""]]",,0.0,False
33,left,manual,"Task: interactive
Step: 33
Phase: Interactive
Available actions now:
- left
- right
- up
- down
- click ROW COL  (ROW first, then COL, both in 0..15; matches the (row, col) order the perception reports)
- noop
- quit
- reset

========== Start of Direct Observation ==========
[[""black"", ""black"", ""black"", ""black"", ""black"", ""black"", ""black"", ""black"", ""black"", ""black"", ""black"", ""black"", ""black"", ""black"", ""black"", ""black""], [""black"", ""black"", ""black"", ""black"", ""black"", ""black"", ""black"", ""black"", ""black"", ""black"", ""black"", ""black"", ""black"", ""black"", ""black"", ""black""], [""black"", ""black"", ""black"", ""black"", ""black"", ""black"", ""black"", ""black"", ""black"", ""black"", ""black"", ""black"", ""black"", ""black"", ""black"", ""black""], [""black"", ""black"", ""black"", ""black"", ""black"", ""black"", ""black"", ""black"", ""black"", ""black"", ""black"", ""black"", ""black"", ""black"", ""black"", ""black""], [""black"", ""black"", ""black"", ""black"", ""black"", ""black"", ""black"", ""black"", ""black"", ""black"", ""black"", ""black"", ""black"", ""black"", ""black"", ""black""], [""black"", ""black"", ""black"", ""black"", ""black"", ""black"", ""black"", ""black"", ""blue"", ""black"", ""black"", ""black"", ""black"", ""black"", ""black"", ""black""], [""black"", ""black"", ""black"", ""black"", ""black"", ""black"", ""black"", ""black"", ""blue"", ""black"", ""black"", ""black"", ""black"", ""black"", ""black"", ""black""], [""black"", ""black"", ""black"", ""black"", ""black"", ""black"", ""black"", ""red"", ""black"", ""black"", ""black"", ""black"", ""black"", ""black"", ""black"", ""black""], [""black"", ""black"", ""black"", ""black"", ""black"", ""black"", ""black"", ""red"", ""black"", ""black"", ""black"", ""black"", ""black"", ""black"", ""black"", ""black""], [""black"", ""black"", ""black"", ""black"", ""black"", ""black"", ""black"", ""black"", ""black"", ""black"", ""black"", ""black"", ""black"", ""black"", ""black"", ""black""], [""black"", ""black"", ""black"", ""black"", ""black"", ""black"", ""black"", ""black"", ""black"", ""black"", ""black"", ""black"", ""black"", ""black"", ""black"", ""black""], [""black"", ""black"", ""black"", ""black"", ""black"", ""black"", ""black"", ""black"", ""black"", ""black"", ""black"", ""black"", ""black"", ""black"", ""black"", ""black""], [""black"", ""black"", ""black"", ""black"", ""black"", ""black"", ""black"", ""black"", ""black"", ""black"", ""black"", ""black"", ""black"", ""black"", ""black"", ""black""], [""black"", ""black"", ""black"", ""black"", ""black"", ""black"", ""black"", ""black"", ""black"", ""black"", ""black"", ""black"", ""black"", ""black"", ""black"", ""black""], [""black"", ""black"", ""black"", ""black"", ""black"", ""black"", ""black"", ""black"", ""black"", ""black"", ""black"", ""black"", ""black"", ""black"", ""black"", ""black""], [""black"", ""black"", ""black"", ""black"", ""black"", ""black"", ""black"", ""black"", ""black"", ""black"", ""black"", ""black"", ""black"", ""black"", ""black"", ""black""]]",,0.0,False
34,left,manual,"Task: interactive
Step: 34
Phase: Interactive
Available actions now:
- left
- right
- up
- down
- click ROW COL  (ROW first, then COL, both in 0..15; matches the (row, col) order the perception reports)
- noop
- quit
- reset

========== Start of Direct Observation ==========
[[""black"", ""black"", ""black"", ""black"", ""black"", ""black"", ""black"", ""black"", ""black"", ""black"", ""black"", ""black"", ""black"", ""black"", ""black"", ""black""], [""black"", ""black"", ""black"", ""black"", ""black"", ""black"", ""black"", ""black"", ""black"", ""black"", ""black"", ""black"", ""black"", ""black"", ""black"", ""black""], [""black"", ""black"", ""black"", ""black"", ""black"", ""black"", ""black"", ""black"", ""black"", ""black"", ""black"", ""black"", ""black"", ""black"", ""black"", ""black""], [""black"", ""black"", ""black"", ""black"", ""black"", ""black"", ""black"", ""black"", ""black"", ""black"", ""black"", ""black"", ""black"", ""black"", ""black"", ""black""], [""black"", ""black"", ""black"", ""black"", ""black"", ""black"", ""black"", ""black"", ""black"", ""black"", ""black"", ""black"", ""black"", ""black"", ""black"", ""black""], [""black"", ""black"", ""black"", ""black"", ""black"", ""black"", ""black"", ""blue"", ""black"", ""black"", ""black"", ""black"", ""black"", ""black"", ""black"", ""black""], [""black"", ""black"", ""black"", ""black"", ""black"", ""black"", ""black"", ""blue"", ""black"", ""black"", ""black"", ""black"", ""black"", ""black"", ""black"", ""black""], [""black"", ""black"", ""black"", ""black"", ""black"", ""black"", ""black"", ""red"", ""black"", ""black"", ""black"", ""black"", ""black"", ""black"", ""black"", ""black""], [""black"", ""black"", ""black"", ""black"", ""black"", ""black"", ""black"", ""red"", ""black"", ""black"", ""black"", ""black"", ""black"", ""black"", ""black"", ""black""], [""black"", ""black"", ""black"", ""black"", ""black"", ""black"", ""black"", ""black"", ""black"", ""black"", ""black"", ""black"", ""black"", ""black"", ""black"", ""black""], [""black"", ""black"", ""black"", ""black"", ""black"", ""black"", ""black"", ""black"", ""black"", ""black"", ""black"", ""black"", ""black"", ""black"", ""black"", ""black""], [""black"", ""black"", ""black"", ""black"", ""black"", ""black"", ""black"", ""black"", ""black"", ""black"", ""black"", ""black"", ""black"", ""black"", ""black"", ""black""], [""black"", ""black"", ""black"", ""black"", ""black"", ""black"", ""black"", ""black"", ""black"", ""black"", ""black"", ""black"", ""black"", ""black"", ""black"", ""black""], [""black"", ""black"", ""black"", ""black"", ""black"", ""black"", ""black"", ""black"", ""black"", ""black"", ""black"", ""black"", ""black"", ""black"", ""black"", ""black""], [""black"", ""black"", ""black"", ""black"", ""black"", ""black"", ""black"", ""black"", ""black"", ""black"", ""black"", ""black"", ""black"", ""black"", ""black"", ""black""], [""black"", ""black"", ""black"", ""black"", ""black"", ""black"", ""black"", ""black"", ""black"", ""black"", ""black"", ""black"", ""black"", ""black"", ""black"", ""black""]]",,0.0,False
35,left,manual,"Task: interactive
Step: 35
Phase: Interactive
Available actions now:
- left
- right
- up
- down
- click ROW COL  (ROW first, then COL, both in 0..15; matches the (row, col) order the perception reports)
- noop
- quit
- reset

========== Start of Direct Observation ==========
[[""black"", ""black"", ""black"", ""black"", ""black"", ""black"", ""black"", ""black"", ""black"", ""black"", ""black"", ""black"", ""black"", ""black"", ""black"", ""black""], [""black"", ""black"", ""black"", ""black"", ""black"", ""black"", ""black"", ""black"", ""black"", ""black"", ""black"", ""black"", ""black"", ""black"", ""black"", ""black""], [""black"", ""black"", ""black"", ""black"", ""black"", ""black"", ""black"", ""black"", ""black"", ""black"", ""black"", ""black"", ""black"", ""black"", ""black"", ""black""], [""black"", ""black"", ""black"", ""black"", ""black"", ""black"", ""black"", ""black"", ""black"", ""black"", ""black"", ""black"", ""black"", ""black"", ""black"", ""black""], [""black"", ""black"", ""black"", ""black"", ""black"", ""black"", ""black"", ""black"", ""black"", ""black"", ""black"", ""black"", ""black"", ""black"", ""black"", ""black""], [""black"", ""black"", ""black"", ""black"", ""black"", ""black"", ""blue"", ""black"", ""black"", ""black"", ""black"", ""black"", ""black"", ""black"", ""black"", ""black""], [""black"", ""black"", ""black"", ""black"", ""black"", ""black"", ""blue"", ""black"", ""black"", ""black"", ""black"", ""black"", ""black"", ""black"", ""black"", ""black""], [""black"", ""black"", ""black"", ""black"", ""black"", ""black"", ""black"", ""red"", ""black"", ""black"", ""black"", ""black"", ""black"", ""black"", ""black"", ""black""], [""black"", ""black"", ""black"", ""black"", ""black"", ""black"", ""black"", ""red"", ""black"", ""black"", ""black"", ""black"", ""black"", ""black"", ""black"", ""black""], [""black"", ""black"", ""black"", ""black"", ""black"", ""black"", ""black"", ""black"", ""black"", ""black"", ""black"", ""black"", ""black"", ""black"", ""black"", ""black""], [""black"", ""black"", ""black"", ""black"", ""black"", ""black"", ""black"", ""black"", ""black"", ""black"", ""black"", ""black"", ""black"", ""black"", ""black"", ""black""], [""black"", ""black"", ""black"", ""black"", ""black"", ""black"", ""black"", ""black"", ""black"", ""black"", ""black"", ""black"", ""black"", ""black"", ""black"", ""black""], [""black"", ""black"", ""black"", ""black"", ""black"", ""black"", ""black"", ""black"", ""black"", ""black"", ""black"", ""black"", ""black"", ""black"", ""black"", ""black""], [""black"", ""black"", ""black"", ""black"", ""black"", ""black"", ""black"", ""black"", ""black"", ""black"", ""black"", ""black"", ""black"", ""black"", ""black"", ""black""], [""black"", ""black"", ""black"", ""black"", ""black"", ""black"", ""black"", ""black"", ""black"", ""black"", ""black"", ""black"", ""black"", ""black"", ""black"", ""black""], [""black"", ""black"", ""black"", ""black"", ""black"", ""black"", ""black"", ""black"", ""black"", ""black"", ""black"", ""black"", ""black"", ""black"", ""black"", ""black""]]",,0.0,False
36,left,manual,"Task: interactive
Step: 36
Phase: Interactive
Available actions now:
- left
- right
- up
- down
- click ROW COL  (ROW first, then COL, both in 0..15; matches the (row, col) order the perception reports)
- noop
- quit
- reset

========== Start of Direct Observation ==========
[[""black"", ""black"", ""black"", ""black"", ""black"", ""black"", ""black"", ""black"", ""black"", ""black"", ""black"", ""black"", ""black"", ""black"", ""black"", ""black""], [""black"", ""black"", ""black"", ""black"", ""black"", ""black"", ""black"", ""black"", ""black"", ""black"", ""black"", ""black"", ""black"", ""black"", ""black"", ""black""], [""black"", ""black"", ""black"", ""black"", ""black"", ""black"", ""black"", ""black"", ""black"", ""black"", ""black"", ""black"", ""black"", ""black"", ""black"", ""black""], [""black"", ""black"", ""black"", ""black"", ""black"", ""black"", ""black"", ""black"", ""black"", ""black"", ""black"", ""black"", ""black"", ""black"", ""black"", ""black""], [""black"", ""black"", ""black"", ""black"", ""black"", ""black"", ""black"", ""black"", ""black"", ""black"", ""black"", ""black"", ""black"", ""black"", ""black"", ""black""], [""black"", ""black"", ""black"", ""black"", ""black"", ""blue"", ""black"", ""black"", ""black"", ""black"", ""black"", ""black"", ""black"", ""black"", ""black"", ""black""], [""black"", ""black"", ""black"", ""black"", ""black"", ""blue"", ""black"", ""black"", ""black"", ""black"", ""black"", ""black"", ""black"", ""black"", ""black"", ""black""], [""black"", ""black"", ""black"", ""black"", ""black"", ""black"", ""black"", ""red"", ""black"", ""black"", ""black"", ""black"", ""black"", ""black"", ""black"", ""black""], [""black"", ""black"", ""black"", ""black"", ""black"", ""black"", ""black"", ""red"", ""black"", ""black"", ""black"", ""black"", ""black"", ""black"", ""black"", ""black""], [""black"", ""black"", ""black"", ""black"", ""black"", ""black"", ""black"", ""black"", ""black"", ""black"", ""black"", ""black"", ""black"", ""black"", ""black"", ""black""], [""black"", ""black"", ""black"", ""black"", ""black"", ""black"", ""black"", ""black"", ""black"", ""black"", ""black"", ""black"", ""black"", ""black"", ""black"", ""black""], [""black"", ""black"", ""black"", ""black"", ""black"", ""black"", ""black"", ""black"", ""black"", ""black"", ""black"", ""black"", ""black"", ""black"", ""black"", ""black""], [""black"", ""black"", ""black"", ""black"", ""black"", ""black"", ""black"", ""black"", ""black"", ""black"", ""black"", ""black"", ""black"", ""black"", ""black"", ""black""], [""black"", ""black"", ""black"", ""black"", ""black"", ""black"", ""black"", ""black"", ""black"", ""black"", ""black"", ""black"", ""black"", ""black"", ""black"", ""black""], [""black"", ""black"", ""black"", ""black"", ""black"", ""black"", ""black"", ""black"", ""black"", ""black"", ""black"", ""black"", ""black"", ""black"", ""black"", ""black""], [""black"", ""black"", ""black"", ""black"", ""black"", ""black"", ""black"", ""black"", ""black"", ""black"", ""black"", ""black"", ""black"", ""black"", ""black"", ""black""]]",,0.0,False
37,down,manual,"Task: interactive
Step: 37
Phase: Interactive
Available actions now:
- left
- right
- up
- down
- click ROW COL  (ROW first, then COL, both in 0..15; matches the (row, col) order the perception reports)
- noop
- quit
- reset

========== Start of Direct Observation ==========
[[""black"", ""black"", ""black"", ""black"", ""black"", ""black"", ""black"", ""black"", ""black"", ""black"", ""black"", ""black"", ""black"", ""black"", ""black"", ""black""], [""black"", ""black"", ""black"", ""black"", ""black"", ""black"", ""black"", ""black"", ""black"", ""black"", ""black"", ""black"", ""black"", ""black"", ""black"", ""black""], [""black"", ""black"", ""black"", ""black"", ""black"", ""black"", ""black"", ""black"", ""black"", ""black"", ""black"", ""black"", ""black"", ""black"", ""black"", ""black""], [""black"", ""black"", ""black"", ""black"", ""black"", ""black"", ""black"", ""black"", ""black"", ""black"", ""black"", ""black"", ""black"", ""black"", ""black"", ""black""], [""black"", ""black"", ""black"", ""black"", ""black"", ""black"", ""black"", ""black"", ""black"", ""black"", ""black"", ""black"", ""black"", ""black"", ""black"", ""black""], [""black"", ""black"", ""black"", ""black"", ""blue"", ""black"", ""black"", ""black"", ""black"", ""black"", ""black"", ""black"", ""black"", ""black"", ""black"", ""black""], [""black"", ""black"", ""black"", ""black"", ""blue"", ""black"", ""black"", ""black"", ""black"", ""black"", ""black"", ""black"", ""black"", ""black"", ""black"", ""black""], [""black"", ""black"", ""black"", ""black"", ""black"", ""black"", ""black"", ""red"", ""black"", ""black"", ""black"", ""black"", ""black"", ""black"", ""black"", ""black""], [""black"", ""black"", ""black"", ""black"", ""black"", ""black"", ""black"", ""red"", ""black"", ""black"", ""black"", ""black"", ""black"", ""black"", ""black"", ""black""], [""black"", ""black"", ""black"", ""black"", ""black"", ""black"", ""black"", ""black"", ""black"", ""black"", ""black"", ""black"", ""black"", ""black"", ""black"", ""black""], [""black"", ""black"", ""black"", ""black"", ""black"", ""black"", ""black"", ""black"", ""black"", ""black"", ""black"", ""black"", ""black"", ""black"", ""black"", ""black""], [""black"", ""black"", ""black"", ""black"", ""black"", ""black"", ""black"", ""black"", ""black"", ""black"", ""black"", ""black"", ""black"", ""black"", ""black"", ""black""], [""black"", ""black"", ""black"", ""black"", ""black"", ""black"", ""black"", ""black"", ""black"", ""black"", ""black"", ""black"", ""black"", ""black"", ""black"", ""black""], [""black"", ""black"", ""black"", ""black"", ""black"", ""black"", ""black"", ""black"", ""black"", ""black"", ""black"", ""black"", ""black"", ""black"", ""black"", ""black""], [""black"", ""black"", ""black"", ""black"", ""black"", ""black"", ""black"", ""black"", ""black"", ""black"", ""black"", ""black"", ""black"", ""black"", ""black"", ""black""], [""black"", ""black"", ""black"", ""black"", ""black"", ""black"", ""black"", ""black"", ""black"", ""black"", ""black"", ""black"", ""black"", ""black"", ""black"", ""black""]]",,0.0,False
38,down,manual,"Task: interactive
Step: 38
Phase: Interactive
Available actions now:
- left
- right
- up
- down
- click ROW COL  (ROW first, then COL, both in 0..15; matches the (row, col) order the perception reports)
- noop
- quit
- reset

========== Start of Direct Observation ==========
[[""black"", ""black"", ""black"", ""black"", ""black"", ""black"", ""black"", ""black"", ""black"", ""black"", ""black"", ""black"", ""black"", ""black"", ""black"", ""black""], [""black"", ""black"", ""black"", ""black"", ""black"", ""black"", ""black"", ""black"", ""black"", ""black"", ""black"", ""black"", ""black"", ""black"", ""black"", ""black""], [""black"", ""black"", ""black"", ""black"", ""black"", ""black"", ""black"", ""black"", ""black"", ""black"", ""black"", ""black"", ""black"", ""black"", ""black"", ""black""], [""black"", ""black"", ""black"", ""black"", ""black"", ""black"", ""black"", ""black"", ""black"", ""black"", ""black"", ""black"", ""black"", ""black"", ""black"", ""black""], [""black"", ""black"", ""black"", ""black"", ""black"", ""black"", ""black"", ""black"", ""black"", ""black"", ""black"", ""black"", ""black"", ""black"", ""black"", ""black""], [""black"", ""black"", ""black"", ""black"", ""black"", ""black"", ""black"", ""black"", ""black"", ""black"", ""black"", ""black"", ""black"", ""black"", ""black"", ""black""], [""black"", ""black"", ""black"", ""black"", ""blue"", ""black"", ""black"", ""black"", ""black"", ""black"", ""black"", ""black"", ""black"", ""black"", ""black"", ""black""], [""black"", ""black"", ""black"", ""black"", ""blue"", ""black"", ""black"", ""red"", ""black"", ""black"", ""black"", ""black"", ""black"", ""black"", ""black"", ""black""], [""black"", ""black"", ""black"", ""black"", ""black"", ""black"", ""black"", ""red"", ""black"", ""black"", ""black"", ""black"", ""black"", ""black"", ""black"", ""black""], [""black"", ""black"", ""black"", ""black"", ""black"", ""black"", ""black"", ""black"", ""black"", ""black"", ""black"", ""black"", ""black"", ""black"", ""black"", ""black""], [""black"", ""black"", ""black"", ""black"", ""black"", ""black"", ""black"", ""black"", ""black"", ""black"", ""black"", ""black"", ""black"", ""black"", ""black"", ""black""], [""black"", ""black"", ""black"", ""black"", ""black"", ""black"", ""black"", ""black"", ""black"", ""black"", ""black"", ""black"", ""black"", ""black"", ""black"", ""black""], [""black"", ""black"", ""black"", ""black"", ""black"", ""black"", ""black"", ""black"", ""black"", ""black"", ""black"", ""black"", ""black"", ""black"", ""black"", ""black""], [""black"", ""black"", ""black"", ""black"", ""black"", ""black"", ""black"", ""black"", ""black"", ""black"", ""black"", ""black"", ""black"", ""black"", ""black"", ""black""], [""black"", ""black"", ""black"", ""black"", ""black"", ""black"", ""black"", ""black"", ""black"", ""black"", ""black"", ""black"", ""black"", ""black"", ""black"", ""black""], [""black"", ""black"", ""black"", ""black"", ""black"", ""black"", ""black"", ""black"", ""black"", ""black"", ""black"", ""black"", ""black"", ""black"", ""black"", ""black""]]",,0.0,False
39,down,manual,"Task: interactive
Step: 39
Phase: Interactive
Available actions now:
- left
- right
- up
- down
- click ROW COL  (ROW first, then COL, both in 0..15; matches the (row, col) order the perception reports)
- noop
- quit
- reset

========== Start of Direct Observation ==========
[[""black"", ""black"", ""black"", ""black"", ""black"", ""black"", ""black"", ""black"", ""black"", ""black"", ""black"", ""black"", ""black"", ""black"", ""black"", ""black""], [""black"", ""black"", ""black"", ""black"", ""black"", ""black"", ""black"", ""black"", ""black"", ""black"", ""black"", ""black"", ""black"", ""black"", ""black"", ""black""], [""black"", ""black"", ""black"", ""black"", ""black"", ""black"", ""black"", ""black"", ""black"", ""black"", ""black"", ""black"", ""black"", ""black"", ""black"", ""black""], [""black"", ""black"", ""black"", ""black"", ""black"", ""black"", ""black"", ""black"", ""black"", ""black"", ""black"", ""black"", ""black"", ""black"", ""black"", ""black""], [""black"", ""black"", ""black"", ""black"", ""black"", ""black"", ""black"", ""black"", ""black"", ""black"", ""black"", ""black"", ""black"", ""black"", ""black"", ""black""], [""black"", ""black"", ""black"", ""black"", ""black"", ""black"", ""black"", ""black"", ""black"", ""black"", ""black"", ""black"", ""black"", ""black"", ""black"", ""black""], [""black"", ""black"", ""black"", ""black"", ""black"", ""black"", ""black"", ""black"", ""black"", ""black"", ""black"", ""black"", ""black"", ""black"", ""black"", ""black""], [""black"", ""black"", ""black"", ""black"", ""blue"", ""black"", ""black"", ""red"", ""black"", ""black"", ""black"", ""black"", ""black"", ""black"", ""black"", ""black""], [""black"", ""black"", ""black"", ""black"", ""blue"", ""black"", ""black"", ""red"", ""black"", ""black"", ""black"", ""black"", ""black"", ""black"", ""black"", ""black""], [""black"", ""black"", ""black"", ""black"", ""black"", ""black"", ""black"", ""black"", ""black"", ""black"", ""black"", ""black"", ""black"", ""black"", ""black"", ""black""], [""black"", ""black"", ""black"", ""black"", ""black"", ""black"", ""black"", ""black"", ""black"", ""black"", ""black"", ""black"", ""black"", ""black"", ""black"", ""black""], [""black"", ""black"", ""black"", ""black"", ""black"", ""black"", ""black"", ""black"", ""black"", ""black"", ""black"", ""black"", ""black"", ""black"", ""black"", ""black""], [""black"", ""black"", ""black"", ""black"", ""black"", ""black"", ""black"", ""black"", ""black"", ""black"", ""black"", ""black"", ""black"", ""black"", ""black"", ""black""], [""black"", ""black"", ""black"", ""black"", ""black"", ""black"", ""black"", ""black"", ""black"", ""black"", ""black"", ""black"", ""black"", ""black"", ""black"", ""black""], [""black"", ""black"", ""black"", ""black"", ""black"", ""black"", ""black"", ""black"", ""black"", ""black"", ""black"", ""black"", ""black"", ""black"", ""black"", ""black""], [""black"", ""black"", ""black"", ""black"", ""black"", ""black"", ""black"", ""black"", ""black"", ""black"", ""black"", ""black"", ""black"", ""black"", ""black"", ""black""]]",,0.0,False
40,down,manual,"Task: interactive
Step: 40
Phase: Interactive
Available actions now:
- left
- right
- up
- down
- click ROW COL  (ROW first, then COL, both in 0..15; matches the (row, col) order the perception reports)
- noop
- quit
- reset

========== Start of Direct Observation ==========
[[""black"", ""black"", ""black"", ""black"", ""black"", ""black"", ""black"", ""black"", ""black"", ""black"", ""black"", ""black"", ""black"", ""black"", ""black"", ""black""], [""black"", ""black"", ""black"", ""black"", ""black"", ""black"", ""black"", ""black"", ""black"", ""black"", ""black"", ""black"", ""black"", ""black"", ""black"", ""black""], [""black"", ""black"", ""black"", ""black"", ""black"", ""black"", ""black"", ""black"", ""black"", ""black"", ""black"", ""black"", ""black"", ""black"", ""black"", ""black""], [""black"", ""black"", ""black"", ""black"", ""black"", ""black"", ""black"", ""black"", ""black"", ""black"", ""black"", ""black"", ""black"", ""black"", ""black"", ""black""], [""black"", ""black"", ""black"", ""black"", ""black"", ""black"", ""black"", ""black"", ""black"", ""black"", ""black"", ""black"", ""black"", ""black"", ""black"", ""black""], [""black"", ""black"", ""black"", ""black"", ""black"", ""black"", ""black"", ""black"", ""black"", ""black"", ""black"", ""black"", ""black"", ""black"", ""black"", ""black""], [""black"", ""black"", ""black"", ""black"", ""black"", ""black"", ""black"", ""black"", ""black"", ""black"", ""black"", ""black"", ""black"", ""black"", ""black"", ""black""], [""black"", ""black"", ""black"", ""black"", ""black"", ""black"", ""black"", ""red"", ""black"", ""black"", ""black"", ""black"", ""black"", ""black"", ""black"", ""black""], [""black"", ""black"", ""black"", ""black"", ""blue"", ""black"", ""black"", ""red"", ""black"", ""black"", ""black"", ""black"", ""black"", ""black"", ""black"", ""black""], [""black"", ""black"", ""black"", ""black"", ""blue"", ""black"", ""black"", ""black"", ""black"", ""black"", ""black"", ""black"", ""black"", ""black"", ""black"", ""black""], [""black"", ""black"", ""black"", ""black"", ""black"", ""black"", ""black"", ""black"", ""black"", ""black"", ""black"", ""black"", ""black"", ""black"", ""black"", ""black""], [""black"", ""black"", ""black"", ""black"", ""black"", ""black"", ""black"", ""black"", ""black"", ""black"", ""black"", ""black"", ""black"", ""black"", ""black"", ""black""], [""black"", ""black"", ""black"", ""black"", ""black"", ""black"", ""black"", ""black"", ""black"", ""black"", ""black"", ""black"", ""black"", ""black"", ""black"", ""black""], [""black"", ""black"", ""black"", ""black"", ""black"", ""black"", ""black"", ""black"", ""black"", ""black"", ""black"", ""black"", ""black"", ""black"", ""black"", ""black""], [""black"", ""black"", ""black"", ""black"", ""black"", ""black"", ""black"", ""black"", ""black"", ""black"", ""black"", ""black"", ""black"", ""black"", ""black"", ""black""], [""black"", ""black"", ""black"", ""black"", ""black"", ""black"", ""black"", ""black"", ""black"", ""black"", ""black"", ""black"", ""black"", ""black"", ""black"", ""black""]]",,0.0,False
41,right,manual,"Task: interactive
Step: 41
Phase: Interactive
Available actions now:
- left
- right
- up
- down
- click ROW COL  (ROW first, then COL, both in 0..15; matches the (row, col) order the perception reports)
- noop
- quit
- reset

========== Start of Direct Observation ==========
[[""black"", ""black"", ""black"", ""black"", ""black"", ""black"", ""black"", ""black"", ""black"", ""black"", ""black"", ""black"", ""black"", ""black"", ""black"", ""black""], [""black"", ""black"", ""black"", ""black"", ""black"", ""black"", ""black"", ""black"", ""black"", ""black"", ""black"", ""black"", ""black"", ""black"", ""black"", ""black""], [""black"", ""black"", ""black"", ""black"", ""black"", ""black"", ""black"", ""black"", ""black"", ""black"", ""black"", ""black"", ""black"", ""black"", ""black"", ""black""], [""black"", ""black"", ""black"", ""black"", ""black"", ""black"", ""black"", ""black"", ""black"", ""black"", ""black"", ""black"", ""black"", ""black"", ""black"", ""black""], [""black"", ""black"", ""black"", ""black"", ""black"", ""black"", ""black"", ""black"", ""black"", ""black"", ""black"", ""black"", ""black"", ""black"", ""black"", ""black""], [""black"", ""black"", ""black"", ""black"", ""black"", ""black"", ""black"", ""black"", ""black"", ""black"", ""black"", ""black"", ""black"", ""black"", ""black"", ""black""], [""black"", ""black"", ""black"", ""black"", ""black"", ""black"", ""black"", ""black"", ""black"", ""black"", ""black"", ""black"", ""black"", ""black"", ""black"", ""black""], [""black"", ""black"", ""black"", ""black"", ""black"", ""black"", ""black"", ""red"", ""black"", ""black"", ""black"", ""black"", ""black"", ""black"", ""black"", ""black""], [""black"", ""black"", ""black"", ""black"", ""black"", ""black"", ""black"", ""red"", ""black"", ""black"", ""black"", ""black"", ""black"", ""black"", ""black"", ""black""], [""black"", ""black"", ""black"", ""black"", ""blue"", ""black"", ""black"", ""black"", ""black"", ""black"", ""black"", ""black"", ""black"", ""black"", ""black"", ""black""], [""black"", ""black"", ""black"", ""black"", ""blue"", ""black"", ""black"", ""black"", ""black"", ""black"", ""black"", ""black"", ""black"", ""black"", ""black"", ""black""], [""black"", ""black"", ""black"", ""black"", ""black"", ""black"", ""black"", ""black"", ""black"", ""black"", ""black"", ""black"", ""black"", ""black"", ""black"", ""black""], [""black"", ""black"", ""black"", ""black"", ""black"", ""black"", ""black"", ""black"", ""black"", ""black"", ""black"", ""black"", ""black"", ""black"", ""black"", ""black""], [""black"", ""black"", ""black"", ""black"", ""black"", ""black"", ""black"", ""black"", ""black"", ""black"", ""black"", ""black"", ""black"", ""black"", ""black"", ""black""], [""black"", ""black"", ""black"", ""black"", ""black"", ""black"", ""black"", ""black"", ""black"", ""black"", ""black"", ""black"", ""black"", ""black"", ""black"", ""black""], [""black"", ""black"", ""black"", ""black"", ""black"", ""black"", ""black"", ""black"", ""black"", ""black"", ""black"", ""black"", ""black"", ""black"", ""black"", ""black""]]",,0.0,False
42,right,manual,"Task: interactive
Step: 42
Phase: Interactive
Available actions now:
- left
- right
- up
- down
- click ROW COL  (ROW first, then COL, both in 0..15; matches the (row, col) order the perception reports)
- noop
- quit
- reset

========== Start of Direct Observation ==========
[[""black"", ""black"", ""black"", ""black"", ""black"", ""black"", ""black"", ""black"", ""black"", ""black"", ""black"", ""black"", ""black"", ""black"", ""black"", ""black""], [""black"", ""black"", ""black"", ""black"", ""black"", ""black"", ""black"", ""black"", ""black"", ""black"", ""black"", ""black"", ""black"", ""black"", ""black"", ""black""], [""black"", ""black"", ""black"", ""black"", ""black"", ""black"", ""black"", ""black"", ""black"", ""black"", ""black"", ""black"", ""black"", ""black"", ""black"", ""black""], [""black"", ""black"", ""black"", ""black"", ""black"", ""black"", ""black"", ""black"", ""black"", ""black"", ""black"", ""black"", ""black"", ""black"", ""black"", ""black""], [""black"", ""black"", ""black"", ""black"", ""black"", ""black"", ""black"", ""black"", ""black"", ""black"", ""black"", ""black"", ""black"", ""black"", ""black"", ""black""], [""black"", ""black"", ""black"", ""black"", ""black"", ""black"", ""black"", ""black"", ""black"", ""black"", ""black"", ""black"", ""black"", ""black"", ""black"", ""black""], [""black"", ""black"", ""black"", ""black"", ""black"", ""black"", ""black"", ""black"", ""black"", ""black"", ""black"", ""black"", ""black"", ""black"", ""black"", ""black""], [""black"", ""black"", ""black"", ""black"", ""black"", ""black"", ""black"", ""red"", ""black"", ""black"", ""black"", ""black"", ""black"", ""black"", ""black"", ""black""], [""black"", ""black"", ""black"", ""black"", ""black"", ""black"", ""black"", ""red"", ""black"", ""black"", ""black"", ""black"", ""black"", ""black"", ""black"", ""black""], [""black"", ""black"", ""black"", ""black"", ""black"", ""blue"", ""black"", ""black"", ""black"", ""black"", ""black"", ""black"", ""black"", ""black"", ""black"", ""black""], [""black"", ""black"", ""black"", ""black"", ""black"", ""blue"", ""black"", ""black"", ""black"", ""black"", ""black"", ""black"", ""black"", ""black"", ""black"", ""black""], [""black"", ""black"", ""black"", ""black"", ""black"", ""black"", ""black"", ""black"", ""black"", ""black"", ""black"", ""black"", ""black"", ""black"", ""black"", ""black""], [""black"", ""black"", ""black"", ""black"", ""black"", ""black"", ""black"", ""black"", ""black"", ""black"", ""black"", ""black"", ""black"", ""black"", ""black"", ""black""], [""black"", ""black"", ""black"", ""black"", ""black"", ""black"", ""black"", ""black"", ""black"", ""black"", ""black"", ""black"", ""black"", ""black"", ""black"", ""black""], [""black"", ""black"", ""black"", ""black"", ""black"", ""black"", ""black"", ""black"", ""black"", ""black"", ""black"", ""black"", ""black"", ""black"", ""black"", ""black""], [""black"", ""black"", ""black"", ""black"", ""black"", ""black"", ""black"", ""black"", ""black"", ""black"", ""black"", ""black"", ""black"", ""black"", ""black"", ""black""]]",,0.0,False
43,up,manual,"Task: interactive
Step: 43
Phase: Interactive
Available actions now:
- left
- right
- up
- down
- click ROW COL  (ROW first, then COL, both in 0..15; matches the (row, col) order the perception reports)
- noop
- quit
- reset

========== Start of Direct Observation ==========
[[""black"", ""black"", ""black"", ""black"", ""black"", ""black"", ""black"", ""black"", ""black"", ""black"", ""black"", ""black"", ""black"", ""black"", ""black"", ""black""], [""black"", ""black"", ""black"", ""black"", ""black"", ""black"", ""black"", ""black"", ""black"", ""black"", ""black"", ""black"", ""black"", ""black"", ""black"", ""black""], [""black"", ""black"", ""black"", ""black"", ""black"", ""black"", ""black"", ""black"", ""black"", ""black"", ""black"", ""black"", ""black"", ""black"", ""black"", ""black""], [""black"", ""black"", ""black"", ""black"", ""black"", ""black"", ""black"", ""black"", ""black"", ""black"", ""black"", ""black"", ""black"", ""black"", ""black"", ""black""], [""black"", ""black"", ""black"", ""black"", ""black"", ""black"", ""black"", ""black"", ""black"", ""black"", ""black"", ""black"", ""black"", ""black"", ""black"", ""black""], [""black"", ""black"", ""black"", ""black"", ""black"", ""black"", ""black"", ""black"", ""black"", ""black"", ""black"", ""black"", ""black"", ""black"", ""black"", ""black""], [""black"", ""black"", ""black"", ""black"", ""black"", ""black"", ""black"", ""black"", ""black"", ""black"", ""black"", ""black"", ""black"", ""black"", ""black"", ""black""], [""black"", ""black"", ""black"", ""black"", ""black"", ""black"", ""black"", ""red"", ""black"", ""black"", ""black"", ""black"", ""black"", ""black"", ""black"", ""black""], [""black"", ""black"", ""black"", ""black"", ""black"", ""black"", ""black"", ""red"", ""black"", ""black"", ""black"", ""black"", ""black"", ""black"", ""black"", ""black""], [""black"", ""black"", ""black"", ""black"", ""black"", ""black"", ""blue"", ""black"", ""black"", ""black"", ""black"", ""black"", ""black"", ""black"", ""black"", ""black""], [""black"", ""black"", ""black"", ""black"", ""black"", ""black"", ""blue"", ""black"", ""black"", ""black"", ""black"", ""black"", ""black"", ""black"", ""black"", ""black""], [""black"", ""black"", ""black"", ""black"", ""black"", ""black"", ""black"", ""black"", ""black"", ""black"", ""black"", ""black"", ""black"", ""black"", ""black"", ""black""], [""black"", ""black"", ""black"", ""black"", ""black"", ""black"", ""black"", ""black"", ""black"", ""black"", ""black"", ""black"", ""black"", ""black"", ""black"", ""black""], [""black"", ""black"", ""black"", ""black"", ""black"", ""black"", ""black"", ""black"", ""black"", ""black"", ""black"", ""black"", ""black"", ""black"", ""black"", ""black""], [""black"", ""black"", ""black"", ""black"", ""black"", ""black"", ""black"", ""black"", ""black"", ""black"", ""black"", ""black"", ""black"", ""black"", ""black"", ""black""], [""black"", ""black"", ""black"", ""black"", ""black"", ""black"", ""black"", ""black"", ""black"", ""black"", ""black"", ""black"", ""black"", ""black"", ""black"", ""black""]]",,0.0,False
44,up,manual,"Task: interactive
Step: 44
Phase: Interactive
Available actions now:
- left
- right
- up
- down
- click ROW COL  (ROW first, then COL, both in 0..15; matches the (row, col) order the perception reports)
- noop
- quit
- reset

========== Start of Direct Observation ==========
[[""black"", ""black"", ""black"", ""black"", ""black"", ""black"", ""black"", ""black"", ""black"", ""black"", ""black"", ""black"", ""black"", ""black"", ""black"", ""black""], [""black"", ""black"", ""black"", ""black"", ""black"", ""black"", ""black"", ""black"", ""black"", ""black"", ""black"", ""black"", ""black"", ""black"", ""black"", ""black""], [""black"", ""black"", ""black"", ""black"", ""black"", ""black"", ""black"", ""black"", ""black"", ""black"", ""black"", ""black"", ""black"", ""black"", ""black"", ""black""], [""black"", ""black"", ""black"", ""black"", ""black"", ""black"", ""black"", ""black"", ""black"", ""black"", ""black"", ""black"", ""black"", ""black"", ""black"", ""black""], [""black"", ""black"", ""black"", ""black"", ""black"", ""black"", ""black"", ""black"", ""black"", ""black"", ""black"", ""black"", ""black"", ""black"", ""black"", ""black""], [""black"", ""black"", ""black"", ""black"", ""black"", ""black"", ""black"", ""black"", ""black"", ""black"", ""black"", ""black"", ""black"", ""black"", ""black"", ""black""], [""black"", ""black"", ""black"", ""black"", ""black"", ""black"", ""black"", ""black"", ""black"", ""black"", ""black"", ""black"", ""black"", ""black"", ""black"", ""black""], [""black"", ""black"", ""black"", ""black"", ""black"", ""black"", ""black"", ""red"", ""black"", ""black"", ""black"", ""black"", ""black"", ""black"", ""black"", ""black""], [""black"", ""black"", ""black"", ""black"", ""black"", ""black"", ""blue"", ""red"", ""black"", ""black"", ""black"", ""black"", ""black"", ""black"", ""black"", ""black""], [""black"", ""black"", ""black"", ""black"", ""black"", ""black"", ""blue"", ""black"", ""black"", ""black"", ""black"", ""black"", ""black"", ""black"", ""black"", ""black""], [""black"", ""black"", ""black"", ""black"", ""black"", ""black"", ""black"", ""black"", ""black"", ""black"", ""black"", ""black"", ""black"", ""black"", ""black"", ""black""], [""black"", ""black"", ""black"", ""black"", ""black"", ""black"", ""black"", ""black"", ""black"", ""black"", ""black"", ""black"", ""black"", ""black"", ""black"", ""black""], [""black"", ""black"", ""black"", ""black"", ""black"", ""black"", ""black"", ""black"", ""black"", ""black"", ""black"", ""black"", ""black"", ""black"", ""black"", ""black""], [""black"", ""black"", ""black"", ""black"", ""black"", ""black"", ""black"", ""black"", ""black"", ""black"", ""black"", ""black"", ""black"", ""black"", ""black"", ""black""], [""black"", ""black"", ""black"", ""black"", ""black"", ""black"", ""black"", ""black"", ""black"", ""black"", ""black"", ""black"", ""black"", ""black"", ""black"", ""black""], [""black"", ""black"", ""black"", ""black"", ""black"", ""black"", ""black"", ""black"", ""black"", ""black"", ""black"", ""black"", ""black"", ""black"", ""black"", ""black""]]",,0.0,False
45,down,manual,"Task: interactive
Step: 45
Phase: Interactive
Available actions now:
- left
- right
- up
- down
- click ROW COL  (ROW first, then COL, both in 0..15; matches the (row, col) order the perception reports)
- noop
- quit
- reset

========== Start of Direct Observation ==========
[[""black"", ""black"", ""black"", ""black"", ""black"", ""black"", ""black"", ""black"", ""black"", ""black"", ""black"", ""black"", ""black"", ""black"", ""black"", ""black""], [""black"", ""black"", ""black"", ""black"", ""black"", ""black"", ""black"", ""black"", ""black"", ""black"", ""black"", ""black"", ""black"", ""black"", ""black"", ""black""], [""black"", ""black"", ""black"", ""black"", ""black"", ""black"", ""black"", ""black"", ""black"", ""black"", ""black"", ""black"", ""black"", ""black"", ""black"", ""black""], [""black"", ""black"", ""black"", ""black"", ""black"", ""black"", ""black"", ""black"", ""black"", ""black"", ""black"", ""black"", ""black"", ""black"", ""black"", ""black""], [""black"", ""black"", ""black"", ""black"", ""black"", ""black"", ""black"", ""black"", ""black"", ""black"", ""black"", ""black"", ""black"", ""black"", ""black"", ""black""], [""black"", ""black"", ""black"", ""black"", ""black"", ""black"", ""black"", ""black"", ""black"", ""black"", ""black"", ""black"", ""black"", ""black"", ""black"", ""black""], [""black"", ""black"", ""black"", ""black"", ""black"", ""black"", ""black"", ""black"", ""black"", ""black"", ""black"", ""black"", ""black"", ""black"", ""black"", ""black""], [""black"", ""black"", ""black"", ""black"", ""black"", ""black"", ""black"", ""red"", ""black"", ""black"", ""black"", ""black"", ""black"", ""black"", ""black"", ""black""], [""black"", ""black"", ""black"", ""black"", ""black"", ""black"", ""blue"", ""red"", ""black"", ""black"", ""black"", ""black"", ""black"", ""black"", ""black"", ""black""], [""black"", ""black"", ""black"", ""black"", ""black"", ""black"", ""blue"", ""black"", ""black"", ""black"", ""black"", ""black"", ""black"", ""black"", ""black"", ""black""], [""black"", ""black"", ""black"", ""black"", ""black"", ""black"", ""black"", ""black"", ""black"", ""black"", ""black"", ""black"", ""black"", ""black"", ""black"", ""black""], [""black"", ""black"", ""black"", ""black"", ""black"", ""black"", ""black"", ""black"", ""black"", ""black"", ""black"", ""black"", ""black"", ""black"", ""black"", ""black""], [""black"", ""black"", ""black"", ""black"", ""black"", ""black"", ""black"", ""black"", ""black"", ""black"", ""black"", ""black"", ""black"", ""black"", ""black"", ""black""], [""black"", ""black"", ""black"", ""black"", ""black"", ""black"", ""black"", ""black"", ""black"", ""black"", ""black"", ""black"", ""black"", ""black"", ""black"", ""black""], [""black"", ""black"", ""black"", ""black"", ""black"", ""black"", ""black"", ""black"", ""black"", ""black"", ""black"", ""black"", ""black"", ""black"", ""black"", ""black""], [""black"", ""black"", ""black"", ""black"", ""black"", ""black"", ""black"", ""black"", ""black"", ""black"", ""black"", ""black"", ""black"", ""black"", ""black"", ""black""]]",,0.0,False
46,right,manual,"Task: interactive
Step: 46
Phase: Interactive
Available actions now:
- left
- right
- up
- down
- click ROW COL  (ROW first, then COL, both in 0..15; matches the (row, col) order the perception reports)
- noop
- quit
- reset

========== Start of Direct Observation ==========
[[""black"", ""black"", ""black"", ""black"", ""black"", ""black"", ""black"", ""black"", ""black"", ""black"", ""black"", ""black"", ""black"", ""black"", ""black"", ""black""], [""black"", ""black"", ""black"", ""black"", ""black"", ""black"", ""black"", ""black"", ""black"", ""black"", ""black"", ""black"", ""black"", ""black"", ""black"", ""black""], [""black"", ""black"", ""black"", ""black"", ""black"", ""black"", ""black"", ""black"", ""black"", ""black"", ""black"", ""black"", ""black"", ""black"", ""black"", ""black""], [""black"", ""black"", ""black"", ""black"", ""black"", ""black"", ""black"", ""black"", ""black"", ""black"", ""black"", ""black"", ""black"", ""black"", ""black"", ""black""], [""black"", ""black"", ""black"", ""black"", ""black"", ""black"", ""black"", ""black"", ""black"", ""black"", ""black"", ""black"", ""black"", ""black"", ""black"", ""black""], [""black"", ""black"", ""black"", ""black"", ""black"", ""black"", ""black"", ""black"", ""black"", ""black"", ""black"", ""black"", ""black"", ""black"", ""black"", ""black""], [""black"", ""black"", ""black"", ""black"", ""black"", ""black"", ""black"", ""black"", ""black"", ""black"", ""black"", ""black"", ""black"", ""black"", ""black"", ""black""], [""black"", ""black"", ""black"", ""black"", ""black"", ""black"", ""black"", ""red"", ""black"", ""black"", ""black"", ""black"", ""black"", ""black"", ""black"", ""black""], [""black"", ""black"", ""black"", ""black"", ""black"", ""black"", ""black"", ""red"", ""black"", ""black"", ""black"", ""black"", ""black"", ""black"", ""black"", ""black""], [""black"", ""black"", ""black"", ""black"", ""black"", ""black"", ""blue"", ""black"", ""black"", ""black"", ""black"", ""black"", ""black"", ""black"", ""black"", ""black""], [""black"", ""black"", ""black"", ""black"", ""black"", ""black"", ""blue"", ""black"", ""black"", ""black"", ""black"", ""black"", ""black"", ""black"", ""black"", ""black""], [""black"", ""black"", ""black"", ""black"", ""black"", ""black"", ""black"", ""black"", ""black"", ""black"", ""black"", ""black"", ""black"", ""black"", ""black"", ""black""], [""black"", ""black"", ""black"", ""black"", ""black"", ""black"", ""black"", ""black"", ""black"", ""black"", ""black"", ""black"", ""black"", ""black"", ""black"", ""black""], [""black"", ""black"", ""black"", ""black"", ""black"", ""black"", ""black"", ""black"", ""black"", ""black"", ""black"", ""black"", ""black"", ""black"", ""black"", ""black""], [""black"", ""black"", ""black"", ""black"", ""black"", ""black"", ""black"", ""black"", ""black"", ""black"", ""black"", ""black"", ""black"", ""black"", ""black"", ""black""], [""black"", ""black"", ""black"", ""black"", ""black"", ""black"", ""black"", ""black"", ""black"", ""black"", ""black"", ""black"", ""black"", ""black"", ""black"", ""black""]]",,0.0,False
47,up,manual,"Task: interactive
Step: 47
Phase: Interactive
Available actions now:
- left
- right
- up
- down
- click ROW COL  (ROW first, then COL, both in 0..15; matches the (row, col) order the perception reports)
- noop
- quit
- reset

========== Start of Direct Observation ==========
[[""black"", ""black"", ""black"", ""black"", ""black"", ""black"", ""black"", ""black"", ""black"", ""black"", ""black"", ""black"", ""black"", ""black"", ""black"", ""black""], [""black"", ""black"", ""black"", ""black"", ""black"", ""black"", ""black"", ""black"", ""black"", ""black"", ""black"", ""black"", ""black"", ""black"", ""black"", ""black""], [""black"", ""black"", ""black"", ""black"", ""black"", ""black"", ""black"", ""black"", ""black"", ""black"", ""black"", ""black"", ""black"", ""black"", ""black"", ""black""], [""black"", ""black"", ""black"", ""black"", ""black"", ""black"", ""black"", ""black"", ""black"", ""black"", ""black"", ""black"", ""black"", ""black"", ""black"", ""black""], [""black"", ""black"", ""black"", ""black"", ""black"", ""black"", ""black"", ""black"", ""black"", ""black"", ""black"", ""black"", ""black"", ""black"", ""black"", ""black""], [""black"", ""black"", ""black"", ""black"", ""black"", ""black"", ""black"", ""black"", ""black"", ""black"", ""black"", ""black"", ""black"", ""black"", ""black"", ""black""], [""black"", ""black"", ""black"", ""black"", ""black"", ""black"", ""black"", ""black"", ""black"", ""black"", ""black"", ""black"", ""black"", ""black"", ""black"", ""black""], [""black"", ""black"", ""black"", ""black"", ""black"", ""black"", ""black"", ""red"", ""black"", ""black"", ""black"", ""black"", ""black"", ""black"", ""black"", ""black""], [""black"", ""black"", ""black"", ""black"", ""black"", ""black"", ""black"", ""red"", ""black"", ""black"", ""black"", ""black"", ""black"", ""black"", ""black"", ""black""], [""black"", ""black"", ""black"", ""black"", ""black"", ""black"", ""black"", ""blue"", ""black"", ""black"", ""black"", ""black"", ""black"", ""black"", ""black"", ""black""], [""black"", ""black"", ""black"", ""black"", ""black"", ""black"", ""black"", ""blue"", ""black"", ""black"", ""black"", ""black"", ""black"", ""black"", ""black"", ""black""], [""black"", ""black"", ""black"", ""black"", ""black"", ""black"", ""black"", ""black"", ""black"", ""black"", ""black"", ""black"", ""black"", ""black"", ""black"", ""black""], [""black"", ""black"", ""black"", ""black"", ""black"", ""black"", ""black"", ""black"", ""black"", ""black"", ""black"", ""black"", ""black"", ""black"", ""black"", ""black""], [""black"", ""black"", ""black"", ""black"", ""black"", ""black"", ""black"", ""black"", ""black"", ""black"", ""black"", ""black"", ""black"", ""black"", ""black"", ""black""], [""black"", ""black"", ""black"", ""black"", ""black"", ""black"", ""black"", ""black"", ""black"", ""black"", ""black"", ""black"", ""black"", ""black"", ""black"", ""black""], [""black"", ""black"", ""black"", ""black"", ""black"", ""black"", ""black"", ""black"", ""black"", ""black"", ""black"", ""black"", ""black"", ""black"", ""black"", ""black""]]",,0.0,False
48,right,manual,"Task: interactive
Step: 48
Phase: Interactive
Available actions now:
- left
- right
- up
- down
- click ROW COL  (ROW first, then COL, both in 0..15; matches the (row, col) order the perception reports)
- noop
- quit
- reset

========== Start of Direct Observation ==========
[[""black"", ""black"", ""black"", ""black"", ""black"", ""black"", ""black"", ""black"", ""black"", ""black"", ""black"", ""black"", ""black"", ""black"", ""black"", ""black""], [""black"", ""black"", ""black"", ""black"", ""black"", ""black"", ""black"", ""black"", ""black"", ""black"", ""black"", ""black"", ""black"", ""black"", ""black"", ""black""], [""black"", ""black"", ""black"", ""black"", ""black"", ""black"", ""black"", ""black"", ""black"", ""black"", ""black"", ""black"", ""black"", ""black"", ""black"", ""black""], [""black"", ""black"", ""black"", ""black"", ""black"", ""black"", ""black"", ""black"", ""black"", ""black"", ""black"", ""black"", ""black"", ""black"", ""black"", ""black""], [""black"", ""black"", ""black"", ""black"", ""black"", ""black"", ""black"", ""black"", ""black"", ""black"", ""black"", ""black"", ""black"", ""black"", ""black"", ""black""], [""black"", ""black"", ""black"", ""black"", ""black"", ""black"", ""black"", ""black"", ""black"", ""black"", ""black"", ""black"", ""black"", ""black"", ""black"", ""black""], [""black"", ""black"", ""black"", ""black"", ""black"", ""black"", ""black"", ""black"", ""black"", ""black"", ""black"", ""black"", ""black"", ""black"", ""black"", ""black""], [""black"", ""black"", ""black"", ""black"", ""black"", ""black"", ""black"", ""red"", ""black"", ""black"", ""black"", ""black"", ""black"", ""black"", ""black"", ""black""], [""black"", ""black"", ""black"", ""black"", ""black"", ""black"", ""black"", ""red"", ""black"", ""black"", ""black"", ""black"", ""black"", ""black"", ""black"", ""black""], [""black"", ""black"", ""black"", ""black"", ""black"", ""black"", ""black"", ""blue"", ""black"", ""black"", ""black"", ""black"", ""black"", ""black"", ""black"", ""black""], [""black"", ""black"", ""black"", ""black"", ""black"", ""black"", ""black"", ""blue"", ""black"", ""black"", ""black"", ""black"", ""black"", ""black"", ""black"", ""black""], [""black"", ""black"", ""black"", ""black"", ""black"", ""black"", ""black"", ""black"", ""black"", ""black"", ""black"", ""black"", ""black"", ""black"", ""black"", ""black""], [""black"", ""black"", ""black"", ""black"", ""black"", ""black"", ""black"", ""black"", ""black"", ""black"", ""black"", ""black"", ""black"", ""black"", ""black"", ""black""], [""black"", ""black"", ""black"", ""black"", ""black"", ""black"", ""black"", ""black"", ""black"", ""black"", ""black"", ""black"", ""black"", ""black"", ""black"", ""black""], [""black"", ""black"", ""black"", ""black"", ""black"", ""black"", ""black"", ""black"", ""black"", ""black"", ""black"", ""black"", ""black"", ""black"", ""black"", ""black""], [""black"", ""black"", ""black"", ""black"", ""black"", ""black"", ""black"", ""black"", ""black"", ""black"", ""black"", ""black"", ""black"", ""black"", ""black"", ""black""]]",,0.0,False
49,right,manual,"Task: interactive
Step: 49
Phase: Interactive
Available actions now:
- left
- right
- up
- down
- click ROW COL  (ROW first, then COL, both in 0..15; matches the (row, col) order the perception reports)
- noop
- quit
- reset

========== Start of Direct Observation ==========
[[""black"", ""black"", ""black"", ""black"", ""black"", ""black"", ""black"", ""black"", ""black"", ""black"", ""black"", ""black"", ""black"", ""black"", ""black"", ""black""], [""black"", ""black"", ""black"", ""black"", ""black"", ""black"", ""black"", ""black"", ""black"", ""black"", ""black"", ""black"", ""black"", ""black"", ""black"", ""black""], [""black"", ""black"", ""black"", ""black"", ""black"", ""black"", ""black"", ""black"", ""black"", ""black"", ""black"", ""black"", ""black"", ""black"", ""black"", ""black""], [""black"", ""black"", ""black"", ""black"", ""black"", ""black"", ""black"", ""black"", ""black"", ""black"", ""black"", ""black"", ""black"", ""black"", ""black"", ""black""], [""black"", ""black"", ""black"", ""black"", ""black"", ""black"", ""black"", ""black"", ""black"", ""black"", ""black"", ""black"", ""black"", ""black"", ""black"", ""black""], [""black"", ""black"", ""black"", ""black"", ""black"", ""black"", ""black"", ""black"", ""black"", ""black"", ""black"", ""black"", ""black"", ""black"", ""black"", ""black""], [""black"", ""black"", ""black"", ""black"", ""black"", ""black"", ""black"", ""black"", ""black"", ""black"", ""black"", ""black"", ""black"", ""black"", ""black"", ""black""], [""black"", ""black"", ""black"", ""black"", ""black"", ""black"", ""black"", ""red"", ""black"", ""black"", ""black"", ""black"", ""black"", ""black"", ""black"", ""black""], [""black"", ""black"", ""black"", ""black"", ""black"", ""black"", ""black"", ""red"", ""black"", ""black"", ""black"", ""black"", ""black"", ""black"", ""black"", ""black""], [""black"", ""black"", ""black"", ""black"", ""black"", ""black"", ""black"", ""black"", ""blue"", ""black"", ""black"", ""black"", ""black"", ""black"", ""black"", ""black""], [""black"", ""black"", ""black"", ""black"", ""black"", ""black"", ""black"", ""black"", ""blue"", ""black"", ""black"", ""black"", ""black"", ""black"", ""black"", ""black""], [""black"", ""black"", ""black"", ""black"", ""black"", ""black"", ""black"", ""black"", ""black"", ""black"", ""black"", ""black"", ""black"", ""black"", ""black"", ""black""], [""black"", ""black"", ""black"", ""black"", ""black"", ""black"", ""black"", ""black"", ""black"", ""black"", ""black"", ""black"", ""black"", ""black"", ""black"", ""black""], [""black"", ""black"", ""black"", ""black"", ""black"", ""black"", ""black"", ""black"", ""black"", ""black"", ""black"", ""black"", ""black"", ""black"", ""black"", ""black""], [""black"", ""black"", ""black"", ""black"", ""black"", ""black"", ""black"", ""black"", ""black"", ""black"", ""black"", ""black"", ""black"", ""black"", ""black"", ""black""], [""black"", ""black"", ""black"", ""black"", ""black"", ""black"", ""black"", ""black"", ""black"", ""black"", ""black"", ""black"", ""black"", ""black"", ""black"", ""black""]]",,0.0,False
50,up,manual,"Task: interactive
Step: 50
Phase: Interactive
Available actions now:
- left
- right
- up
- down
- click ROW COL  (ROW first, then COL, both in 0..15; matches the (row, col) order the perception reports)
- noop
- quit
- reset

========== Start of Direct Observation ==========
[[""black"", ""black"", ""black"", ""black"", ""black"", ""black"", ""black"", ""black"", ""black"", ""black"", ""black"", ""black"", ""black"", ""black"", ""black"", ""black""], [""black"", ""black"", ""black"", ""black"", ""black"", ""black"", ""black"", ""black"", ""black"", ""black"", ""black"", ""black"", ""black"", ""black"", ""black"", ""black""], [""black"", ""black"", ""black"", ""black"", ""black"", ""black"", ""black"", ""black"", ""black"", ""black"", ""black"", ""black"", ""black"", ""black"", ""black"", ""black""], [""black"", ""black"", ""black"", ""black"", ""black"", ""black"", ""black"", ""black"", ""black"", ""black"", ""black"", ""black"", ""black"", ""black"", ""black"", ""black""], [""black"", ""black"", ""black"", ""black"", ""black"", ""black"", ""black"", ""black"", ""black"", ""black"", ""black"", ""black"", ""black"", ""black"", ""black"", ""black""], [""black"", ""black"", ""black"", ""black"", ""black"", ""black"", ""black"", ""black"", ""black"", ""black"", ""black"", ""black"", ""black"", ""black"", ""black"", ""black""], [""black"", ""black"", ""black"", ""black"", ""black"", ""black"", ""black"", ""black"", ""black"", ""black"", ""black"", ""black"", ""black"", ""black"", ""black"", ""black""], [""black"", ""black"", ""black"", ""black"", ""black"", ""black"", ""black"", ""red"", ""black"", ""black"", ""black"", ""black"", ""black"", ""black"", ""black"", ""black""], [""black"", ""black"", ""black"", ""black"", ""black"", ""black"", ""black"", ""red"", ""black"", ""black"", ""black"", ""black"", ""black"", ""black"", ""black"", ""black""], [""black"", ""black"", ""black"", ""black"", ""black"", ""black"", ""black"", ""black"", ""black"", ""blue"", ""black"", ""black"", ""black"", ""black"", ""black"", ""black""], [""black"", ""black"", ""black"", ""black"", ""black"", ""black"", ""black"", ""black"", ""black"", ""blue"", ""black"", ""black"", ""black"", ""black"", ""black"", ""black""], [""black"", ""black"", ""black"", ""black"", ""black"", ""black"", ""black"", ""black"", ""black"", ""black"", ""black"", ""black"", ""black"", ""black"", ""black"", ""black""], [""black"", ""black"", ""black"", ""black"", ""black"", ""black"", ""black"", ""black"", ""black"", ""black"", ""black"", ""black"", ""black"", ""black"", ""black"", ""black""], [""black"", ""black"", ""black"", ""black"", ""black"", ""black"", ""black"", ""black"", ""black"", ""black"", ""black"", ""black"", ""black"", ""black"", ""black"", ""black""], [""black"", ""black"", ""black"", ""black"", ""black"", ""black"", ""black"", ""black"", ""black"", ""black"", ""black"", ""black"", ""black"", ""black"", ""black"", ""black""], [""black"", ""black"", ""black"", ""black"", ""black"", ""black"", ""black"", ""black"", ""black"", ""black"", ""black"", ""black"", ""black"", ""black"", ""black"", ""black""]]",,0.0,False
51,down,manual,"Task: interactive
Step: 51
Phase: Interactive
Available actions now:
- left
- right
- up
- down
- click ROW COL  (ROW first, then COL, both in 0..15; matches the (row, col) order the perception reports)
- noop
- quit
- reset

========== Start of Direct Observation ==========
[[""black"", ""black"", ""black"", ""black"", ""black"", ""black"", ""black"", ""black"", ""black"", ""black"", ""black"", ""black"", ""black"", ""black"", ""black"", ""black""], [""black"", ""black"", ""black"", ""black"", ""black"", ""black"", ""black"", ""black"", ""black"", ""black"", ""black"", ""black"", ""black"", ""black"", ""black"", ""black""], [""black"", ""black"", ""black"", ""black"", ""black"", ""black"", ""black"", ""black"", ""black"", ""black"", ""black"", ""black"", ""black"", ""black"", ""black"", ""black""], [""black"", ""black"", ""black"", ""black"", ""black"", ""black"", ""black"", ""black"", ""black"", ""black"", ""black"", ""black"", ""black"", ""black"", ""black"", ""black""], [""black"", ""black"", ""black"", ""black"", ""black"", ""black"", ""black"", ""black"", ""black"", ""black"", ""black"", ""black"", ""black"", ""black"", ""black"", ""black""], [""black"", ""black"", ""black"", ""black"", ""black"", ""black"", ""black"", ""black"", ""black"", ""black"", ""black"", ""black"", ""black"", ""black"", ""black"", ""black""], [""black"", ""black"", ""black"", ""black"", ""black"", ""black"", ""black"", ""black"", ""black"", ""black"", ""black"", ""black"", ""black"", ""black"", ""black"", ""black""], [""black"", ""black"", ""black"", ""black"", ""black"", ""black"", ""black"", ""red"", ""black"", ""black"", ""black"", ""black"", ""black"", ""black"", ""black"", ""black""], [""black"", ""black"", ""black"", ""black"", ""black"", ""black"", ""black"", ""red"", ""blue"", ""black"", ""black"", ""black"", ""black"", ""black"", ""black"", ""black""], [""black"", ""black"", ""black"", ""black"", ""black"", ""black"", ""black"", ""black"", ""blue"", ""black"", ""black"", ""black"", ""black"", ""black"", ""black"", ""black""], [""black"", ""black"", ""black"", ""black"", ""black"", ""black"", ""black"", ""black"", ""black"", ""black"", ""black"", ""black"", ""black"", ""black"", ""black"", ""black""], [""black"", ""black"", ""black"", ""black"", ""black"", ""black"", ""black"", ""black"", ""black"", ""black"", ""black"", ""black"", ""black"", ""black"", ""black"", ""black""], [""black"", ""black"", ""black"", ""black"", ""black"", ""black"", ""black"", ""black"", ""black"", ""black"", ""black"", ""black"", ""black"", ""black"", ""black"", ""black""], [""black"", ""black"", ""black"", ""black"", ""black"", ""black"", ""black"", ""black"", ""black"", ""black"", ""black"", ""black"", ""black"", ""black"", ""black"", ""black""], [""black"", ""black"", ""black"", ""black"", ""black"", ""black"", ""black"", ""black"", ""black"", ""black"", ""black"", ""black"", ""black"", ""black"", ""black"", ""black""], [""black"", ""black"", ""black"", ""black"", ""black"", ""black"", ""black"", ""black"", ""black"", ""black"", ""black"", ""black"", ""black"", ""black"", ""black"", ""black""]]",,0.0,False
52,left,manual,"Task: interactive
Step: 52
Phase: Interactive
Available actions now:
- left
- right
- up
- down
- click ROW COL  (ROW first, then COL, both in 0..15; matches the (row, col) order the perception reports)
- noop
- quit
- reset

========== Start of Direct Observation ==========
[[""black"", ""black"", ""black"", ""black"", ""black"", ""black"", ""black"", ""black"", ""black"", ""black"", ""black"", ""black"", ""black"", ""black"", ""black"", ""black""], [""black"", ""black"", ""black"", ""black"", ""black"", ""black"", ""black"", ""black"", ""black"", ""black"", ""black"", ""black"", ""black"", ""black"", ""black"", ""black""], [""black"", ""black"", ""black"", ""black"", ""black"", ""black"", ""black"", ""black"", ""black"", ""black"", ""black"", ""black"", ""black"", ""black"", ""black"", ""black""], [""black"", ""black"", ""black"", ""black"", ""black"", ""black"", ""black"", ""black"", ""black"", ""black"", ""black"", ""black"", ""black"", ""black"", ""black"", ""black""], [""black"", ""black"", ""black"", ""black"", ""black"", ""black"", ""black"", ""black"", ""black"", ""black"", ""black"", ""black"", ""black"", ""black"", ""black"", ""black""], [""black"", ""black"", ""black"", ""black"", ""black"", ""black"", ""black"", ""black"", ""black"", ""black"", ""black"", ""black"", ""black"", ""black"", ""black"", ""black""], [""black"", ""black"", ""black"", ""black"", ""black"", ""black"", ""black"", ""black"", ""black"", ""black"", ""black"", ""black"", ""black"", ""black"", ""black"", ""black""], [""black"", ""black"", ""black"", ""black"", ""black"", ""black"", ""black"", ""red"", ""black"", ""black"", ""black"", ""black"", ""black"", ""black"", ""black"", ""black""], [""black"", ""black"", ""black"", ""black"", ""black"", ""black"", ""black"", ""red"", ""black"", ""black"", ""black"", ""black"", ""black"", ""black"", ""black"", ""black""], [""black"", ""black"", ""black"", ""black"", ""black"", ""black"", ""black"", ""black"", ""blue"", ""black"", ""black"", ""black"", ""black"", ""black"", ""black"", ""black""], [""black"", ""black"", ""black"", ""black"", ""black"", ""black"", ""black"", ""black"", ""blue"", ""black"", ""black"", ""black"", ""black"", ""black"", ""black"", ""black""], [""black"", ""black"", ""black"", ""black"", ""black"", ""black"", ""black"", ""black"", ""black"", ""black"", ""black"", ""black"", ""black"", ""black"", ""black"", ""black""], [""black"", ""black"", ""black"", ""black"", ""black"", ""black"", ""black"", ""black"", ""black"", ""black"", ""black"", ""black"", ""black"", ""black"", ""black"", ""black""], [""black"", ""black"", ""black"", ""black"", ""black"", ""black"", ""black"", ""black"", ""black"", ""black"", ""black"", ""black"", ""black"", ""black"", ""black"", ""black""], [""black"", ""black"", ""black"", ""black"", ""black"", ""black"", ""black"", ""black"", ""black"", ""black"", ""black"", ""black"", ""black"", ""black"", ""black"", ""black""], [""black"", ""black"", ""black"", ""black"", ""black"", ""black"", ""black"", ""black"", ""black"", ""black"", ""black"", ""black"", ""black"", ""black"", ""black"", ""black""]]",,0.0,False
53,left,manual,"Task: interactive
Step: 53
Phase: Interactive
Available actions now:
- left
- right
- up
- down
- click ROW COL  (ROW first, then COL, both in 0..15; matches the (row, col) order the perception reports)
- noop
- quit
- reset

========== Start of Direct Observation ==========
[[""black"", ""black"", ""black"", ""black"", ""black"", ""black"", ""black"", ""black"", ""black"", ""black"", ""black"", ""black"", ""black"", ""black"", ""black"", ""black""], [""black"", ""black"", ""black"", ""black"", ""black"", ""black"", ""black"", ""black"", ""black"", ""black"", ""black"", ""black"", ""black"", ""black"", ""black"", ""black""], [""black"", ""black"", ""black"", ""black"", ""black"", ""black"", ""black"", ""black"", ""black"", ""black"", ""black"", ""black"", ""black"", ""black"", ""black"", ""black""], [""black"", ""black"", ""black"", ""black"", ""black"", ""black"", ""black"", ""black"", ""black"", ""black"", ""black"", ""black"", ""black"", ""black"", ""black"", ""black""], [""black"", ""black"", ""black"", ""black"", ""black"", ""black"", ""black"", ""black"", ""black"", ""black"", ""black"", ""black"", ""black"", ""black"", ""black"", ""black""], [""black"", ""black"", ""black"", ""black"", ""black"", ""black"", ""black"", ""black"", ""black"", ""black"", ""black"", ""black"", ""black"", ""black"", ""black"", ""black""], [""black"", ""black"", ""black"", ""black"", ""black"", ""black"", ""black"", ""black"", ""black"", ""black"", ""black"", ""black"", ""black"", ""black"", ""black"", ""black""], [""black"", ""black"", ""black"", ""black"", ""black"", ""black"", ""black"", ""red"", ""black"", ""black"", ""black"", ""black"", ""black"", ""black"", ""black"", ""black""], [""black"", ""black"", ""black"", ""black"", ""black"", ""black"", ""black"", ""red"", ""black"", ""black"", ""black"", ""black"", ""black"", ""black"", ""black"", ""black""], [""black"", ""black"", ""black"", ""black"", ""black"", ""black"", ""black"", ""blue"", ""black"", ""black"", ""black"", ""black"", ""black"", ""black"", ""black"", ""black""], [""black"", ""black"", ""black"", ""black"", ""black"", ""black"", ""black"", ""blue"", ""black"", ""black"", ""black"", ""black"", ""black"", ""black"", ""black"", ""black""], [""black"", ""black"", ""black"", ""black"", ""black"", ""black"", ""black"", ""black"", ""black"", ""black"", ""black"", ""black"", ""black"", ""black"", ""black"", ""black""], [""black"", ""black"", ""black"", ""black"", ""black"", ""black"", ""black"", ""black"", ""black"", ""black"", ""black"", ""black"", ""black"", ""black"", ""black"", ""black""], [""black"", ""black"", ""black"", ""black"", ""black"", ""black"", ""black"", ""black"", ""black"", ""black"", ""black"", ""black"", ""black"", ""black"", ""black"", ""black""], [""black"", ""black"", ""black"", ""black"", ""black"", ""black"", ""black"", ""black"", ""black"", ""black"", ""black"", ""black"", ""black"", ""black"", ""black"", ""black""], [""black"", ""black"", ""black"", ""black"", ""black"", ""black"", ""black"", ""black"", ""black"", ""black"", ""black"", ""black"", ""black"", ""black"", ""black"", ""black""]]",,0.0,False
54,left,manual,"Task: interactive
Step: 54
Phase: Interactive
Available actions now:
- left
- right
- up
- down
- click ROW COL  (ROW first, then COL, both in 0..15; matches the (row, col) order the perception reports)
- noop
- quit
- reset

========== Start of Direct Observation ==========
[[""black"", ""black"", ""black"", ""black"", ""black"", ""black"", ""black"", ""black"", ""black"", ""black"", ""black"", ""black"", ""black"", ""black"", ""black"", ""black""], [""black"", ""black"", ""black"", ""black"", ""black"", ""black"", ""black"", ""black"", ""black"", ""black"", ""black"", ""black"", ""black"", ""black"", ""black"", ""black""], [""black"", ""black"", ""black"", ""black"", ""black"", ""black"", ""black"", ""black"", ""black"", ""black"", ""black"", ""black"", ""black"", ""black"", ""black"", ""black""], [""black"", ""black"", ""black"", ""black"", ""black"", ""black"", ""black"", ""black"", ""black"", ""black"", ""black"", ""black"", ""black"", ""black"", ""black"", ""black""], [""black"", ""black"", ""black"", ""black"", ""black"", ""black"", ""black"", ""black"", ""black"", ""black"", ""black"", ""black"", ""black"", ""black"", ""black"", ""black""], [""black"", ""black"", ""black"", ""black"", ""black"", ""black"", ""black"", ""black"", ""black"", ""black"", ""black"", ""black"", ""black"", ""black"", ""black"", ""black""], [""black"", ""black"", ""black"", ""black"", ""black"", ""black"", ""black"", ""black"", ""black"", ""black"", ""black"", ""black"", ""black"", ""black"", ""black"", ""black""], [""black"", ""black"", ""black"", ""black"", ""black"", ""black"", ""black"", ""red"", ""black"", ""black"", ""black"", ""black"", ""black"", ""black"", ""black"", ""black""], [""black"", ""black"", ""black"", ""black"", ""black"", ""black"", ""black"", ""red"", ""black"", ""black"", ""black"", ""black"", ""black"", ""black"", ""black"", ""black""], [""black"", ""black"", ""black"", ""black"", ""black"", ""black"", ""blue"", ""black"", ""black"", ""black"", ""black"", ""black"", ""black"", ""black"", ""black"", ""black""], [""black"", ""black"", ""black"", ""black"", ""black"", ""black"", ""blue"", ""black"", ""black"", ""black"", ""black"", ""black"", ""black"", ""black"", ""black"", ""black""], [""black"", ""black"", ""black"", ""black"", ""black"", ""black"", ""black"", ""black"", ""black"", ""black"", ""black"", ""black"", ""black"", ""black"", ""black"", ""black""], [""black"", ""black"", ""black"", ""black"", ""black"", ""black"", ""black"", ""black"", ""black"", ""black"", ""black"", ""black"", ""black"", ""black"", ""black"", ""black""], [""black"", ""black"", ""black"", ""black"", ""black"", ""black"", ""black"", ""black"", ""black"", ""black"", ""black"", ""black"", ""black"", ""black"", ""black"", ""black""], [""black"", ""black"", ""black"", ""black"", ""black"", ""black"", ""black"", ""black"", ""black"", ""black"", ""black"", ""black"", ""black"", ""black"", ""black"", ""black""], [""black"", ""black"", ""black"", ""black"", ""black"", ""black"", ""black"", ""black"", ""black"", ""black"", ""black"", ""black"", ""black"", ""black"", ""black"", ""black""]]",,0.0,False
55,left,manual,"Task: interactive
Step: 55
Phase: Interactive
Available actions now:
- left
- right
- up
- down
- click ROW COL  (ROW first, then COL, both in 0..15; matches the (row, col) order the perception reports)
- noop
- quit
- reset

========== Start of Direct Observation ==========
[[""black"", ""black"", ""black"", ""black"", ""black"", ""black"", ""black"", ""black"", ""black"", ""black"", ""black"", ""black"", ""black"", ""black"", ""black"", ""black""], [""black"", ""black"", ""black"", ""black"", ""black"", ""black"", ""black"", ""black"", ""black"", ""black"", ""black"", ""black"", ""black"", ""black"", ""black"", ""black""], [""black"", ""black"", ""black"", ""black"", ""black"", ""black"", ""black"", ""black"", ""black"", ""black"", ""black"", ""black"", ""black"", ""black"", ""black"", ""black""], [""black"", ""black"", ""black"", ""black"", ""black"", ""black"", ""black"", ""black"", ""black"", ""black"", ""black"", ""black"", ""black"", ""black"", ""black"", ""black""], [""black"", ""black"", ""black"", ""black"", ""black"", ""black"", ""black"", ""black"", ""black"", ""black"", ""black"", ""black"", ""black"", ""black"", ""black"", ""black""], [""black"", ""black"", ""black"", ""black"", ""black"", ""black"", ""black"", ""black"", ""black"", ""black"", ""black"", ""black"", ""black"", ""black"", ""black"", ""black""], [""black"", ""black"", ""black"", ""black"", ""black"", ""black"", ""black"", ""black"", ""black"", ""black"", ""black"", ""black"", ""black"", ""black"", ""black"", ""black""], [""black"", ""black"", ""black"", ""black"", ""black"", ""black"", ""black"", ""red"", ""black"", ""black"", ""black"", ""black"", ""black"", ""black"", ""black"", ""black""], [""black"", ""black"", ""black"", ""black"", ""black"", ""black"", ""black"", ""red"", ""black"", ""black"", ""black"", ""black"", ""black"", ""black"", ""black"", ""black""], [""black"", ""black"", ""black"", ""black"", ""black"", ""blue"", ""black"", ""black"", ""black"", ""black"", ""black"", ""black"", ""black"", ""black"", ""black"", ""black""], [""black"", ""black"", ""black"", ""black"", ""black"", ""blue"", ""black"", ""black"", ""black"", ""black"", ""black"", ""black"", ""black"", ""black"", ""black"", ""black""], [""black"", ""black"", ""black"", ""black"", ""black"", ""black"", ""black"", ""black"", ""black"", ""black"", ""black"", ""black"", ""black"", ""black"", ""black"", ""black""], [""black"", ""black"", ""black"", ""black"", ""black"", ""black"", ""black"", ""black"", ""black"", ""black"", ""black"", ""black"", ""black"", ""black"", ""black"", ""black""], [""black"", ""black"", ""black"", ""black"", ""black"", ""black"", ""black"", ""black"", ""black"", ""black"", ""black"", ""black"", ""black"", ""black"", ""black"", ""black""], [""black"", ""black"", ""black"", ""black"", ""black"", ""black"", ""black"", ""black"", ""black"", ""black"", ""black"", ""black"", ""black"", ""black"", ""black"", ""black""], [""black"", ""black"", ""black"", ""black"", ""black"", ""black"", ""black"", ""black"", ""black"", ""black"", ""black"", ""black"", ""black"", ""black"", ""black"", ""black""]]",,0.0,False
56,up,manual,"Task: interactive
Step: 56
Phase: Interactive
Available actions now:
- left
- right
- up
- down
- click ROW COL  (ROW first, then COL, both in 0..15; matches the (row, col) order the perception reports)
- noop
- quit
- reset

========== Start of Direct Observation ==========
[[""black"", ""black"", ""black"", ""black"", ""black"", ""black"", ""black"", ""black"", ""black"", ""black"", ""black"", ""black"", ""black"", ""black"", ""black"", ""black""], [""black"", ""black"", ""black"", ""black"", ""black"", ""black"", ""black"", ""black"", ""black"", ""black"", ""black"", ""black"", ""black"", ""black"", ""black"", ""black""], [""black"", ""black"", ""black"", ""black"", ""black"", ""black"", ""black"", ""black"", ""black"", ""black"", ""black"", ""black"", ""black"", ""black"", ""black"", ""black""], [""black"", ""black"", ""black"", ""black"", ""black"", ""black"", ""black"", ""black"", ""black"", ""black"", ""black"", ""black"", ""black"", ""black"", ""black"", ""black""], [""black"", ""black"", ""black"", ""black"", ""black"", ""black"", ""black"", ""black"", ""black"", ""black"", ""black"", ""black"", ""black"", ""black"", ""black"", ""black""], [""black"", ""black"", ""black"", ""black"", ""black"", ""black"", ""black"", ""black"", ""black"", ""black"", ""black"", ""black"", ""black"", ""black"", ""black"", ""black""], [""black"", ""black"", ""black"", ""black"", ""black"", ""black"", ""black"", ""black"", ""black"", ""black"", ""black"", ""black"", ""black"", ""black"", ""black"", ""black""], [""black"", ""black"", ""black"", ""black"", ""black"", ""black"", ""black"", ""red"", ""black"", ""black"", ""black"", ""black"", ""black"", ""black"", ""black"", ""black""], [""black"", ""black"", ""black"", ""black"", ""black"", ""black"", ""black"", ""red"", ""black"", ""black"", ""black"", ""black"", ""black"", ""black"", ""black"", ""black""], [""black"", ""black"", ""black"", ""black"", ""blue"", ""black"", ""black"", ""black"", ""black"", ""black"", ""black"", ""black"", ""black"", ""black"", ""black"", ""black""], [""black"", ""black"", ""black"", ""black"", ""blue"", ""black"", ""black"", ""black"", ""black"", ""black"", ""black"", ""black"", ""black"", ""black"", ""black"", ""black""], [""black"", ""black"", ""black"", ""black"", ""black"", ""black"", ""black"", ""black"", ""black"", ""black"", ""black"", ""black"", ""black"", ""black"", ""black"", ""black""], [""black"", ""black"", ""black"", ""black"", ""black"", ""black"", ""black"", ""black"", ""black"", ""black"", ""black"", ""black"", ""black"", ""black"", ""black"", ""black""], [""black"", ""black"", ""black"", ""black"", ""black"", ""black"", ""black"", ""black"", ""black"", ""black"", ""black"", ""black"", ""black"", ""black"", ""black"", ""black""], [""black"", ""black"", ""black"", ""black"", ""black"", ""black"", ""black"", ""black"", ""black"", ""black"", ""black"", ""black"", ""black"", ""black"", ""black"", ""black""], [""black"", ""black"", ""black"", ""black"", ""black"", ""black"", ""black"", ""black"", ""black"", ""black"", ""black"", ""black"", ""black"", ""black"", ""black"", ""black""]]",,0.0,False
57,up,manual,"Task: interactive
Step: 57
Phase: Interactive
Available actions now:
- left
- right
- up
- down
- click ROW COL  (ROW first, then COL, both in 0..15; matches the (row, col) order the perception reports)
- noop
- quit
- reset

========== Start of Direct Observation ==========
[[""black"", ""black"", ""black"", ""black"", ""black"", ""black"", ""black"", ""black"", ""black"", ""black"", ""black"", ""black"", ""black"", ""black"", ""black"", ""black""], [""black"", ""black"", ""black"", ""black"", ""black"", ""black"", ""black"", ""black"", ""black"", ""black"", ""black"", ""black"", ""black"", ""black"", ""black"", ""black""], [""black"", ""black"", ""black"", ""black"", ""black"", ""black"", ""black"", ""black"", ""black"", ""black"", ""black"", ""black"", ""black"", ""black"", ""black"", ""black""], [""black"", ""black"", ""black"", ""black"", ""black"", ""black"", ""black"", ""black"", ""black"", ""black"", ""black"", ""black"", ""black"", ""black"", ""black"", ""black""], [""black"", ""black"", ""black"", ""black"", ""black"", ""black"", ""black"", ""black"", ""black"", ""black"", ""black"", ""black"", ""black"", ""black"", ""black"", ""black""], [""black"", ""black"", ""black"", ""black"", ""black"", ""black"", ""black"", ""black"", ""black"", ""black"", ""black"", ""black"", ""black"", ""black"", ""black"", ""black""], [""black"", ""black"", ""black"", ""black"", ""black"", ""black"", ""black"", ""black"", ""black"", ""black"", ""black"", ""black"", ""black"", ""black"", ""black"", ""black""], [""black"", ""black"", ""black"", ""black"", ""black"", ""black"", ""black"", ""red"", ""black"", ""black"", ""black"", ""black"", ""black"", ""black"", ""black"", ""black""], [""black"", ""black"", ""black"", ""black"", ""blue"", ""black"", ""black"", ""red"", ""black"", ""black"", ""black"", ""black"", ""black"", ""black"", ""black"", ""black""], [""black"", ""black"", ""black"", ""black"", ""blue"", ""black"", ""black"", ""black"", ""black"", ""black"", ""black"", ""black"", ""black"", ""black"", ""black"", ""black""], [""black"", ""black"", ""black"", ""black"", ""black"", ""black"", ""black"", ""black"", ""black"", ""black"", ""black"", ""black"", ""black"", ""black"", ""black"", ""black""], [""black"", ""black"", ""black"", ""black"", ""black"", ""black"", ""black"", ""black"", ""black"", ""black"", ""black"", ""black"", ""black"", ""black"", ""black"", ""black""], [""black"", ""black"", ""black"", ""black"", ""black"", ""black"", ""black"", ""black"", ""black"", ""black"", ""black"", ""black"", ""black"", ""black"", ""black"", ""black""], [""black"", ""black"", ""black"", ""black"", ""black"", ""black"", ""black"", ""black"", ""black"", ""black"", ""black"", ""black"", ""black"", ""black"", ""black"", ""black""], [""black"", ""black"", ""black"", ""black"", ""black"", ""black"", ""black"", ""black"", ""black"", ""black"", ""black"", ""black"", ""black"", ""black"", ""black"", ""black""], [""black"", ""black"", ""black"", ""black"", ""black"", ""black"", ""black"", ""black"", ""black"", ""black"", ""black"", ""black"", ""black"", ""black"", ""black"", ""black""]]",,0.0,False
58,right,manual,"Task: interactive
Step: 58
Phase: Interactive
Available actions now:
- left
- right
- up
- down
- click ROW COL  (ROW first, then COL, both in 0..15; matches the (row, col) order the perception reports)
- noop
- quit
- reset

========== Start of Direct Observation ==========
[[""black"", ""black"", ""black"", ""black"", ""black"", ""black"", ""black"", ""black"", ""black"", ""black"", ""black"", ""black"", ""black"", ""black"", ""black"", ""black""], [""black"", ""black"", ""black"", ""black"", ""black"", ""black"", ""black"", ""black"", ""black"", ""black"", ""black"", ""black"", ""black"", ""black"", ""black"", ""black""], [""black"", ""black"", ""black"", ""black"", ""black"", ""black"", ""black"", ""black"", ""black"", ""black"", ""black"", ""black"", ""black"", ""black"", ""black"", ""black""], [""black"", ""black"", ""black"", ""black"", ""black"", ""black"", ""black"", ""black"", ""black"", ""black"", ""black"", ""black"", ""black"", ""black"", ""black"", ""black""], [""black"", ""black"", ""black"", ""black"", ""black"", ""black"", ""black"", ""black"", ""black"", ""black"", ""black"", ""black"", ""black"", ""black"", ""black"", ""black""], [""black"", ""black"", ""black"", ""black"", ""black"", ""black"", ""black"", ""black"", ""black"", ""black"", ""black"", ""black"", ""black"", ""black"", ""black"", ""black""], [""black"", ""black"", ""black"", ""black"", ""black"", ""black"", ""black"", ""black"", ""black"", ""black"", ""black"", ""black"", ""black"", ""black"", ""black"", ""black""], [""black"", ""black"", ""black"", ""black"", ""blue"", ""black"", ""black"", ""red"", ""black"", ""black"", ""black"", ""black"", ""black"", ""black"", ""black"", ""black""], [""black"", ""black"", ""black"", ""black"", ""blue"", ""black"", ""black"", ""red"", ""black"", ""black"", ""black"", ""black"", ""black"", ""black"", ""black"", ""black""], [""black"", ""black"", ""black"", ""black"", ""black"", ""black"", ""black"", ""black"", ""black"", ""black"", ""black"", ""black"", ""black"", ""black"", ""black"", ""black""], [""black"", ""black"", ""black"", ""black"", ""black"", ""black"", ""black"", ""black"", ""black"", ""black"", ""black"", ""black"", ""black"", ""black"", ""black"", ""black""], [""black"", ""black"", ""black"", ""black"", ""black"", ""black"", ""black"", ""black"", ""black"", ""black"", ""black"", ""black"", ""black"", ""black"", ""black"", ""black""], [""black"", ""black"", ""black"", ""black"", ""black"", ""black"", ""black"", ""black"", ""black"", ""black"", ""black"", ""black"", ""black"", ""black"", ""black"", ""black""], [""black"", ""black"", ""black"", ""black"", ""black"", ""black"", ""black"", ""black"", ""black"", ""black"", ""black"", ""black"", ""black"", ""black"", ""black"", ""black""], [""black"", ""black"", ""black"", ""black"", ""black"", ""black"", ""black"", ""black"", ""black"", ""black"", ""black"", ""black"", ""black"", ""black"", ""black"", ""black""], [""black"", ""black"", ""black"", ""black"", ""black"", ""black"", ""black"", ""black"", ""black"", ""black"", ""black"", ""black"", ""black"", ""black"", ""black"", ""black""]]",,0.0,False
59,down,manual,"Task: interactive
Step: 59
Phase: Interactive
Available actions now:
- left
- right
- up
- down
- click ROW COL  (ROW first, then COL, both in 0..15; matches the (row, col) order the perception reports)
- noop
- quit
- reset

========== Start of Direct Observation ==========
[[""black"", ""black"", ""black"", ""black"", ""black"", ""black"", ""black"", ""black"", ""black"", ""black"", ""black"", ""black"", ""black"", ""black"", ""black"", ""black""], [""black"", ""black"", ""black"", ""black"", ""black"", ""black"", ""black"", ""black"", ""black"", ""black"", ""black"", ""black"", ""black"", ""black"", ""black"", ""black""], [""black"", ""black"", ""black"", ""black"", ""black"", ""black"", ""black"", ""black"", ""black"", ""black"", ""black"", ""black"", ""black"", ""black"", ""black"", ""black""], [""black"", ""black"", ""black"", ""black"", ""black"", ""black"", ""black"", ""black"", ""black"", ""black"", ""black"", ""black"", ""black"", ""black"", ""black"", ""black""], [""black"", ""black"", ""black"", ""black"", ""black"", ""black"", ""black"", ""black"", ""black"", ""black"", ""black"", ""black"", ""black"", ""black"", ""black"", ""black""], [""black"", ""black"", ""black"", ""black"", ""black"", ""black"", ""black"", ""black"", ""black"", ""black"", ""black"", ""black"", ""black"", ""black"", ""black"", ""black""], [""black"", ""black"", ""black"", ""black"", ""black"", ""black"", ""black"", ""black"", ""black"", ""black"", ""black"", ""black"", ""black"", ""black"", ""black"", ""black""], [""black"", ""black"", ""black"", ""black"", ""black"", ""blue"", ""black"", ""red"", ""black"", ""black"", ""black"", ""black"", ""black"", ""black"", ""black"", ""black""], [""black"", ""black"", ""black"", ""black"", ""black"", ""blue"", ""black"", ""red"", ""black"", ""black"", ""black"", ""black"", ""black"", ""black"", ""black"", ""black""], [""black"", ""black"", ""black"", ""black"", ""black"", ""black"", ""black"", ""black"", ""black"", ""black"", ""black"", ""black"", ""black"", ""black"", ""black"", ""black""], [""black"", ""black"", ""black"", ""black"", ""black"", ""black"", ""black"", ""black"", ""black"", ""black"", ""black"", ""black"", ""black"", ""black"", ""black"", ""black""], [""black"", ""black"", ""black"", ""black"", ""black"", ""black"", ""black"", ""black"", ""black"", ""black"", ""black"", ""black"", ""black"", ""black"", ""black"", ""black""], [""black"", ""black"", ""black"", ""black"", ""black"", ""black"", ""black"", ""black"", ""black"", ""black"", ""black"", ""black"", ""black"", ""black"", ""black"", ""black""], [""black"", ""black"", ""black"", ""black"", ""black"", ""black"", ""black"", ""black"", ""black"", ""black"", ""black"", ""black"", ""black"", ""black"", ""black"", ""black""], [""black"", ""black"", ""black"", ""black"", ""black"", ""black"", ""black"", ""black"", ""black"", ""black"", ""black"", ""black"", ""black"", ""black"", ""black"", ""black""], [""black"", ""black"", ""black"", ""black"", ""black"", ""black"", ""black"", ""black"", ""black"", ""black"", ""black"", ""black"", ""black"", ""black"", ""black"", ""black""]]",,0.0,False
60,down,manual,"Task: interactive
Step: 60
Phase: Interactive
Available actions now:
- left
- right
- up
- down
- click ROW COL  (ROW first, then COL, both in 0..15; matches the (row, col) order the perception reports)
- noop
- quit
- reset

========== Start of Direct Observation ==========
[[""black"", ""black"", ""black"", ""black"", ""black"", ""black"", ""black"", ""black"", ""black"", ""black"", ""black"", ""black"", ""black"", ""black"", ""black"", ""black""], [""black"", ""black"", ""black"", ""black"", ""black"", ""black"", ""black"", ""black"", ""black"", ""black"", ""black"", ""black"", ""black"", ""black"", ""black"", ""black""], [""black"", ""black"", ""black"", ""black"", ""black"", ""black"", ""black"", ""black"", ""black"", ""black"", ""black"", ""black"", ""black"", ""black"", ""black"", ""black""], [""black"", ""black"", ""black"", ""black"", ""black"", ""black"", ""black"", ""black"", ""black"", ""black"", ""black"", ""black"", ""black"", ""black"", ""black"", ""black""], [""black"", ""black"", ""black"", ""black"", ""black"", ""black"", ""black"", ""black"", ""black"", ""black"", ""black"", ""black"", ""black"", ""black"", ""black"", ""black""], [""black"", ""black"", ""black"", ""black"", ""black"", ""black"", ""black"", ""black"", ""black"", ""black"", ""black"", ""black"", ""black"", ""black"", ""black"", ""black""], [""black"", ""black"", ""black"", ""black"", ""black"", ""black"", ""black"", ""black"", ""black"", ""black"", ""black"", ""black"", ""black"", ""black"", ""black"", ""black""], [""black"", ""black"", ""black"", ""black"", ""black"", ""black"", ""black"", ""red"", ""black"", ""black"", ""black"", ""black"", ""black"", ""black"", ""black"", ""black""], [""black"", ""black"", ""black"", ""black"", ""black"", ""black"", ""blue"", ""red"", ""black"", ""black"", ""black"", ""black"", ""black"", ""black"", ""black"", ""black""], [""black"", ""black"", ""black"", ""black"", ""black"", ""black"", ""blue"", ""black"", ""black"", ""black"", ""black"", ""black"", ""black"", ""black"", ""black"", ""black""], [""black"", ""black"", ""black"", ""black"", ""black"", ""black"", ""black"", ""black"", ""black"", ""black"", ""black"", ""black"", ""black"", ""black"", ""black"", ""black""], [""black"", ""black"", ""black"", ""black"", ""black"", ""black"", ""black"", ""black"", ""black"", ""black"", ""black"", ""black"", ""black"", ""black"", ""black"", ""black""], [""black"", ""black"", ""black"", ""black"", ""black"", ""black"", ""black"", ""black"", ""black"", ""black"", ""black"", ""black"", ""black"", ""black"", ""black"", ""black""], [""black"", ""black"", ""black"", ""black"", ""black"", ""black"", ""black"", ""black"", ""black"", ""black"", ""black"", ""black"", ""black"", ""black"", ""black"", ""black""], [""black"", ""black"", ""black"", ""black"", ""black"", ""black"", ""black"", ""black"", ""black"", ""black"", ""black"", ""black"", ""black"", ""black"", ""black"", ""black""], [""black"", ""black"", ""black"", ""black"", ""black"", ""black"", ""black"", ""black"", ""black"", ""black"", ""black"", ""black"", ""black"", ""black"", ""black"", ""black""]]",,0.0,False
61,left,manual,"Task: interactive
Step: 61
Phase: Interactive
Available actions now:
- left
- right
- up
- down
- click ROW COL  (ROW first, then COL, both in 0..15; matches the (row, col) order the perception reports)
- noop
- quit
- reset

========== Start of Direct Observation ==========
[[""black"", ""black"", ""black"", ""black"", ""black"", ""black"", ""black"", ""black"", ""black"", ""black"", ""black"", ""black"", ""black"", ""black"", ""black"", ""black""], [""black"", ""black"", ""black"", ""black"", ""black"", ""black"", ""black"", ""black"", ""black"", ""black"", ""black"", ""black"", ""black"", ""black"", ""black"", ""black""], [""black"", ""black"", ""black"", ""black"", ""black"", ""black"", ""black"", ""black"", ""black"", ""black"", ""black"", ""black"", ""black"", ""black"", ""black"", ""black""], [""black"", ""black"", ""black"", ""black"", ""black"", ""black"", ""black"", ""black"", ""black"", ""black"", ""black"", ""black"", ""black"", ""black"", ""black"", ""black""], [""black"", ""black"", ""black"", ""black"", ""black"", ""black"", ""black"", ""black"", ""black"", ""black"", ""black"", ""black"", ""black"", ""black"", ""black"", ""black""], [""black"", ""black"", ""black"", ""black"", ""black"", ""black"", ""black"", ""black"", ""black"", ""black"", ""black"", ""black"", ""black"", ""black"", ""black"", ""black""], [""black"", ""black"", ""black"", ""black"", ""black"", ""black"", ""black"", ""black"", ""black"", ""black"", ""black"", ""black"", ""black"", ""black"", ""black"", ""black""], [""black"", ""black"", ""black"", ""black"", ""black"", ""black"", ""black"", ""red"", ""black"", ""black"", ""black"", ""black"", ""black"", ""black"", ""black"", ""black""], [""black"", ""black"", ""black"", ""black"", ""black"", ""black"", ""black"", ""red"", ""black"", ""black"", ""black"", ""black"", ""black"", ""black"", ""black"", ""black""], [""black"", ""black"", ""black"", ""black"", ""black"", ""black"", ""blue"", ""black"", ""black"", ""black"", ""black"", ""black"", ""black"", ""black"", ""black"", ""black""], [""black"", ""black"", ""black"", ""black"", ""black"", ""black"", ""blue"", ""black"", ""black"", ""black"", ""black"", ""black"", ""black"", ""black"", ""black"", ""black""], [""black"", ""black"", ""black"", ""black"", ""black"", ""black"", ""black"", ""black"", ""black"", ""black"", ""black"", ""black"", ""black"", ""black"", ""black"", ""black""], [""black"", ""black"", ""black"", ""black"", ""black"", ""black"", ""black"", ""black"", ""black"", ""black"", ""black"", ""black"", ""black"", ""black"", ""black"", ""black""], [""black"", ""black"", ""black"", ""black"", ""black"", ""black"", ""black"", ""black"", ""black"", ""black"", ""black"", ""black"", ""black"", ""black"", ""black"", ""black""], [""black"", ""black"", ""black"", ""black"", ""black"", ""black"", ""black"", ""black"", ""black"", ""black"", ""black"", ""black"", ""black"", ""black"", ""black"", ""black""], [""black"", ""black"", ""black"", ""black"", ""black"", ""black"", ""black"", ""black"", ""black"", ""black"", ""black"", ""black"", ""black"", ""black"", ""black"", ""black""]]",,0.0,False
62,left,manual,"Task: interactive
Step: 62
Phase: Interactive
Available actions now:
- left
- right
- up
- down
- click ROW COL  (ROW first, then COL, both in 0..15; matches the (row, col) order the perception reports)
- noop
- quit
- reset

========== Start of Direct Observation ==========
[[""black"", ""black"", ""black"", ""black"", ""black"", ""black"", ""black"", ""black"", ""black"", ""black"", ""black"", ""black"", ""black"", ""black"", ""black"", ""black""], [""black"", ""black"", ""black"", ""black"", ""black"", ""black"", ""black"", ""black"", ""black"", ""black"", ""black"", ""black"", ""black"", ""black"", ""black"", ""black""], [""black"", ""black"", ""black"", ""black"", ""black"", ""black"", ""black"", ""black"", ""black"", ""black"", ""black"", ""black"", ""black"", ""black"", ""black"", ""black""], [""black"", ""black"", ""black"", ""black"", ""black"", ""black"", ""black"", ""black"", ""black"", ""black"", ""black"", ""black"", ""black"", ""black"", ""black"", ""black""], [""black"", ""black"", ""black"", ""black"", ""black"", ""black"", ""black"", ""black"", ""black"", ""black"", ""black"", ""black"", ""black"", ""black"", ""black"", ""black""], [""black"", ""black"", ""black"", ""black"", ""black"", ""black"", ""black"", ""black"", ""black"", ""black"", ""black"", ""black"", ""black"", ""black"", ""black"", ""black""], [""black"", ""black"", ""black"", ""black"", ""black"", ""black"", ""black"", ""black"", ""black"", ""black"", ""black"", ""black"", ""black"", ""black"", ""black"", ""black""], [""black"", ""black"", ""black"", ""black"", ""black"", ""black"", ""black"", ""red"", ""black"", ""black"", ""black"", ""black"", ""black"", ""black"", ""black"", ""black""], [""black"", ""black"", ""black"", ""black"", ""black"", ""black"", ""black"", ""red"", ""black"", ""black"", ""black"", ""black"", ""black"", ""black"", ""black"", ""black""], [""black"", ""black"", ""black"", ""black"", ""black"", ""blue"", ""black"", ""black"", ""black"", ""black"", ""black"", ""black"", ""black"", ""black"", ""black"", ""black""], [""black"", ""black"", ""black"", ""black"", ""black"", ""blue"", ""black"", ""black"", ""black"", ""black"", ""black"", ""black"", ""black"", ""black"", ""black"", ""black""], [""black"", ""black"", ""black"", ""black"", ""black"", ""black"", ""black"", ""black"", ""black"", ""black"", ""black"", ""black"", ""black"", ""black"", ""black"", ""black""], [""black"", ""black"", ""black"", ""black"", ""black"", ""black"", ""black"", ""black"", ""black"", ""black"", ""black"", ""black"", ""black"", ""black"", ""black"", ""black""], [""black"", ""black"", ""black"", ""black"", ""black"", ""black"", ""black"", ""black"", ""black"", ""black"", ""black"", ""black"", ""black"", ""black"", ""black"", ""black""], [""black"", ""black"", ""black"", ""black"", ""black"", ""black"", ""black"", ""black"", ""black"", ""black"", ""black"", ""black"", ""black"", ""black"", ""black"", ""black""], [""black"", ""black"", ""black"", ""black"", ""black"", ""black"", ""black"", ""black"", ""black"", ""black"", ""black"", ""black"", ""black"", ""black"", ""black"", ""black""]]",,0.0,False
63,up,manual,"Task: interactive
Step: 63
Phase: Interactive
Available actions now:
- left
- right
- up
- down
- click ROW COL  (ROW first, then COL, both in 0..15; matches the (row, col) order the perception reports)
- noop
- quit
- reset

========== Start of Direct Observation ==========
[[""black"", ""black"", ""black"", ""black"", ""black"", ""black"", ""black"", ""black"", ""black"", ""black"", ""black"", ""black"", ""black"", ""black"", ""black"", ""black""], [""black"", ""black"", ""black"", ""black"", ""black"", ""black"", ""black"", ""black"", ""black"", ""black"", ""black"", ""black"", ""black"", ""black"", ""black"", ""black""], [""black"", ""black"", ""black"", ""black"", ""black"", ""black"", ""black"", ""black"", ""black"", ""black"", ""black"", ""black"", ""black"", ""black"", ""black"", ""black""], [""black"", ""black"", ""black"", ""black"", ""black"", ""black"", ""black"", ""black"", ""black"", ""black"", ""black"", ""black"", ""black"", ""black"", ""black"", ""black""], [""black"", ""black"", ""black"", ""black"", ""black"", ""black"", ""black"", ""black"", ""black"", ""black"", ""black"", ""black"", ""black"", ""black"", ""black"", ""black""], [""black"", ""black"", ""black"", ""black"", ""black"", ""black"", ""black"", ""black"", ""black"", ""black"", ""black"", ""black"", ""black"", ""black"", ""black"", ""black""], [""black"", ""black"", ""black"", ""black"", ""black"", ""black"", ""black"", ""black"", ""black"", ""black"", ""black"", ""black"", ""black"", ""black"", ""black"", ""black""], [""black"", ""black"", ""black"", ""black"", ""black"", ""black"", ""black"", ""red"", ""black"", ""black"", ""black"", ""black"", ""black"", ""black"", ""black"", ""black""], [""black"", ""black"", ""black"", ""black"", ""black"", ""black"", ""black"", ""red"", ""black"", ""black"", ""black"", ""black"", ""black"", ""black"", ""black"", ""black""], [""black"", ""black"", ""black"", ""black"", ""blue"", ""black"", ""black"", ""black"", ""black"", ""black"", ""black"", ""black"", ""black"", ""black"", ""black"", ""black""], [""black"", ""black"", ""black"", ""black"", ""blue"", ""black"", ""black"", ""black"", ""black"", ""black"", ""black"", ""black"", ""black"", ""black"", ""black"", ""black""], [""black"", ""black"", ""black"", ""black"", ""black"", ""black"", ""black"", ""black"", ""black"", ""black"", ""black"", ""black"", ""black"", ""black"", ""black"", ""black""], [""black"", ""black"", ""black"", ""black"", ""black"", ""black"", ""black"", ""black"", ""black"", ""black"", ""black"", ""black"", ""black"", ""black"", ""black"", ""black""], [""black"", ""black"", ""black"", ""black"", ""black"", ""black"", ""black"", ""black"", ""black"", ""black"", ""black"", ""black"", ""black"", ""black"", ""black"", ""black""], [""black"", ""black"", ""black"", ""black"", ""black"", ""black"", ""black"", ""black"", ""black"", ""black"", ""black"", ""black"", ""black"", ""black"", ""black"", ""black""], [""black"", ""black"", ""black"", ""black"", ""black"", ""black"", ""black"", ""black"", ""black"", ""black"", ""black"", ""black"", ""black"", ""black"", ""black"", ""black""]]",,0.0,False
64,up,manual,"Task: interactive
Step: 64
Phase: Interactive
Available actions now:
- left
- right
- up
- down
- click ROW COL  (ROW first, then COL, both in 0..15; matches the (row, col) order the perception reports)
- noop
- quit
- reset

========== Start of Direct Observation ==========
[[""black"", ""black"", ""black"", ""black"", ""black"", ""black"", ""black"", ""black"", ""black"", ""black"", ""black"", ""black"", ""black"", ""black"", ""black"", ""black""], [""black"", ""black"", ""black"", ""black"", ""black"", ""black"", ""black"", ""black"", ""black"", ""black"", ""black"", ""black"", ""black"", ""black"", ""black"", ""black""], [""black"", ""black"", ""black"", ""black"", ""black"", ""black"", ""black"", ""black"", ""black"", ""black"", ""black"", ""black"", ""black"", ""black"", ""black"", ""black""], [""black"", ""black"", ""black"", ""black"", ""black"", ""black"", ""black"", ""black"", ""black"", ""black"", ""black"", ""black"", ""black"", ""black"", ""black"", ""black""], [""black"", ""black"", ""black"", ""black"", ""black"", ""black"", ""black"", ""black"", ""black"", ""black"", ""black"", ""black"", ""black"", ""black"", ""black"", ""black""], [""black"", ""black"", ""black"", ""black"", ""black"", ""black"", ""black"", ""black"", ""black"", ""black"", ""black"", ""black"", ""black"", ""black"", ""black"", ""black""], [""black"", ""black"", ""black"", ""black"", ""black"", ""black"", ""black"", ""black"", ""black"", ""black"", ""black"", ""black"", ""black"", ""black"", ""black"", ""black""], [""black"", ""black"", ""black"", ""black"", ""black"", ""black"", ""black"", ""red"", ""black"", ""black"", ""black"", ""black"", ""black"", ""black"", ""black"", ""black""], [""black"", ""black"", ""black"", ""black"", ""blue"", ""black"", ""black"", ""red"", ""black"", ""black"", ""black"", ""black"", ""black"", ""black"", ""black"", ""black""], [""black"", ""black"", ""black"", ""black"", ""blue"", ""black"", ""black"", ""black"", ""black"", ""black"", ""black"", ""black"", ""black"", ""black"", ""black"", ""black""], [""black"", ""black"", ""black"", ""black"", ""black"", ""black"", ""black"", ""black"", ""black"", ""black"", ""black"", ""black"", ""black"", ""black"", ""black"", ""black""], [""black"", ""black"", ""black"", ""black"", ""black"", ""black"", ""black"", ""black"", ""black"", ""black"", ""black"", ""black"", ""black"", ""black"", ""black"", ""black""], [""black"", ""black"", ""black"", ""black"", ""black"", ""black"", ""black"", ""black"", ""black"", ""black"", ""black"", ""black"", ""black"", ""black"", ""black"", ""black""], [""black"", ""black"", ""black"", ""black"", ""black"", ""black"", ""black"", ""black"", ""black"", ""black"", ""black"", ""black"", ""black"", ""black"", ""black"", ""black""], [""black"", ""black"", ""black"", ""black"", ""black"", ""black"", ""black"", ""black"", ""black"", ""black"", ""black"", ""black"", ""black"", ""black"", ""black"", ""black""], [""black"", ""black"", ""black"", ""black"", ""black"", ""black"", ""black"", ""black"", ""black"", ""black"", ""black"", ""black"", ""black"", ""black"", ""black"", ""black""]]",,0.0,False
65,up,manual,"Task: interactive
Step: 65
Phase: Interactive
Available actions now:
- left
- right
- up
- down
- click ROW COL  (ROW first, then COL, both in 0..15; matches the (row, col) order the perception reports)
- noop
- quit
- reset

========== Start of Direct Observation ==========
[[""black"", ""black"", ""black"", ""black"", ""black"", ""black"", ""black"", ""black"", ""black"", ""black"", ""black"", ""black"", ""black"", ""black"", ""black"", ""black""], [""black"", ""black"", ""black"", ""black"", ""black"", ""black"", ""black"", ""black"", ""black"", ""black"", ""black"", ""black"", ""black"", ""black"", ""black"", ""black""], [""black"", ""black"", ""black"", ""black"", ""black"", ""black"", ""black"", ""black"", ""black"", ""black"", ""black"", ""black"", ""black"", ""black"", ""black"", ""black""], [""black"", ""black"", ""black"", ""black"", ""black"", ""black"", ""black"", ""black"", ""black"", ""black"", ""black"", ""black"", ""black"", ""black"", ""black"", ""black""], [""black"", ""black"", ""black"", ""black"", ""black"", ""black"", ""black"", ""black"", ""black"", ""black"", ""black"", ""black"", ""black"", ""black"", ""black"", ""black""], [""black"", ""black"", ""black"", ""black"", ""black"", ""black"", ""black"", ""black"", ""black"", ""black"", ""black"", ""black"", ""black"", ""black"", ""black"", ""black""], [""black"", ""black"", ""black"", ""black"", ""black"", ""black"", ""black"", ""black"", ""black"", ""black"", ""black"", ""black"", ""black"", ""black"", ""black"", ""black""], [""black"", ""black"", ""black"", ""black"", ""blue"", ""black"", ""black"", ""red"", ""black"", ""black"", ""black"", ""black"", ""black"", ""black"", ""black"", ""black""], [""black"", ""black"", ""black"", ""black"", ""blue"", ""black"", ""black"", ""red"", ""black"", ""black"", ""black"", ""black"", ""black"", ""black"", ""black"", ""black""], [""black"", ""black"", ""black"", ""black"", ""black"", ""black"", ""black"", ""black"", ""black"", ""black"", ""black"", ""black"", ""black"", ""black"", ""black"", ""black""], [""black"", ""black"", ""black"", ""black"", ""black"", ""black"", ""black"", ""black"", ""black"", ""black"", ""black"", ""black"", ""black"", ""black"", ""black"", ""black""], [""black"", ""black"", ""black"", ""black"", ""black"", ""black"", ""black"", ""black"", ""black"", ""black"", ""black"", ""black"", ""black"", ""black"", ""black"", ""black""], [""black"", ""black"", ""black"", ""black"", ""black"", ""black"", ""black"", ""black"", ""black"", ""black"", ""black"", ""black"", ""black"", ""black"", ""black"", ""black""], [""black"", ""black"", ""black"", ""black"", ""black"", ""black"", ""black"", ""black"", ""black"", ""black"", ""black"", ""black"", ""black"", ""black"", ""black"", ""black""], [""black"", ""black"", ""black"", ""black"", ""black"", ""black"", ""black"", ""black"", ""black"", ""black"", ""black"", ""black"", ""black"", ""black"", ""black"", ""black""], [""black"", ""black"", ""black"", ""black"", ""black"", ""black"", ""black"", ""black"", ""black"", ""black"", ""black"", ""black"", ""black"", ""black"", ""black"", ""black""]]",,0.0,False
66,up,manual,"Task: interactive
Step: 66
Phase: Interactive
Available actions now:
- left
- right
- up
- down
- click ROW COL  (ROW first, then COL, both in 0..15; matches the (row, col) order the perception reports)
- noop
- quit
- reset

========== Start of Direct Observation ==========
[[""black"", ""black"", ""black"", ""black"", ""black"", ""black"", ""black"", ""black"", ""black"", ""black"", ""black"", ""black"", ""black"", ""black"", ""black"", ""black""], [""black"", ""black"", ""black"", ""black"", ""black"", ""black"", ""black"", ""black"", ""black"", ""black"", ""black"", ""black"", ""black"", ""black"", ""black"", ""black""], [""black"", ""black"", ""black"", ""black"", ""black"", ""black"", ""black"", ""black"", ""black"", ""black"", ""black"", ""black"", ""black"", ""black"", ""black"", ""black""], [""black"", ""black"", ""black"", ""black"", ""black"", ""black"", ""black"", ""black"", ""black"", ""black"", ""black"", ""black"", ""black"", ""black"", ""black"", ""black""], [""black"", ""black"", ""black"", ""black"", ""black"", ""black"", ""black"", ""black"", ""black"", ""black"", ""black"", ""black"", ""black"", ""black"", ""black"", ""black""], [""black"", ""black"", ""black"", ""black"", ""black"", ""black"", ""black"", ""black"", ""black"", ""black"", ""black"", ""black"", ""black"", ""black"", ""black"", ""black""], [""black"", ""black"", ""black"", ""black"", ""blue"", ""black"", ""black"", ""black"", ""black"", ""black"", ""black"", ""black"", ""black"", ""black"", ""black"", ""black""], [""black"", ""black"", ""black"", ""black"", ""blue"", ""black"", ""black"", ""red"", ""black"", ""black"", ""black"", ""black"", ""black"", ""black"", ""black"", ""black""], [""black"", ""black"", ""black"", ""black"", ""black"", ""black"", ""black"", ""red"", ""black"", ""black"", ""black"", ""black"", ""black"", ""black"", ""black"", ""black""], [""black"", ""black"", ""black"", ""black"", ""black"", ""black"", ""black"", ""black"", ""black"", ""black"", ""black"", ""black"", ""black"", ""black"", ""black"", ""black""], [""black"", ""black"", ""black"", ""black"", ""black"", ""black"", ""black"", ""black"", ""black"", ""black"", ""black"", ""black"", ""black"", ""black"", ""black"", ""black""], [""black"", ""black"", ""black"", ""black"", ""black"", ""black"", ""black"", ""black"", ""black"", ""black"", ""black"", ""black"", ""black"", ""black"", ""black"", ""black""], [""black"", ""black"", ""black"", ""black"", ""black"", ""black"", ""black"", ""black"", ""black"", ""black"", ""black"", ""black"", ""black"", ""black"", ""black"", ""black""], [""black"", ""black"", ""black"", ""black"", ""black"", ""black"", ""black"", ""black"", ""black"", ""black"", ""black"", ""black"", ""black"", ""black"", ""black"", ""black""], [""black"", ""black"", ""black"", ""black"", ""black"", ""black"", ""black"", ""black"", ""black"", ""black"", ""black"", ""black"", ""black"", ""black"", ""black"", ""black""], [""black"", ""black"", ""black"", ""black"", ""black"", ""black"", ""black"", ""black"", ""black"", ""black"", ""black"", ""black"", ""black"", ""black"", ""black"", ""black""]]",,0.0,False
67,right,manual,"Task: interactive
Step: 67
Phase: Interactive
Available actions now:
- left
- right
- up
- down
- click ROW COL  (ROW first, then COL, both in 0..15; matches the (row, col) order the perception reports)
- noop
- quit
- reset

========== Start of Direct Observation ==========
[[""black"", ""black"", ""black"", ""black"", ""black"", ""black"", ""black"", ""black"", ""black"", ""black"", ""black"", ""black"", ""black"", ""black"", ""black"", ""black""], [""black"", ""black"", ""black"", ""black"", ""black"", ""black"", ""black"", ""black"", ""black"", ""black"", ""black"", ""black"", ""black"", ""black"", ""black"", ""black""], [""black"", ""black"", ""black"", ""black"", ""black"", ""black"", ""black"", ""black"", ""black"", ""black"", ""black"", ""black"", ""black"", ""black"", ""black"", ""black""], [""black"", ""black"", ""black"", ""black"", ""black"", ""black"", ""black"", ""black"", ""black"", ""black"", ""black"", ""black"", ""black"", ""black"", ""black"", ""black""], [""black"", ""black"", ""black"", ""black"", ""black"", ""black"", ""black"", ""black"", ""black"", ""black"", ""black"", ""black"", ""black"", ""black"", ""black"", ""black""], [""black"", ""black"", ""black"", ""black"", ""blue"", ""black"", ""black"", ""black"", ""black"", ""black"", ""black"", ""black"", ""black"", ""black"", ""black"", ""black""], [""black"", ""black"", ""black"", ""black"", ""blue"", ""black"", ""black"", ""black"", ""black"", ""black"", ""black"", ""black"", ""black"", ""black"", ""black"", ""black""], [""black"", ""black"", ""black"", ""black"", ""black"", ""black"", ""black"", ""red"", ""black"", ""black"", ""black"", ""black"", ""black"", ""black"", ""black"", ""black""], [""black"", ""black"", ""black"", ""black"", ""black"", ""black"", ""black"", ""red"", ""black"", ""black"", ""black"", ""black"", ""black"", ""black"", ""black"", ""black""], [""black"", ""black"", ""black"", ""black"", ""black"", ""black"", ""black"", ""black"", ""black"", ""black"", ""black"", ""black"", ""black"", ""black"", ""black"", ""black""], [""black"", ""black"", ""black"", ""black"", ""black"", ""black"", ""black"", ""black"", ""black"", ""black"", ""black"", ""black"", ""black"", ""black"", ""black"", ""black""], [""black"", ""black"", ""black"", ""black"", ""black"", ""black"", ""black"", ""black"", ""black"", ""black"", ""black"", ""black"", ""black"", ""black"", ""black"", ""black""], [""black"", ""black"", ""black"", ""black"", ""black"", ""black"", ""black"", ""black"", ""black"", ""black"", ""black"", ""black"", ""black"", ""black"", ""black"", ""black""], [""black"", ""black"", ""black"", ""black"", ""black"", ""black"", ""black"", ""black"", ""black"", ""black"", ""black"", ""black"", ""black"", ""black"", ""black"", ""black""], [""black"", ""black"", ""black"", ""black"", ""black"", ""black"", ""black"", ""black"", ""black"", ""black"", ""black"", ""black"", ""black"", ""black"", ""black"", ""black""], [""black"", ""black"", ""black"", ""black"", ""black"", ""black"", ""black"", ""black"", ""black"", ""black"", ""black"", ""black"", ""black"", ""black"", ""black"", ""black""]]",,0.0,False
68,right,manual,"Task: interactive
Step: 68
Phase: Interactive
Available actions now:
- left
- right
- up
- down
- click ROW COL  (ROW first, then COL, both in 0..15; matches the (row, col) order the perception reports)
- noop
- quit
- reset

========== Start of Direct Observation ==========
[[""black"", ""black"", ""black"", ""black"", ""black"", ""black"", ""black"", ""black"", ""black"", ""black"", ""black"", ""black"", ""black"", ""black"", ""black"", ""black""], [""black"", ""black"", ""black"", ""black"", ""black"", ""black"", ""black"", ""black"", ""black"", ""black"", ""black"", ""black"", ""black"", ""black"", ""black"", ""black""], [""black"", ""black"", ""black"", ""black"", ""black"", ""black"", ""black"", ""black"", ""black"", ""black"", ""black"", ""black"", ""black"", ""black"", ""black"", ""black""], [""black"", ""black"", ""black"", ""black"", ""black"", ""black"", ""black"", ""black"", ""black"", ""black"", ""black"", ""black"", ""black"", ""black"", ""black"", ""black""], [""black"", ""black"", ""black"", ""black"", ""black"", ""black"", ""black"", ""black"", ""black"", ""black"", ""black"", ""black"", ""black"", ""black"", ""black"", ""black""], [""black"", ""black"", ""black"", ""black"", ""black"", ""blue"", ""black"", ""black"", ""black"", ""black"", ""black"", ""black"", ""black"", ""black"", ""black"", ""black""], [""black"", ""black"", ""black"", ""black"", ""black"", ""blue"", ""black"", ""black"", ""black"", ""black"", ""black"", ""black"", ""black"", ""black"", ""black"", ""black""], [""black"", ""black"", ""black"", ""black"", ""black"", ""black"", ""black"", ""red"", ""black"", ""black"", ""black"", ""black"", ""black"", ""black"", ""black"", ""black""], [""black"", ""black"", ""black"", ""black"", ""black"", ""black"", ""black"", ""red"", ""black"", ""black"", ""black"", ""black"", ""black"", ""black"", ""black"", ""black""], [""black"", ""black"", ""black"", ""black"", ""black"", ""black"", ""black"", ""black"", ""black"", ""black"", ""black"", ""black"", ""black"", ""black"", ""black"", ""black""], [""black"", ""black"", ""black"", ""black"", ""black"", ""black"", ""black"", ""black"", ""black"", ""black"", ""black"", ""black"", ""black"", ""black"", ""black"", ""black""], [""black"", ""black"", ""black"", ""black"", ""black"", ""black"", ""black"", ""black"", ""black"", ""black"", ""black"", ""black"", ""black"", ""black"", ""black"", ""black""], [""black"", ""black"", ""black"", ""black"", ""black"", ""black"", ""black"", ""black"", ""black"", ""black"", ""black"", ""black"", ""black"", ""black"", ""black"", ""black""], [""black"", ""black"", ""black"", ""black"", ""black"", ""black"", ""black"", ""black"", ""black"", ""black"", ""black"", ""black"", ""black"", ""black"", ""black"", ""black""], [""black"", ""black"", ""black"", ""black"", ""black"", ""black"", ""black"", ""black"", ""black"", ""black"", ""black"", ""black"", ""black"", ""black"", ""black"", ""black""], [""black"", ""black"", ""black"", ""black"", ""black"", ""black"", ""black"", ""black"", ""black"", ""black"", ""black"", ""black"", ""black"", ""black"", ""black"", ""black""]]",,0.0,False
69,down,manual,"Task: interactive
Step: 69
Phase: Interactive
Available actions now:
- left
- right
- up
- down
- click ROW COL  (ROW first, then COL, both in 0..15; matches the (row, col) order the perception reports)
- noop
- quit
- reset

========== Start of Direct Observation ==========
[[""black"", ""black"", ""black"", ""black"", ""black"", ""black"", ""black"", ""black"", ""black"", ""black"", ""black"", ""black"", ""black"", ""black"", ""black"", ""black""], [""black"", ""black"", ""black"", ""black"", ""black"", ""black"", ""black"", ""black"", ""black"", ""black"", ""black"", ""black"", ""black"", ""black"", ""black"", ""black""], [""black"", ""black"", ""black"", ""black"", ""black"", ""black"", ""black"", ""black"", ""black"", ""black"", ""black"", ""black"", ""black"", ""black"", ""black"", ""black""], [""black"", ""black"", ""black"", ""black"", ""black"", ""black"", ""black"", ""black"", ""black"", ""black"", ""black"", ""black"", ""black"", ""black"", ""black"", ""black""], [""black"", ""black"", ""black"", ""black"", ""black"", ""black"", ""black"", ""black"", ""black"", ""black"", ""black"", ""black"", ""black"", ""black"", ""black"", ""black""], [""black"", ""black"", ""black"", ""black"", ""black"", ""black"", ""blue"", ""black"", ""black"", ""black"", ""black"", ""black"", ""black"", ""black"", ""black"", ""black""], [""black"", ""black"", ""black"", ""black"", ""black"", ""black"", ""blue"", ""black"", ""black"", ""black"", ""black"", ""black"", ""black"", ""black"", ""black"", ""black""], [""black"", ""black"", ""black"", ""black"", ""black"", ""black"", ""black"", ""red"", ""black"", ""black"", ""black"", ""black"", ""black"", ""black"", ""black"", ""black""], [""black"", ""black"", ""black"", ""black"", ""black"", ""black"", ""black"", ""red"", ""black"", ""black"", ""black"", ""black"", ""black"", ""black"", ""black"", ""black""], [""black"", ""black"", ""black"", ""black"", ""black"", ""black"", ""black"", ""black"", ""black"", ""black"", ""black"", ""black"", ""black"", ""black"", ""black"", ""black""], [""black"", ""black"", ""black"", ""black"", ""black"", ""black"", ""black"", ""black"", ""black"", ""black"", ""black"", ""black"", ""black"", ""black"", ""black"", ""black""], [""black"", ""black"", ""black"", ""black"", ""black"", ""black"", ""black"", ""black"", ""black"", ""black"", ""black"", ""black"", ""black"", ""black"", ""black"", ""black""], [""black"", ""black"", ""black"", ""black"", ""black"", ""black"", ""black"", ""black"", ""black"", ""black"", ""black"", ""black"", ""black"", ""black"", ""black"", ""black""], [""black"", ""black"", ""black"", ""black"", ""black"", ""black"", ""black"", ""black"", ""black"", ""black"", ""black"", ""black"", ""black"", ""black"", ""black"", ""black""], [""black"", ""black"", ""black"", ""black"", ""black"", ""black"", ""black"", ""black"", ""black"", ""black"", ""black"", ""black"", ""black"", ""black"", ""black"", ""black""], [""black"", ""black"", ""black"", ""black"", ""black"", ""black"", ""black"", ""black"", ""black"", ""black"", ""black"", ""black"", ""black"", ""black"", ""black"", ""black""]]",,0.0,False
70,left,manual,"Task: interactive
Step: 70
Phase: Interactive
Available actions now:
- left
- right
- up
- down
- click ROW COL  (ROW first, then COL, both in 0..15; matches the (row, col) order the perception reports)
- noop
- quit
- reset

========== Start of Direct Observation ==========
[[""black"", ""black"", ""black"", ""black"", ""black"", ""black"", ""black"", ""black"", ""black"", ""black"", ""black"", ""black"", ""black"", ""black"", ""black"", ""black""], [""black"", ""black"", ""black"", ""black"", ""black"", ""black"", ""black"", ""black"", ""black"", ""black"", ""black"", ""black"", ""black"", ""black"", ""black"", ""black""], [""black"", ""black"", ""black"", ""black"", ""black"", ""black"", ""black"", ""black"", ""black"", ""black"", ""black"", ""black"", ""black"", ""black"", ""black"", ""black""], [""black"", ""black"", ""black"", ""black"", ""black"", ""black"", ""black"", ""black"", ""black"", ""black"", ""black"", ""black"", ""black"", ""black"", ""black"", ""black""], [""black"", ""black"", ""black"", ""black"", ""black"", ""black"", ""black"", ""black"", ""black"", ""black"", ""black"", ""black"", ""black"", ""black"", ""black"", ""black""], [""black"", ""black"", ""black"", ""black"", ""black"", ""black"", ""black"", ""black"", ""black"", ""black"", ""black"", ""black"", ""black"", ""black"", ""black"", ""black""], [""black"", ""black"", ""black"", ""black"", ""black"", ""black"", ""blue"", ""black"", ""black"", ""black"", ""black"", ""black"", ""black"", ""black"", ""black"", ""black""], [""black"", ""black"", ""black"", ""black"", ""black"", ""black"", ""blue"", ""red"", ""black"", ""black"", ""black"", ""black"", ""black"", ""black"", ""black"", ""black""], [""black"", ""black"", ""black"", ""black"", ""black"", ""black"", ""black"", ""red"", ""black"", ""black"", ""black"", ""black"", ""black"", ""black"", ""black"", ""black""], [""black"", ""black"", ""black"", ""black"", ""black"", ""black"", ""black"", ""black"", ""black"", ""black"", ""black"", ""black"", ""black"", ""black"", ""black"", ""black""], [""black"", ""black"", ""black"", ""black"", ""black"", ""black"", ""black"", ""black"", ""black"", ""black"", ""black"", ""black"", ""black"", ""black"", ""black"", ""black""], [""black"", ""black"", ""black"", ""black"", ""black"", ""black"", ""black"", ""black"", ""black"", ""black"", ""black"", ""black"", ""black"", ""black"", ""black"", ""black""], [""black"", ""black"", ""black"", ""black"", ""black"", ""black"", ""black"", ""black"", ""black"", ""black"", ""black"", ""black"", ""black"", ""black"", ""black"", ""black""], [""black"", ""black"", ""black"", ""black"", ""black"", ""black"", ""black"", ""black"", ""black"", ""black"", ""black"", ""black"", ""black"", ""black"", ""black"", ""black""], [""black"", ""black"", ""black"", ""black"", ""black"", ""black"", ""black"", ""black"", ""black"", ""black"", ""black"", ""black"", ""black"", ""black"", ""black"", ""black""], [""black"", ""black"", ""black"", ""black"", ""black"", ""black"", ""black"", ""black"", ""black"", ""black"", ""black"", ""black"", ""black"", ""black"", ""black"", ""black""]]",,0.0,False
71,noop,manual,"Task: interactive
Step: 71
Phase: Interactive
Available actions now:
- left
- right
- up
- down
- click ROW COL  (ROW first, then COL, both in 0..15; matches the (row, col) order the perception reports)
- noop
- quit
- reset

========== Start of Direct Observation ==========
[[""black"", ""black"", ""black"", ""black"", ""black"", ""black"", ""black"", ""black"", ""black"", ""black"", ""black"", ""black"", ""black"", ""black"", ""black"", ""black""], [""black"", ""black"", ""black"", ""black"", ""black"", ""black"", ""black"", ""black"", ""black"", ""black"", ""black"", ""black"", ""black"", ""black"", ""black"", ""black""], [""black"", ""black"", ""black"", ""black"", ""black"", ""black"", ""black"", ""black"", ""black"", ""black"", ""black"", ""black"", ""black"", ""black"", ""black"", ""black""], [""black"", ""black"", ""black"", ""black"", ""black"", ""black"", ""black"", ""black"", ""black"", ""black"", ""black"", ""black"", ""black"", ""black"", ""black"", ""black""], [""black"", ""black"", ""black"", ""black"", ""black"", ""black"", ""black"", ""black"", ""black"", ""black"", ""black"", ""black"", ""black"", ""black"", ""black"", ""black""], [""black"", ""black"", ""black"", ""black"", ""black"", ""black"", ""black"", ""black"", ""black"", ""black"", ""black"", ""black"", ""black"", ""black"", ""black"", ""black""], [""black"", ""black"", ""black"", ""black"", ""black"", ""black"", ""blue"", ""black"", ""black"", ""black"", ""black"", ""black"", ""black"", ""black"", ""black"", ""black""], [""black"", ""black"", ""black"", ""black"", ""black"", ""black"", ""blue"", ""red"", ""black"", ""black"", ""black"", ""black"", ""black"", ""black"", ""black"", ""black""], [""black"", ""black"", ""black"", ""black"", ""black"", ""black"", ""black"", ""red"", ""black"", ""black"", ""black"", ""black"", ""black"", ""black"", ""black"", ""black""], [""black"", ""black"", ""black"", ""black"", ""black"", ""black"", ""black"", ""black"", ""black"", ""black"", ""black"", ""black"", ""black"", ""black"", ""black"", ""black""], [""black"", ""black"", ""black"", ""black"", ""black"", ""black"", ""black"", ""black"", ""black"", ""black"", ""black"", ""black"", ""black"", ""black"", ""black"", ""black""], [""black"", ""black"", ""black"", ""black"", ""black"", ""black"", ""black"", ""black"", ""black"", ""black"", ""black"", ""black"", ""black"", ""black"", ""black"", ""black""], [""black"", ""black"", ""black"", ""black"", ""black"", ""black"", ""black"", ""black"", ""black"", ""black"", ""black"", ""black"", ""black"", ""black"", ""black"", ""black""], [""black"", ""black"", ""black"", ""black"", ""black"", ""black"", ""black"", ""black"", ""black"", ""black"", ""black"", ""black"", ""black"", ""black"", ""black"", ""black""], [""black"", ""black"", ""black"", ""black"", ""black"", ""black"", ""black"", ""black"", ""black"", ""black"", ""black"", ""black"", ""black"", ""black"", ""black"", ""black""], [""black"", ""black"", ""black"", ""black"", ""black"", ""black"", ""black"", ""black"", ""black"", ""black"", ""black"", ""black"", ""black"", ""black"", ""black"", ""black""]]",,0.0,False
72,,manual,"Task: interactive
Step: 72
Phase: Interactive
Available actions now:
- left
- right
- up
- down
- click ROW COL  (ROW first, then COL, both in 0..15; matches the (row, col) order the perception reports)
- noop
- quit
- reset

========== Start of Direct Observation ==========
[[""black"", ""black"", ""black"", ""black"", ""black"", ""black"", ""black"", ""black"", ""black"", ""black"", ""black"", ""black"", ""black"", ""black"", ""black"", ""black""], [""black"", ""black"", ""black"", ""black"", ""black"", ""black"", ""black"", ""black"", ""black"", ""black"", ""black"", ""black"", ""black"", ""black"", ""black"", ""black""], [""black"", ""black"", ""black"", ""black"", ""black"", ""black"", ""black"", ""black"", ""black"", ""black"", ""black"", ""black"", ""black"", ""black"", ""black"", ""black""], [""black"", ""black"", ""black"", ""black"", ""black"", ""black"", ""black"", ""black"", ""black"", ""black"", ""black"", ""black"", ""black"", ""black"", ""black"", ""black""], [""black"", ""black"", ""black"", ""black"", ""black"", ""black"", ""black"", ""black"", ""black"", ""black"", ""black"", ""black"", ""black"", ""black"", ""black"", ""black""], [""black"", ""black"", ""black"", ""black"", ""black"", ""black"", ""black"", ""black"", ""black"", ""black"", ""black"", ""black"", ""black"", ""black"", ""black"", ""black""], [""black"", ""black"", ""black"", ""black"", ""black"", ""black"", ""blue"", ""black"", ""black"", ""black"", ""black"", ""black"", ""black"", ""black"", ""black"", ""black""], [""black"", ""black"", ""black"", ""black"", ""black"", ""black"", ""blue"", ""red"", ""black"", ""black"", ""black"", ""black"", ""black"", ""black"", ""black"", ""black""], [""black"", ""black"", ""black"", ""black"", ""black"", ""black"", ""black"", ""red"", ""black"", ""black"", ""black"", ""black"", ""black"", ""black"", ""black"", ""black""], [""black"", ""black"", ""black"", ""black"", ""black"", ""black"", ""black"", ""black"", ""black"", ""black"", ""black"", ""black"", ""black"", ""black"", ""black"", ""black""], [""black"", ""black"", ""black"", ""black"", ""black"", ""black"", ""black"", ""black"", ""black"", ""black"", ""black"", ""black"", ""black"", ""black"", ""black"", ""black""], [""black"", ""black"", ""black"", ""black"", ""black"", ""black"", ""black"", ""black"", ""black"", ""black"", ""black"", ""black"", ""black"", ""black"", ""black"", ""black""], [""black"", ""black"", ""black"", ""black"", ""black"", ""black"", ""black"", ""black"", ""black"", ""black"", ""black"", ""black"", ""black"", ""black"", ""black"", ""black""], [""black"", ""black"", ""black"", ""black"", ""black"", ""black"", ""black"", ""black"", ""black"", ""black"", ""black"", ""black"", ""black"", ""black"", ""black"", ""black""], [""black"", ""black"", ""black"", ""black"", ""black"", ""black"", ""black"", ""black"", ""black"", ""black"", ""black"", ""black"", ""black"", ""black"", ""black"", ""black""], [""black"", ""black"", ""black"", ""black"", ""black"", ""black"", ""black"", ""black"", ""black"", ""black"", ""black"", ""black"", ""black"", ""black"", ""black"", ""black""]]",,0.0,True
