Step,Action,Reasoning,Observation,Auxiliary_Observation,Reward,Done
0,click 9 7,manual,"Task: interactive
Step: 0
Phase: Interactive
Available actions now:
- left
- right
- up
- down
- click ROW COL  (ROW first, then COL, both in 0..15; matches the (row, col) order the perception reports)
- noop
- quit
- reset

========== Start of Direct Observation ==========
Welcome, you are now in the interactive phase, where you can interact with the grid using the available actions.
During the interactive phase your goal is to act in the environment to understand the underlying rules of the environment. You can reset the environment to it's initial state at any time.

Here is the initial state of the grid: 
[[""black"", ""black"", ""black"", ""black"", ""black"", ""black"", ""black"", ""black"", ""black"", ""black"", ""black"", ""black"", ""black"", ""black"", ""black"", ""black""], [""black"", ""black"", ""black"", ""black"", ""black"", ""black"", ""black"", ""black"", ""black"", ""black"", ""black"", ""black"", ""black"", ""black"", ""black"", ""black""], [""black"", ""black"", ""black"", ""black"", ""black"", ""black"", ""black"", ""black"", ""black"", ""black"", ""black"", ""black"", ""black"", ""black"", ""black"", ""black""], [""black"", ""black"", ""black"", ""black"", ""black"", ""black"", ""black"", ""black"", ""black"", ""black"", ""black"", ""black"", ""black"", ""black"", ""black"", ""black""], [""black"", ""black"", ""black"", ""black"", ""black"", ""black"", ""black"", ""black"", ""black"", ""black"", ""black"", ""black"", ""black"", ""black"", ""black"", ""black""], [""black"", ""black"", ""black"", ""black"", ""black"", ""black"", ""black"", ""black"", ""black"", ""black"", ""black"", ""black"", ""black"", ""black"", ""black"", ""black""], [""black"", ""black"", ""black"", ""black"", ""black"", ""black"", ""black"", ""black"", ""black"", ""black"", ""black"", ""black"", ""black"", ""black"", ""black"", ""black""], [""black"", ""black"", ""black"", ""black"", ""black"", ""black"", ""black"", ""black"", ""black"", ""black"", ""black"", ""black"", ""black"", ""black"", ""black"", ""black""], [""black"", ""black"", ""black"", ""black"", ""black"", ""black"", ""black"", ""black"", ""black"", ""black"", ""black"", ""black"", ""black"", ""black"", ""black"", ""black""], [""black"", ""black"", ""black"", ""black"", ""black"", ""black"", ""black"", ""tan"", ""tan"", ""tan"", ""black"", ""black"", ""black"", ""black"", ""black"", ""black""], [""black"", ""black"", ""black"", ""black"", ""black"", ""black"", ""tan"", ""tan"", ""tan"", ""tan"", ""tan"", ""black"", ""black"", ""black"", ""black"", ""black""], [""black"", ""black"", ""black"", ""black"", ""black"", ""tan"", ""tan"", ""tan"", ""tan"", ""tan"", ""tan"", ""tan"", ""black"", ""black"", ""black"", ""black""], [""black"", ""black"", ""black"", ""black"", ""black"", ""tan"", ""tan"", ""tan"", ""tan"", ""tan"", ""tan"", ""tan"", ""black"", ""black"", ""black"", ""black""], [""black"", ""black"", ""black"", ""black"", ""black"", ""tan"", ""tan"", ""tan"", ""tan"", ""tan"", ""tan"", ""tan"", ""black"", ""black"", ""black"", ""black""], [""black"", ""black"", ""black"", ""black"", ""black"", ""black"", ""tan"", ""tan"", ""tan"", ""tan"", ""tan"", ""black"", ""black"", ""black"", ""black"", ""black""], [""black"", ""black"", ""black"", ""black"", ""black"", ""black"", ""black"", ""tan"", ""tan"", ""tan"", ""black"", ""black"", ""black"", ""black"", ""black"", ""black""]]",,0.0,False
1,click 9 8,manual,"Task: interactive
Step: 1
Phase: Interactive
Available actions now:
- left
- right
- up
- down
- click ROW COL  (ROW first, then COL, both in 0..15; matches the (row, col) order the perception reports)
- noop
- quit
- reset

========== Start of Direct Observation ==========
[[""black"", ""black"", ""black"", ""black"", ""black"", ""black"", ""black"", ""black"", ""black"", ""black"", ""black"", ""black"", ""black"", ""black"", ""black"", ""black""], [""black"", ""black"", ""black"", ""black"", ""black"", ""black"", ""black"", ""black"", ""black"", ""black"", ""black"", ""black"", ""black"", ""black"", ""black"", ""black""], [""black"", ""black"", ""black"", ""black"", ""black"", ""black"", ""black"", ""black"", ""black"", ""black"", ""black"", ""black"", ""black"", ""black"", ""black"", ""black""], [""black"", ""black"", ""black"", ""black"", ""black"", ""black"", ""black"", ""black"", ""black"", ""black"", ""black"", ""black"", ""black"", ""black"", ""black"", ""black""], [""black"", ""black"", ""black"", ""black"", ""black"", ""black"", ""black"", ""black"", ""black"", ""black"", ""black"", ""black"", ""black"", ""black"", ""black"", ""black""], [""black"", ""black"", ""black"", ""black"", ""black"", ""black"", ""black"", ""black"", ""black"", ""black"", ""black"", ""black"", ""black"", ""black"", ""black"", ""black""], [""black"", ""black"", ""black"", ""black"", ""black"", ""black"", ""black"", ""black"", ""black"", ""black"", ""black"", ""black"", ""black"", ""black"", ""black"", ""black""], [""black"", ""black"", ""black"", ""black"", ""black"", ""black"", ""black"", ""black"", ""black"", ""black"", ""black"", ""black"", ""black"", ""black"", ""black"", ""black""], [""black"", ""black"", ""black"", ""black"", ""black"", ""black"", ""black"", ""black"", ""black"", ""black"", ""black"", ""black"", ""black"", ""black"", ""black"", ""black""], [""black"", ""black"", ""black"", ""black"", ""black"", ""black"", ""black"", ""tan"", ""tan"", ""tan"", ""black"", ""black"", ""black"", ""black"", ""black"", ""black""], [""black"", ""black"", ""black"", ""black"", ""black"", ""black"", ""tan"", ""tan"", ""tan"", ""tan"", ""tan"", ""black"", ""black"", ""black"", ""black"", ""black""], [""black"", ""black"", ""black"", ""black"", ""black"", ""tan"", ""tan"", ""tan"", ""tan"", ""tan"", ""tan"", ""tan"", ""black"", ""black"", ""black"", ""black""], [""black"", ""black"", ""black"", ""black"", ""black"", ""tan"", ""tan"", ""tan"", ""tan"", ""tan"", ""tan"", ""tan"", ""black"", ""black"", ""black"", ""black""], [""black"", ""black"", ""black"", ""black"", ""black"", ""tan"", ""tan"", ""tan"", ""tan"", ""tan"", ""tan"", ""tan"", ""black"", ""black"", ""black"", ""black""], [""black"", ""black"", ""black"", ""black"", ""black"", ""black"", ""tan"", ""tan"", ""tan"", ""tan"", ""tan"", ""black"", ""black"", ""black"", ""black"", ""black""], [""black"", ""black"", ""black"", ""black"", ""black"", ""black"", ""black"", ""tan"", ""tan"", ""tan"", ""black"", ""black"", ""black"", ""black"", ""black"", ""black""]]",,0.0,False
2,click 9 9,manual,"Task: interactive
Step: 2
Phase: Interactive
Available actions now:
- left
- right
- up
- down
- click ROW COL  (ROW first, then COL, both in 0..15; matches the (row, col) order the perception reports)
- noop
- quit
- reset

========== Start of Direct Observation ==========
[[""black"", ""black"", ""black"", ""black"", ""black"", ""black"", ""black"", ""black"", ""black"", ""black"", ""black"", ""black"", ""black"", ""black"", ""black"", ""black""], [""black"", ""black"", ""black"", ""black"", ""black"", ""black"", ""black"", ""black"", ""black"", ""black"", ""black"", ""black"", ""black"", ""black"", ""black"", ""black""], [""black"", ""black"", ""black"", ""black"", ""black"", ""black"", ""black"", ""black"", ""black"", ""black"", ""black"", ""black"", ""black"", ""black"", ""black"", ""black""], [""black"", ""black"", ""black"", ""black"", ""black"", ""black"", ""black"", ""black"", ""black"", ""black"", ""black"", ""black"", ""black"", ""black"", ""black"", ""black""], [""black"", ""black"", ""black"", ""black"", ""black"", ""black"", ""black"", ""black"", ""black"", ""black"", ""black"", ""black"", ""black"", ""black"", ""black"", ""black""], [""black"", ""black"", ""black"", ""black"", ""black"", ""black"", ""black"", ""black"", ""black"", ""black"", ""black"", ""black"", ""black"", ""black"", ""black"", ""black""], [""black"", ""black"", ""black"", ""black"", ""black"", ""black"", ""black"", ""black"", ""black"", ""black"", ""black"", ""black"", ""black"", ""black"", ""black"", ""black""], [""black"", ""black"", ""black"", ""black"", ""black"", ""black"", ""black"", ""black"", ""black"", ""black"", ""black"", ""black"", ""black"", ""black"", ""black"", ""black""], [""black"", ""black"", ""black"", ""black"", ""black"", ""black"", ""black"", ""black"", ""black"", ""black"", ""black"", ""black"", ""black"", ""black"", ""black"", ""black""], [""black"", ""black"", ""black"", ""black"", ""black"", ""black"", ""black"", ""tan"", ""tan"", ""tan"", ""black"", ""black"", ""black"", ""black"", ""black"", ""black""], [""black"", ""black"", ""black"", ""black"", ""black"", ""black"", ""tan"", ""tan"", ""tan"", ""tan"", ""tan"", ""black"", ""black"", ""black"", ""black"", ""black""], [""black"", ""black"", ""black"", ""black"", ""black"", ""tan"", ""tan"", ""tan"", ""tan"", ""tan"", ""tan"", ""tan"", ""black"", ""black"", ""black"", ""black""], [""black"", ""black"", ""black"", ""black"", ""black"", ""tan"", ""tan"", ""tan"", ""tan"", ""tan"", ""tan"", ""tan"", ""black"", ""black"", ""black"", ""black""], [""black"", ""black"", ""black"", ""black"", ""black"", ""tan"", ""tan"", ""tan"", ""tan"", ""tan"", ""tan"", ""tan"", ""black"", ""black"", ""black"", ""black""], [""black"", ""black"", ""black"", ""black"", ""black"", ""black"", ""tan"", ""tan"", ""tan"", ""tan"", ""tan"", ""black"", ""black"", ""black"", ""black"", ""black""], [""black"", ""black"", ""black"", ""black"", ""black"", ""black"", ""black"", ""tan"", ""tan"", ""tan"", ""black"", ""black"", ""black"", ""black"", ""black"", ""black""]]",,0.0,False
3,noop,manual,"Task: interactive
Step: 3
Phase: Interactive
Available actions now:
- left
- right
- up
- down
- click ROW COL  (ROW first, then COL, both in 0..15; matches the (row, col) order the perception reports)
- noop
- quit
- reset

========== Start of Direct Observation ==========
[[""black"", ""black"", ""black"", ""black"", ""black"", ""black"", ""black"", ""black"", ""black"", ""black"", ""black"", ""black"", ""black"", ""black"", ""black"", ""black""], [""black"", ""black"", ""black"", ""black"", ""black"", ""black"", ""black"", ""black"", ""black"", ""black"", ""black"", ""black"", ""black"", ""black"", ""black"", ""black""], [""black"", ""black"", ""black"", ""black"", ""black"", ""black"", ""black"", ""black"", ""black"", ""black"", ""black"", ""black"", ""black"", ""black"", ""black"", ""black""], [""black"", ""black"", ""black"", ""black"", ""black"", ""black"", ""black"", ""black"", ""black"", ""black"", ""black"", ""black"", ""black"", ""black"", ""black"", ""black""], [""black"", ""black"", ""black"", ""black"", ""black"", ""black"", ""black"", ""black"", ""black"", ""black"", ""black"", ""black"", ""black"", ""black"", ""black"", ""black""], [""black"", ""black"", ""black"", ""black"", ""black"", ""black"", ""black"", ""black"", ""black"", ""black"", ""black"", ""black"", ""black"", ""black"", ""black"", ""black""], [""black"", ""black"", ""black"", ""black"", ""black"", ""black"", ""black"", ""black"", ""black"", ""black"", ""black"", ""black"", ""black"", ""black"", ""black"", ""black""], [""black"", ""black"", ""black"", ""black"", ""black"", ""black"", ""black"", ""black"", ""black"", ""black"", ""black"", ""black"", ""black"", ""black"", ""black"", ""black""], [""black"", ""black"", ""black"", ""black"", ""black"", ""black"", ""black"", ""black"", ""black"", ""black"", ""black"", ""black"", ""black"", ""black"", ""black"", ""black""], [""black"", ""black"", ""black"", ""black"", ""black"", ""black"", ""black"", ""tan"", ""tan"", ""tan"", ""black"", ""black"", ""black"", ""black"", ""black"", ""black""], [""black"", ""black"", ""black"", ""black"", ""black"", ""black"", ""tan"", ""tan"", ""tan"", ""tan"", ""tan"", ""black"", ""black"", ""black"", ""black"", ""black""], [""black"", ""black"", ""black"", ""black"", ""black"", ""tan"", ""tan"", ""tan"", ""tan"", ""tan"", ""tan"", ""tan"", ""black"", ""black"", ""black"", ""black""], [""black"", ""black"", ""black"", ""black"", ""black"", ""tan"", ""tan"", ""tan"", ""tan"", ""tan"", ""tan"", ""tan"", ""black"", ""black"", ""black"", ""black""], [""black"", ""black"", ""black"", ""black"", ""black"", ""tan"", ""tan"", ""tan"", ""tan"", ""tan"", ""tan"", ""tan"", ""black"", ""black"", ""black"", ""black""], [""black"", ""black"", ""black"", ""black"", ""black"", ""black"", ""tan"", ""tan"", ""tan"", ""tan"", ""tan"", ""black"", ""black"", ""black"", ""black"", ""black""], [""black"", ""black"", ""black"", ""black"", ""black"", ""black"", ""black"", ""tan"", ""tan"", ""tan"", ""black"", ""black"", ""black"", ""black"", ""black"", ""black""]]",,0.0,False
4,noop,manual,"Task: interactive
Step: 4
Phase: Interactive
Available actions now:
- left
- right
- up
- down
- click ROW COL  (ROW first, then COL, both in 0..15; matches the (row, col) order the perception reports)
- noop
- quit
- reset

========== Start of Direct Observation ==========
[[""black"", ""black"", ""black"", ""black"", ""black"", ""black"", ""black"", ""black"", ""black"", ""black"", ""black"", ""black"", ""black"", ""black"", ""black"", ""black""], [""black"", ""black"", ""black"", ""black"", ""black"", ""black"", ""black"", ""black"", ""black"", ""black"", ""black"", ""black"", ""black"", ""black"", ""black"", ""black""], [""black"", ""black"", ""black"", ""black"", ""black"", ""black"", ""black"", ""black"", ""black"", ""black"", ""black"", ""black"", ""black"", ""black"", ""black"", ""black""], [""black"", ""black"", ""black"", ""black"", ""black"", ""black"", ""black"", ""black"", ""black"", ""black"", ""black"", ""black"", ""black"", ""black"", ""black"", ""black""], [""black"", ""black"", ""black"", ""black"", ""black"", ""black"", ""black"", ""black"", ""black"", ""black"", ""black"", ""black"", ""black"", ""black"", ""black"", ""black""], [""black"", ""black"", ""black"", ""black"", ""black"", ""black"", ""black"", ""black"", ""black"", ""black"", ""black"", ""black"", ""black"", ""black"", ""black"", ""black""], [""black"", ""black"", ""black"", ""black"", ""black"", ""black"", ""black"", ""black"", ""black"", ""black"", ""black"", ""black"", ""black"", ""black"", ""black"", ""black""], [""black"", ""black"", ""black"", ""black"", ""black"", ""black"", ""black"", ""black"", ""black"", ""black"", ""black"", ""black"", ""black"", ""black"", ""black"", ""black""], [""black"", ""black"", ""black"", ""black"", ""black"", ""black"", ""black"", ""black"", ""black"", ""black"", ""black"", ""black"", ""black"", ""black"", ""black"", ""black""], [""black"", ""black"", ""black"", ""black"", ""black"", ""black"", ""tan"", ""black"", ""tan"", ""black"", ""tan"", ""black"", ""black"", ""black"", ""black"", ""black""], [""black"", ""black"", ""black"", ""black"", ""black"", ""black"", ""tan"", ""tan"", ""tan"", ""tan"", ""tan"", ""black"", ""black"", ""black"", ""black"", ""black""], [""black"", ""black"", ""black"", ""black"", ""black"", ""tan"", ""tan"", ""tan"", ""tan"", ""tan"", ""tan"", ""tan"", ""black"", ""black"", ""black"", ""black""], [""black"", ""black"", ""black"", ""black"", ""black"", ""tan"", ""tan"", ""tan"", ""tan"", ""tan"", ""tan"", ""tan"", ""black"", ""black"", ""black"", ""black""], [""black"", ""black"", ""black"", ""black"", ""black"", ""tan"", ""tan"", ""tan"", ""tan"", ""tan"", ""tan"", ""tan"", ""black"", ""black"", ""black"", ""black""], [""black"", ""black"", ""black"", ""black"", ""black"", ""black"", ""tan"", ""tan"", ""tan"", ""tan"", ""tan"", ""black"", ""black"", ""black"", ""black"", ""black""], [""black"", ""black"", ""black"", ""black"", ""black"", ""black"", ""black"", ""tan"", ""tan"", ""tan"", ""black"", ""black"", ""black"", ""black"", ""black"", ""black""]]",,0.0,False
5,click 10 6,manual,"Task: interactive
Step: 5
Phase: Interactive
Available actions now:
- left
- right
- up
- down
- click ROW COL  (ROW first, then COL, both in 0..15; matches the (row, col) order the perception reports)
- noop
- quit
- reset

========== Start of Direct Observation ==========
[[""black"", ""black"", ""black"", ""black"", ""black"", ""black"", ""black"", ""black"", ""black"", ""black"", ""black"", ""black"", ""black"", ""black"", ""black"", ""black""], [""black"", ""black"", ""black"", ""black"", ""black"", ""black"", ""black"", ""black"", ""black"", ""black"", ""black"", ""black"", ""black"", ""black"", ""black"", ""black""], [""black"", ""black"", ""black"", ""black"", ""black"", ""black"", ""black"", ""black"", ""black"", ""black"", ""black"", ""black"", ""black"", ""black"", ""black"", ""black""], [""black"", ""black"", ""black"", ""black"", ""black"", ""black"", ""black"", ""black"", ""black"", ""black"", ""black"", ""black"", ""black"", ""black"", ""black"", ""black""], [""black"", ""black"", ""black"", ""black"", ""black"", ""black"", ""black"", ""black"", ""black"", ""black"", ""black"", ""black"", ""black"", ""black"", ""black"", ""black""], [""black"", ""black"", ""black"", ""black"", ""black"", ""black"", ""black"", ""black"", ""black"", ""black"", ""black"", ""black"", ""black"", ""black"", ""black"", ""black""], [""black"", ""black"", ""black"", ""black"", ""black"", ""black"", ""black"", ""black"", ""black"", ""black"", ""black"", ""black"", ""black"", ""black"", ""black"", ""black""], [""black"", ""black"", ""black"", ""black"", ""black"", ""black"", ""black"", ""black"", ""black"", ""black"", ""black"", ""black"", ""black"", ""black"", ""black"", ""black""], [""black"", ""black"", ""black"", ""black"", ""black"", ""black"", ""black"", ""black"", ""black"", ""black"", ""black"", ""black"", ""black"", ""black"", ""black"", ""black""], [""black"", ""black"", ""black"", ""black"", ""black"", ""tan"", ""black"", ""black"", ""black"", ""tan"", ""black"", ""tan"", ""black"", ""black"", ""black"", ""black""], [""black"", ""black"", ""black"", ""black"", ""black"", ""black"", ""tan"", ""tan"", ""tan"", ""tan"", ""tan"", ""black"", ""black"", ""black"", ""black"", ""black""], [""black"", ""black"", ""black"", ""black"", ""black"", ""tan"", ""tan"", ""tan"", ""tan"", ""tan"", ""tan"", ""tan"", ""black"", ""black"", ""black"", ""black""], [""black"", ""black"", ""black"", ""black"", ""black"", ""tan"", ""tan"", ""tan"", ""tan"", ""tan"", ""tan"", ""tan"", ""black"", ""black"", ""black"", ""black""], [""black"", ""black"", ""black"", ""black"", ""black"", ""tan"", ""tan"", ""tan"", ""tan"", ""tan"", ""tan"", ""tan"", ""black"", ""black"", ""black"", ""black""], [""black"", ""black"", ""black"", ""black"", ""black"", ""black"", ""tan"", ""tan"", ""tan"", ""tan"", ""tan"", ""black"", ""black"", ""black"", ""black"", ""black""], [""black"", ""black"", ""black"", ""black"", ""black"", ""black"", ""black"", ""tan"", ""tan"", ""tan"", ""black"", ""black"", ""black"", ""black"", ""black"", ""black""]]",,0.0,False
6,click 10 7,manual,"Task: interactive
Step: 6
Phase: Interactive
Available actions now:
- left
- right
- up
- down
- click ROW COL  (ROW first, then COL, both in 0..15; matches the (row, col) order the perception reports)
- noop
- quit
- reset

========== Start of Direct Observation ==========
[[""black"", ""black"", ""black"", ""black"", ""black"", ""black"", ""black"", ""black"", ""black"", ""black"", ""black"", ""black"", ""black"", ""black"", ""black"", ""black""], [""black"", ""black"", ""black"", ""black"", ""black"", ""black"", ""black"", ""black"", ""black"", ""black"", ""black"", ""black"", ""black"", ""black"", ""black"", ""black""], [""black"", ""black"", ""black"", ""black"", ""black"", ""black"", ""black"", ""black"", ""black"", ""black"", ""black"", ""black"", ""black"", ""black"", ""black"", ""black""], [""black"", ""black"", ""black"", ""black"", ""black"", ""black"", ""black"", ""black"", ""black"", ""black"", ""black"", ""black"", ""black"", ""black"", ""black"", ""black""], [""black"", ""black"", ""black"", ""black"", ""black"", ""black"", ""black"", ""black"", ""black"", ""black"", ""black"", ""black"", ""black"", ""black"", ""black"", ""black""], [""black"", ""black"", ""black"", ""black"", ""black"", ""black"", ""black"", ""black"", ""black"", ""black"", ""black"", ""black"", ""black"", ""black"", ""black"", ""black""], [""black"", ""black"", ""black"", ""black"", ""black"", ""black"", ""black"", ""black"", ""black"", ""black"", ""black"", ""black"", ""black"", ""black"", ""black"", ""black""], [""black"", ""black"", ""black"", ""black"", ""black"", ""black"", ""black"", ""black"", ""black"", ""black"", ""black"", ""black"", ""black"", ""black"", ""black"", ""black""], [""black"", ""black"", ""black"", ""black"", ""black"", ""black"", ""black"", ""black"", ""black"", ""black"", ""black"", ""black"", ""black"", ""black"", ""black"", ""black""], [""black"", ""black"", ""black"", ""black"", ""black"", ""tan"", ""black"", ""black"", ""black"", ""tan"", ""black"", ""tan"", ""black"", ""black"", ""black"", ""black""], [""black"", ""black"", ""black"", ""black"", ""black"", ""black"", ""tan"", ""tan"", ""tan"", ""tan"", ""tan"", ""black"", ""black"", ""black"", ""black"", ""black""], [""black"", ""black"", ""black"", ""black"", ""black"", ""tan"", ""tan"", ""tan"", ""tan"", ""tan"", ""tan"", ""tan"", ""black"", ""black"", ""black"", ""black""], [""black"", ""black"", ""black"", ""black"", ""black"", ""tan"", ""tan"", ""tan"", ""tan"", ""tan"", ""tan"", ""tan"", ""black"", ""black"", ""black"", ""black""], [""black"", ""black"", ""black"", ""black"", ""black"", ""tan"", ""tan"", ""tan"", ""tan"", ""tan"", ""tan"", ""tan"", ""black"", ""black"", ""black"", ""black""], [""black"", ""black"", ""black"", ""black"", ""black"", ""black"", ""tan"", ""tan"", ""tan"", ""tan"", ""tan"", ""black"", ""black"", ""black"", ""black"", ""black""], [""black"", ""black"", ""black"", ""black"", ""black"", ""black"", ""black"", ""tan"", ""tan"", ""tan"", ""black"", ""black"", ""black"", ""black"", ""black"", ""black""]]",,0.0,False
7,click 10 8,manual,"Task: interactive
Step: 7
Phase: Interactive
Available actions now:
- left
- right
- up
- down
- click ROW COL  (ROW first, then COL, both in 0..15; matches the (row, col) order the perception reports)
- noop
- quit
- reset

========== Start of Direct Observation ==========
[[""black"", ""black"", ""black"", ""black"", ""black"", ""black"", ""black"", ""black"", ""black"", ""black"", ""black"", ""black"", ""black"", ""black"", ""black"", ""black""], [""black"", ""black"", ""black"", ""black"", ""black"", ""black"", ""black"", ""black"", ""black"", ""black"", ""black"", ""black"", ""black"", ""black"", ""black"", ""black""], [""black"", ""black"", ""black"", ""black"", ""black"", ""black"", ""black"", ""black"", ""black"", ""black"", ""black"", ""black"", ""black"", ""black"", ""black"", ""black""], [""black"", ""black"", ""black"", ""black"", ""black"", ""black"", ""black"", ""black"", ""black"", ""black"", ""black"", ""black"", ""black"", ""black"", ""black"", ""black""], [""black"", ""black"", ""black"", ""black"", ""black"", ""black"", ""black"", ""black"", ""black"", ""black"", ""black"", ""black"", ""black"", ""black"", ""black"", ""black""], [""black"", ""black"", ""black"", ""black"", ""black"", ""black"", ""black"", ""black"", ""black"", ""black"", ""black"", ""black"", ""black"", ""black"", ""black"", ""black""], [""black"", ""black"", ""black"", ""black"", ""black"", ""black"", ""black"", ""black"", ""black"", ""black"", ""black"", ""black"", ""black"", ""black"", ""black"", ""black""], [""black"", ""black"", ""black"", ""black"", ""black"", ""black"", ""black"", ""black"", ""black"", ""black"", ""black"", ""black"", ""black"", ""black"", ""black"", ""black""], [""black"", ""black"", ""black"", ""black"", ""black"", ""black"", ""black"", ""black"", ""black"", ""black"", ""black"", ""black"", ""black"", ""black"", ""black"", ""black""], [""black"", ""black"", ""black"", ""black"", ""black"", ""tan"", ""black"", ""black"", ""black"", ""tan"", ""black"", ""tan"", ""black"", ""black"", ""black"", ""black""], [""black"", ""black"", ""black"", ""black"", ""black"", ""black"", ""tan"", ""tan"", ""tan"", ""tan"", ""tan"", ""black"", ""black"", ""black"", ""black"", ""black""], [""black"", ""black"", ""black"", ""black"", ""black"", ""tan"", ""tan"", ""tan"", ""tan"", ""tan"", ""tan"", ""tan"", ""black"", ""black"", ""black"", ""black""], [""black"", ""black"", ""black"", ""black"", ""black"", ""tan"", ""tan"", ""tan"", ""tan"", ""tan"", ""tan"", ""tan"", ""black"", ""black"", ""black"", ""black""], [""black"", ""black"", ""black"", ""black"", ""black"", ""tan"", ""tan"", ""tan"", ""tan"", ""tan"", ""tan"", ""tan"", ""black"", ""black"", ""black"", ""black""], [""black"", ""black"", ""black"", ""black"", ""black"", ""black"", ""tan"", ""tan"", ""tan"", ""tan"", ""tan"", ""black"", ""black"", ""black"", ""black"", ""black""], [""black"", ""black"", ""black"", ""black"", ""black"", ""black"", ""black"", ""tan"", ""tan"", ""tan"", ""black"", ""black"", ""black"", ""black"", ""black"", ""black""]]",,0.0,False
8,click 10 9,manual,"Task: interactive
Step: 8
Phase: Interactive
Available actions now:
- left
- right
- up
- down
- click ROW COL  (ROW first, then COL, both in 0..15; matches the (row, col) order the perception reports)
- noop
- quit
- reset

========== Start of Direct Observation ==========
[[""black"", ""black"", ""black"", ""black"", ""black"", ""black"", ""black"", ""black"", ""black"", ""black"", ""black"", ""black"", ""black"", ""black"", ""black"", ""black""], [""black"", ""black"", ""black"", ""black"", ""black"", ""black"", ""black"", ""black"", ""black"", ""black"", ""black"", ""black"", ""black"", ""black"", ""black"", ""black""], [""black"", ""black"", ""black"", ""black"", ""black"", ""black"", ""black"", ""black"", ""black"", ""black"", ""black"", ""black"", ""black"", ""black"", ""black"", ""black""], [""black"", ""black"", ""black"", ""black"", ""black"", ""black"", ""black"", ""black"", ""black"", ""black"", ""black"", ""black"", ""black"", ""black"", ""black"", ""black""], [""black"", ""black"", ""black"", ""black"", ""black"", ""black"", ""black"", ""black"", ""black"", ""black"", ""black"", ""black"", ""black"", ""black"", ""black"", ""black""], [""black"", ""black"", ""black"", ""black"", ""black"", ""black"", ""black"", ""black"", ""black"", ""black"", ""black"", ""black"", ""black"", ""black"", ""black"", ""black""], [""black"", ""black"", ""black"", ""black"", ""black"", ""black"", ""black"", ""black"", ""black"", ""black"", ""black"", ""black"", ""black"", ""black"", ""black"", ""black""], [""black"", ""black"", ""black"", ""black"", ""black"", ""black"", ""black"", ""black"", ""black"", ""black"", ""black"", ""black"", ""black"", ""black"", ""black"", ""black""], [""black"", ""black"", ""black"", ""black"", ""black"", ""black"", ""black"", ""black"", ""black"", ""black"", ""black"", ""black"", ""black"", ""black"", ""black"", ""black""], [""black"", ""black"", ""black"", ""black"", ""black"", ""tan"", ""black"", ""black"", ""black"", ""tan"", ""black"", ""tan"", ""black"", ""black"", ""black"", ""black""], [""black"", ""black"", ""black"", ""black"", ""black"", ""black"", ""tan"", ""tan"", ""tan"", ""tan"", ""tan"", ""black"", ""black"", ""black"", ""black"", ""black""], [""black"", ""black"", ""black"", ""black"", ""black"", ""tan"", ""tan"", ""tan"", ""tan"", ""tan"", ""tan"", ""tan"", ""black"", ""black"", ""black"", ""black""], [""black"", ""black"", ""black"", ""black"", ""black"", ""tan"", ""tan"", ""tan"", ""tan"", ""tan"", ""tan"", ""tan"", ""black"", ""black"", ""black"", ""black""], [""black"", ""black"", ""black"", ""black"", ""black"", ""tan"", ""tan"", ""tan"", ""tan"", ""tan"", ""tan"", ""tan"", ""black"", ""black"", ""black"", ""black""], [""black"", ""black"", ""black"", ""black"", ""black"", ""black"", ""tan"", ""tan"", ""tan"", ""tan"", ""tan"", ""black"", ""black"", ""black"", ""black"", ""black""], [""black"", ""black"", ""black"", ""black"", ""black"", ""black"", ""black"", ""tan"", ""tan"", ""tan"", ""black"", ""black"", ""black"", ""black"", ""black"", ""black""]]",,0.0,False
9,click 10 10,manual,"Task: interactive
Step: 9
Phase: Interactive
Available actions now:
- left
- right
- up
- down
- click ROW COL  (ROW first, then COL, both in 0..15; matches the (row, col) order the perception reports)
- noop
- quit
- reset

========== Start of Direct Observation ==========
[[""black"", ""black"", ""black"", ""black"", ""black"", ""black"", ""black"", ""black"", ""black"", ""black"", ""black"", ""black"", ""black"", ""black"", ""black"", ""black""], [""black"", ""black"", ""black"", ""black"", ""black"", ""black"", ""black"", ""black"", ""black"", ""black"", ""black"", ""black"", ""black"", ""black"", ""black"", ""black""], [""black"", ""black"", ""black"", ""black"", ""black"", ""black"", ""black"", ""black"", ""black"", ""black"", ""black"", ""black"", ""black"", ""black"", ""black"", ""black""], [""black"", ""black"", ""black"", ""black"", ""black"", ""black"", ""black"", ""black"", ""black"", ""black"", ""black"", ""black"", ""black"", ""black"", ""black"", ""black""], [""black"", ""black"", ""black"", ""black"", ""black"", ""black"", ""black"", ""black"", ""black"", ""black"", ""black"", ""black"", ""black"", ""black"", ""black"", ""black""], [""black"", ""black"", ""black"", ""black"", ""black"", ""black"", ""black"", ""black"", ""black"", ""black"", ""black"", ""black"", ""black"", ""black"", ""black"", ""black""], [""black"", ""black"", ""black"", ""black"", ""black"", ""black"", ""black"", ""black"", ""black"", ""black"", ""black"", ""black"", ""black"", ""black"", ""black"", ""black""], [""black"", ""black"", ""black"", ""black"", ""black"", ""black"", ""black"", ""black"", ""black"", ""black"", ""black"", ""black"", ""black"", ""black"", ""black"", ""black""], [""black"", ""black"", ""black"", ""black"", ""black"", ""black"", ""black"", ""black"", ""black"", ""black"", ""black"", ""black"", ""black"", ""black"", ""black"", ""black""], [""black"", ""black"", ""black"", ""black"", ""black"", ""tan"", ""black"", ""black"", ""black"", ""tan"", ""black"", ""tan"", ""black"", ""black"", ""black"", ""black""], [""black"", ""black"", ""black"", ""black"", ""black"", ""black"", ""tan"", ""tan"", ""tan"", ""tan"", ""tan"", ""black"", ""black"", ""black"", ""black"", ""black""], [""black"", ""black"", ""black"", ""black"", ""black"", ""tan"", ""tan"", ""tan"", ""tan"", ""tan"", ""tan"", ""tan"", ""black"", ""black"", ""black"", ""black""], [""black"", ""black"", ""black"", ""black"", ""black"", ""tan"", ""tan"", ""tan"", ""tan"", ""tan"", ""tan"", ""tan"", ""black"", ""black"", ""black"", ""black""], [""black"", ""black"", ""black"", ""black"", ""black"", ""tan"", ""tan"", ""tan"", ""tan"", ""tan"", ""tan"", ""tan"", ""black"", ""black"", ""black"", ""black""], [""black"", ""black"", ""black"", ""black"", ""black"", ""black"", ""tan"", ""tan"", ""tan"", ""tan"", ""tan"", ""black"", ""black"", ""black"", ""black"", ""black""], [""black"", ""black"", ""black"", ""black"", ""black"", ""black"", ""black"", ""tan"", ""tan"", ""tan"", ""black"", ""black"", ""black"", ""black"", ""black"", ""black""]]",,0.0,False
10,noop,manual,"Task: interactive
Step: 10
Phase: Interactive
Available actions now:
- left
- right
- up
- down
- click ROW COL  (ROW first, then COL, both in 0..15; matches the (row, col) order the perception reports)
- noop
- quit
- reset

========== Start of Direct Observation ==========
[[""black"", ""black"", ""black"", ""black"", ""black"", ""black"", ""black"", ""black"", ""black"", ""black"", ""black"", ""black"", ""black"", ""black"", ""black"", ""black""], [""black"", ""black"", ""black"", ""black"", ""black"", ""black"", ""black"", ""black"", ""black"", ""black"", ""black"", ""black"", ""black"", ""black"", ""black"", ""black""], [""black"", ""black"", ""black"", ""black"", ""black"", ""black"", ""black"", ""black"", ""black"", ""black"", ""black"", ""black"", ""black"", ""black"", ""black"", ""black""], [""black"", ""black"", ""black"", ""black"", ""black"", ""black"", ""black"", ""black"", ""black"", ""black"", ""black"", ""black"", ""black"", ""black"", ""black"", ""black""], [""black"", ""black"", ""black"", ""black"", ""black"", ""black"", ""black"", ""black"", ""black"", ""black"", ""black"", ""black"", ""black"", ""black"", ""black"", ""black""], [""black"", ""black"", ""black"", ""black"", ""black"", ""black"", ""black"", ""black"", ""black"", ""black"", ""black"", ""black"", ""black"", ""black"", ""black"", ""black""], [""black"", ""black"", ""black"", ""black"", ""black"", ""black"", ""black"", ""black"", ""black"", ""black"", ""black"", ""black"", ""black"", ""black"", ""black"", ""black""], [""black"", ""black"", ""black"", ""black"", ""black"", ""black"", ""black"", ""black"", ""black"", ""black"", ""black"", ""black"", ""black"", ""black"", ""black"", ""black""], [""black"", ""black"", ""black"", ""black"", ""black"", ""black"", ""black"", ""black"", ""black"", ""black"", ""black"", ""black"", ""black"", ""black"", ""black"", ""black""], [""black"", ""black"", ""black"", ""black"", ""black"", ""tan"", ""black"", ""black"", ""black"", ""tan"", ""black"", ""tan"", ""black"", ""black"", ""black"", ""black""], [""black"", ""black"", ""black"", ""black"", ""black"", ""black"", ""tan"", ""tan"", ""tan"", ""tan"", ""tan"", ""black"", ""black"", ""black"", ""black"", ""black""], [""black"", ""black"", ""black"", ""black"", ""black"", ""tan"", ""tan"", ""tan"", ""tan"", ""tan"", ""tan"", ""tan"", ""black"", ""black"", ""black"", ""black""], [""black"", ""black"", ""black"", ""black"", ""black"", ""tan"", ""tan"", ""tan"", ""tan"", ""tan"", ""tan"", ""tan"", ""black"", ""black"", ""black"", ""black""], [""black"", ""black"", ""black"", ""black"", ""black"", ""tan"", ""tan"", ""tan"", ""tan"", ""tan"", ""tan"", ""tan"", ""black"", ""black"", ""black"", ""black""], [""black"", ""black"", ""black"", ""black"", ""black"", ""black"", ""tan"", ""tan"", ""tan"", ""tan"", ""tan"", ""black"", ""black"", ""black"", ""black"", ""black""], [""black"", ""black"", ""black"", ""black"", ""black"", ""black"", ""black"", ""tan"", ""tan"", ""tan"", ""black"", ""black"", ""black"", ""black"", ""black"", ""black""]]",,0.0,False
11,noop,manual,"Task: interactive
Step: 11
Phase: Interactive
Available actions now:
- left
- right
- up
- down
- click ROW COL  (ROW first, then COL, both in 0..15; matches the (row, col) order the perception reports)
- noop
- quit
- reset

========== Start of Direct Observation ==========
[[""black"", ""black"", ""black"", ""black"", ""black"", ""black"", ""black"", ""black"", ""black"", ""black"", ""black"", ""black"", ""black"", ""black"", ""black"", ""black""], [""black"", ""black"", ""black"", ""black"", ""black"", ""black"", ""black"", ""black"", ""black"", ""black"", ""black"", ""black"", ""black"", ""black"", ""black"", ""black""], [""black"", ""black"", ""black"", ""black"", ""black"", ""black"", ""black"", ""black"", ""black"", ""black"", ""black"", ""black"", ""black"", ""black"", ""black"", ""black""], [""black"", ""black"", ""black"", ""black"", ""black"", ""black"", ""black"", ""black"", ""black"", ""black"", ""black"", ""black"", ""black"", ""black"", ""black"", ""black""], [""black"", ""black"", ""black"", ""black"", ""black"", ""black"", ""black"", ""black"", ""black"", ""black"", ""black"", ""black"", ""black"", ""black"", ""black"", ""black""], [""black"", ""black"", ""black"", ""black"", ""black"", ""black"", ""black"", ""black"", ""black"", ""black"", ""black"", ""black"", ""black"", ""black"", ""black"", ""black""], [""black"", ""black"", ""black"", ""black"", ""black"", ""black"", ""black"", ""black"", ""black"", ""black"", ""black"", ""black"", ""black"", ""black"", ""black"", ""black""], [""black"", ""black"", ""black"", ""black"", ""black"", ""black"", ""black"", ""black"", ""black"", ""black"", ""black"", ""black"", ""black"", ""black"", ""black"", ""black""], [""black"", ""black"", ""black"", ""black"", ""black"", ""black"", ""black"", ""black"", ""black"", ""black"", ""black"", ""black"", ""black"", ""black"", ""black"", ""black""], [""black"", ""black"", ""black"", ""black"", ""black"", ""black"", ""black"", ""black"", ""black"", ""black"", ""tan"", ""black"", ""black"", ""black"", ""black"", ""black""], [""black"", ""black"", ""black"", ""black"", ""black"", ""tan"", ""black"", ""tan"", ""tan"", ""yellow"", ""black"", ""tan"", ""black"", ""black"", ""black"", ""black""], [""black"", ""black"", ""black"", ""black"", ""black"", ""tan"", ""tan"", ""tan"", ""tan"", ""tan"", ""tan"", ""tan"", ""black"", ""black"", ""black"", ""black""], [""black"", ""black"", ""black"", ""black"", ""black"", ""tan"", ""tan"", ""tan"", ""tan"", ""tan"", ""tan"", ""tan"", ""black"", ""black"", ""black"", ""black""], [""black"", ""black"", ""black"", ""black"", ""black"", ""tan"", ""tan"", ""tan"", ""tan"", ""tan"", ""tan"", ""tan"", ""black"", ""black"", ""black"", ""black""], [""black"", ""black"", ""black"", ""black"", ""black"", ""black"", ""tan"", ""tan"", ""tan"", ""tan"", ""tan"", ""black"", ""black"", ""black"", ""black"", ""black""], [""black"", ""black"", ""black"", ""black"", ""black"", ""black"", ""black"", ""tan"", ""tan"", ""tan"", ""black"", ""black"", ""black"", ""black"", ""black"", ""black""]]",,0.0,False
12,click 11 5,manual,"Task: interactive
Step: 12
Phase: Interactive
Available actions now:
- left
- right
- up
- down
- click ROW COL  (ROW first, then COL, both in 0..15; matches the (row, col) order the perception reports)
- noop
- quit
- reset

========== Start of Direct Observation ==========
[[""black"", ""black"", ""black"", ""black"", ""black"", ""black"", ""black"", ""black"", ""black"", ""black"", ""black"", ""black"", ""black"", ""black"", ""black"", ""black""], [""black"", ""black"", ""black"", ""black"", ""black"", ""black"", ""black"", ""black"", ""black"", ""black"", ""black"", ""black"", ""black"", ""black"", ""black"", ""black""], [""black"", ""black"", ""black"", ""black"", ""black"", ""black"", ""black"", ""black"", ""black"", ""black"", ""black"", ""black"", ""black"", ""black"", ""black"", ""black""], [""black"", ""black"", ""black"", ""black"", ""black"", ""black"", ""black"", ""black"", ""black"", ""black"", ""black"", ""black"", ""black"", ""black"", ""black"", ""black""], [""black"", ""black"", ""black"", ""black"", ""black"", ""black"", ""black"", ""black"", ""black"", ""black"", ""black"", ""black"", ""black"", ""black"", ""black"", ""black""], [""black"", ""black"", ""black"", ""black"", ""black"", ""black"", ""black"", ""black"", ""black"", ""black"", ""black"", ""black"", ""black"", ""black"", ""black"", ""black""], [""black"", ""black"", ""black"", ""black"", ""black"", ""black"", ""black"", ""black"", ""black"", ""black"", ""black"", ""black"", ""black"", ""black"", ""black"", ""black""], [""black"", ""black"", ""black"", ""black"", ""black"", ""black"", ""black"", ""black"", ""black"", ""black"", ""black"", ""black"", ""black"", ""black"", ""black"", ""black""], [""black"", ""black"", ""black"", ""black"", ""black"", ""black"", ""black"", ""black"", ""black"", ""black"", ""black"", ""black"", ""black"", ""black"", ""black"", ""black""], [""black"", ""black"", ""black"", ""black"", ""black"", ""black"", ""black"", ""black"", ""black"", ""black"", ""black"", ""black"", ""black"", ""black"", ""black"", ""black""], [""black"", ""black"", ""black"", ""black"", ""tan"", ""black"", ""tan"", ""black"", ""tan"", ""yellow"", ""tan"", ""black"", ""tan"", ""black"", ""black"", ""black""], [""black"", ""black"", ""black"", ""black"", ""black"", ""tan"", ""tan"", ""tan"", ""tan"", ""tan"", ""tan"", ""tan"", ""black"", ""black"", ""black"", ""black""], [""black"", ""black"", ""black"", ""black"", ""black"", ""tan"", ""tan"", ""tan"", ""tan"", ""tan"", ""tan"", ""tan"", ""black"", ""black"", ""black"", ""black""], [""black"", ""black"", ""black"", ""black"", ""black"", ""tan"", ""tan"", ""tan"", ""tan"", ""tan"", ""tan"", ""tan"", ""black"", ""black"", ""black"", ""black""], [""black"", ""black"", ""black"", ""black"", ""black"", ""black"", ""tan"", ""tan"", ""tan"", ""tan"", ""tan"", ""black"", ""black"", ""black"", ""black"", ""black""], [""black"", ""black"", ""black"", ""black"", ""black"", ""black"", ""black"", ""tan"", ""tan"", ""tan"", ""black"", ""black"", ""black"", ""black"", ""black"", ""black""]]",,0.0,False
13,click 11 6,manual,"Task: interactive
Step: 13
Phase: Interactive
Available actions now:
- left
- right
- up
- down
- click ROW COL  (ROW first, then COL, both in 0..15; matches the (row, col) order the perception reports)
- noop
- quit
- reset

========== Start of Direct Observation ==========
[[""black"", ""black"", ""black"", ""black"", ""black"", ""black"", ""black"", ""black"", ""black"", ""black"", ""black"", ""black"", ""black"", ""black"", ""black"", ""black""], [""black"", ""black"", ""black"", ""black"", ""black"", ""black"", ""black"", ""black"", ""black"", ""black"", ""black"", ""black"", ""black"", ""black"", ""black"", ""black""], [""black"", ""black"", ""black"", ""black"", ""black"", ""black"", ""black"", ""black"", ""black"", ""black"", ""black"", ""black"", ""black"", ""black"", ""black"", ""black""], [""black"", ""black"", ""black"", ""black"", ""black"", ""black"", ""black"", ""black"", ""black"", ""black"", ""black"", ""black"", ""black"", ""black"", ""black"", ""black""], [""black"", ""black"", ""black"", ""black"", ""black"", ""black"", ""black"", ""black"", ""black"", ""black"", ""black"", ""black"", ""black"", ""black"", ""black"", ""black""], [""black"", ""black"", ""black"", ""black"", ""black"", ""black"", ""black"", ""black"", ""black"", ""black"", ""black"", ""black"", ""black"", ""black"", ""black"", ""black""], [""black"", ""black"", ""black"", ""black"", ""black"", ""black"", ""black"", ""black"", ""black"", ""black"", ""black"", ""black"", ""black"", ""black"", ""black"", ""black""], [""black"", ""black"", ""black"", ""black"", ""black"", ""black"", ""black"", ""black"", ""black"", ""black"", ""black"", ""black"", ""black"", ""black"", ""black"", ""black""], [""black"", ""black"", ""black"", ""black"", ""black"", ""black"", ""black"", ""black"", ""black"", ""black"", ""black"", ""black"", ""black"", ""black"", ""black"", ""black""], [""black"", ""black"", ""black"", ""black"", ""black"", ""black"", ""black"", ""black"", ""black"", ""black"", ""black"", ""black"", ""black"", ""black"", ""black"", ""black""], [""black"", ""black"", ""black"", ""black"", ""tan"", ""black"", ""tan"", ""black"", ""tan"", ""yellow"", ""tan"", ""black"", ""tan"", ""black"", ""black"", ""black""], [""black"", ""black"", ""black"", ""black"", ""black"", ""tan"", ""tan"", ""tan"", ""tan"", ""tan"", ""tan"", ""tan"", ""black"", ""black"", ""black"", ""black""], [""black"", ""black"", ""black"", ""black"", ""black"", ""tan"", ""tan"", ""tan"", ""tan"", ""tan"", ""tan"", ""tan"", ""black"", ""black"", ""black"", ""black""], [""black"", ""black"", ""black"", ""black"", ""black"", ""tan"", ""tan"", ""tan"", ""tan"", ""tan"", ""tan"", ""tan"", ""black"", ""black"", ""black"", ""black""], [""black"", ""black"", ""black"", ""black"", ""black"", ""black"", ""tan"", ""tan"", ""tan"", ""tan"", ""tan"", ""black"", ""black"", ""black"", ""black"", ""black""], [""black"", ""black"", ""black"", ""black"", ""black"", ""black"", ""black"", ""tan"", ""tan"", ""tan"", ""black"", ""black"", ""black"", ""black"", ""black"", ""black""]]",,0.0,False
14,click 11 7,manual,"Task: interactive
Step: 14
Phase: Interactive
Available actions now:
- left
- right
- up
- down
- click ROW COL  (ROW first, then COL, both in 0..15; matches the (row, col) order the perception reports)
- noop
- quit
- reset

========== Start of Direct Observation ==========
[[""black"", ""black"", ""black"", ""black"", ""black"", ""black"", ""black"", ""black"", ""black"", ""black"", ""black"", ""black"", ""black"", ""black"", ""black"", ""black""], [""black"", ""black"", ""black"", ""black"", ""black"", ""black"", ""black"", ""black"", ""black"", ""black"", ""black"", ""black"", ""black"", ""black"", ""black"", ""black""], [""black"", ""black"", ""black"", ""black"", ""black"", ""black"", ""black"", ""black"", ""black"", ""black"", ""black"", ""black"", ""black"", ""black"", ""black"", ""black""], [""black"", ""black"", ""black"", ""black"", ""black"", ""black"", ""black"", ""black"", ""black"", ""black"", ""black"", ""black"", ""black"", ""black"", ""black"", ""black""], [""black"", ""black"", ""black"", ""black"", ""black"", ""black"", ""black"", ""black"", ""black"", ""black"", ""black"", ""black"", ""black"", ""black"", ""black"", ""black""], [""black"", ""black"", ""black"", ""black"", ""black"", ""black"", ""black"", ""black"", ""black"", ""black"", ""black"", ""black"", ""black"", ""black"", ""black"", ""black""], [""black"", ""black"", ""black"", ""black"", ""black"", ""black"", ""black"", ""black"", ""black"", ""black"", ""black"", ""black"", ""black"", ""black"", ""black"", ""black""], [""black"", ""black"", ""black"", ""black"", ""black"", ""black"", ""black"", ""black"", ""black"", ""black"", ""black"", ""black"", ""black"", ""black"", ""black"", ""black""], [""black"", ""black"", ""black"", ""black"", ""black"", ""black"", ""black"", ""black"", ""black"", ""black"", ""black"", ""black"", ""black"", ""black"", ""black"", ""black""], [""black"", ""black"", ""black"", ""black"", ""black"", ""black"", ""black"", ""black"", ""black"", ""black"", ""black"", ""black"", ""black"", ""black"", ""black"", ""black""], [""black"", ""black"", ""black"", ""black"", ""tan"", ""black"", ""tan"", ""black"", ""tan"", ""yellow"", ""tan"", ""black"", ""tan"", ""black"", ""black"", ""black""], [""black"", ""black"", ""black"", ""black"", ""black"", ""tan"", ""tan"", ""tan"", ""tan"", ""tan"", ""tan"", ""tan"", ""black"", ""black"", ""black"", ""black""], [""black"", ""black"", ""black"", ""black"", ""black"", ""tan"", ""tan"", ""tan"", ""tan"", ""tan"", ""tan"", ""tan"", ""black"", ""black"", ""black"", ""black""], [""black"", ""black"", ""black"", ""black"", ""black"", ""tan"", ""tan"", ""tan"", ""tan"", ""tan"", ""tan"", ""tan"", ""black"", ""black"", ""black"", ""black""], [""black"", ""black"", ""black"", ""black"", ""black"", ""black"", ""tan"", ""tan"", ""tan"", ""tan"", ""tan"", ""black"", ""black"", ""black"", ""black"", ""black""], [""black"", ""black"", ""black"", ""black"", ""black"", ""black"", ""black"", ""tan"", ""tan"", ""tan"", ""black"", ""black"", ""black"", ""black"", ""black"", ""black""]]",,0.0,False
15,click 11 8,manual,"Task: interactive
Step: 15
Phase: Interactive
Available actions now:
- left
- right
- up
- down
- click ROW COL  (ROW first, then COL, both in 0..15; matches the (row, col) order the perception reports)
- noop
- quit
- reset

========== Start of Direct Observation ==========
[[""black"", ""black"", ""black"", ""black"", ""black"", ""black"", ""black"", ""black"", ""black"", ""black"", ""black"", ""black"", ""black"", ""black"", ""black"", ""black""], [""black"", ""black"", ""black"", ""black"", ""black"", ""black"", ""black"", ""black"", ""black"", ""black"", ""black"", ""black"", ""black"", ""black"", ""black"", ""black""], [""black"", ""black"", ""black"", ""black"", ""black"", ""black"", ""black"", ""black"", ""black"", ""black"", ""black"", ""black"", ""black"", ""black"", ""black"", ""black""], [""black"", ""black"", ""black"", ""black"", ""black"", ""black"", ""black"", ""black"", ""black"", ""black"", ""black"", ""black"", ""black"", ""black"", ""black"", ""black""], [""black"", ""black"", ""black"", ""black"", ""black"", ""black"", ""black"", ""black"", ""black"", ""black"", ""black"", ""black"", ""black"", ""black"", ""black"", ""black""], [""black"", ""black"", ""black"", ""black"", ""black"", ""black"", ""black"", ""black"", ""black"", ""black"", ""black"", ""black"", ""black"", ""black"", ""black"", ""black""], [""black"", ""black"", ""black"", ""black"", ""black"", ""black"", ""black"", ""black"", ""black"", ""black"", ""black"", ""black"", ""black"", ""black"", ""black"", ""black""], [""black"", ""black"", ""black"", ""black"", ""black"", ""black"", ""black"", ""black"", ""black"", ""black"", ""black"", ""black"", ""black"", ""black"", ""black"", ""black""], [""black"", ""black"", ""black"", ""black"", ""black"", ""black"", ""black"", ""black"", ""black"", ""black"", ""black"", ""black"", ""black"", ""black"", ""black"", ""black""], [""black"", ""black"", ""black"", ""black"", ""black"", ""black"", ""black"", ""black"", ""black"", ""black"", ""black"", ""black"", ""black"", ""black"", ""black"", ""black""], [""black"", ""black"", ""black"", ""black"", ""tan"", ""black"", ""tan"", ""black"", ""tan"", ""yellow"", ""tan"", ""black"", ""tan"", ""black"", ""black"", ""black""], [""black"", ""black"", ""black"", ""black"", ""black"", ""tan"", ""tan"", ""tan"", ""tan"", ""tan"", ""tan"", ""tan"", ""black"", ""black"", ""black"", ""black""], [""black"", ""black"", ""black"", ""black"", ""black"", ""tan"", ""tan"", ""tan"", ""tan"", ""tan"", ""tan"", ""tan"", ""black"", ""black"", ""black"", ""black""], [""black"", ""black"", ""black"", ""black"", ""black"", ""tan"", ""tan"", ""tan"", ""tan"", ""tan"", ""tan"", ""tan"", ""black"", ""black"", ""black"", ""black""], [""black"", ""black"", ""black"", ""black"", ""black"", ""black"", ""tan"", ""tan"", ""tan"", ""tan"", ""tan"", ""black"", ""black"", ""black"", ""black"", ""black""], [""black"", ""black"", ""black"", ""black"", ""black"", ""black"", ""black"", ""tan"", ""tan"", ""tan"", ""black"", ""black"", ""black"", ""black"", ""black"", ""black""]]",,0.0,False
16,click 11 9,manual,"Task: interactive
Step: 16
Phase: Interactive
Available actions now:
- left
- right
- up
- down
- click ROW COL  (ROW first, then COL, both in 0..15; matches the (row, col) order the perception reports)
- noop
- quit
- reset

========== Start of Direct Observation ==========
[[""black"", ""black"", ""black"", ""black"", ""black"", ""black"", ""black"", ""black"", ""black"", ""black"", ""black"", ""black"", ""black"", ""black"", ""black"", ""black""], [""black"", ""black"", ""black"", ""black"", ""black"", ""black"", ""black"", ""black"", ""black"", ""black"", ""black"", ""black"", ""black"", ""black"", ""black"", ""black""], [""black"", ""black"", ""black"", ""black"", ""black"", ""black"", ""black"", ""black"", ""black"", ""black"", ""black"", ""black"", ""black"", ""black"", ""black"", ""black""], [""black"", ""black"", ""black"", ""black"", ""black"", ""black"", ""black"", ""black"", ""black"", ""black"", ""black"", ""black"", ""black"", ""black"", ""black"", ""black""], [""black"", ""black"", ""black"", ""black"", ""black"", ""black"", ""black"", ""black"", ""black"", ""black"", ""black"", ""black"", ""black"", ""black"", ""black"", ""black""], [""black"", ""black"", ""black"", ""black"", ""black"", ""black"", ""black"", ""black"", ""black"", ""black"", ""black"", ""black"", ""black"", ""black"", ""black"", ""black""], [""black"", ""black"", ""black"", ""black"", ""black"", ""black"", ""black"", ""black"", ""black"", ""black"", ""black"", ""black"", ""black"", ""black"", ""black"", ""black""], [""black"", ""black"", ""black"", ""black"", ""black"", ""black"", ""black"", ""black"", ""black"", ""black"", ""black"", ""black"", ""black"", ""black"", ""black"", ""black""], [""black"", ""black"", ""black"", ""black"", ""black"", ""black"", ""black"", ""black"", ""black"", ""black"", ""black"", ""black"", ""black"", ""black"", ""black"", ""black""], [""black"", ""black"", ""black"", ""black"", ""black"", ""black"", ""black"", ""black"", ""black"", ""black"", ""black"", ""black"", ""black"", ""black"", ""black"", ""black""], [""black"", ""black"", ""black"", ""black"", ""tan"", ""black"", ""tan"", ""black"", ""tan"", ""yellow"", ""tan"", ""black"", ""tan"", ""black"", ""black"", ""black""], [""black"", ""black"", ""black"", ""black"", ""black"", ""tan"", ""tan"", ""tan"", ""tan"", ""tan"", ""tan"", ""tan"", ""black"", ""black"", ""black"", ""black""], [""black"", ""black"", ""black"", ""black"", ""black"", ""tan"", ""tan"", ""tan"", ""tan"", ""tan"", ""tan"", ""tan"", ""black"", ""black"", ""black"", ""black""], [""black"", ""black"", ""black"", ""black"", ""black"", ""tan"", ""tan"", ""tan"", ""tan"", ""tan"", ""tan"", ""tan"", ""black"", ""black"", ""black"", ""black""], [""black"", ""black"", ""black"", ""black"", ""black"", ""black"", ""tan"", ""tan"", ""tan"", ""tan"", ""tan"", ""black"", ""black"", ""black"", ""black"", ""black""], [""black"", ""black"", ""black"", ""black"", ""black"", ""black"", ""black"", ""tan"", ""tan"", ""tan"", ""black"", ""black"", ""black"", ""black"", ""black"", ""black""]]",,0.0,False
17,click 11 10,manual,"Task: interactive
Step: 17
Phase: Interactive
Available actions now:
- left
- right
- up
- down
- click ROW COL  (ROW first, then COL, both in 0..15; matches the (row, col) order the perception reports)
- noop
- quit
- reset

========== Start of Direct Observation ==========
[[""black"", ""black"", ""black"", ""black"", ""black"", ""black"", ""black"", ""black"", ""black"", ""black"", ""black"", ""black"", ""black"", ""black"", ""black"", ""black""], [""black"", ""black"", ""black"", ""black"", ""black"", ""black"", ""black"", ""black"", ""black"", ""black"", ""black"", ""black"", ""black"", ""black"", ""black"", ""black""], [""black"", ""black"", ""black"", ""black"", ""black"", ""black"", ""black"", ""black"", ""black"", ""black"", ""black"", ""black"", ""black"", ""black"", ""black"", ""black""], [""black"", ""black"", ""black"", ""black"", ""black"", ""black"", ""black"", ""black"", ""black"", ""black"", ""black"", ""black"", ""black"", ""black"", ""black"", ""black""], [""black"", ""black"", ""black"", ""black"", ""black"", ""black"", ""black"", ""black"", ""black"", ""black"", ""black"", ""black"", ""black"", ""black"", ""black"", ""black""], [""black"", ""black"", ""black"", ""black"", ""black"", ""black"", ""black"", ""black"", ""black"", ""black"", ""black"", ""black"", ""black"", ""black"", ""black"", ""black""], [""black"", ""black"", ""black"", ""black"", ""black"", ""black"", ""black"", ""black"", ""black"", ""black"", ""black"", ""black"", ""black"", ""black"", ""black"", ""black""], [""black"", ""black"", ""black"", ""black"", ""black"", ""black"", ""black"", ""black"", ""black"", ""black"", ""black"", ""black"", ""black"", ""black"", ""black"", ""black""], [""black"", ""black"", ""black"", ""black"", ""black"", ""black"", ""black"", ""black"", ""black"", ""black"", ""black"", ""black"", ""black"", ""black"", ""black"", ""black""], [""black"", ""black"", ""black"", ""black"", ""black"", ""black"", ""black"", ""black"", ""black"", ""black"", ""black"", ""black"", ""black"", ""black"", ""black"", ""black""], [""black"", ""black"", ""black"", ""black"", ""tan"", ""black"", ""tan"", ""black"", ""tan"", ""yellow"", ""tan"", ""black"", ""tan"", ""black"", ""black"", ""black""], [""black"", ""black"", ""black"", ""black"", ""black"", ""tan"", ""tan"", ""tan"", ""tan"", ""tan"", ""tan"", ""tan"", ""black"", ""black"", ""black"", ""black""], [""black"", ""black"", ""black"", ""black"", ""black"", ""tan"", ""tan"", ""tan"", ""tan"", ""tan"", ""tan"", ""tan"", ""black"", ""black"", ""black"", ""black""], [""black"", ""black"", ""black"", ""black"", ""black"", ""tan"", ""tan"", ""tan"", ""tan"", ""tan"", ""tan"", ""tan"", ""black"", ""black"", ""black"", ""black""], [""black"", ""black"", ""black"", ""black"", ""black"", ""black"", ""tan"", ""tan"", ""tan"", ""tan"", ""tan"", ""black"", ""black"", ""black"", ""black"", ""black""], [""black"", ""black"", ""black"", ""black"", ""black"", ""black"", ""black"", ""tan"", ""tan"", ""tan"", ""black"", ""black"", ""black"", ""black"", ""black"", ""black""]]",,0.0,False
18,click 11 11,manual,"Task: interactive
Step: 18
Phase: Interactive
Available actions now:
- left
- right
- up
- down
- click ROW COL  (ROW first, then COL, both in 0..15; matches the (row, col) order the perception reports)
- noop
- quit
- reset

========== Start of Direct Observation ==========
[[""black"", ""black"", ""black"", ""black"", ""black"", ""black"", ""black"", ""black"", ""black"", ""black"", ""black"", ""black"", ""black"", ""black"", ""black"", ""black""], [""black"", ""black"", ""black"", ""black"", ""black"", ""black"", ""black"", ""black"", ""black"", ""black"", ""black"", ""black"", ""black"", ""black"", ""black"", ""black""], [""black"", ""black"", ""black"", ""black"", ""black"", ""black"", ""black"", ""black"", ""black"", ""black"", ""black"", ""black"", ""black"", ""black"", ""black"", ""black""], [""black"", ""black"", ""black"", ""black"", ""black"", ""black"", ""black"", ""black"", ""black"", ""black"", ""black"", ""black"", ""black"", ""black"", ""black"", ""black""], [""black"", ""black"", ""black"", ""black"", ""black"", ""black"", ""black"", ""black"", ""black"", ""black"", ""black"", ""black"", ""black"", ""black"", ""black"", ""black""], [""black"", ""black"", ""black"", ""black"", ""black"", ""black"", ""black"", ""black"", ""black"", ""black"", ""black"", ""black"", ""black"", ""black"", ""black"", ""black""], [""black"", ""black"", ""black"", ""black"", ""black"", ""black"", ""black"", ""black"", ""black"", ""black"", ""black"", ""black"", ""black"", ""black"", ""black"", ""black""], [""black"", ""black"", ""black"", ""black"", ""black"", ""black"", ""black"", ""black"", ""black"", ""black"", ""black"", ""black"", ""black"", ""black"", ""black"", ""black""], [""black"", ""black"", ""black"", ""black"", ""black"", ""black"", ""black"", ""black"", ""black"", ""black"", ""black"", ""black"", ""black"", ""black"", ""black"", ""black""], [""black"", ""black"", ""black"", ""black"", ""black"", ""black"", ""black"", ""black"", ""black"", ""black"", ""black"", ""black"", ""black"", ""black"", ""black"", ""black""], [""black"", ""black"", ""black"", ""black"", ""tan"", ""black"", ""tan"", ""black"", ""tan"", ""yellow"", ""tan"", ""black"", ""tan"", ""black"", ""black"", ""black""], [""black"", ""black"", ""black"", ""black"", ""black"", ""tan"", ""tan"", ""tan"", ""tan"", ""tan"", ""tan"", ""tan"", ""black"", ""black"", ""black"", ""black""], [""black"", ""black"", ""black"", ""black"", ""black"", ""tan"", ""tan"", ""tan"", ""tan"", ""tan"", ""tan"", ""tan"", ""black"", ""black"", ""black"", ""black""], [""black"", ""black"", ""black"", ""black"", ""black"", ""tan"", ""tan"", ""tan"", ""tan"", ""tan"", ""tan"", ""tan"", ""black"", ""black"", ""black"", ""black""], [""black"", ""black"", ""black"", ""black"", ""black"", ""black"", ""tan"", ""tan"", ""tan"", ""tan"", ""tan"", ""black"", ""black"", ""black"", ""black"", ""black""], [""black"", ""black"", ""black"", ""black"", ""black"", ""black"", ""black"", ""tan"", ""tan"", ""tan"", ""black"", ""black"", ""black"", ""black"", ""black"", ""black""]]",,0.0,False
19,noop,manual,"Task: interactive
Step: 19
Phase: Interactive
Available actions now:
- left
- right
- up
- down
- click ROW COL  (ROW first, then COL, both in 0..15; matches the (row, col) order the perception reports)
- noop
- quit
- reset

========== Start of Direct Observation ==========
[[""black"", ""black"", ""black"", ""black"", ""black"", ""black"", ""black"", ""black"", ""black"", ""black"", ""black"", ""black"", ""black"", ""black"", ""black"", ""black""], [""black"", ""black"", ""black"", ""black"", ""black"", ""black"", ""black"", ""black"", ""black"", ""black"", ""black"", ""black"", ""black"", ""black"", ""black"", ""black""], [""black"", ""black"", ""black"", ""black"", ""black"", ""black"", ""black"", ""black"", ""black"", ""black"", ""black"", ""black"", ""black"", ""black"", ""black"", ""black""], [""black"", ""black"", ""black"", ""black"", ""black"", ""black"", ""black"", ""black"", ""black"", ""black"", ""black"", ""black"", ""black"", ""black"", ""black"", ""black""], [""black"", ""black"", ""black"", ""black"", ""black"", ""black"", ""black"", ""black"", ""black"", ""black"", ""black"", ""black"", ""black"", ""black"", ""black"", ""black""], [""black"", ""black"", ""black"", ""black"", ""black"", ""black"", ""black"", ""black"", ""black"", ""black"", ""black"", ""black"", ""black"", ""black"", ""black"", ""black""], [""black"", ""black"", ""black"", ""black"", ""black"", ""black"", ""black"", ""black"", ""black"", ""black"", ""black"", ""black"", ""black"", ""black"", ""black"", ""black""], [""black"", ""black"", ""black"", ""black"", ""black"", ""black"", ""black"", ""black"", ""black"", ""black"", ""black"", ""black"", ""black"", ""black"", ""black"", ""black""], [""black"", ""black"", ""black"", ""black"", ""black"", ""black"", ""black"", ""black"", ""black"", ""black"", ""black"", ""black"", ""black"", ""black"", ""black"", ""black""], [""black"", ""black"", ""black"", ""black"", ""black"", ""black"", ""black"", ""black"", ""black"", ""black"", ""black"", ""black"", ""black"", ""black"", ""black"", ""black""], [""black"", ""black"", ""black"", ""black"", ""tan"", ""black"", ""tan"", ""black"", ""tan"", ""yellow"", ""tan"", ""black"", ""tan"", ""black"", ""black"", ""black""], [""black"", ""black"", ""black"", ""black"", ""black"", ""tan"", ""tan"", ""tan"", ""tan"", ""tan"", ""tan"", ""tan"", ""black"", ""black"", ""black"", ""black""], [""black"", ""black"", ""black"", ""black"", ""black"", ""tan"", ""tan"", ""tan"", ""tan"", ""tan"", ""tan"", ""tan"", ""black"", ""black"", ""black"", ""black""], [""black"", ""black"", ""black"", ""black"", ""black"", ""tan"", ""tan"", ""tan"", ""tan"", ""tan"", ""tan"", ""tan"", ""black"", ""black"", ""black"", ""black""], [""black"", ""black"", ""black"", ""black"", ""black"", ""black"", ""tan"", ""tan"", ""tan"", ""tan"", ""tan"", ""black"", ""black"", ""black"", ""black"", ""black""], [""black"", ""black"", ""black"", ""black"", ""black"", ""black"", ""black"", ""tan"", ""tan"", ""tan"", ""black"", ""black"", ""black"", ""black"", ""black"", ""black""]]",,0.0,False
20,noop,manual,"Task: interactive
Step: 20
Phase: Interactive
Available actions now:
- left
- right
- up
- down
- click ROW COL  (ROW first, then COL, both in 0..15; matches the (row, col) order the perception reports)
- noop
- quit
- reset

========== Start of Direct Observation ==========
[[""black"", ""black"", ""black"", ""black"", ""black"", ""black"", ""black"", ""black"", ""black"", ""black"", ""black"", ""black"", ""black"", ""black"", ""black"", ""black""], [""black"", ""black"", ""black"", ""black"", ""black"", ""black"", ""black"", ""black"", ""black"", ""black"", ""black"", ""black"", ""black"", ""black"", ""black"", ""black""], [""black"", ""black"", ""black"", ""black"", ""black"", ""black"", ""black"", ""black"", ""black"", ""black"", ""black"", ""black"", ""black"", ""black"", ""black"", ""black""], [""black"", ""black"", ""black"", ""black"", ""black"", ""black"", ""black"", ""black"", ""black"", ""black"", ""black"", ""black"", ""black"", ""black"", ""black"", ""black""], [""black"", ""black"", ""black"", ""black"", ""black"", ""black"", ""black"", ""black"", ""black"", ""black"", ""black"", ""black"", ""black"", ""black"", ""black"", ""black""], [""black"", ""black"", ""black"", ""black"", ""black"", ""black"", ""black"", ""black"", ""black"", ""black"", ""black"", ""black"", ""black"", ""black"", ""black"", ""black""], [""black"", ""black"", ""black"", ""black"", ""black"", ""black"", ""black"", ""black"", ""black"", ""black"", ""black"", ""black"", ""black"", ""black"", ""black"", ""black""], [""black"", ""black"", ""black"", ""black"", ""black"", ""black"", ""black"", ""black"", ""black"", ""black"", ""black"", ""black"", ""black"", ""black"", ""black"", ""black""], [""black"", ""black"", ""black"", ""black"", ""black"", ""black"", ""black"", ""black"", ""black"", ""black"", ""black"", ""black"", ""black"", ""black"", ""black"", ""black""], [""black"", ""black"", ""black"", ""black"", ""black"", ""black"", ""black"", ""black"", ""black"", ""black"", ""black"", ""black"", ""black"", ""black"", ""black"", ""black""], [""black"", ""black"", ""black"", ""black"", ""black"", ""tan"", ""black"", ""black"", ""tan"", ""yellow"", ""black"", ""tan"", ""black"", ""black"", ""black"", ""black""], [""black"", ""black"", ""black"", ""black"", ""tan"", ""black"", ""tan"", ""tan"", ""tan"", ""yellow"", ""yellow"", ""orange"", ""tan"", ""black"", ""black"", ""black""], [""black"", ""black"", ""black"", ""black"", ""black"", ""tan"", ""tan"", ""tan"", ""tan"", ""tan"", ""tan"", ""tan"", ""black"", ""black"", ""black"", ""black""], [""black"", ""black"", ""black"", ""black"", ""black"", ""tan"", ""tan"", ""tan"", ""tan"", ""tan"", ""tan"", ""tan"", ""black"", ""black"", ""black"", ""black""], [""black"", ""black"", ""black"", ""black"", ""black"", ""black"", ""tan"", ""tan"", ""tan"", ""tan"", ""tan"", ""black"", ""black"", ""black"", ""black"", ""black""], [""black"", ""black"", ""black"", ""black"", ""black"", ""black"", ""black"", ""tan"", ""tan"", ""tan"", ""black"", ""black"", ""black"", ""black"", ""black"", ""black""]]",,0.0,False
21,click 12 5,manual,"Task: interactive
Step: 21
Phase: Interactive
Available actions now:
- left
- right
- up
- down
- click ROW COL  (ROW first, then COL, both in 0..15; matches the (row, col) order the perception reports)
- noop
- quit
- reset

========== Start of Direct Observation ==========
[[""black"", ""black"", ""black"", ""black"", ""black"", ""black"", ""black"", ""black"", ""black"", ""black"", ""black"", ""black"", ""black"", ""black"", ""black"", ""black""], [""black"", ""black"", ""black"", ""black"", ""black"", ""black"", ""black"", ""black"", ""black"", ""black"", ""black"", ""black"", ""black"", ""black"", ""black"", ""black""], [""black"", ""black"", ""black"", ""black"", ""black"", ""black"", ""black"", ""black"", ""black"", ""black"", ""black"", ""black"", ""black"", ""black"", ""black"", ""black""], [""black"", ""black"", ""black"", ""black"", ""black"", ""black"", ""black"", ""black"", ""black"", ""black"", ""black"", ""black"", ""black"", ""black"", ""black"", ""black""], [""black"", ""black"", ""black"", ""black"", ""black"", ""black"", ""black"", ""black"", ""black"", ""black"", ""black"", ""black"", ""black"", ""black"", ""black"", ""black""], [""black"", ""black"", ""black"", ""black"", ""black"", ""black"", ""black"", ""black"", ""black"", ""black"", ""black"", ""black"", ""black"", ""black"", ""black"", ""black""], [""black"", ""black"", ""black"", ""black"", ""black"", ""black"", ""black"", ""black"", ""black"", ""black"", ""black"", ""black"", ""black"", ""black"", ""black"", ""black""], [""black"", ""black"", ""black"", ""black"", ""black"", ""black"", ""black"", ""black"", ""black"", ""black"", ""black"", ""black"", ""black"", ""black"", ""black"", ""black""], [""black"", ""black"", ""black"", ""black"", ""black"", ""black"", ""black"", ""black"", ""black"", ""black"", ""black"", ""black"", ""black"", ""black"", ""black"", ""black""], [""black"", ""black"", ""black"", ""black"", ""black"", ""black"", ""black"", ""black"", ""black"", ""black"", ""black"", ""black"", ""black"", ""black"", ""black"", ""black""], [""black"", ""black"", ""black"", ""black"", ""black"", ""black"", ""black"", ""black"", ""tan"", ""yellow"", ""black"", ""black"", ""tan"", ""black"", ""black"", ""black""], [""black"", ""black"", ""black"", ""black"", ""black"", ""tan"", ""black"", ""tan"", ""tan"", ""yellow"", ""yellow"", ""orange"", ""black"", ""black"", ""black"", ""black""], [""black"", ""black"", ""black"", ""black"", ""tan"", ""tan"", ""tan"", ""tan"", ""tan"", ""tan"", ""tan"", ""tan"", ""tan"", ""black"", ""black"", ""black""], [""black"", ""black"", ""black"", ""black"", ""black"", ""tan"", ""tan"", ""tan"", ""tan"", ""tan"", ""tan"", ""tan"", ""black"", ""black"", ""black"", ""black""], [""black"", ""black"", ""black"", ""black"", ""black"", ""black"", ""tan"", ""tan"", ""tan"", ""tan"", ""tan"", ""black"", ""black"", ""black"", ""black"", ""black""], [""black"", ""black"", ""black"", ""black"", ""black"", ""black"", ""black"", ""tan"", ""tan"", ""tan"", ""black"", ""black"", ""black"", ""black"", ""black"", ""black""]]",,0.0,False
22,click 12 6,manual,"Task: interactive
Step: 22
Phase: Interactive
Available actions now:
- left
- right
- up
- down
- click ROW COL  (ROW first, then COL, both in 0..15; matches the (row, col) order the perception reports)
- noop
- quit
- reset

========== Start of Direct Observation ==========
[[""black"", ""black"", ""black"", ""black"", ""black"", ""black"", ""black"", ""black"", ""black"", ""black"", ""black"", ""black"", ""black"", ""black"", ""black"", ""black""], [""black"", ""black"", ""black"", ""black"", ""black"", ""black"", ""black"", ""black"", ""black"", ""black"", ""black"", ""black"", ""black"", ""black"", ""black"", ""black""], [""black"", ""black"", ""black"", ""black"", ""black"", ""black"", ""black"", ""black"", ""black"", ""black"", ""black"", ""black"", ""black"", ""black"", ""black"", ""black""], [""black"", ""black"", ""black"", ""black"", ""black"", ""black"", ""black"", ""black"", ""black"", ""black"", ""black"", ""black"", ""black"", ""black"", ""black"", ""black""], [""black"", ""black"", ""black"", ""black"", ""black"", ""black"", ""black"", ""black"", ""black"", ""black"", ""black"", ""black"", ""black"", ""black"", ""black"", ""black""], [""black"", ""black"", ""black"", ""black"", ""black"", ""black"", ""black"", ""black"", ""black"", ""black"", ""black"", ""black"", ""black"", ""black"", ""black"", ""black""], [""black"", ""black"", ""black"", ""black"", ""black"", ""black"", ""black"", ""black"", ""black"", ""black"", ""black"", ""black"", ""black"", ""black"", ""black"", ""black""], [""black"", ""black"", ""black"", ""black"", ""black"", ""black"", ""black"", ""black"", ""black"", ""black"", ""black"", ""black"", ""black"", ""black"", ""black"", ""black""], [""black"", ""black"", ""black"", ""black"", ""black"", ""black"", ""black"", ""black"", ""black"", ""black"", ""black"", ""black"", ""black"", ""black"", ""black"", ""black""], [""black"", ""black"", ""black"", ""black"", ""black"", ""black"", ""black"", ""black"", ""black"", ""black"", ""black"", ""black"", ""black"", ""black"", ""black"", ""black""], [""black"", ""black"", ""black"", ""black"", ""black"", ""black"", ""black"", ""black"", ""tan"", ""yellow"", ""black"", ""black"", ""tan"", ""black"", ""black"", ""black""], [""black"", ""black"", ""black"", ""black"", ""black"", ""tan"", ""black"", ""tan"", ""tan"", ""yellow"", ""yellow"", ""orange"", ""black"", ""black"", ""black"", ""black""], [""black"", ""black"", ""black"", ""black"", ""tan"", ""tan"", ""tan"", ""tan"", ""tan"", ""tan"", ""tan"", ""tan"", ""tan"", ""black"", ""black"", ""black""], [""black"", ""black"", ""black"", ""black"", ""black"", ""tan"", ""tan"", ""tan"", ""tan"", ""tan"", ""tan"", ""tan"", ""black"", ""black"", ""black"", ""black""], [""black"", ""black"", ""black"", ""black"", ""black"", ""black"", ""tan"", ""tan"", ""tan"", ""tan"", ""tan"", ""black"", ""black"", ""black"", ""black"", ""black""], [""black"", ""black"", ""black"", ""black"", ""black"", ""black"", ""black"", ""tan"", ""tan"", ""tan"", ""black"", ""black"", ""black"", ""black"", ""black"", ""black""]]",,0.0,False
23,click 12 7,manual,"Task: interactive
Step: 23
Phase: Interactive
Available actions now:
- left
- right
- up
- down
- click ROW COL  (ROW first, then COL, both in 0..15; matches the (row, col) order the perception reports)
- noop
- quit
- reset

========== Start of Direct Observation ==========
[[""black"", ""black"", ""black"", ""black"", ""black"", ""black"", ""black"", ""black"", ""black"", ""black"", ""black"", ""black"", ""black"", ""black"", ""black"", ""black""], [""black"", ""black"", ""black"", ""black"", ""black"", ""black"", ""black"", ""black"", ""black"", ""black"", ""black"", ""black"", ""black"", ""black"", ""black"", ""black""], [""black"", ""black"", ""black"", ""black"", ""black"", ""black"", ""black"", ""black"", ""black"", ""black"", ""black"", ""black"", ""black"", ""black"", ""black"", ""black""], [""black"", ""black"", ""black"", ""black"", ""black"", ""black"", ""black"", ""black"", ""black"", ""black"", ""black"", ""black"", ""black"", ""black"", ""black"", ""black""], [""black"", ""black"", ""black"", ""black"", ""black"", ""black"", ""black"", ""black"", ""black"", ""black"", ""black"", ""black"", ""black"", ""black"", ""black"", ""black""], [""black"", ""black"", ""black"", ""black"", ""black"", ""black"", ""black"", ""black"", ""black"", ""black"", ""black"", ""black"", ""black"", ""black"", ""black"", ""black""], [""black"", ""black"", ""black"", ""black"", ""black"", ""black"", ""black"", ""black"", ""black"", ""black"", ""black"", ""black"", ""black"", ""black"", ""black"", ""black""], [""black"", ""black"", ""black"", ""black"", ""black"", ""black"", ""black"", ""black"", ""black"", ""black"", ""black"", ""black"", ""black"", ""black"", ""black"", ""black""], [""black"", ""black"", ""black"", ""black"", ""black"", ""black"", ""black"", ""black"", ""black"", ""black"", ""black"", ""black"", ""black"", ""black"", ""black"", ""black""], [""black"", ""black"", ""black"", ""black"", ""black"", ""black"", ""black"", ""black"", ""black"", ""black"", ""black"", ""black"", ""black"", ""black"", ""black"", ""black""], [""black"", ""black"", ""black"", ""black"", ""black"", ""black"", ""black"", ""black"", ""tan"", ""yellow"", ""black"", ""black"", ""tan"", ""black"", ""black"", ""black""], [""black"", ""black"", ""black"", ""black"", ""black"", ""tan"", ""black"", ""tan"", ""tan"", ""yellow"", ""yellow"", ""orange"", ""black"", ""black"", ""black"", ""black""], [""black"", ""black"", ""black"", ""black"", ""tan"", ""tan"", ""tan"", ""tan"", ""tan"", ""tan"", ""tan"", ""tan"", ""tan"", ""black"", ""black"", ""black""], [""black"", ""black"", ""black"", ""black"", ""black"", ""tan"", ""tan"", ""tan"", ""tan"", ""tan"", ""tan"", ""tan"", ""black"", ""black"", ""black"", ""black""], [""black"", ""black"", ""black"", ""black"", ""black"", ""black"", ""tan"", ""tan"", ""tan"", ""tan"", ""tan"", ""black"", ""black"", ""black"", ""black"", ""black""], [""black"", ""black"", ""black"", ""black"", ""black"", ""black"", ""black"", ""tan"", ""tan"", ""tan"", ""black"", ""black"", ""black"", ""black"", ""black"", ""black""]]",,0.0,False
24,click 12 8,manual,"Task: interactive
Step: 24
Phase: Interactive
Available actions now:
- left
- right
- up
- down
- click ROW COL  (ROW first, then COL, both in 0..15; matches the (row, col) order the perception reports)
- noop
- quit
- reset

========== Start of Direct Observation ==========
[[""black"", ""black"", ""black"", ""black"", ""black"", ""black"", ""black"", ""black"", ""black"", ""black"", ""black"", ""black"", ""black"", ""black"", ""black"", ""black""], [""black"", ""black"", ""black"", ""black"", ""black"", ""black"", ""black"", ""black"", ""black"", ""black"", ""black"", ""black"", ""black"", ""black"", ""black"", ""black""], [""black"", ""black"", ""black"", ""black"", ""black"", ""black"", ""black"", ""black"", ""black"", ""black"", ""black"", ""black"", ""black"", ""black"", ""black"", ""black""], [""black"", ""black"", ""black"", ""black"", ""black"", ""black"", ""black"", ""black"", ""black"", ""black"", ""black"", ""black"", ""black"", ""black"", ""black"", ""black""], [""black"", ""black"", ""black"", ""black"", ""black"", ""black"", ""black"", ""black"", ""black"", ""black"", ""black"", ""black"", ""black"", ""black"", ""black"", ""black""], [""black"", ""black"", ""black"", ""black"", ""black"", ""black"", ""black"", ""black"", ""black"", ""black"", ""black"", ""black"", ""black"", ""black"", ""black"", ""black""], [""black"", ""black"", ""black"", ""black"", ""black"", ""black"", ""black"", ""black"", ""black"", ""black"", ""black"", ""black"", ""black"", ""black"", ""black"", ""black""], [""black"", ""black"", ""black"", ""black"", ""black"", ""black"", ""black"", ""black"", ""black"", ""black"", ""black"", ""black"", ""black"", ""black"", ""black"", ""black""], [""black"", ""black"", ""black"", ""black"", ""black"", ""black"", ""black"", ""black"", ""black"", ""black"", ""black"", ""black"", ""black"", ""black"", ""black"", ""black""], [""black"", ""black"", ""black"", ""black"", ""black"", ""black"", ""black"", ""black"", ""black"", ""black"", ""black"", ""black"", ""black"", ""black"", ""black"", ""black""], [""black"", ""black"", ""black"", ""black"", ""black"", ""black"", ""black"", ""black"", ""tan"", ""yellow"", ""black"", ""black"", ""tan"", ""black"", ""black"", ""black""], [""black"", ""black"", ""black"", ""black"", ""black"", ""tan"", ""black"", ""tan"", ""tan"", ""yellow"", ""yellow"", ""orange"", ""black"", ""black"", ""black"", ""black""], [""black"", ""black"", ""black"", ""black"", ""tan"", ""tan"", ""tan"", ""tan"", ""tan"", ""tan"", ""tan"", ""tan"", ""tan"", ""black"", ""black"", ""black""], [""black"", ""black"", ""black"", ""black"", ""black"", ""tan"", ""tan"", ""tan"", ""tan"", ""tan"", ""tan"", ""tan"", ""black"", ""black"", ""black"", ""black""], [""black"", ""black"", ""black"", ""black"", ""black"", ""black"", ""tan"", ""tan"", ""tan"", ""tan"", ""tan"", ""black"", ""black"", ""black"", ""black"", ""black""], [""black"", ""black"", ""black"", ""black"", ""black"", ""black"", ""black"", ""tan"", ""tan"", ""tan"", ""black"", ""black"", ""black"", ""black"", ""black"", ""black""]]",,0.0,False
25,click 12 9,manual,"Task: interactive
Step: 25
Phase: Interactive
Available actions now:
- left
- right
- up
- down
- click ROW COL  (ROW first, then COL, both in 0..15; matches the (row, col) order the perception reports)
- noop
- quit
- reset

========== Start of Direct Observation ==========
[[""black"", ""black"", ""black"", ""black"", ""black"", ""black"", ""black"", ""black"", ""black"", ""black"", ""black"", ""black"", ""black"", ""black"", ""black"", ""black""], [""black"", ""black"", ""black"", ""black"", ""black"", ""black"", ""black"", ""black"", ""black"", ""black"", ""black"", ""black"", ""black"", ""black"", ""black"", ""black""], [""black"", ""black"", ""black"", ""black"", ""black"", ""black"", ""black"", ""black"", ""black"", ""black"", ""black"", ""black"", ""black"", ""black"", ""black"", ""black""], [""black"", ""black"", ""black"", ""black"", ""black"", ""black"", ""black"", ""black"", ""black"", ""black"", ""black"", ""black"", ""black"", ""black"", ""black"", ""black""], [""black"", ""black"", ""black"", ""black"", ""black"", ""black"", ""black"", ""black"", ""black"", ""black"", ""black"", ""black"", ""black"", ""black"", ""black"", ""black""], [""black"", ""black"", ""black"", ""black"", ""black"", ""black"", ""black"", ""black"", ""black"", ""black"", ""black"", ""black"", ""black"", ""black"", ""black"", ""black""], [""black"", ""black"", ""black"", ""black"", ""black"", ""black"", ""black"", ""black"", ""black"", ""black"", ""black"", ""black"", ""black"", ""black"", ""black"", ""black""], [""black"", ""black"", ""black"", ""black"", ""black"", ""black"", ""black"", ""black"", ""black"", ""black"", ""black"", ""black"", ""black"", ""black"", ""black"", ""black""], [""black"", ""black"", ""black"", ""black"", ""black"", ""black"", ""black"", ""black"", ""black"", ""black"", ""black"", ""black"", ""black"", ""black"", ""black"", ""black""], [""black"", ""black"", ""black"", ""black"", ""black"", ""black"", ""black"", ""black"", ""black"", ""black"", ""black"", ""black"", ""black"", ""black"", ""black"", ""black""], [""black"", ""black"", ""black"", ""black"", ""black"", ""black"", ""black"", ""black"", ""tan"", ""yellow"", ""black"", ""black"", ""tan"", ""black"", ""black"", ""black""], [""black"", ""black"", ""black"", ""black"", ""black"", ""tan"", ""black"", ""tan"", ""tan"", ""yellow"", ""yellow"", ""orange"", ""black"", ""black"", ""black"", ""black""], [""black"", ""black"", ""black"", ""black"", ""tan"", ""tan"", ""tan"", ""tan"", ""tan"", ""tan"", ""tan"", ""tan"", ""tan"", ""black"", ""black"", ""black""], [""black"", ""black"", ""black"", ""black"", ""black"", ""tan"", ""tan"", ""tan"", ""tan"", ""tan"", ""tan"", ""tan"", ""black"", ""black"", ""black"", ""black""], [""black"", ""black"", ""black"", ""black"", ""black"", ""black"", ""tan"", ""tan"", ""tan"", ""tan"", ""tan"", ""black"", ""black"", ""black"", ""black"", ""black""], [""black"", ""black"", ""black"", ""black"", ""black"", ""black"", ""black"", ""tan"", ""tan"", ""tan"", ""black"", ""black"", ""black"", ""black"", ""black"", ""black""]]",,0.0,False
26,click 12 10,manual,"Task: interactive
Step: 26
Phase: Interactive
Available actions now:
- left
- right
- up
- down
- click ROW COL  (ROW first, then COL, both in 0..15; matches the (row, col) order the perception reports)
- noop
- quit
- reset

========== Start of Direct Observation ==========
[[""black"", ""black"", ""black"", ""black"", ""black"", ""black"", ""black"", ""black"", ""black"", ""black"", ""black"", ""black"", ""black"", ""black"", ""black"", ""black""], [""black"", ""black"", ""black"", ""black"", ""black"", ""black"", ""black"", ""black"", ""black"", ""black"", ""black"", ""black"", ""black"", ""black"", ""black"", ""black""], [""black"", ""black"", ""black"", ""black"", ""black"", ""black"", ""black"", ""black"", ""black"", ""black"", ""black"", ""black"", ""black"", ""black"", ""black"", ""black""], [""black"", ""black"", ""black"", ""black"", ""black"", ""black"", ""black"", ""black"", ""black"", ""black"", ""black"", ""black"", ""black"", ""black"", ""black"", ""black""], [""black"", ""black"", ""black"", ""black"", ""black"", ""black"", ""black"", ""black"", ""black"", ""black"", ""black"", ""black"", ""black"", ""black"", ""black"", ""black""], [""black"", ""black"", ""black"", ""black"", ""black"", ""black"", ""black"", ""black"", ""black"", ""black"", ""black"", ""black"", ""black"", ""black"", ""black"", ""black""], [""black"", ""black"", ""black"", ""black"", ""black"", ""black"", ""black"", ""black"", ""black"", ""black"", ""black"", ""black"", ""black"", ""black"", ""black"", ""black""], [""black"", ""black"", ""black"", ""black"", ""black"", ""black"", ""black"", ""black"", ""black"", ""black"", ""black"", ""black"", ""black"", ""black"", ""black"", ""black""], [""black"", ""black"", ""black"", ""black"", ""black"", ""black"", ""black"", ""black"", ""black"", ""black"", ""black"", ""black"", ""black"", ""black"", ""black"", ""black""], [""black"", ""black"", ""black"", ""black"", ""black"", ""black"", ""black"", ""black"", ""black"", ""black"", ""black"", ""black"", ""black"", ""black"", ""black"", ""black""], [""black"", ""black"", ""black"", ""black"", ""black"", ""black"", ""black"", ""black"", ""tan"", ""yellow"", ""black"", ""black"", ""tan"", ""black"", ""black"", ""black""], [""black"", ""black"", ""black"", ""black"", ""black"", ""tan"", ""black"", ""tan"", ""tan"", ""yellow"", ""yellow"", ""orange"", ""black"", ""black"", ""black"", ""black""], [""black"", ""black"", ""black"", ""black"", ""tan"", ""tan"", ""tan"", ""tan"", ""tan"", ""tan"", ""tan"", ""tan"", ""tan"", ""black"", ""black"", ""black""], [""black"", ""black"", ""black"", ""black"", ""black"", ""tan"", ""tan"", ""tan"", ""tan"", ""tan"", ""tan"", ""tan"", ""black"", ""black"", ""black"", ""black""], [""black"", ""black"", ""black"", ""black"", ""black"", ""black"", ""tan"", ""tan"", ""tan"", ""tan"", ""tan"", ""black"", ""black"", ""black"", ""black"", ""black""], [""black"", ""black"", ""black"", ""black"", ""black"", ""black"", ""black"", ""tan"", ""tan"", ""tan"", ""black"", ""black"", ""black"", ""black"", ""black"", ""black""]]",,0.0,False
27,click 12 11,manual,"Task: interactive
Step: 27
Phase: Interactive
Available actions now:
- left
- right
- up
- down
- click ROW COL  (ROW first, then COL, both in 0..15; matches the (row, col) order the perception reports)
- noop
- quit
- reset

========== Start of Direct Observation ==========
[[""black"", ""black"", ""black"", ""black"", ""black"", ""black"", ""black"", ""black"", ""black"", ""black"", ""black"", ""black"", ""black"", ""black"", ""black"", ""black""], [""black"", ""black"", ""black"", ""black"", ""black"", ""black"", ""black"", ""black"", ""black"", ""black"", ""black"", ""black"", ""black"", ""black"", ""black"", ""black""], [""black"", ""black"", ""black"", ""black"", ""black"", ""black"", ""black"", ""black"", ""black"", ""black"", ""black"", ""black"", ""black"", ""black"", ""black"", ""black""], [""black"", ""black"", ""black"", ""black"", ""black"", ""black"", ""black"", ""black"", ""black"", ""black"", ""black"", ""black"", ""black"", ""black"", ""black"", ""black""], [""black"", ""black"", ""black"", ""black"", ""black"", ""black"", ""black"", ""black"", ""black"", ""black"", ""black"", ""black"", ""black"", ""black"", ""black"", ""black""], [""black"", ""black"", ""black"", ""black"", ""black"", ""black"", ""black"", ""black"", ""black"", ""black"", ""black"", ""black"", ""black"", ""black"", ""black"", ""black""], [""black"", ""black"", ""black"", ""black"", ""black"", ""black"", ""black"", ""black"", ""black"", ""black"", ""black"", ""black"", ""black"", ""black"", ""black"", ""black""], [""black"", ""black"", ""black"", ""black"", ""black"", ""black"", ""black"", ""black"", ""black"", ""black"", ""black"", ""black"", ""black"", ""black"", ""black"", ""black""], [""black"", ""black"", ""black"", ""black"", ""black"", ""black"", ""black"", ""black"", ""black"", ""black"", ""black"", ""black"", ""black"", ""black"", ""black"", ""black""], [""black"", ""black"", ""black"", ""black"", ""black"", ""black"", ""black"", ""black"", ""black"", ""black"", ""black"", ""black"", ""black"", ""black"", ""black"", ""black""], [""black"", ""black"", ""black"", ""black"", ""black"", ""black"", ""black"", ""black"", ""tan"", ""yellow"", ""black"", ""black"", ""tan"", ""black"", ""black"", ""black""], [""black"", ""black"", ""black"", ""black"", ""black"", ""tan"", ""black"", ""tan"", ""tan"", ""yellow"", ""yellow"", ""orange"", ""black"", ""black"", ""black"", ""black""], [""black"", ""black"", ""black"", ""black"", ""tan"", ""tan"", ""tan"", ""tan"", ""tan"", ""tan"", ""tan"", ""tan"", ""tan"", ""black"", ""black"", ""black""], [""black"", ""black"", ""black"", ""black"", ""black"", ""tan"", ""tan"", ""tan"", ""tan"", ""tan"", ""tan"", ""tan"", ""black"", ""black"", ""black"", ""black""], [""black"", ""black"", ""black"", ""black"", ""black"", ""black"", ""tan"", ""tan"", ""tan"", ""tan"", ""tan"", ""black"", ""black"", ""black"", ""black"", ""black""], [""black"", ""black"", ""black"", ""black"", ""black"", ""black"", ""black"", ""tan"", ""tan"", ""tan"", ""black"", ""black"", ""black"", ""black"", ""black"", ""black""]]",,0.0,False
28,noop,manual,"Task: interactive
Step: 28
Phase: Interactive
Available actions now:
- left
- right
- up
- down
- click ROW COL  (ROW first, then COL, both in 0..15; matches the (row, col) order the perception reports)
- noop
- quit
- reset

========== Start of Direct Observation ==========
[[""black"", ""black"", ""black"", ""black"", ""black"", ""black"", ""black"", ""black"", ""black"", ""black"", ""black"", ""black"", ""black"", ""black"", ""black"", ""black""], [""black"", ""black"", ""black"", ""black"", ""black"", ""black"", ""black"", ""black"", ""black"", ""black"", ""black"", ""black"", ""black"", ""black"", ""black"", ""black""], [""black"", ""black"", ""black"", ""black"", ""black"", ""black"", ""black"", ""black"", ""black"", ""black"", ""black"", ""black"", ""black"", ""black"", ""black"", ""black""], [""black"", ""black"", ""black"", ""black"", ""black"", ""black"", ""black"", ""black"", ""black"", ""black"", ""black"", ""black"", ""black"", ""black"", ""black"", ""black""], [""black"", ""black"", ""black"", ""black"", ""black"", ""black"", ""black"", ""black"", ""black"", ""black"", ""black"", ""black"", ""black"", ""black"", ""black"", ""black""], [""black"", ""black"", ""black"", ""black"", ""black"", ""black"", ""black"", ""black"", ""black"", ""black"", ""black"", ""black"", ""black"", ""black"", ""black"", ""black""], [""black"", ""black"", ""black"", ""black"", ""black"", ""black"", ""black"", ""black"", ""black"", ""black"", ""black"", ""black"", ""black"", ""black"", ""black"", ""black""], [""black"", ""black"", ""black"", ""black"", ""black"", ""black"", ""black"", ""black"", ""black"", ""black"", ""black"", ""black"", ""black"", ""black"", ""black"", ""black""], [""black"", ""black"", ""black"", ""black"", ""black"", ""black"", ""black"", ""black"", ""black"", ""black"", ""black"", ""black"", ""black"", ""black"", ""black"", ""black""], [""black"", ""black"", ""black"", ""black"", ""black"", ""black"", ""black"", ""black"", ""black"", ""black"", ""black"", ""black"", ""black"", ""black"", ""black"", ""black""], [""black"", ""black"", ""black"", ""black"", ""black"", ""black"", ""black"", ""black"", ""tan"", ""yellow"", ""black"", ""black"", ""tan"", ""black"", ""black"", ""black""], [""black"", ""black"", ""black"", ""black"", ""black"", ""tan"", ""black"", ""tan"", ""tan"", ""yellow"", ""yellow"", ""orange"", ""black"", ""black"", ""black"", ""black""], [""black"", ""black"", ""black"", ""black"", ""tan"", ""tan"", ""tan"", ""tan"", ""tan"", ""tan"", ""tan"", ""tan"", ""tan"", ""black"", ""black"", ""black""], [""black"", ""black"", ""black"", ""black"", ""black"", ""tan"", ""tan"", ""tan"", ""tan"", ""tan"", ""tan"", ""tan"", ""black"", ""black"", ""black"", ""black""], [""black"", ""black"", ""black"", ""black"", ""black"", ""black"", ""tan"", ""tan"", ""tan"", ""tan"", ""tan"", ""black"", ""black"", ""black"", ""black"", ""black""], [""black"", ""black"", ""black"", ""black"", ""black"", ""black"", ""black"", ""tan"", ""tan"", ""tan"", ""black"", ""black"", ""black"", ""black"", ""black"", ""black""]]",,0.0,False
29,noop,manual,"Task: interactive
Step: 29
Phase: Interactive
Available actions now:
- left
- right
- up
- down
- click ROW COL  (ROW first, then COL, both in 0..15; matches the (row, col) order the perception reports)
- noop
- quit
- reset

========== Start of Direct Observation ==========
[[""black"", ""black"", ""black"", ""black"", ""black"", ""black"", ""black"", ""black"", ""black"", ""black"", ""black"", ""black"", ""black"", ""black"", ""black"", ""black""], [""black"", ""black"", ""black"", ""black"", ""black"", ""black"", ""black"", ""black"", ""black"", ""black"", ""black"", ""black"", ""black"", ""black"", ""black"", ""black""], [""black"", ""black"", ""black"", ""black"", ""black"", ""black"", ""black"", ""black"", ""black"", ""black"", ""black"", ""black"", ""black"", ""black"", ""black"", ""black""], [""black"", ""black"", ""black"", ""black"", ""black"", ""black"", ""black"", ""black"", ""black"", ""black"", ""black"", ""black"", ""black"", ""black"", ""black"", ""black""], [""black"", ""black"", ""black"", ""black"", ""black"", ""black"", ""black"", ""black"", ""black"", ""black"", ""black"", ""black"", ""black"", ""black"", ""black"", ""black""], [""black"", ""black"", ""black"", ""black"", ""black"", ""black"", ""black"", ""black"", ""black"", ""black"", ""black"", ""black"", ""black"", ""black"", ""black"", ""black""], [""black"", ""black"", ""black"", ""black"", ""black"", ""black"", ""black"", ""black"", ""black"", ""black"", ""black"", ""black"", ""black"", ""black"", ""black"", ""black""], [""black"", ""black"", ""black"", ""black"", ""black"", ""black"", ""black"", ""black"", ""black"", ""black"", ""black"", ""black"", ""black"", ""black"", ""black"", ""black""], [""black"", ""black"", ""black"", ""black"", ""black"", ""black"", ""black"", ""black"", ""black"", ""black"", ""black"", ""black"", ""black"", ""black"", ""black"", ""black""], [""black"", ""black"", ""black"", ""black"", ""black"", ""black"", ""black"", ""black"", ""black"", ""black"", ""black"", ""black"", ""black"", ""black"", ""black"", ""black""], [""black"", ""black"", ""black"", ""black"", ""black"", ""black"", ""black"", ""tan"", ""black"", ""yellow"", ""black"", ""black"", ""black"", ""black"", ""black"", ""black""], [""black"", ""black"", ""black"", ""black"", ""tan"", ""black"", ""tan"", ""black"", ""tan"", ""yellow"", ""yellow"", ""orange"", ""tan"", ""black"", ""black"", ""black""], [""black"", ""black"", ""black"", ""black"", ""black"", ""tan"", ""yellow"", ""yellow"", ""yellow"", ""yellow"", ""tan"", ""tan"", ""black"", ""black"", ""black"", ""black""], [""black"", ""black"", ""black"", ""black"", ""tan"", ""tan"", ""tan"", ""tan"", ""tan"", ""tan"", ""tan"", ""tan"", ""tan"", ""black"", ""black"", ""black""], [""black"", ""black"", ""black"", ""black"", ""black"", ""black"", ""tan"", ""tan"", ""tan"", ""tan"", ""tan"", ""black"", ""black"", ""black"", ""black"", ""black""], [""black"", ""black"", ""black"", ""black"", ""black"", ""black"", ""black"", ""tan"", ""tan"", ""tan"", ""black"", ""black"", ""black"", ""black"", ""black"", ""black""]]",,0.0,False
30,click 13 5,manual,"Task: interactive
Step: 30
Phase: Interactive
Available actions now:
- left
- right
- up
- down
- click ROW COL  (ROW first, then COL, both in 0..15; matches the (row, col) order the perception reports)
- noop
- quit
- reset

========== Start of Direct Observation ==========
[[""black"", ""black"", ""black"", ""black"", ""black"", ""black"", ""black"", ""black"", ""black"", ""black"", ""black"", ""black"", ""black"", ""black"", ""black"", ""black""], [""black"", ""black"", ""black"", ""black"", ""black"", ""black"", ""black"", ""black"", ""black"", ""black"", ""black"", ""black"", ""black"", ""black"", ""black"", ""black""], [""black"", ""black"", ""black"", ""black"", ""black"", ""black"", ""black"", ""black"", ""black"", ""black"", ""black"", ""black"", ""black"", ""black"", ""black"", ""black""], [""black"", ""black"", ""black"", ""black"", ""black"", ""black"", ""black"", ""black"", ""black"", ""black"", ""black"", ""black"", ""black"", ""black"", ""black"", ""black""], [""black"", ""black"", ""black"", ""black"", ""black"", ""black"", ""black"", ""black"", ""black"", ""black"", ""black"", ""black"", ""black"", ""black"", ""black"", ""black""], [""black"", ""black"", ""black"", ""black"", ""black"", ""black"", ""black"", ""black"", ""black"", ""black"", ""black"", ""black"", ""black"", ""black"", ""black"", ""black""], [""black"", ""black"", ""black"", ""black"", ""black"", ""black"", ""black"", ""black"", ""black"", ""black"", ""black"", ""black"", ""black"", ""black"", ""black"", ""black""], [""black"", ""black"", ""black"", ""black"", ""black"", ""black"", ""black"", ""black"", ""black"", ""black"", ""black"", ""black"", ""black"", ""black"", ""black"", ""black""], [""black"", ""black"", ""black"", ""black"", ""black"", ""black"", ""black"", ""black"", ""black"", ""black"", ""black"", ""black"", ""black"", ""black"", ""black"", ""black""], [""black"", ""black"", ""black"", ""black"", ""black"", ""black"", ""black"", ""black"", ""black"", ""black"", ""black"", ""black"", ""black"", ""black"", ""black"", ""black""], [""black"", ""black"", ""black"", ""black"", ""black"", ""black"", ""black"", ""black"", ""black"", ""yellow"", ""black"", ""black"", ""black"", ""black"", ""black"", ""black""], [""black"", ""black"", ""black"", ""black"", ""black"", ""tan"", ""black"", ""tan"", ""tan"", ""yellow"", ""yellow"", ""orange"", ""black"", ""black"", ""black"", ""black""], [""black"", ""black"", ""black"", ""black"", ""tan"", ""black"", ""yellow"", ""yellow"", ""yellow"", ""yellow"", ""tan"", ""black"", ""tan"", ""black"", ""black"", ""black""], [""black"", ""black"", ""black"", ""black"", ""black"", ""tan"", ""tan"", ""tan"", ""tan"", ""tan"", ""tan"", ""tan"", ""black"", ""black"", ""black"", ""black""], [""black"", ""black"", ""black"", ""black"", ""tan"", ""black"", ""tan"", ""tan"", ""tan"", ""tan"", ""tan"", ""black"", ""tan"", ""black"", ""black"", ""black""], [""black"", ""black"", ""black"", ""black"", ""black"", ""black"", ""black"", ""tan"", ""tan"", ""tan"", ""black"", ""black"", ""black"", ""black"", ""black"", ""black""]]",,0.0,False
31,click 13 6,manual,"Task: interactive
Step: 31
Phase: Interactive
Available actions now:
- left
- right
- up
- down
- click ROW COL  (ROW first, then COL, both in 0..15; matches the (row, col) order the perception reports)
- noop
- quit
- reset

========== Start of Direct Observation ==========
[[""black"", ""black"", ""black"", ""black"", ""black"", ""black"", ""black"", ""black"", ""black"", ""black"", ""black"", ""black"", ""black"", ""black"", ""black"", ""black""], [""black"", ""black"", ""black"", ""black"", ""black"", ""black"", ""black"", ""black"", ""black"", ""black"", ""black"", ""black"", ""black"", ""black"", ""black"", ""black""], [""black"", ""black"", ""black"", ""black"", ""black"", ""black"", ""black"", ""black"", ""black"", ""black"", ""black"", ""black"", ""black"", ""black"", ""black"", ""black""], [""black"", ""black"", ""black"", ""black"", ""black"", ""black"", ""black"", ""black"", ""black"", ""black"", ""black"", ""black"", ""black"", ""black"", ""black"", ""black""], [""black"", ""black"", ""black"", ""black"", ""black"", ""black"", ""black"", ""black"", ""black"", ""black"", ""black"", ""black"", ""black"", ""black"", ""black"", ""black""], [""black"", ""black"", ""black"", ""black"", ""black"", ""black"", ""black"", ""black"", ""black"", ""black"", ""black"", ""black"", ""black"", ""black"", ""black"", ""black""], [""black"", ""black"", ""black"", ""black"", ""black"", ""black"", ""black"", ""black"", ""black"", ""black"", ""black"", ""black"", ""black"", ""black"", ""black"", ""black""], [""black"", ""black"", ""black"", ""black"", ""black"", ""black"", ""black"", ""black"", ""black"", ""black"", ""black"", ""black"", ""black"", ""black"", ""black"", ""black""], [""black"", ""black"", ""black"", ""black"", ""black"", ""black"", ""black"", ""black"", ""black"", ""black"", ""black"", ""black"", ""black"", ""black"", ""black"", ""black""], [""black"", ""black"", ""black"", ""black"", ""black"", ""black"", ""black"", ""black"", ""black"", ""black"", ""black"", ""black"", ""black"", ""black"", ""black"", ""black""], [""black"", ""black"", ""black"", ""black"", ""black"", ""black"", ""black"", ""black"", ""black"", ""yellow"", ""black"", ""black"", ""black"", ""black"", ""black"", ""black""], [""black"", ""black"", ""black"", ""black"", ""black"", ""tan"", ""black"", ""tan"", ""tan"", ""yellow"", ""yellow"", ""orange"", ""black"", ""black"", ""black"", ""black""], [""black"", ""black"", ""black"", ""black"", ""tan"", ""black"", ""yellow"", ""yellow"", ""yellow"", ""yellow"", ""tan"", ""black"", ""tan"", ""black"", ""black"", ""black""], [""black"", ""black"", ""black"", ""black"", ""black"", ""tan"", ""tan"", ""tan"", ""tan"", ""tan"", ""tan"", ""tan"", ""black"", ""black"", ""black"", ""black""], [""black"", ""black"", ""black"", ""black"", ""tan"", ""black"", ""tan"", ""tan"", ""tan"", ""tan"", ""tan"", ""black"", ""tan"", ""black"", ""black"", ""black""], [""black"", ""black"", ""black"", ""black"", ""black"", ""black"", ""black"", ""tan"", ""tan"", ""tan"", ""black"", ""black"", ""black"", ""black"", ""black"", ""black""]]",,0.0,False
32,click 13 7,manual,"Task: interactive
Step: 32
Phase: Interactive
Available actions now:
- left
- right
- up
- down
- click ROW COL  (ROW first, then COL, both in 0..15; matches the (row, col) order the perception reports)
- noop
- quit
- reset

========== Start of Direct Observation ==========
[[""black"", ""black"", ""black"", ""black"", ""black"", ""black"", ""black"", ""black"", ""black"", ""black"", ""black"", ""black"", ""black"", ""black"", ""black"", ""black""], [""black"", ""black"", ""black"", ""black"", ""black"", ""black"", ""black"", ""black"", ""black"", ""black"", ""black"", ""black"", ""black"", ""black"", ""black"", ""black""], [""black"", ""black"", ""black"", ""black"", ""black"", ""black"", ""black"", ""black"", ""black"", ""black"", ""black"", ""black"", ""black"", ""black"", ""black"", ""black""], [""black"", ""black"", ""black"", ""black"", ""black"", ""black"", ""black"", ""black"", ""black"", ""black"", ""black"", ""black"", ""black"", ""black"", ""black"", ""black""], [""black"", ""black"", ""black"", ""black"", ""black"", ""black"", ""black"", ""black"", ""black"", ""black"", ""black"", ""black"", ""black"", ""black"", ""black"", ""black""], [""black"", ""black"", ""black"", ""black"", ""black"", ""black"", ""black"", ""black"", ""black"", ""black"", ""black"", ""black"", ""black"", ""black"", ""black"", ""black""], [""black"", ""black"", ""black"", ""black"", ""black"", ""black"", ""black"", ""black"", ""black"", ""black"", ""black"", ""black"", ""black"", ""black"", ""black"", ""black""], [""black"", ""black"", ""black"", ""black"", ""black"", ""black"", ""black"", ""black"", ""black"", ""black"", ""black"", ""black"", ""black"", ""black"", ""black"", ""black""], [""black"", ""black"", ""black"", ""black"", ""black"", ""black"", ""black"", ""black"", ""black"", ""black"", ""black"", ""black"", ""black"", ""black"", ""black"", ""black""], [""black"", ""black"", ""black"", ""black"", ""black"", ""black"", ""black"", ""black"", ""black"", ""black"", ""black"", ""black"", ""black"", ""black"", ""black"", ""black""], [""black"", ""black"", ""black"", ""black"", ""black"", ""black"", ""black"", ""black"", ""black"", ""yellow"", ""black"", ""black"", ""black"", ""black"", ""black"", ""black""], [""black"", ""black"", ""black"", ""black"", ""black"", ""tan"", ""black"", ""tan"", ""tan"", ""yellow"", ""yellow"", ""orange"", ""black"", ""black"", ""black"", ""black""], [""black"", ""black"", ""black"", ""black"", ""tan"", ""black"", ""yellow"", ""yellow"", ""yellow"", ""yellow"", ""tan"", ""black"", ""tan"", ""black"", ""black"", ""black""], [""black"", ""black"", ""black"", ""black"", ""black"", ""tan"", ""tan"", ""tan"", ""tan"", ""tan"", ""tan"", ""tan"", ""black"", ""black"", ""black"", ""black""], [""black"", ""black"", ""black"", ""black"", ""tan"", ""black"", ""tan"", ""tan"", ""tan"", ""tan"", ""tan"", ""black"", ""tan"", ""black"", ""black"", ""black""], [""black"", ""black"", ""black"", ""black"", ""black"", ""black"", ""black"", ""tan"", ""tan"", ""tan"", ""black"", ""black"", ""black"", ""black"", ""black"", ""black""]]",,0.0,False
33,click 13 8,manual,"Task: interactive
Step: 33
Phase: Interactive
Available actions now:
- left
- right
- up
- down
- click ROW COL  (ROW first, then COL, both in 0..15; matches the (row, col) order the perception reports)
- noop
- quit
- reset

========== Start of Direct Observation ==========
[[""black"", ""black"", ""black"", ""black"", ""black"", ""black"", ""black"", ""black"", ""black"", ""black"", ""black"", ""black"", ""black"", ""black"", ""black"", ""black""], [""black"", ""black"", ""black"", ""black"", ""black"", ""black"", ""black"", ""black"", ""black"", ""black"", ""black"", ""black"", ""black"", ""black"", ""black"", ""black""], [""black"", ""black"", ""black"", ""black"", ""black"", ""black"", ""black"", ""black"", ""black"", ""black"", ""black"", ""black"", ""black"", ""black"", ""black"", ""black""], [""black"", ""black"", ""black"", ""black"", ""black"", ""black"", ""black"", ""black"", ""black"", ""black"", ""black"", ""black"", ""black"", ""black"", ""black"", ""black""], [""black"", ""black"", ""black"", ""black"", ""black"", ""black"", ""black"", ""black"", ""black"", ""black"", ""black"", ""black"", ""black"", ""black"", ""black"", ""black""], [""black"", ""black"", ""black"", ""black"", ""black"", ""black"", ""black"", ""black"", ""black"", ""black"", ""black"", ""black"", ""black"", ""black"", ""black"", ""black""], [""black"", ""black"", ""black"", ""black"", ""black"", ""black"", ""black"", ""black"", ""black"", ""black"", ""black"", ""black"", ""black"", ""black"", ""black"", ""black""], [""black"", ""black"", ""black"", ""black"", ""black"", ""black"", ""black"", ""black"", ""black"", ""black"", ""black"", ""black"", ""black"", ""black"", ""black"", ""black""], [""black"", ""black"", ""black"", ""black"", ""black"", ""black"", ""black"", ""black"", ""black"", ""black"", ""black"", ""black"", ""black"", ""black"", ""black"", ""black""], [""black"", ""black"", ""black"", ""black"", ""black"", ""black"", ""black"", ""black"", ""black"", ""black"", ""black"", ""black"", ""black"", ""black"", ""black"", ""black""], [""black"", ""black"", ""black"", ""black"", ""black"", ""black"", ""black"", ""black"", ""black"", ""yellow"", ""black"", ""black"", ""black"", ""black"", ""black"", ""black""], [""black"", ""black"", ""black"", ""black"", ""black"", ""tan"", ""black"", ""tan"", ""tan"", ""yellow"", ""yellow"", ""orange"", ""black"", ""black"", ""black"", ""black""], [""black"", ""black"", ""black"", ""black"", ""tan"", ""black"", ""yellow"", ""yellow"", ""yellow"", ""yellow"", ""tan"", ""black"", ""tan"", ""black"", ""black"", ""black""], [""black"", ""black"", ""black"", ""black"", ""black"", ""tan"", ""tan"", ""tan"", ""tan"", ""tan"", ""tan"", ""tan"", ""black"", ""black"", ""black"", ""black""], [""black"", ""black"", ""black"", ""black"", ""tan"", ""black"", ""tan"", ""tan"", ""tan"", ""tan"", ""tan"", ""black"", ""tan"", ""black"", ""black"", ""black""], [""black"", ""black"", ""black"", ""black"", ""black"", ""black"", ""black"", ""tan"", ""tan"", ""tan"", ""black"", ""black"", ""black"", ""black"", ""black"", ""black""]]",,0.0,False
34,click 13 9,manual,"Task: interactive
Step: 34
Phase: Interactive
Available actions now:
- left
- right
- up
- down
- click ROW COL  (ROW first, then COL, both in 0..15; matches the (row, col) order the perception reports)
- noop
- quit
- reset

========== Start of Direct Observation ==========
[[""black"", ""black"", ""black"", ""black"", ""black"", ""black"", ""black"", ""black"", ""black"", ""black"", ""black"", ""black"", ""black"", ""black"", ""black"", ""black""], [""black"", ""black"", ""black"", ""black"", ""black"", ""black"", ""black"", ""black"", ""black"", ""black"", ""black"", ""black"", ""black"", ""black"", ""black"", ""black""], [""black"", ""black"", ""black"", ""black"", ""black"", ""black"", ""black"", ""black"", ""black"", ""black"", ""black"", ""black"", ""black"", ""black"", ""black"", ""black""], [""black"", ""black"", ""black"", ""black"", ""black"", ""black"", ""black"", ""black"", ""black"", ""black"", ""black"", ""black"", ""black"", ""black"", ""black"", ""black""], [""black"", ""black"", ""black"", ""black"", ""black"", ""black"", ""black"", ""black"", ""black"", ""black"", ""black"", ""black"", ""black"", ""black"", ""black"", ""black""], [""black"", ""black"", ""black"", ""black"", ""black"", ""black"", ""black"", ""black"", ""black"", ""black"", ""black"", ""black"", ""black"", ""black"", ""black"", ""black""], [""black"", ""black"", ""black"", ""black"", ""black"", ""black"", ""black"", ""black"", ""black"", ""black"", ""black"", ""black"", ""black"", ""black"", ""black"", ""black""], [""black"", ""black"", ""black"", ""black"", ""black"", ""black"", ""black"", ""black"", ""black"", ""black"", ""black"", ""black"", ""black"", ""black"", ""black"", ""black""], [""black"", ""black"", ""black"", ""black"", ""black"", ""black"", ""black"", ""black"", ""black"", ""black"", ""black"", ""black"", ""black"", ""black"", ""black"", ""black""], [""black"", ""black"", ""black"", ""black"", ""black"", ""black"", ""black"", ""black"", ""black"", ""black"", ""black"", ""black"", ""black"", ""black"", ""black"", ""black""], [""black"", ""black"", ""black"", ""black"", ""black"", ""black"", ""black"", ""black"", ""black"", ""yellow"", ""black"", ""black"", ""black"", ""black"", ""black"", ""black""], [""black"", ""black"", ""black"", ""black"", ""black"", ""tan"", ""black"", ""tan"", ""tan"", ""yellow"", ""yellow"", ""orange"", ""black"", ""black"", ""black"", ""black""], [""black"", ""black"", ""black"", ""black"", ""tan"", ""black"", ""yellow"", ""yellow"", ""yellow"", ""yellow"", ""tan"", ""black"", ""tan"", ""black"", ""black"", ""black""], [""black"", ""black"", ""black"", ""black"", ""black"", ""tan"", ""tan"", ""tan"", ""tan"", ""tan"", ""tan"", ""tan"", ""black"", ""black"", ""black"", ""black""], [""black"", ""black"", ""black"", ""black"", ""tan"", ""black"", ""tan"", ""tan"", ""tan"", ""tan"", ""tan"", ""black"", ""tan"", ""black"", ""black"", ""black""], [""black"", ""black"", ""black"", ""black"", ""black"", ""black"", ""black"", ""tan"", ""tan"", ""tan"", ""black"", ""black"", ""black"", ""black"", ""black"", ""black""]]",,0.0,False
35,click 13 10,manual,"Task: interactive
Step: 35
Phase: Interactive
Available actions now:
- left
- right
- up
- down
- click ROW COL  (ROW first, then COL, both in 0..15; matches the (row, col) order the perception reports)
- noop
- quit
- reset

========== Start of Direct Observation ==========
[[""black"", ""black"", ""black"", ""black"", ""black"", ""black"", ""black"", ""black"", ""black"", ""black"", ""black"", ""black"", ""black"", ""black"", ""black"", ""black""], [""black"", ""black"", ""black"", ""black"", ""black"", ""black"", ""black"", ""black"", ""black"", ""black"", ""black"", ""black"", ""black"", ""black"", ""black"", ""black""], [""black"", ""black"", ""black"", ""black"", ""black"", ""black"", ""black"", ""black"", ""black"", ""black"", ""black"", ""black"", ""black"", ""black"", ""black"", ""black""], [""black"", ""black"", ""black"", ""black"", ""black"", ""black"", ""black"", ""black"", ""black"", ""black"", ""black"", ""black"", ""black"", ""black"", ""black"", ""black""], [""black"", ""black"", ""black"", ""black"", ""black"", ""black"", ""black"", ""black"", ""black"", ""black"", ""black"", ""black"", ""black"", ""black"", ""black"", ""black""], [""black"", ""black"", ""black"", ""black"", ""black"", ""black"", ""black"", ""black"", ""black"", ""black"", ""black"", ""black"", ""black"", ""black"", ""black"", ""black""], [""black"", ""black"", ""black"", ""black"", ""black"", ""black"", ""black"", ""black"", ""black"", ""black"", ""black"", ""black"", ""black"", ""black"", ""black"", ""black""], [""black"", ""black"", ""black"", ""black"", ""black"", ""black"", ""black"", ""black"", ""black"", ""black"", ""black"", ""black"", ""black"", ""black"", ""black"", ""black""], [""black"", ""black"", ""black"", ""black"", ""black"", ""black"", ""black"", ""black"", ""black"", ""black"", ""black"", ""black"", ""black"", ""black"", ""black"", ""black""], [""black"", ""black"", ""black"", ""black"", ""black"", ""black"", ""black"", ""black"", ""black"", ""black"", ""black"", ""black"", ""black"", ""black"", ""black"", ""black""], [""black"", ""black"", ""black"", ""black"", ""black"", ""black"", ""black"", ""black"", ""black"", ""yellow"", ""black"", ""black"", ""black"", ""black"", ""black"", ""black""], [""black"", ""black"", ""black"", ""black"", ""black"", ""tan"", ""black"", ""tan"", ""tan"", ""yellow"", ""yellow"", ""orange"", ""black"", ""black"", ""black"", ""black""], [""black"", ""black"", ""black"", ""black"", ""tan"", ""black"", ""yellow"", ""yellow"", ""yellow"", ""yellow"", ""tan"", ""black"", ""tan"", ""black"", ""black"", ""black""], [""black"", ""black"", ""black"", ""black"", ""black"", ""tan"", ""tan"", ""tan"", ""tan"", ""tan"", ""tan"", ""tan"", ""black"", ""black"", ""black"", ""black""], [""black"", ""black"", ""black"", ""black"", ""tan"", ""black"", ""tan"", ""tan"", ""tan"", ""tan"", ""tan"", ""black"", ""tan"", ""black"", ""black"", ""black""], [""black"", ""black"", ""black"", ""black"", ""black"", ""black"", ""black"", ""tan"", ""tan"", ""tan"", ""black"", ""black"", ""black"", ""black"", ""black"", ""black""]]",,0.0,False
36,click 13 11,manual,"Task: interactive
Step: 36
Phase: Interactive
Available actions now:
- left
- right
- up
- down
- click ROW COL  (ROW first, then COL, both in 0..15; matches the (row, col) order the perception reports)
- noop
- quit
- reset

========== Start of Direct Observation ==========
[[""black"", ""black"", ""black"", ""black"", ""black"", ""black"", ""black"", ""black"", ""black"", ""black"", ""black"", ""black"", ""black"", ""black"", ""black"", ""black""], [""black"", ""black"", ""black"", ""black"", ""black"", ""black"", ""black"", ""black"", ""black"", ""black"", ""black"", ""black"", ""black"", ""black"", ""black"", ""black""], [""black"", ""black"", ""black"", ""black"", ""black"", ""black"", ""black"", ""black"", ""black"", ""black"", ""black"", ""black"", ""black"", ""black"", ""black"", ""black""], [""black"", ""black"", ""black"", ""black"", ""black"", ""black"", ""black"", ""black"", ""black"", ""black"", ""black"", ""black"", ""black"", ""black"", ""black"", ""black""], [""black"", ""black"", ""black"", ""black"", ""black"", ""black"", ""black"", ""black"", ""black"", ""black"", ""black"", ""black"", ""black"", ""black"", ""black"", ""black""], [""black"", ""black"", ""black"", ""black"", ""black"", ""black"", ""black"", ""black"", ""black"", ""black"", ""black"", ""black"", ""black"", ""black"", ""black"", ""black""], [""black"", ""black"", ""black"", ""black"", ""black"", ""black"", ""black"", ""black"", ""black"", ""black"", ""black"", ""black"", ""black"", ""black"", ""black"", ""black""], [""black"", ""black"", ""black"", ""black"", ""black"", ""black"", ""black"", ""black"", ""black"", ""black"", ""black"", ""black"", ""black"", ""black"", ""black"", ""black""], [""black"", ""black"", ""black"", ""black"", ""black"", ""black"", ""black"", ""black"", ""black"", ""black"", ""black"", ""black"", ""black"", ""black"", ""black"", ""black""], [""black"", ""black"", ""black"", ""black"", ""black"", ""black"", ""black"", ""black"", ""black"", ""black"", ""black"", ""black"", ""black"", ""black"", ""black"", ""black""], [""black"", ""black"", ""black"", ""black"", ""black"", ""black"", ""black"", ""black"", ""black"", ""yellow"", ""black"", ""black"", ""black"", ""black"", ""black"", ""black""], [""black"", ""black"", ""black"", ""black"", ""black"", ""tan"", ""black"", ""tan"", ""tan"", ""yellow"", ""yellow"", ""orange"", ""black"", ""black"", ""black"", ""black""], [""black"", ""black"", ""black"", ""black"", ""tan"", ""black"", ""yellow"", ""yellow"", ""yellow"", ""yellow"", ""tan"", ""black"", ""tan"", ""black"", ""black"", ""black""], [""black"", ""black"", ""black"", ""black"", ""black"", ""tan"", ""tan"", ""tan"", ""tan"", ""tan"", ""tan"", ""tan"", ""black"", ""black"", ""black"", ""black""], [""black"", ""black"", ""black"", ""black"", ""tan"", ""black"", ""tan"", ""tan"", ""tan"", ""tan"", ""tan"", ""black"", ""tan"", ""black"", ""black"", ""black""], [""black"", ""black"", ""black"", ""black"", ""black"", ""black"", ""black"", ""tan"", ""tan"", ""tan"", ""black"", ""black"", ""black"", ""black"", ""black"", ""black""]]",,0.0,False
37,noop,manual,"Task: interactive
Step: 37
Phase: Interactive
Available actions now:
- left
- right
- up
- down
- click ROW COL  (ROW first, then COL, both in 0..15; matches the (row, col) order the perception reports)
- noop
- quit
- reset

========== Start of Direct Observation ==========
[[""black"", ""black"", ""black"", ""black"", ""black"", ""black"", ""black"", ""black"", ""black"", ""black"", ""black"", ""black"", ""black"", ""black"", ""black"", ""black""], [""black"", ""black"", ""black"", ""black"", ""black"", ""black"", ""black"", ""black"", ""black"", ""black"", ""black"", ""black"", ""black"", ""black"", ""black"", ""black""], [""black"", ""black"", ""black"", ""black"", ""black"", ""black"", ""black"", ""black"", ""black"", ""black"", ""black"", ""black"", ""black"", ""black"", ""black"", ""black""], [""black"", ""black"", ""black"", ""black"", ""black"", ""black"", ""black"", ""black"", ""black"", ""black"", ""black"", ""black"", ""black"", ""black"", ""black"", ""black""], [""black"", ""black"", ""black"", ""black"", ""black"", ""black"", ""black"", ""black"", ""black"", ""black"", ""black"", ""black"", ""black"", ""black"", ""black"", ""black""], [""black"", ""black"", ""black"", ""black"", ""black"", ""black"", ""black"", ""black"", ""black"", ""black"", ""black"", ""black"", ""black"", ""black"", ""black"", ""black""], [""black"", ""black"", ""black"", ""black"", ""black"", ""black"", ""black"", ""black"", ""black"", ""black"", ""black"", ""black"", ""black"", ""black"", ""black"", ""black""], [""black"", ""black"", ""black"", ""black"", ""black"", ""black"", ""black"", ""black"", ""black"", ""black"", ""black"", ""black"", ""black"", ""black"", ""black"", ""black""], [""black"", ""black"", ""black"", ""black"", ""black"", ""black"", ""black"", ""black"", ""black"", ""black"", ""black"", ""black"", ""black"", ""black"", ""black"", ""black""], [""black"", ""black"", ""black"", ""black"", ""black"", ""black"", ""black"", ""black"", ""black"", ""black"", ""black"", ""black"", ""black"", ""black"", ""black"", ""black""], [""black"", ""black"", ""black"", ""black"", ""black"", ""black"", ""black"", ""black"", ""black"", ""yellow"", ""black"", ""black"", ""black"", ""black"", ""black"", ""black""], [""black"", ""black"", ""black"", ""black"", ""black"", ""tan"", ""black"", ""tan"", ""tan"", ""yellow"", ""yellow"", ""orange"", ""black"", ""black"", ""black"", ""black""], [""black"", ""black"", ""black"", ""black"", ""tan"", ""black"", ""yellow"", ""yellow"", ""yellow"", ""yellow"", ""tan"", ""black"", ""tan"", ""black"", ""black"", ""black""], [""black"", ""black"", ""black"", ""black"", ""black"", ""tan"", ""tan"", ""tan"", ""tan"", ""tan"", ""tan"", ""tan"", ""black"", ""black"", ""black"", ""black""], [""black"", ""black"", ""black"", ""black"", ""tan"", ""black"", ""tan"", ""tan"", ""tan"", ""tan"", ""tan"", ""black"", ""tan"", ""black"", ""black"", ""black""], [""black"", ""black"", ""black"", ""black"", ""black"", ""black"", ""black"", ""tan"", ""tan"", ""tan"", ""black"", ""black"", ""black"", ""black"", ""black"", ""black""]]",,0.0,False
38,noop,manual,"Task: interactive
Step: 38
Phase: Interactive
Available actions now:
- left
- right
- up
- down
- click ROW COL  (ROW first, then COL, both in 0..15; matches the (row, col) order the perception reports)
- noop
- quit
- reset

========== Start of Direct Observation ==========
[[""black"", ""black"", ""black"", ""black"", ""black"", ""black"", ""black"", ""black"", ""black"", ""black"", ""black"", ""black"", ""black"", ""black"", ""black"", ""black""], [""black"", ""black"", ""black"", ""black"", ""black"", ""black"", ""black"", ""black"", ""black"", ""black"", ""black"", ""black"", ""black"", ""black"", ""black"", ""black""], [""black"", ""black"", ""black"", ""black"", ""black"", ""black"", ""black"", ""black"", ""black"", ""black"", ""black"", ""black"", ""black"", ""black"", ""black"", ""black""], [""black"", ""black"", ""black"", ""black"", ""black"", ""black"", ""black"", ""black"", ""black"", ""black"", ""black"", ""black"", ""black"", ""black"", ""black"", ""black""], [""black"", ""black"", ""black"", ""black"", ""black"", ""black"", ""black"", ""black"", ""black"", ""black"", ""black"", ""black"", ""black"", ""black"", ""black"", ""black""], [""black"", ""black"", ""black"", ""black"", ""black"", ""black"", ""black"", ""black"", ""black"", ""black"", ""black"", ""black"", ""black"", ""black"", ""black"", ""black""], [""black"", ""black"", ""black"", ""black"", ""black"", ""black"", ""black"", ""black"", ""black"", ""black"", ""black"", ""black"", ""black"", ""black"", ""black"", ""black""], [""black"", ""black"", ""black"", ""black"", ""black"", ""black"", ""black"", ""black"", ""black"", ""black"", ""black"", ""black"", ""black"", ""black"", ""black"", ""black""], [""black"", ""black"", ""black"", ""black"", ""black"", ""black"", ""black"", ""black"", ""black"", ""black"", ""black"", ""black"", ""black"", ""black"", ""black"", ""black""], [""black"", ""black"", ""black"", ""black"", ""black"", ""black"", ""black"", ""black"", ""black"", ""black"", ""black"", ""black"", ""black"", ""black"", ""black"", ""black""], [""black"", ""black"", ""black"", ""black"", ""black"", ""black"", ""black"", ""black"", ""black"", ""yellow"", ""black"", ""black"", ""black"", ""black"", ""black"", ""black""], [""black"", ""black"", ""black"", ""black"", ""black"", ""black"", ""tan"", ""black"", ""tan"", ""yellow"", ""yellow"", ""orange"", ""black"", ""black"", ""black"", ""black""], [""black"", ""black"", ""black"", ""black"", ""black"", ""tan"", ""yellow"", ""yellow"", ""yellow"", ""yellow"", ""black"", ""tan"", ""black"", ""black"", ""black"", ""black""], [""black"", ""black"", ""black"", ""black"", ""tan"", ""black"", ""yellow"", ""yellow"", ""yellow"", ""yellow"", ""tan"", ""black"", ""tan"", ""black"", ""black"", ""black""], [""black"", ""black"", ""black"", ""black"", ""black"", ""tan"", ""tan"", ""tan"", ""tan"", ""tan"", ""tan"", ""tan"", ""black"", ""black"", ""black"", ""black""], [""black"", ""black"", ""black"", ""black"", ""tan"", ""black"", ""black"", ""tan"", ""tan"", ""tan"", ""black"", ""black"", ""tan"", ""black"", ""black"", ""black""]]",,0.0,False
39,click 14 6,manual,"Task: interactive
Step: 39
Phase: Interactive
Available actions now:
- left
- right
- up
- down
- click ROW COL  (ROW first, then COL, both in 0..15; matches the (row, col) order the perception reports)
- noop
- quit
- reset

========== Start of Direct Observation ==========
[[""black"", ""black"", ""black"", ""black"", ""black"", ""black"", ""black"", ""black"", ""black"", ""black"", ""black"", ""black"", ""black"", ""black"", ""black"", ""black""], [""black"", ""black"", ""black"", ""black"", ""black"", ""black"", ""black"", ""black"", ""black"", ""black"", ""black"", ""black"", ""black"", ""black"", ""black"", ""black""], [""black"", ""black"", ""black"", ""black"", ""black"", ""black"", ""black"", ""black"", ""black"", ""black"", ""black"", ""black"", ""black"", ""black"", ""black"", ""black""], [""black"", ""black"", ""black"", ""black"", ""black"", ""black"", ""black"", ""black"", ""black"", ""black"", ""black"", ""black"", ""black"", ""black"", ""black"", ""black""], [""black"", ""black"", ""black"", ""black"", ""black"", ""black"", ""black"", ""black"", ""black"", ""black"", ""black"", ""black"", ""black"", ""black"", ""black"", ""black""], [""black"", ""black"", ""black"", ""black"", ""black"", ""black"", ""black"", ""black"", ""black"", ""black"", ""black"", ""black"", ""black"", ""black"", ""black"", ""black""], [""black"", ""black"", ""black"", ""black"", ""black"", ""black"", ""black"", ""black"", ""black"", ""black"", ""black"", ""black"", ""black"", ""black"", ""black"", ""black""], [""black"", ""black"", ""black"", ""black"", ""black"", ""black"", ""black"", ""black"", ""black"", ""black"", ""black"", ""black"", ""black"", ""black"", ""black"", ""black""], [""black"", ""black"", ""black"", ""black"", ""black"", ""black"", ""black"", ""black"", ""black"", ""black"", ""black"", ""black"", ""black"", ""black"", ""black"", ""black""], [""black"", ""black"", ""black"", ""black"", ""black"", ""black"", ""black"", ""black"", ""black"", ""black"", ""black"", ""black"", ""black"", ""black"", ""black"", ""black""], [""black"", ""black"", ""black"", ""black"", ""black"", ""black"", ""black"", ""black"", ""black"", ""yellow"", ""black"", ""black"", ""black"", ""black"", ""black"", ""black""], [""black"", ""black"", ""black"", ""black"", ""black"", ""tan"", ""black"", ""black"", ""tan"", ""yellow"", ""yellow"", ""orange"", ""black"", ""black"", ""black"", ""black""], [""black"", ""black"", ""black"", ""black"", ""black"", ""black"", ""yellow"", ""yellow"", ""yellow"", ""yellow"", ""black"", ""black"", ""black"", ""black"", ""black"", ""black""], [""black"", ""black"", ""black"", ""black"", ""black"", ""tan"", ""yellow"", ""yellow"", ""yellow"", ""yellow"", ""black"", ""tan"", ""black"", ""black"", ""black"", ""black""], [""black"", ""black"", ""black"", ""black"", ""tan"", ""black"", ""tan"", ""tan"", ""tan"", ""tan"", ""tan"", ""black"", ""tan"", ""black"", ""black"", ""black""], [""black"", ""black"", ""black"", ""black"", ""tan"", ""tan"", ""black"", ""tan"", ""tan"", ""tan"", ""black"", ""tan"", ""tan"", ""black"", ""black"", ""black""]]",,0.0,False
40,click 14 7,manual,"Task: interactive
Step: 40
Phase: Interactive
Available actions now:
- left
- right
- up
- down
- click ROW COL  (ROW first, then COL, both in 0..15; matches the (row, col) order the perception reports)
- noop
- quit
- reset

========== Start of Direct Observation ==========
[[""black"", ""black"", ""black"", ""black"", ""black"", ""black"", ""black"", ""black"", ""black"", ""black"", ""black"", ""black"", ""black"", ""black"", ""black"", ""black""], [""black"", ""black"", ""black"", ""black"", ""black"", ""black"", ""black"", ""black"", ""black"", ""black"", ""black"", ""black"", ""black"", ""black"", ""black"", ""black""], [""black"", ""black"", ""black"", ""black"", ""black"", ""black"", ""black"", ""black"", ""black"", ""black"", ""black"", ""black"", ""black"", ""black"", ""black"", ""black""], [""black"", ""black"", ""black"", ""black"", ""black"", ""black"", ""black"", ""black"", ""black"", ""black"", ""black"", ""black"", ""black"", ""black"", ""black"", ""black""], [""black"", ""black"", ""black"", ""black"", ""black"", ""black"", ""black"", ""black"", ""black"", ""black"", ""black"", ""black"", ""black"", ""black"", ""black"", ""black""], [""black"", ""black"", ""black"", ""black"", ""black"", ""black"", ""black"", ""black"", ""black"", ""black"", ""black"", ""black"", ""black"", ""black"", ""black"", ""black""], [""black"", ""black"", ""black"", ""black"", ""black"", ""black"", ""black"", ""black"", ""black"", ""black"", ""black"", ""black"", ""black"", ""black"", ""black"", ""black""], [""black"", ""black"", ""black"", ""black"", ""black"", ""black"", ""black"", ""black"", ""black"", ""black"", ""black"", ""black"", ""black"", ""black"", ""black"", ""black""], [""black"", ""black"", ""black"", ""black"", ""black"", ""black"", ""black"", ""black"", ""black"", ""black"", ""black"", ""black"", ""black"", ""black"", ""black"", ""black""], [""black"", ""black"", ""black"", ""black"", ""black"", ""black"", ""black"", ""black"", ""black"", ""black"", ""black"", ""black"", ""black"", ""black"", ""black"", ""black""], [""black"", ""black"", ""black"", ""black"", ""black"", ""black"", ""black"", ""black"", ""black"", ""yellow"", ""black"", ""black"", ""black"", ""black"", ""black"", ""black""], [""black"", ""black"", ""black"", ""black"", ""black"", ""tan"", ""black"", ""black"", ""tan"", ""yellow"", ""yellow"", ""orange"", ""black"", ""black"", ""black"", ""black""], [""black"", ""black"", ""black"", ""black"", ""black"", ""black"", ""yellow"", ""yellow"", ""yellow"", ""yellow"", ""black"", ""black"", ""black"", ""black"", ""black"", ""black""], [""black"", ""black"", ""black"", ""black"", ""black"", ""tan"", ""yellow"", ""yellow"", ""yellow"", ""yellow"", ""black"", ""tan"", ""black"", ""black"", ""black"", ""black""], [""black"", ""black"", ""black"", ""black"", ""tan"", ""black"", ""tan"", ""tan"", ""tan"", ""tan"", ""tan"", ""black"", ""tan"", ""black"", ""black"", ""black""], [""black"", ""black"", ""black"", ""black"", ""tan"", ""tan"", ""black"", ""tan"", ""tan"", ""tan"", ""black"", ""tan"", ""tan"", ""black"", ""black"", ""black""]]",,0.0,False
41,click 14 8,manual,"Task: interactive
Step: 41
Phase: Interactive
Available actions now:
- left
- right
- up
- down
- click ROW COL  (ROW first, then COL, both in 0..15; matches the (row, col) order the perception reports)
- noop
- quit
- reset

========== Start of Direct Observation ==========
[[""black"", ""black"", ""black"", ""black"", ""black"", ""black"", ""black"", ""black"", ""black"", ""black"", ""black"", ""black"", ""black"", ""black"", ""black"", ""black""], [""black"", ""black"", ""black"", ""black"", ""black"", ""black"", ""black"", ""black"", ""black"", ""black"", ""black"", ""black"", ""black"", ""black"", ""black"", ""black""], [""black"", ""black"", ""black"", ""black"", ""black"", ""black"", ""black"", ""black"", ""black"", ""black"", ""black"", ""black"", ""black"", ""black"", ""black"", ""black""], [""black"", ""black"", ""black"", ""black"", ""black"", ""black"", ""black"", ""black"", ""black"", ""black"", ""black"", ""black"", ""black"", ""black"", ""black"", ""black""], [""black"", ""black"", ""black"", ""black"", ""black"", ""black"", ""black"", ""black"", ""black"", ""black"", ""black"", ""black"", ""black"", ""black"", ""black"", ""black""], [""black"", ""black"", ""black"", ""black"", ""black"", ""black"", ""black"", ""black"", ""black"", ""black"", ""black"", ""black"", ""black"", ""black"", ""black"", ""black""], [""black"", ""black"", ""black"", ""black"", ""black"", ""black"", ""black"", ""black"", ""black"", ""black"", ""black"", ""black"", ""black"", ""black"", ""black"", ""black""], [""black"", ""black"", ""black"", ""black"", ""black"", ""black"", ""black"", ""black"", ""black"", ""black"", ""black"", ""black"", ""black"", ""black"", ""black"", ""black""], [""black"", ""black"", ""black"", ""black"", ""black"", ""black"", ""black"", ""black"", ""black"", ""black"", ""black"", ""black"", ""black"", ""black"", ""black"", ""black""], [""black"", ""black"", ""black"", ""black"", ""black"", ""black"", ""black"", ""black"", ""black"", ""black"", ""black"", ""black"", ""black"", ""black"", ""black"", ""black""], [""black"", ""black"", ""black"", ""black"", ""black"", ""black"", ""black"", ""black"", ""black"", ""yellow"", ""black"", ""black"", ""black"", ""black"", ""black"", ""black""], [""black"", ""black"", ""black"", ""black"", ""black"", ""tan"", ""black"", ""black"", ""tan"", ""yellow"", ""yellow"", ""orange"", ""black"", ""black"", ""black"", ""black""], [""black"", ""black"", ""black"", ""black"", ""black"", ""black"", ""yellow"", ""yellow"", ""yellow"", ""yellow"", ""black"", ""black"", ""black"", ""black"", ""black"", ""black""], [""black"", ""black"", ""black"", ""black"", ""black"", ""tan"", ""yellow"", ""yellow"", ""yellow"", ""yellow"", ""black"", ""tan"", ""black"", ""black"", ""black"", ""black""], [""black"", ""black"", ""black"", ""black"", ""tan"", ""black"", ""tan"", ""tan"", ""tan"", ""tan"", ""tan"", ""black"", ""tan"", ""black"", ""black"", ""black""], [""black"", ""black"", ""black"", ""black"", ""tan"", ""tan"", ""black"", ""tan"", ""tan"", ""tan"", ""black"", ""tan"", ""tan"", ""black"", ""black"", ""black""]]",,0.0,False
42,click 14 9,manual,"Task: interactive
Step: 42
Phase: Interactive
Available actions now:
- left
- right
- up
- down
- click ROW COL  (ROW first, then COL, both in 0..15; matches the (row, col) order the perception reports)
- noop
- quit
- reset

========== Start of Direct Observation ==========
[[""black"", ""black"", ""black"", ""black"", ""black"", ""black"", ""black"", ""black"", ""black"", ""black"", ""black"", ""black"", ""black"", ""black"", ""black"", ""black""], [""black"", ""black"", ""black"", ""black"", ""black"", ""black"", ""black"", ""black"", ""black"", ""black"", ""black"", ""black"", ""black"", ""black"", ""black"", ""black""], [""black"", ""black"", ""black"", ""black"", ""black"", ""black"", ""black"", ""black"", ""black"", ""black"", ""black"", ""black"", ""black"", ""black"", ""black"", ""black""], [""black"", ""black"", ""black"", ""black"", ""black"", ""black"", ""black"", ""black"", ""black"", ""black"", ""black"", ""black"", ""black"", ""black"", ""black"", ""black""], [""black"", ""black"", ""black"", ""black"", ""black"", ""black"", ""black"", ""black"", ""black"", ""black"", ""black"", ""black"", ""black"", ""black"", ""black"", ""black""], [""black"", ""black"", ""black"", ""black"", ""black"", ""black"", ""black"", ""black"", ""black"", ""black"", ""black"", ""black"", ""black"", ""black"", ""black"", ""black""], [""black"", ""black"", ""black"", ""black"", ""black"", ""black"", ""black"", ""black"", ""black"", ""black"", ""black"", ""black"", ""black"", ""black"", ""black"", ""black""], [""black"", ""black"", ""black"", ""black"", ""black"", ""black"", ""black"", ""black"", ""black"", ""black"", ""black"", ""black"", ""black"", ""black"", ""black"", ""black""], [""black"", ""black"", ""black"", ""black"", ""black"", ""black"", ""black"", ""black"", ""black"", ""black"", ""black"", ""black"", ""black"", ""black"", ""black"", ""black""], [""black"", ""black"", ""black"", ""black"", ""black"", ""black"", ""black"", ""black"", ""black"", ""black"", ""black"", ""black"", ""black"", ""black"", ""black"", ""black""], [""black"", ""black"", ""black"", ""black"", ""black"", ""black"", ""black"", ""black"", ""black"", ""yellow"", ""black"", ""black"", ""black"", ""black"", ""black"", ""black""], [""black"", ""black"", ""black"", ""black"", ""black"", ""tan"", ""black"", ""black"", ""tan"", ""yellow"", ""yellow"", ""orange"", ""black"", ""black"", ""black"", ""black""], [""black"", ""black"", ""black"", ""black"", ""black"", ""black"", ""yellow"", ""yellow"", ""yellow"", ""yellow"", ""black"", ""black"", ""black"", ""black"", ""black"", ""black""], [""black"", ""black"", ""black"", ""black"", ""black"", ""tan"", ""yellow"", ""yellow"", ""yellow"", ""yellow"", ""black"", ""tan"", ""black"", ""black"", ""black"", ""black""], [""black"", ""black"", ""black"", ""black"", ""tan"", ""black"", ""tan"", ""tan"", ""tan"", ""tan"", ""tan"", ""black"", ""tan"", ""black"", ""black"", ""black""], [""black"", ""black"", ""black"", ""black"", ""tan"", ""tan"", ""black"", ""tan"", ""tan"", ""tan"", ""black"", ""tan"", ""tan"", ""black"", ""black"", ""black""]]",,0.0,False
43,click 14 10,manual,"Task: interactive
Step: 43
Phase: Interactive
Available actions now:
- left
- right
- up
- down
- click ROW COL  (ROW first, then COL, both in 0..15; matches the (row, col) order the perception reports)
- noop
- quit
- reset

========== Start of Direct Observation ==========
[[""black"", ""black"", ""black"", ""black"", ""black"", ""black"", ""black"", ""black"", ""black"", ""black"", ""black"", ""black"", ""black"", ""black"", ""black"", ""black""], [""black"", ""black"", ""black"", ""black"", ""black"", ""black"", ""black"", ""black"", ""black"", ""black"", ""black"", ""black"", ""black"", ""black"", ""black"", ""black""], [""black"", ""black"", ""black"", ""black"", ""black"", ""black"", ""black"", ""black"", ""black"", ""black"", ""black"", ""black"", ""black"", ""black"", ""black"", ""black""], [""black"", ""black"", ""black"", ""black"", ""black"", ""black"", ""black"", ""black"", ""black"", ""black"", ""black"", ""black"", ""black"", ""black"", ""black"", ""black""], [""black"", ""black"", ""black"", ""black"", ""black"", ""black"", ""black"", ""black"", ""black"", ""black"", ""black"", ""black"", ""black"", ""black"", ""black"", ""black""], [""black"", ""black"", ""black"", ""black"", ""black"", ""black"", ""black"", ""black"", ""black"", ""black"", ""black"", ""black"", ""black"", ""black"", ""black"", ""black""], [""black"", ""black"", ""black"", ""black"", ""black"", ""black"", ""black"", ""black"", ""black"", ""black"", ""black"", ""black"", ""black"", ""black"", ""black"", ""black""], [""black"", ""black"", ""black"", ""black"", ""black"", ""black"", ""black"", ""black"", ""black"", ""black"", ""black"", ""black"", ""black"", ""black"", ""black"", ""black""], [""black"", ""black"", ""black"", ""black"", ""black"", ""black"", ""black"", ""black"", ""black"", ""black"", ""black"", ""black"", ""black"", ""black"", ""black"", ""black""], [""black"", ""black"", ""black"", ""black"", ""black"", ""black"", ""black"", ""black"", ""black"", ""black"", ""black"", ""black"", ""black"", ""black"", ""black"", ""black""], [""black"", ""black"", ""black"", ""black"", ""black"", ""black"", ""black"", ""black"", ""black"", ""yellow"", ""black"", ""black"", ""black"", ""black"", ""black"", ""black""], [""black"", ""black"", ""black"", ""black"", ""black"", ""tan"", ""black"", ""black"", ""tan"", ""yellow"", ""yellow"", ""orange"", ""black"", ""black"", ""black"", ""black""], [""black"", ""black"", ""black"", ""black"", ""black"", ""black"", ""yellow"", ""yellow"", ""yellow"", ""yellow"", ""black"", ""black"", ""black"", ""black"", ""black"", ""black""], [""black"", ""black"", ""black"", ""black"", ""black"", ""tan"", ""yellow"", ""yellow"", ""yellow"", ""yellow"", ""black"", ""tan"", ""black"", ""black"", ""black"", ""black""], [""black"", ""black"", ""black"", ""black"", ""tan"", ""black"", ""tan"", ""tan"", ""tan"", ""tan"", ""tan"", ""black"", ""tan"", ""black"", ""black"", ""black""], [""black"", ""black"", ""black"", ""black"", ""tan"", ""tan"", ""black"", ""tan"", ""tan"", ""tan"", ""black"", ""tan"", ""tan"", ""black"", ""black"", ""black""]]",,0.0,False
44,noop,manual,"Task: interactive
Step: 44
Phase: Interactive
Available actions now:
- left
- right
- up
- down
- click ROW COL  (ROW first, then COL, both in 0..15; matches the (row, col) order the perception reports)
- noop
- quit
- reset

========== Start of Direct Observation ==========
[[""black"", ""black"", ""black"", ""black"", ""black"", ""black"", ""black"", ""black"", ""black"", ""black"", ""black"", ""black"", ""black"", ""black"", ""black"", ""black""], [""black"", ""black"", ""black"", ""black"", ""black"", ""black"", ""black"", ""black"", ""black"", ""black"", ""black"", ""black"", ""black"", ""black"", ""black"", ""black""], [""black"", ""black"", ""black"", ""black"", ""black"", ""black"", ""black"", ""black"", ""black"", ""black"", ""black"", ""black"", ""black"", ""black"", ""black"", ""black""], [""black"", ""black"", ""black"", ""black"", ""black"", ""black"", ""black"", ""black"", ""black"", ""black"", ""black"", ""black"", ""black"", ""black"", ""black"", ""black""], [""black"", ""black"", ""black"", ""black"", ""black"", ""black"", ""black"", ""black"", ""black"", ""black"", ""black"", ""black"", ""black"", ""black"", ""black"", ""black""], [""black"", ""black"", ""black"", ""black"", ""black"", ""black"", ""black"", ""black"", ""black"", ""black"", ""black"", ""black"", ""black"", ""black"", ""black"", ""black""], [""black"", ""black"", ""black"", ""black"", ""black"", ""black"", ""black"", ""black"", ""black"", ""black"", ""black"", ""black"", ""black"", ""black"", ""black"", ""black""], [""black"", ""black"", ""black"", ""black"", ""black"", ""black"", ""black"", ""black"", ""black"", ""black"", ""black"", ""black"", ""black"", ""black"", ""black"", ""black""], [""black"", ""black"", ""black"", ""black"", ""black"", ""black"", ""black"", ""black"", ""black"", ""black"", ""black"", ""black"", ""black"", ""black"", ""black"", ""black""], [""black"", ""black"", ""black"", ""black"", ""black"", ""black"", ""black"", ""black"", ""black"", ""black"", ""black"", ""black"", ""black"", ""black"", ""black"", ""black""], [""black"", ""black"", ""black"", ""black"", ""black"", ""black"", ""black"", ""black"", ""black"", ""yellow"", ""black"", ""black"", ""black"", ""black"", ""black"", ""black""], [""black"", ""black"", ""black"", ""black"", ""black"", ""tan"", ""black"", ""black"", ""tan"", ""yellow"", ""yellow"", ""orange"", ""black"", ""black"", ""black"", ""black""], [""black"", ""black"", ""black"", ""black"", ""black"", ""black"", ""yellow"", ""yellow"", ""yellow"", ""yellow"", ""black"", ""black"", ""black"", ""black"", ""black"", ""black""], [""black"", ""black"", ""black"", ""black"", ""black"", ""tan"", ""yellow"", ""yellow"", ""yellow"", ""yellow"", ""black"", ""tan"", ""black"", ""black"", ""black"", ""black""], [""black"", ""black"", ""black"", ""black"", ""tan"", ""black"", ""tan"", ""tan"", ""tan"", ""tan"", ""tan"", ""black"", ""tan"", ""black"", ""black"", ""black""], [""black"", ""black"", ""black"", ""black"", ""tan"", ""tan"", ""black"", ""tan"", ""tan"", ""tan"", ""black"", ""tan"", ""tan"", ""black"", ""black"", ""black""]]",,0.0,False
45,noop,manual,"Task: interactive
Step: 45
Phase: Interactive
Available actions now:
- left
- right
- up
- down
- click ROW COL  (ROW first, then COL, both in 0..15; matches the (row, col) order the perception reports)
- noop
- quit
- reset

========== Start of Direct Observation ==========
[[""black"", ""black"", ""black"", ""black"", ""black"", ""black"", ""black"", ""black"", ""black"", ""black"", ""black"", ""black"", ""black"", ""black"", ""black"", ""black""], [""black"", ""black"", ""black"", ""black"", ""black"", ""black"", ""black"", ""black"", ""black"", ""black"", ""black"", ""black"", ""black"", ""black"", ""black"", ""black""], [""black"", ""black"", ""black"", ""black"", ""black"", ""black"", ""black"", ""black"", ""black"", ""black"", ""black"", ""black"", ""black"", ""black"", ""black"", ""black""], [""black"", ""black"", ""black"", ""black"", ""black"", ""black"", ""black"", ""black"", ""black"", ""black"", ""black"", ""black"", ""black"", ""black"", ""black"", ""black""], [""black"", ""black"", ""black"", ""black"", ""black"", ""black"", ""black"", ""black"", ""black"", ""black"", ""black"", ""black"", ""black"", ""black"", ""black"", ""black""], [""black"", ""black"", ""black"", ""black"", ""black"", ""black"", ""black"", ""black"", ""black"", ""black"", ""black"", ""black"", ""black"", ""black"", ""black"", ""black""], [""black"", ""black"", ""black"", ""black"", ""black"", ""black"", ""black"", ""black"", ""black"", ""black"", ""black"", ""black"", ""black"", ""black"", ""black"", ""black""], [""black"", ""black"", ""black"", ""black"", ""black"", ""black"", ""black"", ""black"", ""black"", ""black"", ""black"", ""black"", ""black"", ""black"", ""black"", ""black""], [""black"", ""black"", ""black"", ""black"", ""black"", ""black"", ""black"", ""black"", ""black"", ""black"", ""black"", ""black"", ""black"", ""black"", ""black"", ""black""], [""black"", ""black"", ""black"", ""black"", ""black"", ""black"", ""black"", ""black"", ""black"", ""black"", ""black"", ""black"", ""black"", ""black"", ""black"", ""black""], [""black"", ""black"", ""black"", ""black"", ""black"", ""black"", ""black"", ""black"", ""black"", ""yellow"", ""black"", ""black"", ""black"", ""black"", ""black"", ""black""], [""black"", ""black"", ""black"", ""black"", ""black"", ""black"", ""black"", ""black"", ""tan"", ""yellow"", ""yellow"", ""orange"", ""black"", ""black"", ""black"", ""black""], [""black"", ""black"", ""black"", ""black"", ""black"", ""tan"", ""yellow"", ""yellow"", ""yellow"", ""yellow"", ""black"", ""black"", ""black"", ""black"", ""black"", ""black""], [""black"", ""black"", ""black"", ""black"", ""black"", ""black"", ""yellow"", ""yellow"", ""yellow"", ""yellow"", ""black"", ""black"", ""black"", ""black"", ""black"", ""black""], [""black"", ""black"", ""black"", ""tan"", ""black"", ""tan"", ""yellow"", ""yellow"", ""yellow"", ""yellow"", ""black"", ""tan"", ""black"", ""tan"", ""black"", ""black""], [""black"", ""black"", ""black"", ""black"", ""tan"", ""tan"", ""black"", ""tan"", ""tan"", ""tan"", ""tan"", ""tan"", ""tan"", ""black"", ""black"", ""black""]]",,0.0,False
46,click 15 7,manual,"Task: interactive
Step: 46
Phase: Interactive
Available actions now:
- left
- right
- up
- down
- click ROW COL  (ROW first, then COL, both in 0..15; matches the (row, col) order the perception reports)
- noop
- quit
- reset

========== Start of Direct Observation ==========
[[""black"", ""black"", ""black"", ""black"", ""black"", ""black"", ""black"", ""black"", ""black"", ""black"", ""black"", ""black"", ""black"", ""black"", ""black"", ""black""], [""black"", ""black"", ""black"", ""black"", ""black"", ""black"", ""black"", ""black"", ""black"", ""black"", ""black"", ""black"", ""black"", ""black"", ""black"", ""black""], [""black"", ""black"", ""black"", ""black"", ""black"", ""black"", ""black"", ""black"", ""black"", ""black"", ""black"", ""black"", ""black"", ""black"", ""black"", ""black""], [""black"", ""black"", ""black"", ""black"", ""black"", ""black"", ""black"", ""black"", ""black"", ""black"", ""black"", ""black"", ""black"", ""black"", ""black"", ""black""], [""black"", ""black"", ""black"", ""black"", ""black"", ""black"", ""black"", ""black"", ""black"", ""black"", ""black"", ""black"", ""black"", ""black"", ""black"", ""black""], [""black"", ""black"", ""black"", ""black"", ""black"", ""black"", ""black"", ""black"", ""black"", ""black"", ""black"", ""black"", ""black"", ""black"", ""black"", ""black""], [""black"", ""black"", ""black"", ""black"", ""black"", ""black"", ""black"", ""black"", ""black"", ""black"", ""black"", ""black"", ""black"", ""black"", ""black"", ""black""], [""black"", ""black"", ""black"", ""black"", ""black"", ""black"", ""black"", ""black"", ""black"", ""black"", ""black"", ""black"", ""black"", ""black"", ""black"", ""black""], [""black"", ""black"", ""black"", ""black"", ""black"", ""black"", ""black"", ""black"", ""black"", ""black"", ""black"", ""black"", ""black"", ""black"", ""black"", ""black""], [""black"", ""black"", ""black"", ""black"", ""black"", ""black"", ""black"", ""black"", ""black"", ""black"", ""black"", ""black"", ""black"", ""black"", ""black"", ""black""], [""black"", ""black"", ""black"", ""black"", ""black"", ""black"", ""black"", ""black"", ""black"", ""yellow"", ""black"", ""black"", ""black"", ""black"", ""black"", ""black""], [""black"", ""black"", ""black"", ""black"", ""black"", ""black"", ""black"", ""black"", ""tan"", ""yellow"", ""yellow"", ""orange"", ""black"", ""black"", ""black"", ""black""], [""black"", ""black"", ""black"", ""black"", ""black"", ""black"", ""yellow"", ""yellow"", ""yellow"", ""yellow"", ""black"", ""black"", ""black"", ""black"", ""black"", ""black""], [""black"", ""black"", ""black"", ""black"", ""black"", ""tan"", ""yellow"", ""yellow"", ""yellow"", ""yellow"", ""black"", ""black"", ""black"", ""black"", ""black"", ""black""], [""black"", ""black"", ""black"", ""black"", ""tan"", ""black"", ""yellow"", ""yellow"", ""yellow"", ""yellow"", ""black"", ""black"", ""tan"", ""black"", ""black"", ""black""], [""black"", ""black"", ""black"", ""tan"", ""tan"", ""tan"", ""black"", ""tan"", ""tan"", ""tan"", ""tan"", ""tan"", ""tan"", ""tan"", ""black"", ""black""]]",,0.0,False
47,click 15 8,manual,"Task: interactive
Step: 47
Phase: Interactive
Available actions now:
- left
- right
- up
- down
- click ROW COL  (ROW first, then COL, both in 0..15; matches the (row, col) order the perception reports)
- noop
- quit
- reset

========== Start of Direct Observation ==========
[[""black"", ""black"", ""black"", ""black"", ""black"", ""black"", ""black"", ""black"", ""black"", ""black"", ""black"", ""black"", ""black"", ""black"", ""black"", ""black""], [""black"", ""black"", ""black"", ""black"", ""black"", ""black"", ""black"", ""black"", ""black"", ""black"", ""black"", ""black"", ""black"", ""black"", ""black"", ""black""], [""black"", ""black"", ""black"", ""black"", ""black"", ""black"", ""black"", ""black"", ""black"", ""black"", ""black"", ""black"", ""black"", ""black"", ""black"", ""black""], [""black"", ""black"", ""black"", ""black"", ""black"", ""black"", ""black"", ""black"", ""black"", ""black"", ""black"", ""black"", ""black"", ""black"", ""black"", ""black""], [""black"", ""black"", ""black"", ""black"", ""black"", ""black"", ""black"", ""black"", ""black"", ""black"", ""black"", ""black"", ""black"", ""black"", ""black"", ""black""], [""black"", ""black"", ""black"", ""black"", ""black"", ""black"", ""black"", ""black"", ""black"", ""black"", ""black"", ""black"", ""black"", ""black"", ""black"", ""black""], [""black"", ""black"", ""black"", ""black"", ""black"", ""black"", ""black"", ""black"", ""black"", ""black"", ""black"", ""black"", ""black"", ""black"", ""black"", ""black""], [""black"", ""black"", ""black"", ""black"", ""black"", ""black"", ""black"", ""black"", ""black"", ""black"", ""black"", ""black"", ""black"", ""black"", ""black"", ""black""], [""black"", ""black"", ""black"", ""black"", ""black"", ""black"", ""black"", ""black"", ""black"", ""black"", ""black"", ""black"", ""black"", ""black"", ""black"", ""black""], [""black"", ""black"", ""black"", ""black"", ""black"", ""black"", ""black"", ""black"", ""black"", ""black"", ""black"", ""black"", ""black"", ""black"", ""black"", ""black""], [""black"", ""black"", ""black"", ""black"", ""black"", ""black"", ""black"", ""black"", ""black"", ""yellow"", ""black"", ""black"", ""black"", ""black"", ""black"", ""black""], [""black"", ""black"", ""black"", ""black"", ""black"", ""black"", ""black"", ""black"", ""tan"", ""yellow"", ""yellow"", ""orange"", ""black"", ""black"", ""black"", ""black""], [""black"", ""black"", ""black"", ""black"", ""black"", ""black"", ""yellow"", ""yellow"", ""yellow"", ""yellow"", ""black"", ""black"", ""black"", ""black"", ""black"", ""black""], [""black"", ""black"", ""black"", ""black"", ""black"", ""tan"", ""yellow"", ""yellow"", ""yellow"", ""yellow"", ""black"", ""black"", ""black"", ""black"", ""black"", ""black""], [""black"", ""black"", ""black"", ""black"", ""tan"", ""black"", ""yellow"", ""yellow"", ""yellow"", ""yellow"", ""black"", ""black"", ""tan"", ""black"", ""black"", ""black""], [""black"", ""black"", ""black"", ""tan"", ""tan"", ""tan"", ""black"", ""tan"", ""tan"", ""tan"", ""tan"", ""tan"", ""tan"", ""tan"", ""black"", ""black""]]",,0.0,False
48,click 15 9,manual,"Task: interactive
Step: 48
Phase: Interactive
Available actions now:
- left
- right
- up
- down
- click ROW COL  (ROW first, then COL, both in 0..15; matches the (row, col) order the perception reports)
- noop
- quit
- reset

========== Start of Direct Observation ==========
[[""black"", ""black"", ""black"", ""black"", ""black"", ""black"", ""black"", ""black"", ""black"", ""black"", ""black"", ""black"", ""black"", ""black"", ""black"", ""black""], [""black"", ""black"", ""black"", ""black"", ""black"", ""black"", ""black"", ""black"", ""black"", ""black"", ""black"", ""black"", ""black"", ""black"", ""black"", ""black""], [""black"", ""black"", ""black"", ""black"", ""black"", ""black"", ""black"", ""black"", ""black"", ""black"", ""black"", ""black"", ""black"", ""black"", ""black"", ""black""], [""black"", ""black"", ""black"", ""black"", ""black"", ""black"", ""black"", ""black"", ""black"", ""black"", ""black"", ""black"", ""black"", ""black"", ""black"", ""black""], [""black"", ""black"", ""black"", ""black"", ""black"", ""black"", ""black"", ""black"", ""black"", ""black"", ""black"", ""black"", ""black"", ""black"", ""black"", ""black""], [""black"", ""black"", ""black"", ""black"", ""black"", ""black"", ""black"", ""black"", ""black"", ""black"", ""black"", ""black"", ""black"", ""black"", ""black"", ""black""], [""black"", ""black"", ""black"", ""black"", ""black"", ""black"", ""black"", ""black"", ""black"", ""black"", ""black"", ""black"", ""black"", ""black"", ""black"", ""black""], [""black"", ""black"", ""black"", ""black"", ""black"", ""black"", ""black"", ""black"", ""black"", ""black"", ""black"", ""black"", ""black"", ""black"", ""black"", ""black""], [""black"", ""black"", ""black"", ""black"", ""black"", ""black"", ""black"", ""black"", ""black"", ""black"", ""black"", ""black"", ""black"", ""black"", ""black"", ""black""], [""black"", ""black"", ""black"", ""black"", ""black"", ""black"", ""black"", ""black"", ""black"", ""black"", ""black"", ""black"", ""black"", ""black"", ""black"", ""black""], [""black"", ""black"", ""black"", ""black"", ""black"", ""black"", ""black"", ""black"", ""black"", ""yellow"", ""black"", ""black"", ""black"", ""black"", ""black"", ""black""], [""black"", ""black"", ""black"", ""black"", ""black"", ""black"", ""black"", ""black"", ""tan"", ""yellow"", ""yellow"", ""orange"", ""black"", ""black"", ""black"", ""black""], [""black"", ""black"", ""black"", ""black"", ""black"", ""black"", ""yellow"", ""yellow"", ""yellow"", ""yellow"", ""black"", ""black"", ""black"", ""black"", ""black"", ""black""], [""black"", ""black"", ""black"", ""black"", ""black"", ""tan"", ""yellow"", ""yellow"", ""yellow"", ""yellow"", ""black"", ""black"", ""black"", ""black"", ""black"", ""black""], [""black"", ""black"", ""black"", ""black"", ""tan"", ""black"", ""yellow"", ""yellow"", ""yellow"", ""yellow"", ""black"", ""black"", ""tan"", ""black"", ""black"", ""black""], [""black"", ""black"", ""black"", ""tan"", ""tan"", ""tan"", ""black"", ""tan"", ""tan"", ""tan"", ""tan"", ""tan"", ""tan"", ""tan"", ""black"", ""black""]]",,0.0,False
49,noop,manual,"Task: interactive
Step: 49
Phase: Interactive
Available actions now:
- left
- right
- up
- down
- click ROW COL  (ROW first, then COL, both in 0..15; matches the (row, col) order the perception reports)
- noop
- quit
- reset

========== Start of Direct Observation ==========
[[""black"", ""black"", ""black"", ""black"", ""black"", ""black"", ""black"", ""black"", ""black"", ""black"", ""black"", ""black"", ""black"", ""black"", ""black"", ""black""], [""black"", ""black"", ""black"", ""black"", ""black"", ""black"", ""black"", ""black"", ""black"", ""black"", ""black"", ""black"", ""black"", ""black"", ""black"", ""black""], [""black"", ""black"", ""black"", ""black"", ""black"", ""black"", ""black"", ""black"", ""black"", ""black"", ""black"", ""black"", ""black"", ""black"", ""black"", ""black""], [""black"", ""black"", ""black"", ""black"", ""black"", ""black"", ""black"", ""black"", ""black"", ""black"", ""black"", ""black"", ""black"", ""black"", ""black"", ""black""], [""black"", ""black"", ""black"", ""black"", ""black"", ""black"", ""black"", ""black"", ""black"", ""black"", ""black"", ""black"", ""black"", ""black"", ""black"", ""black""], [""black"", ""black"", ""black"", ""black"", ""black"", ""black"", ""black"", ""black"", ""black"", ""black"", ""black"", ""black"", ""black"", ""black"", ""black"", ""black""], [""black"", ""black"", ""black"", ""black"", ""black"", ""black"", ""black"", ""black"", ""black"", ""black"", ""black"", ""black"", ""black"", ""black"", ""black"", ""black""], [""black"", ""black"", ""black"", ""black"", ""black"", ""black"", ""black"", ""black"", ""black"", ""black"", ""black"", ""black"", ""black"", ""black"", ""black"", ""black""], [""black"", ""black"", ""black"", ""black"", ""black"", ""black"", ""black"", ""black"", ""black"", ""black"", ""black"", ""black"", ""black"", ""black"", ""black"", ""black""], [""black"", ""black"", ""black"", ""black"", ""black"", ""black"", ""black"", ""black"", ""black"", ""black"", ""black"", ""black"", ""black"", ""black"", ""black"", ""black""], [""black"", ""black"", ""black"", ""black"", ""black"", ""black"", ""black"", ""black"", ""black"", ""yellow"", ""black"", ""black"", ""black"", ""black"", ""black"", ""black""], [""black"", ""black"", ""black"", ""black"", ""black"", ""black"", ""black"", ""black"", ""tan"", ""yellow"", ""yellow"", ""orange"", ""black"", ""black"", ""black"", ""black""], [""black"", ""black"", ""black"", ""black"", ""black"", ""black"", ""yellow"", ""yellow"", ""yellow"", ""yellow"", ""black"", ""black"", ""black"", ""black"", ""black"", ""black""], [""black"", ""black"", ""black"", ""black"", ""black"", ""tan"", ""yellow"", ""yellow"", ""yellow"", ""yellow"", ""black"", ""black"", ""black"", ""black"", ""black"", ""black""], [""black"", ""black"", ""black"", ""black"", ""tan"", ""black"", ""yellow"", ""yellow"", ""yellow"", ""yellow"", ""black"", ""black"", ""tan"", ""black"", ""black"", ""black""], [""black"", ""black"", ""black"", ""tan"", ""tan"", ""tan"", ""black"", ""tan"", ""tan"", ""tan"", ""tan"", ""tan"", ""tan"", ""tan"", ""black"", ""black""]]",,0.0,False
50,noop,manual,"Task: interactive
Step: 50
Phase: Interactive
Available actions now:
- left
- right
- up
- down
- click ROW COL  (ROW first, then COL, both in 0..15; matches the (row, col) order the perception reports)
- noop
- quit
- reset

========== Start of Direct Observation ==========
[[""black"", ""black"", ""black"", ""black"", ""black"", ""black"", ""black"", ""black"", ""black"", ""black"", ""black"", ""black"", ""black"", ""black"", ""black"", ""black""], [""black"", ""black"", ""black"", ""black"", ""black"", ""black"", ""black"", ""black"", ""black"", ""black"", ""black"", ""black"", ""black"", ""black"", ""black"", ""black""], [""black"", ""black"", ""black"", ""black"", ""black"", ""black"", ""black"", ""black"", ""black"", ""black"", ""black"", ""black"", ""black"", ""black"", ""black"", ""black""], [""black"", ""black"", ""black"", ""black"", ""black"", ""black"", ""black"", ""black"", ""black"", ""black"", ""black"", ""black"", ""black"", ""black"", ""black"", ""black""], [""black"", ""black"", ""black"", ""black"", ""black"", ""black"", ""black"", ""black"", ""black"", ""black"", ""black"", ""black"", ""black"", ""black"", ""black"", ""black""], [""black"", ""black"", ""black"", ""black"", ""black"", ""black"", ""black"", ""black"", ""black"", ""black"", ""black"", ""black"", ""black"", ""black"", ""black"", ""black""], [""black"", ""black"", ""black"", ""black"", ""black"", ""black"", ""black"", ""black"", ""black"", ""black"", ""black"", ""black"", ""black"", ""black"", ""black"", ""black""], [""black"", ""black"", ""black"", ""black"", ""black"", ""black"", ""black"", ""black"", ""black"", ""black"", ""black"", ""black"", ""black"", ""black"", ""black"", ""black""], [""black"", ""black"", ""black"", ""black"", ""black"", ""black"", ""black"", ""black"", ""black"", ""black"", ""black"", ""black"", ""black"", ""black"", ""black"", ""black""], [""black"", ""black"", ""black"", ""black"", ""black"", ""black"", ""black"", ""black"", ""black"", ""black"", ""black"", ""black"", ""black"", ""black"", ""black"", ""black""], [""black"", ""black"", ""black"", ""black"", ""black"", ""black"", ""black"", ""black"", ""black"", ""yellow"", ""black"", ""black"", ""black"", ""black"", ""black"", ""black""], [""black"", ""black"", ""black"", ""black"", ""black"", ""black"", ""black"", ""tan"", ""black"", ""yellow"", ""yellow"", ""orange"", ""black"", ""black"", ""black"", ""black""], [""black"", ""black"", ""black"", ""black"", ""black"", ""black"", ""yellow"", ""yellow"", ""yellow"", ""yellow"", ""black"", ""black"", ""black"", ""black"", ""black"", ""black""], [""black"", ""black"", ""black"", ""black"", ""black"", ""black"", ""yellow"", ""yellow"", ""yellow"", ""yellow"", ""black"", ""black"", ""black"", ""black"", ""black"", ""black""], [""black"", ""black"", ""black"", ""tan"", ""black"", ""tan"", ""yellow"", ""yellow"", ""yellow"", ""yellow"", ""black"", ""black"", ""black"", ""tan"", ""black"", ""black""], [""black"", ""black"", ""black"", ""tan"", ""tan"", ""tan"", ""black"", ""orange"", ""orange"", ""tan"", ""tan"", ""tan"", ""tan"", ""tan"", ""black"", ""black""]]",,0.0,False
51,noop,manual,"Task: interactive
Step: 51
Phase: Interactive
Available actions now:
- left
- right
- up
- down
- click ROW COL  (ROW first, then COL, both in 0..15; matches the (row, col) order the perception reports)
- noop
- quit
- reset

========== Start of Direct Observation ==========
[[""black"", ""black"", ""black"", ""black"", ""black"", ""black"", ""black"", ""black"", ""black"", ""black"", ""black"", ""black"", ""black"", ""black"", ""black"", ""black""], [""black"", ""black"", ""black"", ""black"", ""black"", ""black"", ""black"", ""black"", ""black"", ""black"", ""black"", ""black"", ""black"", ""black"", ""black"", ""black""], [""black"", ""black"", ""black"", ""black"", ""black"", ""black"", ""black"", ""black"", ""black"", ""black"", ""black"", ""black"", ""black"", ""black"", ""black"", ""black""], [""black"", ""black"", ""black"", ""black"", ""black"", ""black"", ""black"", ""black"", ""black"", ""black"", ""black"", ""black"", ""black"", ""black"", ""black"", ""black""], [""black"", ""black"", ""black"", ""black"", ""black"", ""black"", ""black"", ""black"", ""black"", ""black"", ""black"", ""black"", ""black"", ""black"", ""black"", ""black""], [""black"", ""black"", ""black"", ""black"", ""black"", ""black"", ""black"", ""black"", ""black"", ""black"", ""black"", ""black"", ""black"", ""black"", ""black"", ""black""], [""black"", ""black"", ""black"", ""black"", ""black"", ""black"", ""black"", ""black"", ""black"", ""black"", ""black"", ""black"", ""black"", ""black"", ""black"", ""black""], [""black"", ""black"", ""black"", ""black"", ""black"", ""black"", ""black"", ""black"", ""black"", ""black"", ""black"", ""black"", ""black"", ""black"", ""black"", ""black""], [""black"", ""black"", ""black"", ""black"", ""black"", ""black"", ""black"", ""black"", ""black"", ""black"", ""black"", ""black"", ""black"", ""black"", ""black"", ""black""], [""black"", ""black"", ""black"", ""black"", ""black"", ""black"", ""black"", ""black"", ""black"", ""black"", ""black"", ""black"", ""black"", ""black"", ""black"", ""black""], [""black"", ""black"", ""black"", ""black"", ""black"", ""black"", ""black"", ""black"", ""black"", ""yellow"", ""black"", ""black"", ""black"", ""black"", ""black"", ""black""], [""black"", ""black"", ""black"", ""black"", ""black"", ""black"", ""tan"", ""black"", ""black"", ""yellow"", ""yellow"", ""orange"", ""black"", ""black"", ""black"", ""black""], [""black"", ""black"", ""black"", ""black"", ""black"", ""black"", ""yellow"", ""yellow"", ""yellow"", ""yellow"", ""black"", ""black"", ""black"", ""black"", ""black"", ""black""], [""black"", ""black"", ""black"", ""black"", ""black"", ""black"", ""yellow"", ""yellow"", ""yellow"", ""yellow"", ""black"", ""black"", ""black"", ""black"", ""black"", ""black""], [""black"", ""black"", ""tan"", ""black"", ""tan"", ""black"", ""yellow"", ""yellow"", ""yellow"", ""yellow"", ""black"", ""black"", ""black"", ""black"", ""tan"", ""black""], [""black"", ""black"", ""black"", ""tan"", ""tan"", ""tan"", ""black"", ""orange"", ""orange"", ""tan"", ""tan"", ""tan"", ""tan"", ""tan"", ""black"", ""black""]]",,0.0,False
52,noop,manual,"Task: interactive
Step: 52
Phase: Interactive
Available actions now:
- left
- right
- up
- down
- click ROW COL  (ROW first, then COL, both in 0..15; matches the (row, col) order the perception reports)
- noop
- quit
- reset

========== Start of Direct Observation ==========
[[""black"", ""black"", ""black"", ""black"", ""black"", ""black"", ""black"", ""black"", ""black"", ""black"", ""black"", ""black"", ""black"", ""black"", ""black"", ""black""], [""black"", ""black"", ""black"", ""black"", ""black"", ""black"", ""black"", ""black"", ""black"", ""black"", ""black"", ""black"", ""black"", ""black"", ""black"", ""black""], [""black"", ""black"", ""black"", ""black"", ""black"", ""black"", ""black"", ""black"", ""black"", ""black"", ""black"", ""black"", ""black"", ""black"", ""black"", ""black""], [""black"", ""black"", ""black"", ""black"", ""black"", ""black"", ""black"", ""black"", ""black"", ""black"", ""black"", ""black"", ""black"", ""black"", ""black"", ""black""], [""black"", ""black"", ""black"", ""black"", ""black"", ""black"", ""black"", ""black"", ""black"", ""black"", ""black"", ""black"", ""black"", ""black"", ""black"", ""black""], [""black"", ""black"", ""black"", ""black"", ""black"", ""black"", ""black"", ""black"", ""black"", ""black"", ""black"", ""black"", ""black"", ""black"", ""black"", ""black""], [""black"", ""black"", ""black"", ""black"", ""black"", ""black"", ""black"", ""black"", ""black"", ""black"", ""black"", ""black"", ""black"", ""black"", ""black"", ""black""], [""black"", ""black"", ""black"", ""black"", ""black"", ""black"", ""black"", ""black"", ""black"", ""black"", ""black"", ""black"", ""black"", ""black"", ""black"", ""black""], [""black"", ""black"", ""black"", ""black"", ""black"", ""black"", ""black"", ""black"", ""black"", ""black"", ""black"", ""black"", ""black"", ""black"", ""black"", ""black""], [""black"", ""black"", ""black"", ""black"", ""black"", ""black"", ""black"", ""black"", ""black"", ""black"", ""black"", ""black"", ""black"", ""black"", ""black"", ""black""], [""black"", ""black"", ""black"", ""black"", ""black"", ""black"", ""black"", ""black"", ""black"", ""yellow"", ""black"", ""black"", ""black"", ""black"", ""black"", ""black""], [""black"", ""black"", ""black"", ""black"", ""black"", ""tan"", ""black"", ""black"", ""black"", ""yellow"", ""yellow"", ""orange"", ""black"", ""black"", ""black"", ""black""], [""black"", ""black"", ""black"", ""black"", ""black"", ""black"", ""yellow"", ""yellow"", ""yellow"", ""yellow"", ""black"", ""black"", ""black"", ""black"", ""black"", ""black""], [""black"", ""black"", ""black"", ""black"", ""black"", ""black"", ""yellow"", ""yellow"", ""yellow"", ""yellow"", ""black"", ""black"", ""black"", ""black"", ""black"", ""black""], [""black"", ""black"", ""black"", ""tan"", ""black"", ""black"", ""yellow"", ""yellow"", ""yellow"", ""yellow"", ""black"", ""black"", ""black"", ""black"", ""black"", ""black""], [""black"", ""black"", ""tan"", ""tan"", ""tan"", ""tan"", ""black"", ""orange"", ""orange"", ""tan"", ""tan"", ""tan"", ""tan"", ""tan"", ""tan"", ""black""]]",,0.0,False
53,noop,manual,"Task: interactive
Step: 53
Phase: Interactive
Available actions now:
- left
- right
- up
- down
- click ROW COL  (ROW first, then COL, both in 0..15; matches the (row, col) order the perception reports)
- noop
- quit
- reset

========== Start of Direct Observation ==========
[[""black"", ""black"", ""black"", ""black"", ""black"", ""black"", ""black"", ""black"", ""black"", ""black"", ""black"", ""black"", ""black"", ""black"", ""black"", ""black""], [""black"", ""black"", ""black"", ""black"", ""black"", ""black"", ""black"", ""black"", ""black"", ""black"", ""black"", ""black"", ""black"", ""black"", ""black"", ""black""], [""black"", ""black"", ""black"", ""black"", ""black"", ""black"", ""black"", ""black"", ""black"", ""black"", ""black"", ""black"", ""black"", ""black"", ""black"", ""black""], [""black"", ""black"", ""black"", ""black"", ""black"", ""black"", ""black"", ""black"", ""black"", ""black"", ""black"", ""black"", ""black"", ""black"", ""black"", ""black""], [""black"", ""black"", ""black"", ""black"", ""black"", ""black"", ""black"", ""black"", ""black"", ""black"", ""black"", ""black"", ""black"", ""black"", ""black"", ""black""], [""black"", ""black"", ""black"", ""black"", ""black"", ""black"", ""black"", ""black"", ""black"", ""black"", ""black"", ""black"", ""black"", ""black"", ""black"", ""black""], [""black"", ""black"", ""black"", ""black"", ""black"", ""black"", ""black"", ""black"", ""black"", ""black"", ""black"", ""black"", ""black"", ""black"", ""black"", ""black""], [""black"", ""black"", ""black"", ""black"", ""black"", ""black"", ""black"", ""black"", ""black"", ""black"", ""black"", ""black"", ""black"", ""black"", ""black"", ""black""], [""black"", ""black"", ""black"", ""black"", ""black"", ""black"", ""black"", ""black"", ""black"", ""black"", ""black"", ""black"", ""black"", ""black"", ""black"", ""black""], [""black"", ""black"", ""black"", ""black"", ""black"", ""black"", ""black"", ""black"", ""black"", ""black"", ""black"", ""black"", ""black"", ""black"", ""black"", ""black""], [""black"", ""black"", ""black"", ""black"", ""black"", ""black"", ""black"", ""black"", ""black"", ""yellow"", ""black"", ""black"", ""black"", ""black"", ""black"", ""black""], [""black"", ""black"", ""black"", ""black"", ""black"", ""black"", ""black"", ""black"", ""black"", ""yellow"", ""yellow"", ""orange"", ""black"", ""black"", ""black"", ""black""], [""black"", ""black"", ""black"", ""black"", ""black"", ""tan"", ""yellow"", ""yellow"", ""yellow"", ""yellow"", ""black"", ""black"", ""black"", ""black"", ""black"", ""black""], [""black"", ""black"", ""black"", ""black"", ""black"", ""black"", ""yellow"", ""yellow"", ""yellow"", ""yellow"", ""black"", ""black"", ""black"", ""black"", ""black"", ""black""], [""black"", ""black"", ""tan"", ""black"", ""black"", ""black"", ""yellow"", ""yellow"", ""yellow"", ""yellow"", ""black"", ""black"", ""black"", ""black"", ""black"", ""black""], [""black"", ""black"", ""tan"", ""tan"", ""tan"", ""tan"", ""black"", ""orange"", ""orange"", ""tan"", ""tan"", ""tan"", ""tan"", ""tan"", ""tan"", ""black""]]",,0.0,False
54,noop,manual,"Task: interactive
Step: 54
Phase: Interactive
Available actions now:
- left
- right
- up
- down
- click ROW COL  (ROW first, then COL, both in 0..15; matches the (row, col) order the perception reports)
- noop
- quit
- reset

========== Start of Direct Observation ==========
[[""black"", ""black"", ""black"", ""black"", ""black"", ""black"", ""black"", ""black"", ""black"", ""black"", ""black"", ""black"", ""black"", ""black"", ""black"", ""black""], [""black"", ""black"", ""black"", ""black"", ""black"", ""black"", ""black"", ""black"", ""black"", ""black"", ""black"", ""black"", ""black"", ""black"", ""black"", ""black""], [""black"", ""black"", ""black"", ""black"", ""black"", ""black"", ""black"", ""black"", ""black"", ""black"", ""black"", ""black"", ""black"", ""black"", ""black"", ""black""], [""black"", ""black"", ""black"", ""black"", ""black"", ""black"", ""black"", ""black"", ""black"", ""black"", ""black"", ""black"", ""black"", ""black"", ""black"", ""black""], [""black"", ""black"", ""black"", ""black"", ""black"", ""black"", ""black"", ""black"", ""black"", ""black"", ""black"", ""black"", ""black"", ""black"", ""black"", ""black""], [""black"", ""black"", ""black"", ""black"", ""black"", ""black"", ""black"", ""black"", ""black"", ""black"", ""black"", ""black"", ""black"", ""black"", ""black"", ""black""], [""black"", ""black"", ""black"", ""black"", ""black"", ""black"", ""black"", ""black"", ""black"", ""black"", ""black"", ""black"", ""black"", ""black"", ""black"", ""black""], [""black"", ""black"", ""black"", ""black"", ""black"", ""black"", ""black"", ""black"", ""black"", ""black"", ""black"", ""black"", ""black"", ""black"", ""black"", ""black""], [""black"", ""black"", ""black"", ""black"", ""black"", ""black"", ""black"", ""black"", ""black"", ""black"", ""black"", ""black"", ""black"", ""black"", ""black"", ""black""], [""black"", ""black"", ""black"", ""black"", ""black"", ""black"", ""black"", ""black"", ""black"", ""black"", ""black"", ""black"", ""black"", ""black"", ""black"", ""black""], [""black"", ""black"", ""black"", ""black"", ""black"", ""black"", ""black"", ""black"", ""black"", ""yellow"", ""black"", ""black"", ""black"", ""black"", ""black"", ""black""], [""black"", ""black"", ""black"", ""black"", ""black"", ""black"", ""black"", ""black"", ""black"", ""yellow"", ""yellow"", ""orange"", ""black"", ""black"", ""black"", ""black""], [""black"", ""black"", ""black"", ""black"", ""black"", ""black"", ""yellow"", ""yellow"", ""yellow"", ""yellow"", ""black"", ""black"", ""black"", ""black"", ""black"", ""black""], [""black"", ""black"", ""black"", ""black"", ""black"", ""tan"", ""yellow"", ""yellow"", ""yellow"", ""yellow"", ""black"", ""black"", ""black"", ""black"", ""black"", ""black""], [""black"", ""tan"", ""black"", ""black"", ""black"", ""black"", ""yellow"", ""yellow"", ""yellow"", ""yellow"", ""black"", ""black"", ""black"", ""black"", ""black"", ""black""], [""black"", ""black"", ""tan"", ""tan"", ""tan"", ""tan"", ""black"", ""orange"", ""orange"", ""tan"", ""tan"", ""tan"", ""tan"", ""tan"", ""tan"", ""black""]]",,0.0,False
55,noop,manual,"Task: interactive
Step: 55
Phase: Interactive
Available actions now:
- left
- right
- up
- down
- click ROW COL  (ROW first, then COL, both in 0..15; matches the (row, col) order the perception reports)
- noop
- quit
- reset

========== Start of Direct Observation ==========
[[""black"", ""black"", ""black"", ""black"", ""black"", ""black"", ""black"", ""black"", ""black"", ""black"", ""black"", ""black"", ""black"", ""black"", ""black"", ""black""], [""black"", ""black"", ""black"", ""black"", ""black"", ""black"", ""black"", ""black"", ""black"", ""black"", ""black"", ""black"", ""black"", ""black"", ""black"", ""black""], [""black"", ""black"", ""black"", ""black"", ""black"", ""black"", ""black"", ""black"", ""black"", ""black"", ""black"", ""black"", ""black"", ""black"", ""black"", ""black""], [""black"", ""black"", ""black"", ""black"", ""black"", ""black"", ""black"", ""black"", ""black"", ""black"", ""black"", ""black"", ""black"", ""black"", ""black"", ""black""], [""black"", ""black"", ""black"", ""black"", ""black"", ""black"", ""black"", ""black"", ""black"", ""black"", ""black"", ""black"", ""black"", ""black"", ""black"", ""black""], [""black"", ""black"", ""black"", ""black"", ""black"", ""black"", ""black"", ""black"", ""black"", ""black"", ""black"", ""black"", ""black"", ""black"", ""black"", ""black""], [""black"", ""black"", ""black"", ""black"", ""black"", ""black"", ""black"", ""black"", ""black"", ""black"", ""black"", ""black"", ""black"", ""black"", ""black"", ""black""], [""black"", ""black"", ""black"", ""black"", ""black"", ""black"", ""black"", ""black"", ""black"", ""black"", ""black"", ""black"", ""black"", ""black"", ""black"", ""black""], [""black"", ""black"", ""black"", ""black"", ""black"", ""black"", ""black"", ""black"", ""black"", ""black"", ""black"", ""black"", ""black"", ""black"", ""black"", ""black""], [""black"", ""black"", ""black"", ""black"", ""black"", ""black"", ""black"", ""black"", ""black"", ""black"", ""black"", ""black"", ""black"", ""black"", ""black"", ""black""], [""black"", ""black"", ""black"", ""black"", ""black"", ""black"", ""black"", ""black"", ""black"", ""yellow"", ""black"", ""black"", ""black"", ""black"", ""black"", ""black""], [""black"", ""black"", ""black"", ""black"", ""black"", ""black"", ""black"", ""black"", ""black"", ""yellow"", ""yellow"", ""orange"", ""black"", ""black"", ""black"", ""black""], [""black"", ""black"", ""black"", ""black"", ""black"", ""black"", ""yellow"", ""yellow"", ""yellow"", ""yellow"", ""black"", ""black"", ""black"", ""black"", ""black"", ""black""], [""black"", ""black"", ""black"", ""black"", ""black"", ""black"", ""yellow"", ""yellow"", ""yellow"", ""yellow"", ""black"", ""black"", ""black"", ""black"", ""black"", ""black""], [""black"", ""black"", ""black"", ""black"", ""black"", ""tan"", ""yellow"", ""yellow"", ""yellow"", ""yellow"", ""black"", ""black"", ""black"", ""black"", ""black"", ""black""], [""black"", ""tan"", ""tan"", ""tan"", ""tan"", ""tan"", ""black"", ""orange"", ""orange"", ""tan"", ""tan"", ""tan"", ""tan"", ""tan"", ""tan"", ""black""]]",,0.0,False
56,noop,manual,"Task: interactive
Step: 56
Phase: Interactive
Available actions now:
- left
- right
- up
- down
- click ROW COL  (ROW first, then COL, both in 0..15; matches the (row, col) order the perception reports)
- noop
- quit
- reset

========== Start of Direct Observation ==========
[[""black"", ""black"", ""black"", ""black"", ""black"", ""black"", ""black"", ""black"", ""black"", ""black"", ""black"", ""black"", ""black"", ""black"", ""black"", ""black""], [""black"", ""black"", ""black"", ""black"", ""black"", ""black"", ""black"", ""black"", ""black"", ""black"", ""black"", ""black"", ""black"", ""black"", ""black"", ""black""], [""black"", ""black"", ""black"", ""black"", ""black"", ""black"", ""black"", ""black"", ""black"", ""black"", ""black"", ""black"", ""black"", ""black"", ""black"", ""black""], [""black"", ""black"", ""black"", ""black"", ""black"", ""black"", ""black"", ""black"", ""black"", ""black"", ""black"", ""black"", ""black"", ""black"", ""black"", ""black""], [""black"", ""black"", ""black"", ""black"", ""black"", ""black"", ""black"", ""black"", ""black"", ""black"", ""black"", ""black"", ""black"", ""black"", ""black"", ""black""], [""black"", ""black"", ""black"", ""black"", ""black"", ""black"", ""black"", ""black"", ""black"", ""black"", ""black"", ""black"", ""black"", ""black"", ""black"", ""black""], [""black"", ""black"", ""black"", ""black"", ""black"", ""black"", ""black"", ""black"", ""black"", ""black"", ""black"", ""black"", ""black"", ""black"", ""black"", ""black""], [""black"", ""black"", ""black"", ""black"", ""black"", ""black"", ""black"", ""black"", ""black"", ""black"", ""black"", ""black"", ""black"", ""black"", ""black"", ""black""], [""black"", ""black"", ""black"", ""black"", ""black"", ""black"", ""black"", ""black"", ""black"", ""black"", ""black"", ""black"", ""black"", ""black"", ""black"", ""black""], [""black"", ""black"", ""black"", ""black"", ""black"", ""black"", ""black"", ""black"", ""black"", ""black"", ""black"", ""black"", ""black"", ""black"", ""black"", ""black""], [""black"", ""black"", ""black"", ""black"", ""black"", ""black"", ""black"", ""black"", ""black"", ""yellow"", ""black"", ""black"", ""black"", ""black"", ""black"", ""black""], [""black"", ""black"", ""black"", ""black"", ""black"", ""black"", ""black"", ""black"", ""black"", ""yellow"", ""yellow"", ""orange"", ""black"", ""black"", ""black"", ""black""], [""black"", ""black"", ""black"", ""black"", ""black"", ""black"", ""yellow"", ""yellow"", ""yellow"", ""yellow"", ""black"", ""black"", ""black"", ""black"", ""black"", ""black""], [""black"", ""black"", ""black"", ""black"", ""black"", ""black"", ""yellow"", ""yellow"", ""yellow"", ""yellow"", ""black"", ""black"", ""black"", ""black"", ""black"", ""black""], [""black"", ""black"", ""black"", ""black"", ""tan"", ""black"", ""yellow"", ""yellow"", ""yellow"", ""yellow"", ""black"", ""black"", ""black"", ""black"", ""black"", ""black""], [""black"", ""tan"", ""tan"", ""tan"", ""tan"", ""tan"", ""black"", ""orange"", ""orange"", ""tan"", ""tan"", ""tan"", ""tan"", ""tan"", ""tan"", ""black""]]",,0.0,False
57,noop,manual,"Task: interactive
Step: 57
Phase: Interactive
Available actions now:
- left
- right
- up
- down
- click ROW COL  (ROW first, then COL, both in 0..15; matches the (row, col) order the perception reports)
- noop
- quit
- reset

========== Start of Direct Observation ==========
[[""black"", ""black"", ""black"", ""black"", ""black"", ""black"", ""black"", ""black"", ""black"", ""black"", ""black"", ""black"", ""black"", ""black"", ""black"", ""black""], [""black"", ""black"", ""black"", ""black"", ""black"", ""black"", ""black"", ""black"", ""black"", ""black"", ""black"", ""black"", ""black"", ""black"", ""black"", ""black""], [""black"", ""black"", ""black"", ""black"", ""black"", ""black"", ""black"", ""black"", ""black"", ""black"", ""black"", ""black"", ""black"", ""black"", ""black"", ""black""], [""black"", ""black"", ""black"", ""black"", ""black"", ""black"", ""black"", ""black"", ""black"", ""black"", ""black"", ""black"", ""black"", ""black"", ""black"", ""black""], [""black"", ""black"", ""black"", ""black"", ""black"", ""black"", ""black"", ""black"", ""black"", ""black"", ""black"", ""black"", ""black"", ""black"", ""black"", ""black""], [""black"", ""black"", ""black"", ""black"", ""black"", ""black"", ""black"", ""black"", ""black"", ""black"", ""black"", ""black"", ""black"", ""black"", ""black"", ""black""], [""black"", ""black"", ""black"", ""black"", ""black"", ""black"", ""black"", ""black"", ""black"", ""black"", ""black"", ""black"", ""black"", ""black"", ""black"", ""black""], [""black"", ""black"", ""black"", ""black"", ""black"", ""black"", ""black"", ""black"", ""black"", ""black"", ""black"", ""black"", ""black"", ""black"", ""black"", ""black""], [""black"", ""black"", ""black"", ""black"", ""black"", ""black"", ""black"", ""black"", ""black"", ""black"", ""black"", ""black"", ""black"", ""black"", ""black"", ""black""], [""black"", ""black"", ""black"", ""black"", ""black"", ""black"", ""black"", ""black"", ""black"", ""black"", ""black"", ""black"", ""black"", ""black"", ""black"", ""black""], [""black"", ""black"", ""black"", ""black"", ""black"", ""black"", ""black"", ""black"", ""black"", ""yellow"", ""black"", ""black"", ""black"", ""black"", ""black"", ""black""], [""black"", ""black"", ""black"", ""black"", ""black"", ""black"", ""black"", ""black"", ""black"", ""yellow"", ""yellow"", ""orange"", ""black"", ""black"", ""black"", ""black""], [""black"", ""black"", ""black"", ""black"", ""black"", ""black"", ""yellow"", ""yellow"", ""yellow"", ""yellow"", ""black"", ""black"", ""black"", ""black"", ""black"", ""black""], [""black"", ""black"", ""black"", ""black"", ""black"", ""black"", ""yellow"", ""yellow"", ""yellow"", ""yellow"", ""black"", ""black"", ""black"", ""black"", ""black"", ""black""], [""black"", ""black"", ""black"", ""tan"", ""black"", ""black"", ""yellow"", ""yellow"", ""yellow"", ""yellow"", ""black"", ""black"", ""black"", ""black"", ""black"", ""black""], [""black"", ""tan"", ""tan"", ""tan"", ""tan"", ""tan"", ""black"", ""orange"", ""orange"", ""tan"", ""tan"", ""tan"", ""tan"", ""tan"", ""tan"", ""black""]]",,0.0,False
58,noop,manual,"Task: interactive
Step: 58
Phase: Interactive
Available actions now:
- left
- right
- up
- down
- click ROW COL  (ROW first, then COL, both in 0..15; matches the (row, col) order the perception reports)
- noop
- quit
- reset

========== Start of Direct Observation ==========
[[""black"", ""black"", ""black"", ""black"", ""black"", ""black"", ""black"", ""black"", ""black"", ""black"", ""black"", ""black"", ""black"", ""black"", ""black"", ""black""], [""black"", ""black"", ""black"", ""black"", ""black"", ""black"", ""black"", ""black"", ""black"", ""black"", ""black"", ""black"", ""black"", ""black"", ""black"", ""black""], [""black"", ""black"", ""black"", ""black"", ""black"", ""black"", ""black"", ""black"", ""black"", ""black"", ""black"", ""black"", ""black"", ""black"", ""black"", ""black""], [""black"", ""black"", ""black"", ""black"", ""black"", ""black"", ""black"", ""black"", ""black"", ""black"", ""black"", ""black"", ""black"", ""black"", ""black"", ""black""], [""black"", ""black"", ""black"", ""black"", ""black"", ""black"", ""black"", ""black"", ""black"", ""black"", ""black"", ""black"", ""black"", ""black"", ""black"", ""black""], [""black"", ""black"", ""black"", ""black"", ""black"", ""black"", ""black"", ""black"", ""black"", ""black"", ""black"", ""black"", ""black"", ""black"", ""black"", ""black""], [""black"", ""black"", ""black"", ""black"", ""black"", ""black"", ""black"", ""black"", ""black"", ""black"", ""black"", ""black"", ""black"", ""black"", ""black"", ""black""], [""black"", ""black"", ""black"", ""black"", ""black"", ""black"", ""black"", ""black"", ""black"", ""black"", ""black"", ""black"", ""black"", ""black"", ""black"", ""black""], [""black"", ""black"", ""black"", ""black"", ""black"", ""black"", ""black"", ""black"", ""black"", ""black"", ""black"", ""black"", ""black"", ""black"", ""black"", ""black""], [""black"", ""black"", ""black"", ""black"", ""black"", ""black"", ""black"", ""black"", ""black"", ""black"", ""black"", ""black"", ""black"", ""black"", ""black"", ""black""], [""black"", ""black"", ""black"", ""black"", ""black"", ""black"", ""black"", ""black"", ""black"", ""yellow"", ""black"", ""black"", ""black"", ""black"", ""black"", ""black""], [""black"", ""black"", ""black"", ""black"", ""black"", ""black"", ""black"", ""black"", ""black"", ""yellow"", ""yellow"", ""orange"", ""black"", ""black"", ""black"", ""black""], [""black"", ""black"", ""black"", ""black"", ""black"", ""black"", ""yellow"", ""yellow"", ""yellow"", ""yellow"", ""black"", ""black"", ""black"", ""black"", ""black"", ""black""], [""black"", ""black"", ""black"", ""black"", ""black"", ""black"", ""yellow"", ""yellow"", ""yellow"", ""yellow"", ""black"", ""black"", ""black"", ""black"", ""black"", ""black""], [""black"", ""black"", ""tan"", ""black"", ""black"", ""black"", ""yellow"", ""yellow"", ""yellow"", ""yellow"", ""black"", ""black"", ""black"", ""black"", ""black"", ""black""], [""black"", ""tan"", ""tan"", ""tan"", ""tan"", ""tan"", ""black"", ""orange"", ""orange"", ""tan"", ""tan"", ""tan"", ""tan"", ""tan"", ""tan"", ""black""]]",,0.0,False
59,noop,manual,"Task: interactive
Step: 59
Phase: Interactive
Available actions now:
- left
- right
- up
- down
- click ROW COL  (ROW first, then COL, both in 0..15; matches the (row, col) order the perception reports)
- noop
- quit
- reset

========== Start of Direct Observation ==========
[[""black"", ""black"", ""black"", ""black"", ""black"", ""black"", ""black"", ""black"", ""black"", ""black"", ""black"", ""black"", ""black"", ""black"", ""black"", ""black""], [""black"", ""black"", ""black"", ""black"", ""black"", ""black"", ""black"", ""black"", ""black"", ""black"", ""black"", ""black"", ""black"", ""black"", ""black"", ""black""], [""black"", ""black"", ""black"", ""black"", ""black"", ""black"", ""black"", ""black"", ""black"", ""black"", ""black"", ""black"", ""black"", ""black"", ""black"", ""black""], [""black"", ""black"", ""black"", ""black"", ""black"", ""black"", ""black"", ""black"", ""black"", ""black"", ""black"", ""black"", ""black"", ""black"", ""black"", ""black""], [""black"", ""black"", ""black"", ""black"", ""black"", ""black"", ""black"", ""black"", ""black"", ""black"", ""black"", ""black"", ""black"", ""black"", ""black"", ""black""], [""black"", ""black"", ""black"", ""black"", ""black"", ""black"", ""black"", ""black"", ""black"", ""black"", ""black"", ""black"", ""black"", ""black"", ""black"", ""black""], [""black"", ""black"", ""black"", ""black"", ""black"", ""black"", ""black"", ""black"", ""black"", ""black"", ""black"", ""black"", ""black"", ""black"", ""black"", ""black""], [""black"", ""black"", ""black"", ""black"", ""black"", ""black"", ""black"", ""black"", ""black"", ""black"", ""black"", ""black"", ""black"", ""black"", ""black"", ""black""], [""black"", ""black"", ""black"", ""black"", ""black"", ""black"", ""black"", ""black"", ""black"", ""black"", ""black"", ""black"", ""black"", ""black"", ""black"", ""black""], [""black"", ""black"", ""black"", ""black"", ""black"", ""black"", ""black"", ""black"", ""black"", ""black"", ""black"", ""black"", ""black"", ""black"", ""black"", ""black""], [""black"", ""black"", ""black"", ""black"", ""black"", ""black"", ""black"", ""black"", ""black"", ""yellow"", ""black"", ""black"", ""black"", ""black"", ""black"", ""black""], [""black"", ""black"", ""black"", ""black"", ""black"", ""black"", ""black"", ""black"", ""black"", ""yellow"", ""yellow"", ""orange"", ""black"", ""black"", ""black"", ""black""], [""black"", ""black"", ""black"", ""black"", ""black"", ""black"", ""yellow"", ""yellow"", ""yellow"", ""yellow"", ""black"", ""black"", ""black"", ""black"", ""black"", ""black""], [""black"", ""black"", ""black"", ""black"", ""black"", ""black"", ""yellow"", ""yellow"", ""yellow"", ""yellow"", ""black"", ""black"", ""black"", ""black"", ""black"", ""black""], [""black"", ""tan"", ""black"", ""black"", ""black"", ""black"", ""yellow"", ""yellow"", ""yellow"", ""yellow"", ""black"", ""black"", ""black"", ""black"", ""black"", ""black""], [""black"", ""tan"", ""tan"", ""tan"", ""tan"", ""tan"", ""black"", ""orange"", ""orange"", ""tan"", ""tan"", ""tan"", ""tan"", ""tan"", ""tan"", ""black""]]",,0.0,False
60,noop,manual,"Task: interactive
Step: 60
Phase: Interactive
Available actions now:
- left
- right
- up
- down
- click ROW COL  (ROW first, then COL, both in 0..15; matches the (row, col) order the perception reports)
- noop
- quit
- reset

========== Start of Direct Observation ==========
[[""black"", ""black"", ""black"", ""black"", ""black"", ""black"", ""black"", ""black"", ""black"", ""black"", ""black"", ""black"", ""black"", ""black"", ""black"", ""black""], [""black"", ""black"", ""black"", ""black"", ""black"", ""black"", ""black"", ""black"", ""black"", ""black"", ""black"", ""black"", ""black"", ""black"", ""black"", ""black""], [""black"", ""black"", ""black"", ""black"", ""black"", ""black"", ""black"", ""black"", ""black"", ""black"", ""black"", ""black"", ""black"", ""black"", ""black"", ""black""], [""black"", ""black"", ""black"", ""black"", ""black"", ""black"", ""black"", ""black"", ""black"", ""black"", ""black"", ""black"", ""black"", ""black"", ""black"", ""black""], [""black"", ""black"", ""black"", ""black"", ""black"", ""black"", ""black"", ""black"", ""black"", ""black"", ""black"", ""black"", ""black"", ""black"", ""black"", ""black""], [""black"", ""black"", ""black"", ""black"", ""black"", ""black"", ""black"", ""black"", ""black"", ""black"", ""black"", ""black"", ""black"", ""black"", ""black"", ""black""], [""black"", ""black"", ""black"", ""black"", ""black"", ""black"", ""black"", ""black"", ""black"", ""black"", ""black"", ""black"", ""black"", ""black"", ""black"", ""black""], [""black"", ""black"", ""black"", ""black"", ""black"", ""black"", ""black"", ""black"", ""black"", ""black"", ""black"", ""black"", ""black"", ""black"", ""black"", ""black""], [""black"", ""black"", ""black"", ""black"", ""black"", ""black"", ""black"", ""black"", ""black"", ""black"", ""black"", ""black"", ""black"", ""black"", ""black"", ""black""], [""black"", ""black"", ""black"", ""black"", ""black"", ""black"", ""black"", ""black"", ""black"", ""black"", ""black"", ""black"", ""black"", ""black"", ""black"", ""black""], [""black"", ""black"", ""black"", ""black"", ""black"", ""black"", ""black"", ""black"", ""black"", ""yellow"", ""black"", ""black"", ""black"", ""black"", ""black"", ""black""], [""black"", ""black"", ""black"", ""black"", ""black"", ""black"", ""black"", ""black"", ""black"", ""yellow"", ""yellow"", ""orange"", ""black"", ""black"", ""black"", ""black""], [""black"", ""black"", ""black"", ""black"", ""black"", ""black"", ""yellow"", ""yellow"", ""yellow"", ""yellow"", ""black"", ""black"", ""black"", ""black"", ""black"", ""black""], [""black"", ""black"", ""black"", ""black"", ""black"", ""black"", ""yellow"", ""yellow"", ""yellow"", ""yellow"", ""black"", ""black"", ""black"", ""black"", ""black"", ""black""], [""tan"", ""black"", ""black"", ""black"", ""black"", ""black"", ""yellow"", ""yellow"", ""yellow"", ""yellow"", ""black"", ""black"", ""black"", ""black"", ""black"", ""black""], [""black"", ""tan"", ""tan"", ""tan"", ""tan"", ""tan"", ""black"", ""orange"", ""orange"", ""tan"", ""tan"", ""tan"", ""tan"", ""tan"", ""tan"", ""black""]]",,0.0,False
61,noop,manual,"Task: interactive
Step: 61
Phase: Interactive
Available actions now:
- left
- right
- up
- down
- click ROW COL  (ROW first, then COL, both in 0..15; matches the (row, col) order the perception reports)
- noop
- quit
- reset

========== Start of Direct Observation ==========
[[""black"", ""black"", ""black"", ""black"", ""black"", ""black"", ""black"", ""black"", ""black"", ""black"", ""black"", ""black"", ""black"", ""black"", ""black"", ""black""], [""black"", ""black"", ""black"", ""black"", ""black"", ""black"", ""black"", ""black"", ""black"", ""black"", ""black"", ""black"", ""black"", ""black"", ""black"", ""black""], [""black"", ""black"", ""black"", ""black"", ""black"", ""black"", ""black"", ""black"", ""black"", ""black"", ""black"", ""black"", ""black"", ""black"", ""black"", ""black""], [""black"", ""black"", ""black"", ""black"", ""black"", ""black"", ""black"", ""black"", ""black"", ""black"", ""black"", ""black"", ""black"", ""black"", ""black"", ""black""], [""black"", ""black"", ""black"", ""black"", ""black"", ""black"", ""black"", ""black"", ""black"", ""black"", ""black"", ""black"", ""black"", ""black"", ""black"", ""black""], [""black"", ""black"", ""black"", ""black"", ""black"", ""black"", ""black"", ""black"", ""black"", ""black"", ""black"", ""black"", ""black"", ""black"", ""black"", ""black""], [""black"", ""black"", ""black"", ""black"", ""black"", ""black"", ""black"", ""black"", ""black"", ""black"", ""black"", ""black"", ""black"", ""black"", ""black"", ""black""], [""black"", ""black"", ""black"", ""black"", ""black"", ""black"", ""black"", ""black"", ""black"", ""black"", ""black"", ""black"", ""black"", ""black"", ""black"", ""black""], [""black"", ""black"", ""black"", ""black"", ""black"", ""black"", ""black"", ""black"", ""black"", ""black"", ""black"", ""black"", ""black"", ""black"", ""black"", ""black""], [""black"", ""black"", ""black"", ""black"", ""black"", ""black"", ""black"", ""black"", ""black"", ""black"", ""black"", ""black"", ""black"", ""black"", ""black"", ""black""], [""black"", ""black"", ""black"", ""black"", ""black"", ""black"", ""black"", ""black"", ""black"", ""yellow"", ""black"", ""black"", ""black"", ""black"", ""black"", ""black""], [""black"", ""black"", ""black"", ""black"", ""black"", ""black"", ""black"", ""black"", ""black"", ""yellow"", ""yellow"", ""orange"", ""black"", ""black"", ""black"", ""black""], [""black"", ""black"", ""black"", ""black"", ""black"", ""black"", ""yellow"", ""yellow"", ""yellow"", ""yellow"", ""black"", ""black"", ""black"", ""black"", ""black"", ""black""], [""black"", ""black"", ""black"", ""black"", ""black"", ""black"", ""yellow"", ""yellow"", ""yellow"", ""yellow"", ""black"", ""black"", ""black"", ""black"", ""black"", ""black""], [""black"", ""black"", ""black"", ""black"", ""black"", ""black"", ""yellow"", ""yellow"", ""yellow"", ""yellow"", ""black"", ""black"", ""black"", ""black"", ""black"", ""black""], [""tan"", ""tan"", ""tan"", ""tan"", ""tan"", ""tan"", ""black"", ""orange"", ""orange"", ""tan"", ""tan"", ""tan"", ""tan"", ""tan"", ""tan"", ""black""]]",,0.0,False
62,,manual,"Task: interactive
Step: 62
Phase: Interactive
Available actions now:
- left
- right
- up
- down
- click ROW COL  (ROW first, then COL, both in 0..15; matches the (row, col) order the perception reports)
- noop
- quit
- reset

========== Start of Direct Observation ==========
[[""black"", ""black"", ""black"", ""black"", ""black"", ""black"", ""black"", ""black"", ""black"", ""black"", ""black"", ""black"", ""black"", ""black"", ""black"", ""black""], [""black"", ""black"", ""black"", ""black"", ""black"", ""black"", ""black"", ""black"", ""black"", ""black"", ""black"", ""black"", ""black"", ""black"", ""black"", ""black""], [""black"", ""black"", ""black"", ""black"", ""black"", ""black"", ""black"", ""black"", ""black"", ""black"", ""black"", ""black"", ""black"", ""black"", ""black"", ""black""], [""black"", ""black"", ""black"", ""black"", ""black"", ""black"", ""black"", ""black"", ""black"", ""black"", ""black"", ""black"", ""black"", ""black"", ""black"", ""black""], [""black"", ""black"", ""black"", ""black"", ""black"", ""black"", ""black"", ""black"", ""black"", ""black"", ""black"", ""black"", ""black"", ""black"", ""black"", ""black""], [""black"", ""black"", ""black"", ""black"", ""black"", ""black"", ""black"", ""black"", ""black"", ""black"", ""black"", ""black"", ""black"", ""black"", ""black"", ""black""], [""black"", ""black"", ""black"", ""black"", ""black"", ""black"", ""black"", ""black"", ""black"", ""black"", ""black"", ""black"", ""black"", ""black"", ""black"", ""black""], [""black"", ""black"", ""black"", ""black"", ""black"", ""black"", ""black"", ""black"", ""black"", ""black"", ""black"", ""black"", ""black"", ""black"", ""black"", ""black""], [""black"", ""black"", ""black"", ""black"", ""black"", ""black"", ""black"", ""black"", ""black"", ""black"", ""black"", ""black"", ""black"", ""black"", ""black"", ""black""], [""black"", ""black"", ""black"", ""black"", ""black"", ""black"", ""black"", ""black"", ""black"", ""black"", ""black"", ""black"", ""black"", ""black"", ""black"", ""black""], [""black"", ""black"", ""black"", ""black"", ""black"", ""black"", ""black"", ""black"", ""black"", ""yellow"", ""black"", ""black"", ""black"", ""black"", ""black"", ""black""], [""black"", ""black"", ""black"", ""black"", ""black"", ""black"", ""black"", ""black"", ""black"", ""yellow"", ""yellow"", ""orange"", ""black"", ""black"", ""black"", ""black""], [""black"", ""black"", ""black"", ""black"", ""black"", ""black"", ""yellow"", ""yellow"", ""yellow"", ""yellow"", ""black"", ""black"", ""black"", ""black"", ""black"", ""black""], [""black"", ""black"", ""black"", ""black"", ""black"", ""black"", ""yellow"", ""yellow"", ""yellow"", ""yellow"", ""black"", ""black"", ""black"", ""black"", ""black"", ""black""], [""black"", ""black"", ""black"", ""black"", ""black"", ""black"", ""yellow"", ""yellow"", ""yellow"", ""yellow"", ""black"", ""black"", ""black"", ""black"", ""black"", ""black""], [""tan"", ""tan"", ""tan"", ""tan"", ""tan"", ""tan"", ""black"", ""orange"", ""orange"", ""tan"", ""tan"", ""tan"", ""tan"", ""tan"", ""tan"", ""black""]]",,0.0,True
