Step,Action,Reasoning,Observation,Auxiliary_Observation,Reward,Done
0,click 2 3,manual,"Task: interactive
Step: 0
Phase: Interactive
Available actions now:
- left
- right
- up
- down
- click X Y  (X=column, Y=row, both in 0..15; column/x first, then row/y)
- noop
- quit
- reset

========== Start of Direct Observation ==========
Welcome, you are now in the interactive phase, where you can interact with the grid using the available actions.
During the interactive phase your goal is to act in the environment to understand the underlying rules of the environment. You can reset the environment to it's initial state at any time.

Here is the initial state of the grid: 
[[""black"", ""black"", ""purple"", ""black"", ""black"", ""orange"", ""black"", ""black"", ""blue"", ""black"", ""black"", ""gray"", ""black"", ""black"", ""red"", ""black""], [""black"", ""black"", ""black"", ""black"", ""black"", ""black"", ""black"", ""black"", ""black"", ""black"", ""black"", ""black"", ""black"", ""black"", ""black"", ""black""], [""black"", ""black"", ""black"", ""black"", ""black"", ""black"", ""black"", ""black"", ""black"", ""black"", ""black"", ""black"", ""black"", ""black"", ""black"", ""black""], [""black"", ""black"", ""black"", ""black"", ""black"", ""black"", ""black"", ""black"", ""black"", ""black"", ""black"", ""black"", ""black"", ""black"", ""black"", ""black""], [""black"", ""black"", ""black"", ""black"", ""black"", ""black"", ""black"", ""black"", ""black"", ""black"", ""black"", ""black"", ""black"", ""black"", ""black"", ""black""], [""black"", ""black"", ""black"", ""black"", ""black"", ""black"", ""black"", ""black"", ""black"", ""black"", ""black"", ""black"", ""black"", ""black"", ""black"", ""black""], [""black"", ""black"", ""black"", ""black"", ""black"", ""black"", ""black"", ""black"", ""black"", ""black"", ""black"", ""black"", ""black"", ""black"", ""black"", ""black""], [""black"", ""black"", ""black"", ""black"", ""black"", ""black"", ""black"", ""black"", ""black"", ""black"", ""black"", ""black"", ""black"", ""black"", ""black"", ""black""], [""black"", ""black"", ""black"", ""black"", ""black"", ""black"", ""black"", ""black"", ""black"", ""black"", ""black"", ""black"", ""black"", ""black"", ""black"", ""black""], [""black"", ""black"", ""black"", ""black"", ""black"", ""black"", ""black"", ""black"", ""black"", ""black"", ""black"", ""black"", ""black"", ""black"", ""black"", ""black""], [""black"", ""black"", ""black"", ""purple"", ""black"", ""black"", ""black"", ""black"", ""black"", ""black"", ""black"", ""black"", ""purple"", ""black"", ""black"", ""black""], [""black"", ""black"", ""black"", ""black"", ""purple"", ""black"", ""black"", ""black"", ""black"", ""black"", ""black"", ""purple"", ""black"", ""black"", ""black"", ""black""], [""black"", ""black"", ""black"", ""black"", ""black"", ""purple"", ""black"", ""black"", ""black"", ""black"", ""purple"", ""black"", ""black"", ""black"", ""black"", ""black""], [""black"", ""black"", ""black"", ""black"", ""black"", ""black"", ""purple"", ""orange"", ""orange"", ""purple"", ""black"", ""black"", ""black"", ""black"", ""black"", ""black""], [""black"", ""black"", ""black"", ""black"", ""black"", ""black"", ""purple"", ""orange"", ""orange"", ""purple"", ""black"", ""black"", ""black"", ""black"", ""black"", ""black""], [""black"", ""black"", ""black"", ""black"", ""black"", ""black"", ""purple"", ""orange"", ""orange"", ""purple"", ""black"", ""black"", ""black"", ""black"", ""black"", ""black""]]",,0.0,False
1,click 3 3,manual,"Task: interactive
Step: 1
Phase: Interactive
Available actions now:
- left
- right
- up
- down
- click X Y  (X=column, Y=row, both in 0..15; column/x first, then row/y)
- noop
- quit
- reset

========== Start of Direct Observation ==========
[[""black"", ""black"", ""purple"", ""black"", ""black"", ""orange"", ""black"", ""black"", ""blue"", ""black"", ""black"", ""gray"", ""black"", ""black"", ""red"", ""black""], [""black"", ""black"", ""black"", ""black"", ""black"", ""black"", ""black"", ""black"", ""black"", ""black"", ""black"", ""black"", ""black"", ""black"", ""black"", ""black""], [""black"", ""black"", ""black"", ""black"", ""black"", ""black"", ""black"", ""black"", ""black"", ""black"", ""black"", ""black"", ""black"", ""black"", ""black"", ""black""], [""black"", ""black"", ""purple"", ""black"", ""black"", ""black"", ""black"", ""black"", ""black"", ""black"", ""black"", ""black"", ""black"", ""black"", ""black"", ""black""], [""black"", ""black"", ""black"", ""black"", ""black"", ""black"", ""black"", ""black"", ""black"", ""black"", ""black"", ""black"", ""black"", ""black"", ""black"", ""black""], [""black"", ""black"", ""black"", ""black"", ""black"", ""black"", ""black"", ""black"", ""black"", ""black"", ""black"", ""black"", ""black"", ""black"", ""black"", ""black""], [""black"", ""black"", ""black"", ""black"", ""black"", ""black"", ""black"", ""black"", ""black"", ""black"", ""black"", ""black"", ""black"", ""black"", ""black"", ""black""], [""black"", ""black"", ""black"", ""black"", ""black"", ""black"", ""black"", ""black"", ""black"", ""black"", ""black"", ""black"", ""black"", ""black"", ""black"", ""black""], [""black"", ""black"", ""black"", ""black"", ""black"", ""black"", ""black"", ""black"", ""black"", ""black"", ""black"", ""black"", ""black"", ""black"", ""black"", ""black""], [""black"", ""black"", ""black"", ""black"", ""black"", ""black"", ""black"", ""black"", ""black"", ""black"", ""black"", ""black"", ""black"", ""black"", ""black"", ""black""], [""black"", ""black"", ""black"", ""purple"", ""black"", ""black"", ""black"", ""black"", ""black"", ""black"", ""black"", ""black"", ""purple"", ""black"", ""black"", ""black""], [""black"", ""black"", ""black"", ""black"", ""purple"", ""black"", ""black"", ""black"", ""black"", ""black"", ""black"", ""purple"", ""black"", ""black"", ""black"", ""black""], [""black"", ""black"", ""black"", ""black"", ""black"", ""purple"", ""black"", ""black"", ""black"", ""black"", ""purple"", ""black"", ""black"", ""black"", ""black"", ""black""], [""black"", ""black"", ""black"", ""black"", ""black"", ""black"", ""purple"", ""orange"", ""orange"", ""purple"", ""black"", ""black"", ""black"", ""black"", ""black"", ""black""], [""black"", ""black"", ""black"", ""black"", ""black"", ""black"", ""purple"", ""orange"", ""orange"", ""purple"", ""black"", ""black"", ""black"", ""black"", ""black"", ""black""], [""black"", ""black"", ""black"", ""black"", ""black"", ""black"", ""purple"", ""orange"", ""orange"", ""purple"", ""black"", ""black"", ""black"", ""black"", ""black"", ""black""]]",,0.0,False
2,click 2 4,manual,"Task: interactive
Step: 2
Phase: Interactive
Available actions now:
- left
- right
- up
- down
- click X Y  (X=column, Y=row, both in 0..15; column/x first, then row/y)
- noop
- quit
- reset

========== Start of Direct Observation ==========
[[""black"", ""black"", ""purple"", ""black"", ""black"", ""orange"", ""black"", ""black"", ""blue"", ""black"", ""black"", ""gray"", ""black"", ""black"", ""red"", ""black""], [""black"", ""black"", ""black"", ""black"", ""black"", ""black"", ""black"", ""black"", ""black"", ""black"", ""black"", ""black"", ""black"", ""black"", ""black"", ""black""], [""black"", ""black"", ""black"", ""black"", ""black"", ""black"", ""black"", ""black"", ""black"", ""black"", ""black"", ""black"", ""black"", ""black"", ""black"", ""black""], [""black"", ""black"", ""purple"", ""purple"", ""black"", ""black"", ""black"", ""black"", ""black"", ""black"", ""black"", ""black"", ""black"", ""black"", ""black"", ""black""], [""black"", ""black"", ""black"", ""black"", ""black"", ""black"", ""black"", ""black"", ""black"", ""black"", ""black"", ""black"", ""black"", ""black"", ""black"", ""black""], [""black"", ""black"", ""black"", ""black"", ""black"", ""black"", ""black"", ""black"", ""black"", ""black"", ""black"", ""black"", ""black"", ""black"", ""black"", ""black""], [""black"", ""black"", ""black"", ""black"", ""black"", ""black"", ""black"", ""black"", ""black"", ""black"", ""black"", ""black"", ""black"", ""black"", ""black"", ""black""], [""black"", ""black"", ""black"", ""black"", ""black"", ""black"", ""black"", ""black"", ""black"", ""black"", ""black"", ""black"", ""black"", ""black"", ""black"", ""black""], [""black"", ""black"", ""black"", ""black"", ""black"", ""black"", ""black"", ""black"", ""black"", ""black"", ""black"", ""black"", ""black"", ""black"", ""black"", ""black""], [""black"", ""black"", ""black"", ""black"", ""black"", ""black"", ""black"", ""black"", ""black"", ""black"", ""black"", ""black"", ""black"", ""black"", ""black"", ""black""], [""black"", ""black"", ""black"", ""purple"", ""black"", ""black"", ""black"", ""black"", ""black"", ""black"", ""black"", ""black"", ""purple"", ""black"", ""black"", ""black""], [""black"", ""black"", ""black"", ""black"", ""purple"", ""black"", ""black"", ""black"", ""black"", ""black"", ""black"", ""purple"", ""black"", ""black"", ""black"", ""black""], [""black"", ""black"", ""black"", ""black"", ""black"", ""purple"", ""black"", ""black"", ""black"", ""black"", ""purple"", ""black"", ""black"", ""black"", ""black"", ""black""], [""black"", ""black"", ""black"", ""black"", ""black"", ""black"", ""purple"", ""orange"", ""orange"", ""purple"", ""black"", ""black"", ""black"", ""black"", ""black"", ""black""], [""black"", ""black"", ""black"", ""black"", ""black"", ""black"", ""purple"", ""orange"", ""orange"", ""purple"", ""black"", ""black"", ""black"", ""black"", ""black"", ""black""], [""black"", ""black"", ""black"", ""black"", ""black"", ""black"", ""purple"", ""orange"", ""orange"", ""purple"", ""black"", ""black"", ""black"", ""black"", ""black"", ""black""]]",,0.0,False
3,click 8 0,manual,"Task: interactive
Step: 3
Phase: Interactive
Available actions now:
- left
- right
- up
- down
- click X Y  (X=column, Y=row, both in 0..15; column/x first, then row/y)
- noop
- quit
- reset

========== Start of Direct Observation ==========
[[""black"", ""black"", ""purple"", ""black"", ""black"", ""orange"", ""black"", ""black"", ""blue"", ""black"", ""black"", ""gray"", ""black"", ""black"", ""red"", ""black""], [""black"", ""black"", ""black"", ""black"", ""black"", ""black"", ""black"", ""black"", ""black"", ""black"", ""black"", ""black"", ""black"", ""black"", ""black"", ""black""], [""black"", ""black"", ""black"", ""black"", ""black"", ""black"", ""black"", ""black"", ""black"", ""black"", ""black"", ""black"", ""black"", ""black"", ""black"", ""black""], [""black"", ""black"", ""purple"", ""purple"", ""black"", ""black"", ""black"", ""black"", ""black"", ""black"", ""black"", ""black"", ""black"", ""black"", ""black"", ""black""], [""black"", ""black"", ""purple"", ""black"", ""black"", ""black"", ""black"", ""black"", ""black"", ""black"", ""black"", ""black"", ""black"", ""black"", ""black"", ""black""], [""black"", ""black"", ""black"", ""black"", ""black"", ""black"", ""black"", ""black"", ""black"", ""black"", ""black"", ""black"", ""black"", ""black"", ""black"", ""black""], [""black"", ""black"", ""black"", ""black"", ""black"", ""black"", ""black"", ""black"", ""black"", ""black"", ""black"", ""black"", ""black"", ""black"", ""black"", ""black""], [""black"", ""black"", ""black"", ""black"", ""black"", ""black"", ""black"", ""black"", ""black"", ""black"", ""black"", ""black"", ""black"", ""black"", ""black"", ""black""], [""black"", ""black"", ""black"", ""black"", ""black"", ""black"", ""black"", ""black"", ""black"", ""black"", ""black"", ""black"", ""black"", ""black"", ""black"", ""black""], [""black"", ""black"", ""black"", ""black"", ""black"", ""black"", ""black"", ""black"", ""black"", ""black"", ""black"", ""black"", ""black"", ""black"", ""black"", ""black""], [""black"", ""black"", ""black"", ""purple"", ""black"", ""black"", ""black"", ""black"", ""black"", ""black"", ""black"", ""black"", ""purple"", ""black"", ""black"", ""black""], [""black"", ""black"", ""black"", ""black"", ""purple"", ""black"", ""black"", ""black"", ""black"", ""black"", ""black"", ""purple"", ""black"", ""black"", ""black"", ""black""], [""black"", ""black"", ""black"", ""black"", ""black"", ""purple"", ""black"", ""black"", ""black"", ""black"", ""purple"", ""black"", ""black"", ""black"", ""black"", ""black""], [""black"", ""black"", ""black"", ""black"", ""black"", ""black"", ""purple"", ""orange"", ""orange"", ""purple"", ""black"", ""black"", ""black"", ""black"", ""black"", ""black""], [""black"", ""black"", ""black"", ""black"", ""black"", ""black"", ""purple"", ""orange"", ""orange"", ""purple"", ""black"", ""black"", ""black"", ""black"", ""black"", ""black""], [""black"", ""black"", ""black"", ""black"", ""black"", ""black"", ""purple"", ""orange"", ""orange"", ""purple"", ""black"", ""black"", ""black"", ""black"", ""black"", ""black""]]",,0.0,False
4,click 2 1,manual,"Task: interactive
Step: 4
Phase: Interactive
Available actions now:
- left
- right
- up
- down
- click X Y  (X=column, Y=row, both in 0..15; column/x first, then row/y)
- noop
- quit
- reset

========== Start of Direct Observation ==========
[[""black"", ""black"", ""purple"", ""black"", ""black"", ""orange"", ""black"", ""black"", ""blue"", ""black"", ""black"", ""gray"", ""black"", ""black"", ""red"", ""black""], [""black"", ""black"", ""black"", ""black"", ""black"", ""black"", ""black"", ""black"", ""black"", ""black"", ""black"", ""black"", ""black"", ""black"", ""black"", ""black""], [""black"", ""black"", ""black"", ""black"", ""black"", ""black"", ""black"", ""black"", ""black"", ""black"", ""black"", ""black"", ""black"", ""black"", ""black"", ""black""], [""black"", ""black"", ""purple"", ""purple"", ""black"", ""black"", ""black"", ""black"", ""black"", ""black"", ""black"", ""black"", ""black"", ""black"", ""black"", ""black""], [""black"", ""black"", ""purple"", ""black"", ""black"", ""black"", ""black"", ""black"", ""black"", ""black"", ""black"", ""black"", ""black"", ""black"", ""black"", ""black""], [""black"", ""black"", ""black"", ""black"", ""black"", ""black"", ""black"", ""black"", ""black"", ""black"", ""black"", ""black"", ""black"", ""black"", ""black"", ""black""], [""black"", ""black"", ""black"", ""black"", ""black"", ""black"", ""black"", ""black"", ""black"", ""black"", ""black"", ""black"", ""black"", ""black"", ""black"", ""black""], [""black"", ""black"", ""black"", ""black"", ""black"", ""black"", ""black"", ""black"", ""black"", ""black"", ""black"", ""black"", ""black"", ""black"", ""black"", ""black""], [""black"", ""black"", ""black"", ""black"", ""black"", ""black"", ""black"", ""black"", ""black"", ""black"", ""black"", ""black"", ""black"", ""black"", ""black"", ""black""], [""black"", ""black"", ""black"", ""black"", ""black"", ""black"", ""black"", ""black"", ""black"", ""black"", ""black"", ""black"", ""black"", ""black"", ""black"", ""black""], [""black"", ""black"", ""black"", ""purple"", ""black"", ""black"", ""black"", ""black"", ""black"", ""black"", ""black"", ""black"", ""purple"", ""black"", ""black"", ""black""], [""black"", ""black"", ""black"", ""black"", ""purple"", ""black"", ""black"", ""black"", ""black"", ""black"", ""black"", ""purple"", ""black"", ""black"", ""black"", ""black""], [""black"", ""black"", ""black"", ""black"", ""black"", ""purple"", ""black"", ""black"", ""black"", ""black"", ""purple"", ""black"", ""black"", ""black"", ""black"", ""black""], [""black"", ""black"", ""black"", ""black"", ""black"", ""black"", ""purple"", ""orange"", ""orange"", ""purple"", ""black"", ""black"", ""black"", ""black"", ""black"", ""black""], [""black"", ""black"", ""black"", ""black"", ""black"", ""black"", ""purple"", ""orange"", ""orange"", ""purple"", ""black"", ""black"", ""black"", ""black"", ""black"", ""black""], [""black"", ""black"", ""black"", ""black"", ""black"", ""black"", ""purple"", ""orange"", ""orange"", ""purple"", ""black"", ""black"", ""black"", ""black"", ""black"", ""black""]]",,0.0,False
5,noop,manual,"Task: interactive
Step: 5
Phase: Interactive
Available actions now:
- left
- right
- up
- down
- click X Y  (X=column, Y=row, both in 0..15; column/x first, then row/y)
- noop
- quit
- reset

========== Start of Direct Observation ==========
[[""black"", ""black"", ""purple"", ""black"", ""black"", ""orange"", ""black"", ""black"", ""blue"", ""black"", ""black"", ""gray"", ""black"", ""black"", ""red"", ""black""], [""black"", ""black"", ""blue"", ""black"", ""black"", ""black"", ""black"", ""black"", ""black"", ""black"", ""black"", ""black"", ""black"", ""black"", ""black"", ""black""], [""black"", ""black"", ""black"", ""black"", ""black"", ""black"", ""black"", ""black"", ""black"", ""black"", ""black"", ""black"", ""black"", ""black"", ""black"", ""black""], [""black"", ""black"", ""purple"", ""purple"", ""black"", ""black"", ""black"", ""black"", ""black"", ""black"", ""black"", ""black"", ""black"", ""black"", ""black"", ""black""], [""black"", ""black"", ""purple"", ""black"", ""black"", ""black"", ""black"", ""black"", ""black"", ""black"", ""black"", ""black"", ""black"", ""black"", ""black"", ""black""], [""black"", ""black"", ""black"", ""black"", ""black"", ""black"", ""black"", ""black"", ""black"", ""black"", ""black"", ""black"", ""black"", ""black"", ""black"", ""black""], [""black"", ""black"", ""black"", ""black"", ""black"", ""black"", ""black"", ""black"", ""black"", ""black"", ""black"", ""black"", ""black"", ""black"", ""black"", ""black""], [""black"", ""black"", ""black"", ""black"", ""black"", ""black"", ""black"", ""black"", ""black"", ""black"", ""black"", ""black"", ""black"", ""black"", ""black"", ""black""], [""black"", ""black"", ""black"", ""black"", ""black"", ""black"", ""black"", ""black"", ""black"", ""black"", ""black"", ""black"", ""black"", ""black"", ""black"", ""black""], [""black"", ""black"", ""black"", ""black"", ""black"", ""black"", ""black"", ""black"", ""black"", ""black"", ""black"", ""black"", ""black"", ""black"", ""black"", ""black""], [""black"", ""black"", ""black"", ""purple"", ""black"", ""black"", ""black"", ""black"", ""black"", ""black"", ""black"", ""black"", ""purple"", ""black"", ""black"", ""black""], [""black"", ""black"", ""black"", ""black"", ""purple"", ""black"", ""black"", ""black"", ""black"", ""black"", ""black"", ""purple"", ""black"", ""black"", ""black"", ""black""], [""black"", ""black"", ""black"", ""black"", ""black"", ""purple"", ""black"", ""black"", ""black"", ""black"", ""purple"", ""black"", ""black"", ""black"", ""black"", ""black""], [""black"", ""black"", ""black"", ""black"", ""black"", ""black"", ""purple"", ""orange"", ""orange"", ""purple"", ""black"", ""black"", ""black"", ""black"", ""black"", ""black""], [""black"", ""black"", ""black"", ""black"", ""black"", ""black"", ""purple"", ""orange"", ""orange"", ""purple"", ""black"", ""black"", ""black"", ""black"", ""black"", ""black""], [""black"", ""black"", ""black"", ""black"", ""black"", ""black"", ""purple"", ""orange"", ""orange"", ""purple"", ""black"", ""black"", ""black"", ""black"", ""black"", ""black""]]",,0.0,False
6,noop,manual,"Task: interactive
Step: 6
Phase: Interactive
Available actions now:
- left
- right
- up
- down
- click X Y  (X=column, Y=row, both in 0..15; column/x first, then row/y)
- noop
- quit
- reset

========== Start of Direct Observation ==========
[[""black"", ""black"", ""purple"", ""black"", ""black"", ""orange"", ""black"", ""black"", ""blue"", ""black"", ""black"", ""gray"", ""black"", ""black"", ""red"", ""black""], [""black"", ""black"", ""black"", ""black"", ""black"", ""black"", ""black"", ""black"", ""black"", ""black"", ""black"", ""black"", ""black"", ""black"", ""black"", ""black""], [""black"", ""black"", ""blue"", ""black"", ""black"", ""black"", ""black"", ""black"", ""black"", ""black"", ""black"", ""black"", ""black"", ""black"", ""black"", ""black""], [""black"", ""black"", ""purple"", ""purple"", ""black"", ""black"", ""black"", ""black"", ""black"", ""black"", ""black"", ""black"", ""black"", ""black"", ""black"", ""black""], [""black"", ""black"", ""purple"", ""black"", ""black"", ""black"", ""black"", ""black"", ""black"", ""black"", ""black"", ""black"", ""black"", ""black"", ""black"", ""black""], [""black"", ""black"", ""black"", ""black"", ""black"", ""black"", ""black"", ""black"", ""black"", ""black"", ""black"", ""black"", ""black"", ""black"", ""black"", ""black""], [""black"", ""black"", ""black"", ""black"", ""black"", ""black"", ""black"", ""black"", ""black"", ""black"", ""black"", ""black"", ""black"", ""black"", ""black"", ""black""], [""black"", ""black"", ""black"", ""black"", ""black"", ""black"", ""black"", ""black"", ""black"", ""black"", ""black"", ""black"", ""black"", ""black"", ""black"", ""black""], [""black"", ""black"", ""black"", ""black"", ""black"", ""black"", ""black"", ""black"", ""black"", ""black"", ""black"", ""black"", ""black"", ""black"", ""black"", ""black""], [""black"", ""black"", ""black"", ""black"", ""black"", ""black"", ""black"", ""black"", ""black"", ""black"", ""black"", ""black"", ""black"", ""black"", ""black"", ""black""], [""black"", ""black"", ""black"", ""purple"", ""black"", ""black"", ""black"", ""black"", ""black"", ""black"", ""black"", ""black"", ""purple"", ""black"", ""black"", ""black""], [""black"", ""black"", ""black"", ""black"", ""purple"", ""black"", ""black"", ""black"", ""black"", ""black"", ""black"", ""purple"", ""black"", ""black"", ""black"", ""black""], [""black"", ""black"", ""black"", ""black"", ""black"", ""purple"", ""black"", ""black"", ""black"", ""black"", ""purple"", ""black"", ""black"", ""black"", ""black"", ""black""], [""black"", ""black"", ""black"", ""black"", ""black"", ""black"", ""purple"", ""orange"", ""orange"", ""purple"", ""black"", ""black"", ""black"", ""black"", ""black"", ""black""], [""black"", ""black"", ""black"", ""black"", ""black"", ""black"", ""purple"", ""orange"", ""orange"", ""purple"", ""black"", ""black"", ""black"", ""black"", ""black"", ""black""], [""black"", ""black"", ""black"", ""black"", ""black"", ""black"", ""purple"", ""orange"", ""orange"", ""purple"", ""black"", ""black"", ""black"", ""black"", ""black"", ""black""]]",,0.0,False
7,click 5 0,manual,"Task: interactive
Step: 7
Phase: Interactive
Available actions now:
- left
- right
- up
- down
- click X Y  (X=column, Y=row, both in 0..15; column/x first, then row/y)
- noop
- quit
- reset

========== Start of Direct Observation ==========
[[""black"", ""black"", ""purple"", ""black"", ""black"", ""orange"", ""black"", ""black"", ""blue"", ""black"", ""black"", ""gray"", ""black"", ""black"", ""red"", ""black""], [""black"", ""black"", ""black"", ""black"", ""black"", ""black"", ""black"", ""black"", ""black"", ""black"", ""black"", ""black"", ""black"", ""black"", ""black"", ""black""], [""black"", ""blue"", ""black"", ""black"", ""black"", ""black"", ""black"", ""black"", ""black"", ""black"", ""black"", ""black"", ""black"", ""black"", ""black"", ""black""], [""black"", ""black"", ""purple"", ""purple"", ""black"", ""black"", ""black"", ""black"", ""black"", ""black"", ""black"", ""black"", ""black"", ""black"", ""black"", ""black""], [""black"", ""black"", ""purple"", ""black"", ""black"", ""black"", ""black"", ""black"", ""black"", ""black"", ""black"", ""black"", ""black"", ""black"", ""black"", ""black""], [""black"", ""black"", ""black"", ""black"", ""black"", ""black"", ""black"", ""black"", ""black"", ""black"", ""black"", ""black"", ""black"", ""black"", ""black"", ""black""], [""black"", ""black"", ""black"", ""black"", ""black"", ""black"", ""black"", ""black"", ""black"", ""black"", ""black"", ""black"", ""black"", ""black"", ""black"", ""black""], [""black"", ""black"", ""black"", ""black"", ""black"", ""black"", ""black"", ""black"", ""black"", ""black"", ""black"", ""black"", ""black"", ""black"", ""black"", ""black""], [""black"", ""black"", ""black"", ""black"", ""black"", ""black"", ""black"", ""black"", ""black"", ""black"", ""black"", ""black"", ""black"", ""black"", ""black"", ""black""], [""black"", ""black"", ""black"", ""black"", ""black"", ""black"", ""black"", ""black"", ""black"", ""black"", ""black"", ""black"", ""black"", ""black"", ""black"", ""black""], [""black"", ""black"", ""black"", ""purple"", ""black"", ""black"", ""black"", ""black"", ""black"", ""black"", ""black"", ""black"", ""purple"", ""black"", ""black"", ""black""], [""black"", ""black"", ""black"", ""black"", ""purple"", ""black"", ""black"", ""black"", ""black"", ""black"", ""black"", ""purple"", ""black"", ""black"", ""black"", ""black""], [""black"", ""black"", ""black"", ""black"", ""black"", ""purple"", ""black"", ""black"", ""black"", ""black"", ""purple"", ""black"", ""black"", ""black"", ""black"", ""black""], [""black"", ""black"", ""black"", ""black"", ""black"", ""black"", ""purple"", ""orange"", ""orange"", ""purple"", ""black"", ""black"", ""black"", ""black"", ""black"", ""black""], [""black"", ""black"", ""black"", ""black"", ""black"", ""black"", ""purple"", ""orange"", ""orange"", ""purple"", ""black"", ""black"", ""black"", ""black"", ""black"", ""black""], [""black"", ""black"", ""black"", ""black"", ""black"", ""black"", ""purple"", ""orange"", ""orange"", ""purple"", ""black"", ""black"", ""black"", ""black"", ""black"", ""black""]]",,0.0,False
8,click 13 5,manual,"Task: interactive
Step: 8
Phase: Interactive
Available actions now:
- left
- right
- up
- down
- click X Y  (X=column, Y=row, both in 0..15; column/x first, then row/y)
- noop
- quit
- reset

========== Start of Direct Observation ==========
[[""black"", ""black"", ""purple"", ""black"", ""black"", ""orange"", ""black"", ""black"", ""blue"", ""black"", ""black"", ""gray"", ""black"", ""black"", ""red"", ""black""], [""black"", ""black"", ""black"", ""black"", ""black"", ""black"", ""black"", ""black"", ""black"", ""black"", ""black"", ""black"", ""black"", ""black"", ""black"", ""black""], [""black"", ""black"", ""black"", ""black"", ""black"", ""black"", ""black"", ""black"", ""black"", ""black"", ""black"", ""black"", ""black"", ""black"", ""black"", ""black""], [""black"", ""blue"", ""purple"", ""purple"", ""black"", ""black"", ""black"", ""black"", ""black"", ""black"", ""black"", ""black"", ""black"", ""black"", ""black"", ""black""], [""black"", ""black"", ""purple"", ""black"", ""black"", ""black"", ""black"", ""black"", ""black"", ""black"", ""black"", ""black"", ""black"", ""black"", ""black"", ""black""], [""black"", ""black"", ""black"", ""black"", ""black"", ""black"", ""black"", ""black"", ""black"", ""black"", ""black"", ""black"", ""black"", ""black"", ""black"", ""black""], [""black"", ""black"", ""black"", ""black"", ""black"", ""black"", ""black"", ""black"", ""black"", ""black"", ""black"", ""black"", ""black"", ""black"", ""black"", ""black""], [""black"", ""black"", ""black"", ""black"", ""black"", ""black"", ""black"", ""black"", ""black"", ""black"", ""black"", ""black"", ""black"", ""black"", ""black"", ""black""], [""black"", ""black"", ""black"", ""black"", ""black"", ""black"", ""black"", ""black"", ""black"", ""black"", ""black"", ""black"", ""black"", ""black"", ""black"", ""black""], [""black"", ""black"", ""black"", ""black"", ""black"", ""black"", ""black"", ""black"", ""black"", ""black"", ""black"", ""black"", ""black"", ""black"", ""black"", ""black""], [""black"", ""black"", ""black"", ""purple"", ""black"", ""black"", ""black"", ""black"", ""black"", ""black"", ""black"", ""black"", ""purple"", ""black"", ""black"", ""black""], [""black"", ""black"", ""black"", ""black"", ""purple"", ""black"", ""black"", ""black"", ""black"", ""black"", ""black"", ""purple"", ""black"", ""black"", ""black"", ""black""], [""black"", ""black"", ""black"", ""black"", ""black"", ""purple"", ""black"", ""black"", ""black"", ""black"", ""purple"", ""black"", ""black"", ""black"", ""black"", ""black""], [""black"", ""black"", ""black"", ""black"", ""black"", ""black"", ""purple"", ""orange"", ""orange"", ""purple"", ""black"", ""black"", ""black"", ""black"", ""black"", ""black""], [""black"", ""black"", ""black"", ""black"", ""black"", ""black"", ""purple"", ""orange"", ""orange"", ""purple"", ""black"", ""black"", ""black"", ""black"", ""black"", ""black""], [""black"", ""black"", ""black"", ""black"", ""black"", ""black"", ""purple"", ""orange"", ""orange"", ""purple"", ""black"", ""black"", ""black"", ""black"", ""black"", ""black""]]",,0.0,False
9,click 13 6,manual,"Task: interactive
Step: 9
Phase: Interactive
Available actions now:
- left
- right
- up
- down
- click X Y  (X=column, Y=row, both in 0..15; column/x first, then row/y)
- noop
- quit
- reset

========== Start of Direct Observation ==========
[[""black"", ""black"", ""purple"", ""black"", ""black"", ""orange"", ""black"", ""black"", ""blue"", ""black"", ""black"", ""gray"", ""black"", ""black"", ""red"", ""black""], [""black"", ""black"", ""black"", ""black"", ""black"", ""black"", ""black"", ""black"", ""black"", ""black"", ""black"", ""black"", ""black"", ""black"", ""black"", ""black""], [""black"", ""black"", ""black"", ""black"", ""black"", ""black"", ""black"", ""black"", ""black"", ""black"", ""black"", ""black"", ""black"", ""black"", ""black"", ""black""], [""black"", ""black"", ""purple"", ""purple"", ""black"", ""black"", ""black"", ""black"", ""black"", ""black"", ""black"", ""black"", ""black"", ""black"", ""black"", ""black""], [""black"", ""blue"", ""purple"", ""black"", ""black"", ""black"", ""black"", ""black"", ""black"", ""black"", ""black"", ""black"", ""black"", ""black"", ""black"", ""black""], [""black"", ""black"", ""black"", ""black"", ""black"", ""black"", ""black"", ""black"", ""black"", ""black"", ""black"", ""black"", ""black"", ""orange"", ""black"", ""black""], [""black"", ""black"", ""black"", ""black"", ""black"", ""black"", ""black"", ""black"", ""black"", ""black"", ""black"", ""black"", ""black"", ""black"", ""black"", ""black""], [""black"", ""black"", ""black"", ""black"", ""black"", ""black"", ""black"", ""black"", ""black"", ""black"", ""black"", ""black"", ""black"", ""black"", ""black"", ""black""], [""black"", ""black"", ""black"", ""black"", ""black"", ""black"", ""black"", ""black"", ""black"", ""black"", ""black"", ""black"", ""black"", ""black"", ""black"", ""black""], [""black"", ""black"", ""black"", ""black"", ""black"", ""black"", ""black"", ""black"", ""black"", ""black"", ""black"", ""black"", ""black"", ""black"", ""black"", ""black""], [""black"", ""black"", ""black"", ""purple"", ""black"", ""black"", ""black"", ""black"", ""black"", ""black"", ""black"", ""black"", ""purple"", ""black"", ""black"", ""black""], [""black"", ""black"", ""black"", ""black"", ""purple"", ""black"", ""black"", ""black"", ""black"", ""black"", ""black"", ""purple"", ""black"", ""black"", ""black"", ""black""], [""black"", ""black"", ""black"", ""black"", ""black"", ""purple"", ""black"", ""black"", ""black"", ""black"", ""purple"", ""black"", ""black"", ""black"", ""black"", ""black""], [""black"", ""black"", ""black"", ""black"", ""black"", ""black"", ""purple"", ""orange"", ""orange"", ""purple"", ""black"", ""black"", ""black"", ""black"", ""black"", ""black""], [""black"", ""black"", ""black"", ""black"", ""black"", ""black"", ""purple"", ""orange"", ""orange"", ""purple"", ""black"", ""black"", ""black"", ""black"", ""black"", ""black""], [""black"", ""black"", ""black"", ""black"", ""black"", ""black"", ""purple"", ""orange"", ""orange"", ""purple"", ""black"", ""black"", ""black"", ""black"", ""black"", ""black""]]",,0.0,False
10,click 8 0,manual,"Task: interactive
Step: 10
Phase: Interactive
Available actions now:
- left
- right
- up
- down
- click X Y  (X=column, Y=row, both in 0..15; column/x first, then row/y)
- noop
- quit
- reset

========== Start of Direct Observation ==========
[[""black"", ""black"", ""purple"", ""black"", ""black"", ""orange"", ""black"", ""black"", ""blue"", ""black"", ""black"", ""gray"", ""black"", ""black"", ""red"", ""black""], [""black"", ""black"", ""black"", ""black"", ""black"", ""black"", ""black"", ""black"", ""black"", ""black"", ""black"", ""black"", ""black"", ""black"", ""black"", ""black""], [""black"", ""black"", ""black"", ""black"", ""black"", ""black"", ""black"", ""black"", ""black"", ""black"", ""black"", ""black"", ""black"", ""black"", ""black"", ""black""], [""black"", ""black"", ""purple"", ""purple"", ""black"", ""black"", ""black"", ""black"", ""black"", ""black"", ""black"", ""black"", ""black"", ""black"", ""black"", ""black""], [""black"", ""black"", ""purple"", ""black"", ""black"", ""black"", ""black"", ""black"", ""black"", ""black"", ""black"", ""black"", ""black"", ""black"", ""black"", ""black""], [""black"", ""blue"", ""black"", ""black"", ""black"", ""black"", ""black"", ""black"", ""black"", ""black"", ""black"", ""black"", ""black"", ""orange"", ""black"", ""black""], [""black"", ""black"", ""black"", ""black"", ""black"", ""black"", ""black"", ""black"", ""black"", ""black"", ""black"", ""black"", ""black"", ""orange"", ""black"", ""black""], [""black"", ""black"", ""black"", ""black"", ""black"", ""black"", ""black"", ""black"", ""black"", ""black"", ""black"", ""black"", ""black"", ""black"", ""black"", ""black""], [""black"", ""black"", ""black"", ""black"", ""black"", ""black"", ""black"", ""black"", ""black"", ""black"", ""black"", ""black"", ""black"", ""black"", ""black"", ""black""], [""black"", ""black"", ""black"", ""black"", ""black"", ""black"", ""black"", ""black"", ""black"", ""black"", ""black"", ""black"", ""black"", ""black"", ""black"", ""black""], [""black"", ""black"", ""black"", ""purple"", ""black"", ""black"", ""black"", ""black"", ""black"", ""black"", ""black"", ""black"", ""purple"", ""black"", ""black"", ""black""], [""black"", ""black"", ""black"", ""black"", ""purple"", ""black"", ""black"", ""black"", ""black"", ""black"", ""black"", ""purple"", ""black"", ""black"", ""black"", ""black""], [""black"", ""black"", ""black"", ""black"", ""black"", ""purple"", ""black"", ""black"", ""black"", ""black"", ""purple"", ""black"", ""black"", ""black"", ""black"", ""black""], [""black"", ""black"", ""black"", ""black"", ""black"", ""black"", ""purple"", ""orange"", ""orange"", ""purple"", ""black"", ""black"", ""black"", ""black"", ""black"", ""black""], [""black"", ""black"", ""black"", ""black"", ""black"", ""black"", ""purple"", ""orange"", ""orange"", ""purple"", ""black"", ""black"", ""black"", ""black"", ""black"", ""black""], [""black"", ""black"", ""black"", ""black"", ""black"", ""black"", ""purple"", ""orange"", ""orange"", ""purple"", ""black"", ""black"", ""black"", ""black"", ""black"", ""black""]]",,0.0,False
11,click 7 9,manual,"Task: interactive
Step: 11
Phase: Interactive
Available actions now:
- left
- right
- up
- down
- click X Y  (X=column, Y=row, both in 0..15; column/x first, then row/y)
- noop
- quit
- reset

========== Start of Direct Observation ==========
[[""black"", ""black"", ""purple"", ""black"", ""black"", ""orange"", ""black"", ""black"", ""blue"", ""black"", ""black"", ""gray"", ""black"", ""black"", ""red"", ""black""], [""black"", ""black"", ""black"", ""black"", ""black"", ""black"", ""black"", ""black"", ""black"", ""black"", ""black"", ""black"", ""black"", ""black"", ""black"", ""black""], [""black"", ""black"", ""black"", ""black"", ""black"", ""black"", ""black"", ""black"", ""black"", ""black"", ""black"", ""black"", ""black"", ""black"", ""black"", ""black""], [""black"", ""black"", ""purple"", ""purple"", ""black"", ""black"", ""black"", ""black"", ""black"", ""black"", ""black"", ""black"", ""black"", ""black"", ""black"", ""black""], [""black"", ""black"", ""purple"", ""black"", ""black"", ""black"", ""black"", ""black"", ""black"", ""black"", ""black"", ""black"", ""black"", ""black"", ""black"", ""black""], [""black"", ""black"", ""black"", ""black"", ""black"", ""black"", ""black"", ""black"", ""black"", ""black"", ""black"", ""black"", ""black"", ""orange"", ""black"", ""black""], [""black"", ""blue"", ""black"", ""black"", ""black"", ""black"", ""black"", ""black"", ""black"", ""black"", ""black"", ""black"", ""black"", ""orange"", ""black"", ""black""], [""black"", ""black"", ""black"", ""black"", ""black"", ""black"", ""black"", ""black"", ""black"", ""black"", ""black"", ""black"", ""black"", ""black"", ""black"", ""black""], [""black"", ""black"", ""black"", ""black"", ""black"", ""black"", ""black"", ""black"", ""black"", ""black"", ""black"", ""black"", ""black"", ""black"", ""black"", ""black""], [""black"", ""black"", ""black"", ""black"", ""black"", ""black"", ""black"", ""black"", ""black"", ""black"", ""black"", ""black"", ""black"", ""black"", ""black"", ""black""], [""black"", ""black"", ""black"", ""purple"", ""black"", ""black"", ""black"", ""black"", ""black"", ""black"", ""black"", ""black"", ""purple"", ""black"", ""black"", ""black""], [""black"", ""black"", ""black"", ""black"", ""purple"", ""black"", ""black"", ""black"", ""black"", ""black"", ""black"", ""purple"", ""black"", ""black"", ""black"", ""black""], [""black"", ""black"", ""black"", ""black"", ""black"", ""purple"", ""black"", ""black"", ""black"", ""black"", ""purple"", ""black"", ""black"", ""black"", ""black"", ""black""], [""black"", ""black"", ""black"", ""black"", ""black"", ""black"", ""purple"", ""orange"", ""orange"", ""purple"", ""black"", ""black"", ""black"", ""black"", ""black"", ""black""], [""black"", ""black"", ""black"", ""black"", ""black"", ""black"", ""purple"", ""orange"", ""orange"", ""purple"", ""black"", ""black"", ""black"", ""black"", ""black"", ""black""], [""black"", ""black"", ""black"", ""black"", ""black"", ""black"", ""purple"", ""orange"", ""orange"", ""purple"", ""black"", ""black"", ""black"", ""black"", ""black"", ""black""]]",,0.0,False
12,noop,manual,"Task: interactive
Step: 12
Phase: Interactive
Available actions now:
- left
- right
- up
- down
- click X Y  (X=column, Y=row, both in 0..15; column/x first, then row/y)
- noop
- quit
- reset

========== Start of Direct Observation ==========
[[""black"", ""black"", ""purple"", ""black"", ""black"", ""orange"", ""black"", ""black"", ""blue"", ""black"", ""black"", ""gray"", ""black"", ""black"", ""red"", ""black""], [""black"", ""black"", ""black"", ""black"", ""black"", ""black"", ""black"", ""black"", ""black"", ""black"", ""black"", ""black"", ""black"", ""black"", ""black"", ""black""], [""black"", ""black"", ""black"", ""black"", ""black"", ""black"", ""black"", ""black"", ""black"", ""black"", ""black"", ""black"", ""black"", ""black"", ""black"", ""black""], [""black"", ""black"", ""purple"", ""purple"", ""black"", ""black"", ""black"", ""black"", ""black"", ""black"", ""black"", ""black"", ""black"", ""black"", ""black"", ""black""], [""black"", ""black"", ""purple"", ""black"", ""black"", ""black"", ""black"", ""black"", ""black"", ""black"", ""black"", ""black"", ""black"", ""black"", ""black"", ""black""], [""black"", ""black"", ""black"", ""black"", ""black"", ""black"", ""black"", ""black"", ""black"", ""black"", ""black"", ""black"", ""black"", ""orange"", ""black"", ""black""], [""black"", ""black"", ""black"", ""black"", ""black"", ""black"", ""black"", ""black"", ""black"", ""black"", ""black"", ""black"", ""black"", ""orange"", ""black"", ""black""], [""black"", ""blue"", ""black"", ""black"", ""black"", ""black"", ""black"", ""black"", ""black"", ""black"", ""black"", ""black"", ""black"", ""black"", ""black"", ""black""], [""black"", ""black"", ""black"", ""black"", ""black"", ""black"", ""black"", ""black"", ""black"", ""black"", ""black"", ""black"", ""black"", ""black"", ""black"", ""black""], [""black"", ""black"", ""black"", ""black"", ""black"", ""black"", ""black"", ""blue"", ""black"", ""black"", ""black"", ""black"", ""black"", ""black"", ""black"", ""black""], [""black"", ""black"", ""black"", ""purple"", ""black"", ""black"", ""black"", ""black"", ""black"", ""black"", ""black"", ""black"", ""purple"", ""black"", ""black"", ""black""], [""black"", ""black"", ""black"", ""black"", ""purple"", ""black"", ""black"", ""black"", ""black"", ""black"", ""black"", ""purple"", ""black"", ""black"", ""black"", ""black""], [""black"", ""black"", ""black"", ""black"", ""black"", ""purple"", ""black"", ""black"", ""black"", ""black"", ""purple"", ""black"", ""black"", ""black"", ""black"", ""black""], [""black"", ""black"", ""black"", ""black"", ""black"", ""black"", ""purple"", ""orange"", ""orange"", ""purple"", ""black"", ""black"", ""black"", ""black"", ""black"", ""black""], [""black"", ""black"", ""black"", ""black"", ""black"", ""black"", ""purple"", ""orange"", ""orange"", ""purple"", ""black"", ""black"", ""black"", ""black"", ""black"", ""black""], [""black"", ""black"", ""black"", ""black"", ""black"", ""black"", ""purple"", ""orange"", ""orange"", ""purple"", ""black"", ""black"", ""black"", ""black"", ""black"", ""black""]]",,0.0,False
13,noop,manual,"Task: interactive
Step: 13
Phase: Interactive
Available actions now:
- left
- right
- up
- down
- click X Y  (X=column, Y=row, both in 0..15; column/x first, then row/y)
- noop
- quit
- reset

========== Start of Direct Observation ==========
[[""black"", ""black"", ""purple"", ""black"", ""black"", ""orange"", ""black"", ""black"", ""blue"", ""black"", ""black"", ""gray"", ""black"", ""black"", ""red"", ""black""], [""black"", ""black"", ""black"", ""black"", ""black"", ""black"", ""black"", ""black"", ""black"", ""black"", ""black"", ""black"", ""black"", ""black"", ""black"", ""black""], [""black"", ""black"", ""black"", ""black"", ""black"", ""black"", ""black"", ""black"", ""black"", ""black"", ""black"", ""black"", ""black"", ""black"", ""black"", ""black""], [""black"", ""black"", ""purple"", ""purple"", ""black"", ""black"", ""black"", ""black"", ""black"", ""black"", ""black"", ""black"", ""black"", ""black"", ""black"", ""black""], [""black"", ""black"", ""purple"", ""black"", ""black"", ""black"", ""black"", ""black"", ""black"", ""black"", ""black"", ""black"", ""black"", ""black"", ""black"", ""black""], [""black"", ""black"", ""black"", ""black"", ""black"", ""black"", ""black"", ""black"", ""black"", ""black"", ""black"", ""black"", ""black"", ""orange"", ""black"", ""black""], [""black"", ""black"", ""black"", ""black"", ""black"", ""black"", ""black"", ""black"", ""black"", ""black"", ""black"", ""black"", ""black"", ""orange"", ""black"", ""black""], [""black"", ""black"", ""black"", ""black"", ""black"", ""black"", ""black"", ""black"", ""black"", ""black"", ""black"", ""black"", ""black"", ""black"", ""black"", ""black""], [""black"", ""blue"", ""black"", ""black"", ""black"", ""black"", ""black"", ""black"", ""black"", ""black"", ""black"", ""black"", ""black"", ""black"", ""black"", ""black""], [""black"", ""black"", ""black"", ""black"", ""black"", ""black"", ""black"", ""black"", ""black"", ""black"", ""black"", ""black"", ""black"", ""black"", ""black"", ""black""], [""black"", ""black"", ""black"", ""purple"", ""black"", ""black"", ""black"", ""blue"", ""black"", ""black"", ""black"", ""black"", ""purple"", ""black"", ""black"", ""black""], [""black"", ""black"", ""black"", ""black"", ""purple"", ""black"", ""black"", ""black"", ""black"", ""black"", ""black"", ""purple"", ""black"", ""black"", ""black"", ""black""], [""black"", ""black"", ""black"", ""black"", ""black"", ""purple"", ""black"", ""black"", ""black"", ""black"", ""purple"", ""black"", ""black"", ""black"", ""black"", ""black""], [""black"", ""black"", ""black"", ""black"", ""black"", ""black"", ""purple"", ""orange"", ""orange"", ""purple"", ""black"", ""black"", ""black"", ""black"", ""black"", ""black""], [""black"", ""black"", ""black"", ""black"", ""black"", ""black"", ""purple"", ""orange"", ""orange"", ""purple"", ""black"", ""black"", ""black"", ""black"", ""black"", ""black""], [""black"", ""black"", ""black"", ""black"", ""black"", ""black"", ""purple"", ""orange"", ""orange"", ""purple"", ""black"", ""black"", ""black"", ""black"", ""black"", ""black""]]",,0.0,False
14,noop,manual,"Task: interactive
Step: 14
Phase: Interactive
Available actions now:
- left
- right
- up
- down
- click X Y  (X=column, Y=row, both in 0..15; column/x first, then row/y)
- noop
- quit
- reset

========== Start of Direct Observation ==========
[[""black"", ""black"", ""purple"", ""black"", ""black"", ""orange"", ""black"", ""black"", ""blue"", ""black"", ""black"", ""gray"", ""black"", ""black"", ""red"", ""black""], [""black"", ""black"", ""black"", ""black"", ""black"", ""black"", ""black"", ""black"", ""black"", ""black"", ""black"", ""black"", ""black"", ""black"", ""black"", ""black""], [""black"", ""black"", ""black"", ""black"", ""black"", ""black"", ""black"", ""black"", ""black"", ""black"", ""black"", ""black"", ""black"", ""black"", ""black"", ""black""], [""black"", ""black"", ""purple"", ""purple"", ""black"", ""black"", ""black"", ""black"", ""black"", ""black"", ""black"", ""black"", ""black"", ""black"", ""black"", ""black""], [""black"", ""black"", ""purple"", ""black"", ""black"", ""black"", ""black"", ""black"", ""black"", ""black"", ""black"", ""black"", ""black"", ""black"", ""black"", ""black""], [""black"", ""black"", ""black"", ""black"", ""black"", ""black"", ""black"", ""black"", ""black"", ""black"", ""black"", ""black"", ""black"", ""orange"", ""black"", ""black""], [""black"", ""black"", ""black"", ""black"", ""black"", ""black"", ""black"", ""black"", ""black"", ""black"", ""black"", ""black"", ""black"", ""orange"", ""black"", ""black""], [""black"", ""black"", ""black"", ""black"", ""black"", ""black"", ""black"", ""black"", ""black"", ""black"", ""black"", ""black"", ""black"", ""black"", ""black"", ""black""], [""black"", ""black"", ""black"", ""black"", ""black"", ""black"", ""black"", ""black"", ""black"", ""black"", ""black"", ""black"", ""black"", ""black"", ""black"", ""black""], [""black"", ""blue"", ""black"", ""black"", ""black"", ""black"", ""black"", ""black"", ""black"", ""black"", ""black"", ""black"", ""black"", ""black"", ""black"", ""black""], [""black"", ""black"", ""black"", ""purple"", ""black"", ""black"", ""black"", ""black"", ""black"", ""black"", ""black"", ""black"", ""purple"", ""black"", ""black"", ""black""], [""black"", ""black"", ""black"", ""black"", ""purple"", ""black"", ""black"", ""blue"", ""black"", ""black"", ""black"", ""purple"", ""black"", ""black"", ""black"", ""black""], [""black"", ""black"", ""black"", ""black"", ""black"", ""purple"", ""black"", ""black"", ""black"", ""black"", ""purple"", ""black"", ""black"", ""black"", ""black"", ""black""], [""black"", ""black"", ""black"", ""black"", ""black"", ""black"", ""purple"", ""orange"", ""orange"", ""purple"", ""black"", ""black"", ""black"", ""black"", ""black"", ""black""], [""black"", ""black"", ""black"", ""black"", ""black"", ""black"", ""purple"", ""orange"", ""orange"", ""purple"", ""black"", ""black"", ""black"", ""black"", ""black"", ""black""], [""black"", ""black"", ""black"", ""black"", ""black"", ""black"", ""purple"", ""orange"", ""orange"", ""purple"", ""black"", ""black"", ""black"", ""black"", ""black"", ""black""]]",,0.0,False
15,noop,manual,"Task: interactive
Step: 15
Phase: Interactive
Available actions now:
- left
- right
- up
- down
- click X Y  (X=column, Y=row, both in 0..15; column/x first, then row/y)
- noop
- quit
- reset

========== Start of Direct Observation ==========
[[""black"", ""black"", ""purple"", ""black"", ""black"", ""orange"", ""black"", ""black"", ""blue"", ""black"", ""black"", ""gray"", ""black"", ""black"", ""red"", ""black""], [""black"", ""black"", ""black"", ""black"", ""black"", ""black"", ""black"", ""black"", ""black"", ""black"", ""black"", ""black"", ""black"", ""black"", ""black"", ""black""], [""black"", ""black"", ""black"", ""black"", ""black"", ""black"", ""black"", ""black"", ""black"", ""black"", ""black"", ""black"", ""black"", ""black"", ""black"", ""black""], [""black"", ""black"", ""purple"", ""purple"", ""black"", ""black"", ""black"", ""black"", ""black"", ""black"", ""black"", ""black"", ""black"", ""black"", ""black"", ""black""], [""black"", ""black"", ""purple"", ""black"", ""black"", ""black"", ""black"", ""black"", ""black"", ""black"", ""black"", ""black"", ""black"", ""black"", ""black"", ""black""], [""black"", ""black"", ""black"", ""black"", ""black"", ""black"", ""black"", ""black"", ""black"", ""black"", ""black"", ""black"", ""black"", ""orange"", ""black"", ""black""], [""black"", ""black"", ""black"", ""black"", ""black"", ""black"", ""black"", ""black"", ""black"", ""black"", ""black"", ""black"", ""black"", ""orange"", ""black"", ""black""], [""black"", ""black"", ""black"", ""black"", ""black"", ""black"", ""black"", ""black"", ""black"", ""black"", ""black"", ""black"", ""black"", ""black"", ""black"", ""black""], [""black"", ""black"", ""black"", ""black"", ""black"", ""black"", ""black"", ""black"", ""black"", ""black"", ""black"", ""black"", ""black"", ""black"", ""black"", ""black""], [""black"", ""black"", ""black"", ""black"", ""black"", ""black"", ""black"", ""black"", ""black"", ""black"", ""black"", ""black"", ""black"", ""black"", ""black"", ""black""], [""black"", ""blue"", ""black"", ""purple"", ""black"", ""black"", ""black"", ""black"", ""black"", ""black"", ""black"", ""black"", ""purple"", ""black"", ""black"", ""black""], [""black"", ""black"", ""black"", ""black"", ""purple"", ""black"", ""black"", ""black"", ""black"", ""black"", ""black"", ""purple"", ""black"", ""black"", ""black"", ""black""], [""black"", ""black"", ""black"", ""black"", ""black"", ""purple"", ""black"", ""blue"", ""black"", ""black"", ""purple"", ""black"", ""black"", ""black"", ""black"", ""black""], [""black"", ""black"", ""black"", ""black"", ""black"", ""black"", ""purple"", ""orange"", ""orange"", ""purple"", ""black"", ""black"", ""black"", ""black"", ""black"", ""black""], [""black"", ""black"", ""black"", ""black"", ""black"", ""black"", ""purple"", ""orange"", ""orange"", ""purple"", ""black"", ""black"", ""black"", ""black"", ""black"", ""black""], [""black"", ""black"", ""black"", ""black"", ""black"", ""black"", ""purple"", ""orange"", ""orange"", ""purple"", ""black"", ""black"", ""black"", ""black"", ""black"", ""black""]]",,0.0,False
16,click 11 0,manual,"Task: interactive
Step: 16
Phase: Interactive
Available actions now:
- left
- right
- up
- down
- click X Y  (X=column, Y=row, both in 0..15; column/x first, then row/y)
- noop
- quit
- reset

========== Start of Direct Observation ==========
[[""black"", ""black"", ""purple"", ""black"", ""black"", ""orange"", ""black"", ""black"", ""blue"", ""black"", ""black"", ""gray"", ""black"", ""black"", ""red"", ""black""], [""black"", ""black"", ""black"", ""black"", ""black"", ""black"", ""black"", ""black"", ""black"", ""black"", ""black"", ""black"", ""black"", ""black"", ""black"", ""black""], [""black"", ""black"", ""black"", ""black"", ""black"", ""black"", ""black"", ""black"", ""black"", ""black"", ""black"", ""black"", ""black"", ""black"", ""black"", ""black""], [""black"", ""black"", ""purple"", ""purple"", ""black"", ""black"", ""black"", ""black"", ""black"", ""black"", ""black"", ""black"", ""black"", ""black"", ""black"", ""black""], [""black"", ""black"", ""purple"", ""black"", ""black"", ""black"", ""black"", ""black"", ""black"", ""black"", ""black"", ""black"", ""black"", ""black"", ""black"", ""black""], [""black"", ""black"", ""black"", ""black"", ""black"", ""black"", ""black"", ""black"", ""black"", ""black"", ""black"", ""black"", ""black"", ""orange"", ""black"", ""black""], [""black"", ""black"", ""black"", ""black"", ""black"", ""black"", ""black"", ""black"", ""black"", ""black"", ""black"", ""black"", ""black"", ""orange"", ""black"", ""black""], [""black"", ""black"", ""black"", ""black"", ""black"", ""black"", ""black"", ""black"", ""black"", ""black"", ""black"", ""black"", ""black"", ""black"", ""black"", ""black""], [""black"", ""black"", ""black"", ""black"", ""black"", ""black"", ""black"", ""black"", ""black"", ""black"", ""black"", ""black"", ""black"", ""black"", ""black"", ""black""], [""black"", ""black"", ""black"", ""black"", ""black"", ""black"", ""black"", ""black"", ""black"", ""black"", ""black"", ""black"", ""black"", ""black"", ""black"", ""black""], [""black"", ""black"", ""black"", ""purple"", ""black"", ""black"", ""black"", ""black"", ""black"", ""black"", ""black"", ""black"", ""purple"", ""black"", ""black"", ""black""], [""black"", ""blue"", ""black"", ""black"", ""purple"", ""black"", ""black"", ""black"", ""black"", ""black"", ""black"", ""purple"", ""black"", ""black"", ""black"", ""black""], [""black"", ""black"", ""black"", ""black"", ""black"", ""purple"", ""blue"", ""black"", ""black"", ""black"", ""purple"", ""black"", ""black"", ""black"", ""black"", ""black""], [""black"", ""black"", ""black"", ""black"", ""black"", ""black"", ""purple"", ""orange"", ""orange"", ""purple"", ""black"", ""black"", ""black"", ""black"", ""black"", ""black""], [""black"", ""black"", ""black"", ""black"", ""black"", ""black"", ""purple"", ""orange"", ""orange"", ""purple"", ""black"", ""black"", ""black"", ""black"", ""black"", ""black""], [""black"", ""black"", ""black"", ""black"", ""black"", ""black"", ""purple"", ""orange"", ""orange"", ""purple"", ""black"", ""black"", ""black"", ""black"", ""black"", ""black""]]",,0.0,False
17,click 5 0,manual,"Task: interactive
Step: 17
Phase: Interactive
Available actions now:
- left
- right
- up
- down
- click X Y  (X=column, Y=row, both in 0..15; column/x first, then row/y)
- noop
- quit
- reset

========== Start of Direct Observation ==========
[[""black"", ""black"", ""purple"", ""black"", ""black"", ""orange"", ""black"", ""black"", ""blue"", ""black"", ""black"", ""gray"", ""black"", ""black"", ""red"", ""black""], [""black"", ""black"", ""black"", ""black"", ""black"", ""black"", ""black"", ""black"", ""black"", ""black"", ""black"", ""black"", ""black"", ""black"", ""black"", ""black""], [""black"", ""black"", ""black"", ""black"", ""black"", ""black"", ""black"", ""black"", ""black"", ""black"", ""black"", ""black"", ""black"", ""black"", ""black"", ""black""], [""black"", ""black"", ""purple"", ""purple"", ""black"", ""black"", ""black"", ""black"", ""black"", ""black"", ""black"", ""black"", ""black"", ""black"", ""black"", ""black""], [""black"", ""black"", ""purple"", ""black"", ""black"", ""black"", ""black"", ""black"", ""black"", ""black"", ""black"", ""black"", ""black"", ""black"", ""black"", ""black""], [""black"", ""black"", ""black"", ""black"", ""black"", ""black"", ""black"", ""black"", ""black"", ""black"", ""black"", ""black"", ""black"", ""black"", ""black"", ""black""], [""black"", ""black"", ""black"", ""black"", ""black"", ""black"", ""black"", ""black"", ""black"", ""black"", ""black"", ""black"", ""black"", ""black"", ""black"", ""black""], [""black"", ""black"", ""black"", ""black"", ""black"", ""black"", ""black"", ""black"", ""black"", ""black"", ""black"", ""black"", ""black"", ""black"", ""black"", ""black""], [""black"", ""black"", ""black"", ""black"", ""black"", ""black"", ""black"", ""black"", ""black"", ""black"", ""black"", ""black"", ""black"", ""black"", ""black"", ""black""], [""black"", ""black"", ""black"", ""black"", ""black"", ""black"", ""black"", ""black"", ""black"", ""black"", ""black"", ""black"", ""black"", ""black"", ""black"", ""black""], [""black"", ""black"", ""black"", ""purple"", ""black"", ""black"", ""black"", ""black"", ""black"", ""black"", ""black"", ""black"", ""purple"", ""black"", ""black"", ""black""], [""black"", ""black"", ""black"", ""black"", ""purple"", ""black"", ""black"", ""black"", ""black"", ""black"", ""black"", ""purple"", ""black"", ""black"", ""black"", ""black""], [""black"", ""blue"", ""black"", ""black"", ""black"", ""purple"", ""blue"", ""black"", ""black"", ""black"", ""purple"", ""black"", ""black"", ""black"", ""black"", ""black""], [""black"", ""black"", ""black"", ""black"", ""black"", ""black"", ""purple"", ""black"", ""black"", ""purple"", ""black"", ""black"", ""black"", ""black"", ""black"", ""black""], [""black"", ""black"", ""black"", ""black"", ""black"", ""black"", ""purple"", ""black"", ""black"", ""purple"", ""black"", ""black"", ""black"", ""black"", ""black"", ""black""], [""black"", ""black"", ""black"", ""black"", ""black"", ""black"", ""purple"", ""black"", ""black"", ""purple"", ""black"", ""black"", ""black"", ""black"", ""black"", ""black""]]",,0.0,False
18,click 1 8,manual,"Task: interactive
Step: 18
Phase: Interactive
Available actions now:
- left
- right
- up
- down
- click X Y  (X=column, Y=row, both in 0..15; column/x first, then row/y)
- noop
- quit
- reset

========== Start of Direct Observation ==========
[[""black"", ""black"", ""purple"", ""black"", ""black"", ""orange"", ""black"", ""black"", ""blue"", ""black"", ""black"", ""gray"", ""black"", ""black"", ""red"", ""black""], [""black"", ""black"", ""black"", ""black"", ""black"", ""black"", ""black"", ""black"", ""black"", ""black"", ""black"", ""black"", ""black"", ""black"", ""black"", ""black""], [""black"", ""black"", ""black"", ""black"", ""black"", ""black"", ""black"", ""black"", ""black"", ""black"", ""black"", ""black"", ""black"", ""black"", ""black"", ""black""], [""black"", ""black"", ""purple"", ""purple"", ""black"", ""black"", ""black"", ""black"", ""black"", ""black"", ""black"", ""black"", ""black"", ""black"", ""black"", ""black""], [""black"", ""black"", ""purple"", ""black"", ""black"", ""black"", ""black"", ""black"", ""black"", ""black"", ""black"", ""black"", ""black"", ""black"", ""black"", ""black""], [""black"", ""black"", ""black"", ""black"", ""black"", ""black"", ""black"", ""black"", ""black"", ""black"", ""black"", ""black"", ""black"", ""black"", ""black"", ""black""], [""black"", ""black"", ""black"", ""black"", ""black"", ""black"", ""black"", ""black"", ""black"", ""black"", ""black"", ""black"", ""black"", ""black"", ""black"", ""black""], [""black"", ""black"", ""black"", ""black"", ""black"", ""black"", ""black"", ""black"", ""black"", ""black"", ""black"", ""black"", ""black"", ""black"", ""black"", ""black""], [""black"", ""black"", ""black"", ""black"", ""black"", ""black"", ""black"", ""black"", ""black"", ""black"", ""black"", ""black"", ""black"", ""black"", ""black"", ""black""], [""black"", ""black"", ""black"", ""black"", ""black"", ""black"", ""black"", ""black"", ""black"", ""black"", ""black"", ""black"", ""black"", ""black"", ""black"", ""black""], [""black"", ""black"", ""black"", ""purple"", ""black"", ""black"", ""black"", ""black"", ""black"", ""black"", ""black"", ""black"", ""purple"", ""black"", ""black"", ""black""], [""black"", ""black"", ""black"", ""black"", ""purple"", ""black"", ""black"", ""black"", ""black"", ""black"", ""black"", ""purple"", ""black"", ""black"", ""black"", ""black""], [""black"", ""black"", ""black"", ""black"", ""black"", ""purple"", ""black"", ""blue"", ""black"", ""black"", ""purple"", ""black"", ""black"", ""black"", ""black"", ""black""], [""black"", ""blue"", ""black"", ""black"", ""black"", ""black"", ""purple"", ""black"", ""black"", ""purple"", ""black"", ""black"", ""black"", ""black"", ""black"", ""black""], [""black"", ""black"", ""black"", ""black"", ""black"", ""black"", ""purple"", ""black"", ""black"", ""purple"", ""black"", ""black"", ""black"", ""black"", ""black"", ""black""], [""black"", ""black"", ""black"", ""black"", ""black"", ""black"", ""purple"", ""black"", ""black"", ""purple"", ""black"", ""black"", ""black"", ""black"", ""black"", ""black""]]",,0.0,False
19,click 2 8,manual,"Task: interactive
Step: 19
Phase: Interactive
Available actions now:
- left
- right
- up
- down
- click X Y  (X=column, Y=row, both in 0..15; column/x first, then row/y)
- noop
- quit
- reset

========== Start of Direct Observation ==========
[[""black"", ""black"", ""purple"", ""black"", ""black"", ""orange"", ""black"", ""black"", ""blue"", ""black"", ""black"", ""gray"", ""black"", ""black"", ""red"", ""black""], [""black"", ""black"", ""black"", ""black"", ""black"", ""black"", ""black"", ""black"", ""black"", ""black"", ""black"", ""black"", ""black"", ""black"", ""black"", ""black""], [""black"", ""black"", ""black"", ""black"", ""black"", ""black"", ""black"", ""black"", ""black"", ""black"", ""black"", ""black"", ""black"", ""black"", ""black"", ""black""], [""black"", ""black"", ""purple"", ""purple"", ""black"", ""black"", ""black"", ""black"", ""black"", ""black"", ""black"", ""black"", ""black"", ""black"", ""black"", ""black""], [""black"", ""black"", ""purple"", ""black"", ""black"", ""black"", ""black"", ""black"", ""black"", ""black"", ""black"", ""black"", ""black"", ""black"", ""black"", ""black""], [""black"", ""black"", ""black"", ""black"", ""black"", ""black"", ""black"", ""black"", ""black"", ""black"", ""black"", ""black"", ""black"", ""black"", ""black"", ""black""], [""black"", ""black"", ""black"", ""black"", ""black"", ""black"", ""black"", ""black"", ""black"", ""black"", ""black"", ""black"", ""black"", ""black"", ""black"", ""black""], [""black"", ""black"", ""black"", ""black"", ""black"", ""black"", ""black"", ""black"", ""black"", ""black"", ""black"", ""black"", ""black"", ""black"", ""black"", ""black""], [""black"", ""orange"", ""black"", ""black"", ""black"", ""black"", ""black"", ""black"", ""black"", ""black"", ""black"", ""black"", ""black"", ""black"", ""black"", ""black""], [""black"", ""black"", ""black"", ""black"", ""black"", ""black"", ""black"", ""black"", ""black"", ""black"", ""black"", ""black"", ""black"", ""black"", ""black"", ""black""], [""black"", ""black"", ""black"", ""purple"", ""black"", ""black"", ""black"", ""black"", ""black"", ""black"", ""black"", ""black"", ""purple"", ""black"", ""black"", ""black""], [""black"", ""black"", ""black"", ""black"", ""purple"", ""black"", ""black"", ""black"", ""black"", ""black"", ""black"", ""purple"", ""black"", ""black"", ""black"", ""black""], [""black"", ""black"", ""black"", ""black"", ""black"", ""purple"", ""black"", ""black"", ""black"", ""black"", ""purple"", ""black"", ""black"", ""black"", ""black"", ""black""], [""black"", ""black"", ""black"", ""black"", ""black"", ""black"", ""purple"", ""blue"", ""black"", ""purple"", ""black"", ""black"", ""black"", ""black"", ""black"", ""black""], [""black"", ""blue"", ""black"", ""black"", ""black"", ""black"", ""purple"", ""black"", ""black"", ""purple"", ""black"", ""black"", ""black"", ""black"", ""black"", ""black""], [""black"", ""black"", ""black"", ""black"", ""black"", ""black"", ""purple"", ""black"", ""black"", ""purple"", ""black"", ""black"", ""black"", ""black"", ""black"", ""black""]]",,0.0,False
20,click 8 0,manual,"Task: interactive
Step: 20
Phase: Interactive
Available actions now:
- left
- right
- up
- down
- click X Y  (X=column, Y=row, both in 0..15; column/x first, then row/y)
- noop
- quit
- reset

========== Start of Direct Observation ==========
[[""black"", ""black"", ""purple"", ""black"", ""black"", ""orange"", ""black"", ""black"", ""blue"", ""black"", ""black"", ""gray"", ""black"", ""black"", ""red"", ""black""], [""black"", ""black"", ""black"", ""black"", ""black"", ""black"", ""black"", ""black"", ""black"", ""black"", ""black"", ""black"", ""black"", ""black"", ""black"", ""black""], [""black"", ""black"", ""black"", ""black"", ""black"", ""black"", ""black"", ""black"", ""black"", ""black"", ""black"", ""black"", ""black"", ""black"", ""black"", ""black""], [""black"", ""black"", ""purple"", ""purple"", ""black"", ""black"", ""black"", ""black"", ""black"", ""black"", ""black"", ""black"", ""black"", ""black"", ""black"", ""black""], [""black"", ""black"", ""purple"", ""black"", ""black"", ""black"", ""black"", ""black"", ""black"", ""black"", ""black"", ""black"", ""black"", ""black"", ""black"", ""black""], [""black"", ""black"", ""black"", ""black"", ""black"", ""black"", ""black"", ""black"", ""black"", ""black"", ""black"", ""black"", ""black"", ""black"", ""black"", ""black""], [""black"", ""black"", ""black"", ""black"", ""black"", ""black"", ""black"", ""black"", ""black"", ""black"", ""black"", ""black"", ""black"", ""black"", ""black"", ""black""], [""black"", ""black"", ""black"", ""black"", ""black"", ""black"", ""black"", ""black"", ""black"", ""black"", ""black"", ""black"", ""black"", ""black"", ""black"", ""black""], [""black"", ""orange"", ""orange"", ""black"", ""black"", ""black"", ""black"", ""black"", ""black"", ""black"", ""black"", ""black"", ""black"", ""black"", ""black"", ""black""], [""black"", ""black"", ""black"", ""black"", ""black"", ""black"", ""black"", ""black"", ""black"", ""black"", ""black"", ""black"", ""black"", ""black"", ""black"", ""black""], [""black"", ""black"", ""black"", ""purple"", ""black"", ""black"", ""black"", ""black"", ""black"", ""black"", ""black"", ""black"", ""purple"", ""black"", ""black"", ""black""], [""black"", ""black"", ""black"", ""black"", ""purple"", ""black"", ""black"", ""black"", ""black"", ""black"", ""black"", ""purple"", ""black"", ""black"", ""black"", ""black""], [""black"", ""black"", ""black"", ""black"", ""black"", ""purple"", ""black"", ""black"", ""black"", ""black"", ""purple"", ""black"", ""black"", ""black"", ""black"", ""black""], [""black"", ""black"", ""black"", ""black"", ""black"", ""black"", ""purple"", ""black"", ""black"", ""purple"", ""black"", ""black"", ""black"", ""black"", ""black"", ""black""], [""black"", ""black"", ""black"", ""black"", ""black"", ""black"", ""purple"", ""blue"", ""black"", ""purple"", ""black"", ""black"", ""black"", ""black"", ""black"", ""black""], [""black"", ""blue"", ""black"", ""black"", ""black"", ""black"", ""purple"", ""black"", ""black"", ""purple"", ""black"", ""black"", ""black"", ""black"", ""black"", ""black""]]",,0.0,False
21,click 1 6,manual,"Task: interactive
Step: 21
Phase: Interactive
Available actions now:
- left
- right
- up
- down
- click X Y  (X=column, Y=row, both in 0..15; column/x first, then row/y)
- noop
- quit
- reset

========== Start of Direct Observation ==========
[[""black"", ""black"", ""purple"", ""black"", ""black"", ""orange"", ""black"", ""black"", ""blue"", ""black"", ""black"", ""gray"", ""black"", ""black"", ""red"", ""black""], [""black"", ""black"", ""black"", ""black"", ""black"", ""black"", ""black"", ""black"", ""black"", ""black"", ""black"", ""black"", ""black"", ""black"", ""black"", ""black""], [""black"", ""black"", ""black"", ""black"", ""black"", ""black"", ""black"", ""black"", ""black"", ""black"", ""black"", ""black"", ""black"", ""black"", ""black"", ""black""], [""black"", ""black"", ""purple"", ""purple"", ""black"", ""black"", ""black"", ""black"", ""black"", ""black"", ""black"", ""black"", ""black"", ""black"", ""black"", ""black""], [""black"", ""black"", ""purple"", ""black"", ""black"", ""black"", ""black"", ""black"", ""black"", ""black"", ""black"", ""black"", ""black"", ""black"", ""black"", ""black""], [""black"", ""black"", ""black"", ""black"", ""black"", ""black"", ""black"", ""black"", ""black"", ""black"", ""black"", ""black"", ""black"", ""black"", ""black"", ""black""], [""black"", ""black"", ""black"", ""black"", ""black"", ""black"", ""black"", ""black"", ""black"", ""black"", ""black"", ""black"", ""black"", ""black"", ""black"", ""black""], [""black"", ""black"", ""black"", ""black"", ""black"", ""black"", ""black"", ""black"", ""black"", ""black"", ""black"", ""black"", ""black"", ""black"", ""black"", ""black""], [""black"", ""orange"", ""orange"", ""black"", ""black"", ""black"", ""black"", ""black"", ""black"", ""black"", ""black"", ""black"", ""black"", ""black"", ""black"", ""black""], [""black"", ""black"", ""black"", ""black"", ""black"", ""black"", ""black"", ""black"", ""black"", ""black"", ""black"", ""black"", ""black"", ""black"", ""black"", ""black""], [""black"", ""black"", ""black"", ""purple"", ""black"", ""black"", ""black"", ""black"", ""black"", ""black"", ""black"", ""black"", ""purple"", ""black"", ""black"", ""black""], [""black"", ""black"", ""black"", ""black"", ""purple"", ""black"", ""black"", ""black"", ""black"", ""black"", ""black"", ""purple"", ""black"", ""black"", ""black"", ""black""], [""black"", ""black"", ""black"", ""black"", ""black"", ""purple"", ""black"", ""black"", ""black"", ""black"", ""purple"", ""black"", ""black"", ""black"", ""black"", ""black""], [""black"", ""black"", ""black"", ""black"", ""black"", ""black"", ""purple"", ""black"", ""black"", ""purple"", ""black"", ""black"", ""black"", ""black"", ""black"", ""black""], [""black"", ""black"", ""black"", ""black"", ""black"", ""black"", ""purple"", ""black"", ""black"", ""purple"", ""black"", ""black"", ""black"", ""black"", ""black"", ""black""], [""black"", ""blue"", ""black"", ""black"", ""black"", ""black"", ""purple"", ""blue"", ""black"", ""purple"", ""black"", ""black"", ""black"", ""black"", ""black"", ""black""]]",,0.0,False
22,noop,manual,"Task: interactive
Step: 22
Phase: Interactive
Available actions now:
- left
- right
- up
- down
- click X Y  (X=column, Y=row, both in 0..15; column/x first, then row/y)
- noop
- quit
- reset

========== Start of Direct Observation ==========
[[""black"", ""black"", ""purple"", ""black"", ""black"", ""orange"", ""black"", ""black"", ""blue"", ""black"", ""black"", ""gray"", ""black"", ""black"", ""red"", ""black""], [""black"", ""black"", ""black"", ""black"", ""black"", ""black"", ""black"", ""black"", ""black"", ""black"", ""black"", ""black"", ""black"", ""black"", ""black"", ""black""], [""black"", ""black"", ""black"", ""black"", ""black"", ""black"", ""black"", ""black"", ""black"", ""black"", ""black"", ""black"", ""black"", ""black"", ""black"", ""black""], [""black"", ""black"", ""purple"", ""purple"", ""black"", ""black"", ""black"", ""black"", ""black"", ""black"", ""black"", ""black"", ""black"", ""black"", ""black"", ""black""], [""black"", ""black"", ""purple"", ""black"", ""black"", ""black"", ""black"", ""black"", ""black"", ""black"", ""black"", ""black"", ""black"", ""black"", ""black"", ""black""], [""black"", ""black"", ""black"", ""black"", ""black"", ""black"", ""black"", ""black"", ""black"", ""black"", ""black"", ""black"", ""black"", ""black"", ""black"", ""black""], [""black"", ""blue"", ""black"", ""black"", ""black"", ""black"", ""black"", ""black"", ""black"", ""black"", ""black"", ""black"", ""black"", ""black"", ""black"", ""black""], [""black"", ""black"", ""black"", ""black"", ""black"", ""black"", ""black"", ""black"", ""black"", ""black"", ""black"", ""black"", ""black"", ""black"", ""black"", ""black""], [""black"", ""orange"", ""orange"", ""black"", ""black"", ""black"", ""black"", ""black"", ""black"", ""black"", ""black"", ""black"", ""black"", ""black"", ""black"", ""black""], [""black"", ""black"", ""black"", ""black"", ""black"", ""black"", ""black"", ""black"", ""black"", ""black"", ""black"", ""black"", ""black"", ""black"", ""black"", ""black""], [""black"", ""black"", ""black"", ""purple"", ""black"", ""black"", ""black"", ""black"", ""black"", ""black"", ""black"", ""black"", ""purple"", ""black"", ""black"", ""black""], [""black"", ""black"", ""black"", ""black"", ""purple"", ""black"", ""black"", ""black"", ""black"", ""black"", ""black"", ""purple"", ""black"", ""black"", ""black"", ""black""], [""black"", ""black"", ""black"", ""black"", ""black"", ""purple"", ""black"", ""black"", ""black"", ""black"", ""purple"", ""black"", ""black"", ""black"", ""black"", ""black""], [""black"", ""black"", ""black"", ""black"", ""black"", ""black"", ""purple"", ""black"", ""black"", ""purple"", ""black"", ""black"", ""black"", ""black"", ""black"", ""black""], [""black"", ""black"", ""black"", ""black"", ""black"", ""black"", ""purple"", ""black"", ""black"", ""purple"", ""black"", ""black"", ""black"", ""black"", ""black"", ""black""], [""black"", ""blue"", ""black"", ""black"", ""black"", ""black"", ""purple"", ""blue"", ""black"", ""purple"", ""black"", ""black"", ""black"", ""black"", ""black"", ""black""]]",,0.0,False
23,noop,manual,"Task: interactive
Step: 23
Phase: Interactive
Available actions now:
- left
- right
- up
- down
- click X Y  (X=column, Y=row, both in 0..15; column/x first, then row/y)
- noop
- quit
- reset

========== Start of Direct Observation ==========
[[""black"", ""black"", ""purple"", ""black"", ""black"", ""orange"", ""black"", ""black"", ""blue"", ""black"", ""black"", ""gray"", ""black"", ""black"", ""red"", ""black""], [""black"", ""black"", ""black"", ""black"", ""black"", ""black"", ""black"", ""black"", ""black"", ""black"", ""black"", ""black"", ""black"", ""black"", ""black"", ""black""], [""black"", ""black"", ""black"", ""black"", ""black"", ""black"", ""black"", ""black"", ""black"", ""black"", ""black"", ""black"", ""black"", ""black"", ""black"", ""black""], [""black"", ""black"", ""purple"", ""purple"", ""black"", ""black"", ""black"", ""black"", ""black"", ""black"", ""black"", ""black"", ""black"", ""black"", ""black"", ""black""], [""black"", ""black"", ""purple"", ""black"", ""black"", ""black"", ""black"", ""black"", ""black"", ""black"", ""black"", ""black"", ""black"", ""black"", ""black"", ""black""], [""black"", ""black"", ""black"", ""black"", ""black"", ""black"", ""black"", ""black"", ""black"", ""black"", ""black"", ""black"", ""black"", ""black"", ""black"", ""black""], [""black"", ""black"", ""black"", ""black"", ""black"", ""black"", ""black"", ""black"", ""black"", ""black"", ""black"", ""black"", ""black"", ""black"", ""black"", ""black""], [""black"", ""blue"", ""black"", ""black"", ""black"", ""black"", ""black"", ""black"", ""black"", ""black"", ""black"", ""black"", ""black"", ""black"", ""black"", ""black""], [""black"", ""orange"", ""orange"", ""black"", ""black"", ""black"", ""black"", ""black"", ""black"", ""black"", ""black"", ""black"", ""black"", ""black"", ""black"", ""black""], [""black"", ""black"", ""black"", ""black"", ""black"", ""black"", ""black"", ""black"", ""black"", ""black"", ""black"", ""black"", ""black"", ""black"", ""black"", ""black""], [""black"", ""black"", ""black"", ""purple"", ""black"", ""black"", ""black"", ""black"", ""black"", ""black"", ""black"", ""black"", ""purple"", ""black"", ""black"", ""black""], [""black"", ""black"", ""black"", ""black"", ""purple"", ""black"", ""black"", ""black"", ""black"", ""black"", ""black"", ""purple"", ""black"", ""black"", ""black"", ""black""], [""black"", ""black"", ""black"", ""black"", ""black"", ""purple"", ""black"", ""black"", ""black"", ""black"", ""purple"", ""black"", ""black"", ""black"", ""black"", ""black""], [""black"", ""black"", ""black"", ""black"", ""black"", ""black"", ""purple"", ""black"", ""black"", ""purple"", ""black"", ""black"", ""black"", ""black"", ""black"", ""black""], [""black"", ""black"", ""black"", ""black"", ""black"", ""black"", ""purple"", ""black"", ""black"", ""purple"", ""black"", ""black"", ""black"", ""black"", ""black"", ""black""], [""black"", ""blue"", ""black"", ""black"", ""black"", ""black"", ""purple"", ""blue"", ""black"", ""purple"", ""black"", ""black"", ""black"", ""black"", ""black"", ""black""]]",,0.0,False
24,click 14 0,manual,"Task: interactive
Step: 24
Phase: Interactive
Available actions now:
- left
- right
- up
- down
- click X Y  (X=column, Y=row, both in 0..15; column/x first, then row/y)
- noop
- quit
- reset

========== Start of Direct Observation ==========
[[""black"", ""black"", ""purple"", ""black"", ""black"", ""orange"", ""black"", ""black"", ""blue"", ""black"", ""black"", ""gray"", ""black"", ""black"", ""red"", ""black""], [""black"", ""black"", ""black"", ""black"", ""black"", ""black"", ""black"", ""black"", ""black"", ""black"", ""black"", ""black"", ""black"", ""black"", ""black"", ""black""], [""black"", ""black"", ""black"", ""black"", ""black"", ""black"", ""black"", ""black"", ""black"", ""black"", ""black"", ""black"", ""black"", ""black"", ""black"", ""black""], [""black"", ""black"", ""purple"", ""purple"", ""black"", ""black"", ""black"", ""black"", ""black"", ""black"", ""black"", ""black"", ""black"", ""black"", ""black"", ""black""], [""black"", ""black"", ""purple"", ""black"", ""black"", ""black"", ""black"", ""black"", ""black"", ""black"", ""black"", ""black"", ""black"", ""black"", ""black"", ""black""], [""black"", ""black"", ""black"", ""black"", ""black"", ""black"", ""black"", ""black"", ""black"", ""black"", ""black"", ""black"", ""black"", ""black"", ""black"", ""black""], [""black"", ""black"", ""black"", ""black"", ""black"", ""black"", ""black"", ""black"", ""black"", ""black"", ""black"", ""black"", ""black"", ""black"", ""black"", ""black""], [""blue"", ""black"", ""black"", ""black"", ""black"", ""black"", ""black"", ""black"", ""black"", ""black"", ""black"", ""black"", ""black"", ""black"", ""black"", ""black""], [""black"", ""orange"", ""orange"", ""black"", ""black"", ""black"", ""black"", ""black"", ""black"", ""black"", ""black"", ""black"", ""black"", ""black"", ""black"", ""black""], [""black"", ""black"", ""black"", ""black"", ""black"", ""black"", ""black"", ""black"", ""black"", ""black"", ""black"", ""black"", ""black"", ""black"", ""black"", ""black""], [""black"", ""black"", ""black"", ""purple"", ""black"", ""black"", ""black"", ""black"", ""black"", ""black"", ""black"", ""black"", ""purple"", ""black"", ""black"", ""black""], [""black"", ""black"", ""black"", ""black"", ""purple"", ""black"", ""black"", ""black"", ""black"", ""black"", ""black"", ""purple"", ""black"", ""black"", ""black"", ""black""], [""black"", ""black"", ""black"", ""black"", ""black"", ""purple"", ""black"", ""black"", ""black"", ""black"", ""purple"", ""black"", ""black"", ""black"", ""black"", ""black""], [""black"", ""black"", ""black"", ""black"", ""black"", ""black"", ""purple"", ""black"", ""black"", ""purple"", ""black"", ""black"", ""black"", ""black"", ""black"", ""black""], [""black"", ""black"", ""black"", ""black"", ""black"", ""black"", ""purple"", ""black"", ""black"", ""purple"", ""black"", ""black"", ""black"", ""black"", ""black"", ""black""], [""black"", ""blue"", ""black"", ""black"", ""black"", ""black"", ""purple"", ""blue"", ""black"", ""purple"", ""black"", ""black"", ""black"", ""black"", ""black"", ""black""]]",,0.0,False
25,click 2 0,manual,"Task: interactive
Step: 25
Phase: Interactive
Available actions now:
- left
- right
- up
- down
- click X Y  (X=column, Y=row, both in 0..15; column/x first, then row/y)
- noop
- quit
- reset

========== Start of Direct Observation ==========
[[""black"", ""black"", ""purple"", ""black"", ""black"", ""orange"", ""black"", ""black"", ""blue"", ""black"", ""black"", ""gray"", ""black"", ""black"", ""red"", ""black""], [""black"", ""black"", ""black"", ""black"", ""black"", ""black"", ""black"", ""black"", ""black"", ""black"", ""black"", ""black"", ""black"", ""black"", ""black"", ""black""], [""black"", ""black"", ""black"", ""black"", ""black"", ""black"", ""black"", ""black"", ""black"", ""black"", ""black"", ""black"", ""black"", ""black"", ""black"", ""black""], [""black"", ""black"", ""black"", ""black"", ""black"", ""black"", ""black"", ""black"", ""black"", ""black"", ""black"", ""black"", ""black"", ""black"", ""black"", ""black""], [""black"", ""black"", ""black"", ""black"", ""black"", ""black"", ""black"", ""black"", ""black"", ""black"", ""black"", ""black"", ""black"", ""black"", ""black"", ""black""], [""black"", ""black"", ""black"", ""black"", ""black"", ""black"", ""black"", ""black"", ""black"", ""black"", ""black"", ""black"", ""black"", ""black"", ""black"", ""black""], [""black"", ""black"", ""black"", ""black"", ""black"", ""black"", ""black"", ""black"", ""black"", ""black"", ""black"", ""black"", ""black"", ""black"", ""black"", ""black""], [""black"", ""black"", ""black"", ""black"", ""black"", ""black"", ""black"", ""black"", ""black"", ""black"", ""black"", ""black"", ""black"", ""black"", ""black"", ""black""], [""black"", ""black"", ""black"", ""black"", ""black"", ""black"", ""black"", ""black"", ""black"", ""black"", ""black"", ""black"", ""black"", ""black"", ""black"", ""black""], [""black"", ""black"", ""black"", ""black"", ""black"", ""black"", ""black"", ""black"", ""black"", ""black"", ""black"", ""black"", ""black"", ""black"", ""black"", ""black""], [""black"", ""black"", ""black"", ""black"", ""black"", ""black"", ""black"", ""black"", ""black"", ""black"", ""black"", ""black"", ""black"", ""black"", ""black"", ""black""], [""black"", ""black"", ""black"", ""black"", ""black"", ""black"", ""black"", ""black"", ""black"", ""black"", ""black"", ""black"", ""black"", ""black"", ""black"", ""black""], [""black"", ""black"", ""black"", ""black"", ""black"", ""black"", ""black"", ""black"", ""black"", ""black"", ""black"", ""black"", ""black"", ""black"", ""black"", ""black""], [""black"", ""black"", ""black"", ""black"", ""black"", ""black"", ""black"", ""black"", ""black"", ""black"", ""black"", ""black"", ""black"", ""black"", ""black"", ""black""], [""black"", ""black"", ""black"", ""black"", ""black"", ""black"", ""black"", ""black"", ""black"", ""black"", ""black"", ""black"", ""black"", ""black"", ""black"", ""black""], [""black"", ""black"", ""black"", ""black"", ""black"", ""black"", ""black"", ""black"", ""black"", ""black"", ""black"", ""black"", ""black"", ""black"", ""black"", ""black""]]",,0.0,False
26,click 7 7,manual,"Task: interactive
Step: 26
Phase: Interactive
Available actions now:
- left
- right
- up
- down
- click X Y  (X=column, Y=row, both in 0..15; column/x first, then row/y)
- noop
- quit
- reset

========== Start of Direct Observation ==========
[[""black"", ""black"", ""purple"", ""black"", ""black"", ""orange"", ""black"", ""black"", ""blue"", ""black"", ""black"", ""gray"", ""black"", ""black"", ""red"", ""black""], [""black"", ""black"", ""black"", ""black"", ""black"", ""black"", ""black"", ""black"", ""black"", ""black"", ""black"", ""black"", ""black"", ""black"", ""black"", ""black""], [""black"", ""black"", ""black"", ""black"", ""black"", ""black"", ""black"", ""black"", ""black"", ""black"", ""black"", ""black"", ""black"", ""black"", ""black"", ""black""], [""black"", ""black"", ""black"", ""black"", ""black"", ""black"", ""black"", ""black"", ""black"", ""black"", ""black"", ""black"", ""black"", ""black"", ""black"", ""black""], [""black"", ""black"", ""black"", ""black"", ""black"", ""black"", ""black"", ""black"", ""black"", ""black"", ""black"", ""black"", ""black"", ""black"", ""black"", ""black""], [""black"", ""black"", ""black"", ""black"", ""black"", ""black"", ""black"", ""black"", ""black"", ""black"", ""black"", ""black"", ""black"", ""black"", ""black"", ""black""], [""black"", ""black"", ""black"", ""black"", ""black"", ""black"", ""black"", ""black"", ""black"", ""black"", ""black"", ""black"", ""black"", ""black"", ""black"", ""black""], [""black"", ""black"", ""black"", ""black"", ""black"", ""black"", ""black"", ""black"", ""black"", ""black"", ""black"", ""black"", ""black"", ""black"", ""black"", ""black""], [""black"", ""black"", ""black"", ""black"", ""black"", ""black"", ""black"", ""black"", ""black"", ""black"", ""black"", ""black"", ""black"", ""black"", ""black"", ""black""], [""black"", ""black"", ""black"", ""black"", ""black"", ""black"", ""black"", ""black"", ""black"", ""black"", ""black"", ""black"", ""black"", ""black"", ""black"", ""black""], [""black"", ""black"", ""black"", ""black"", ""black"", ""black"", ""black"", ""black"", ""black"", ""black"", ""black"", ""black"", ""black"", ""black"", ""black"", ""black""], [""black"", ""black"", ""black"", ""black"", ""black"", ""black"", ""black"", ""black"", ""black"", ""black"", ""black"", ""black"", ""black"", ""black"", ""black"", ""black""], [""black"", ""black"", ""black"", ""black"", ""black"", ""black"", ""black"", ""black"", ""black"", ""black"", ""black"", ""black"", ""black"", ""black"", ""black"", ""black""], [""black"", ""black"", ""black"", ""black"", ""black"", ""black"", ""black"", ""black"", ""black"", ""black"", ""black"", ""black"", ""black"", ""black"", ""black"", ""black""], [""black"", ""black"", ""black"", ""black"", ""black"", ""black"", ""black"", ""black"", ""black"", ""black"", ""black"", ""black"", ""black"", ""black"", ""black"", ""black""], [""black"", ""black"", ""black"", ""black"", ""black"", ""black"", ""black"", ""black"", ""black"", ""black"", ""black"", ""black"", ""black"", ""black"", ""black"", ""black""]]",,0.0,False
27,click 8 7,manual,"Task: interactive
Step: 27
Phase: Interactive
Available actions now:
- left
- right
- up
- down
- click X Y  (X=column, Y=row, both in 0..15; column/x first, then row/y)
- noop
- quit
- reset

========== Start of Direct Observation ==========
[[""black"", ""black"", ""purple"", ""black"", ""black"", ""orange"", ""black"", ""black"", ""blue"", ""black"", ""black"", ""gray"", ""black"", ""black"", ""red"", ""black""], [""black"", ""black"", ""black"", ""black"", ""black"", ""black"", ""black"", ""black"", ""black"", ""black"", ""black"", ""black"", ""black"", ""black"", ""black"", ""black""], [""black"", ""black"", ""black"", ""black"", ""black"", ""black"", ""black"", ""black"", ""black"", ""black"", ""black"", ""black"", ""black"", ""black"", ""black"", ""black""], [""black"", ""black"", ""black"", ""black"", ""black"", ""black"", ""black"", ""black"", ""black"", ""black"", ""black"", ""black"", ""black"", ""black"", ""black"", ""black""], [""black"", ""black"", ""black"", ""black"", ""black"", ""black"", ""black"", ""black"", ""black"", ""black"", ""black"", ""black"", ""black"", ""black"", ""black"", ""black""], [""black"", ""black"", ""black"", ""black"", ""black"", ""black"", ""black"", ""black"", ""black"", ""black"", ""black"", ""black"", ""black"", ""black"", ""black"", ""black""], [""black"", ""black"", ""black"", ""black"", ""black"", ""black"", ""black"", ""black"", ""black"", ""black"", ""black"", ""black"", ""black"", ""black"", ""black"", ""black""], [""black"", ""black"", ""black"", ""black"", ""black"", ""black"", ""black"", ""purple"", ""black"", ""black"", ""black"", ""black"", ""black"", ""black"", ""black"", ""black""], [""black"", ""black"", ""black"", ""black"", ""black"", ""black"", ""black"", ""black"", ""black"", ""black"", ""black"", ""black"", ""black"", ""black"", ""black"", ""black""], [""black"", ""black"", ""black"", ""black"", ""black"", ""black"", ""black"", ""black"", ""black"", ""black"", ""black"", ""black"", ""black"", ""black"", ""black"", ""black""], [""black"", ""black"", ""black"", ""black"", ""black"", ""black"", ""black"", ""black"", ""black"", ""black"", ""black"", ""black"", ""black"", ""black"", ""black"", ""black""], [""black"", ""black"", ""black"", ""black"", ""black"", ""black"", ""black"", ""black"", ""black"", ""black"", ""black"", ""black"", ""black"", ""black"", ""black"", ""black""], [""black"", ""black"", ""black"", ""black"", ""black"", ""black"", ""black"", ""black"", ""black"", ""black"", ""black"", ""black"", ""black"", ""black"", ""black"", ""black""], [""black"", ""black"", ""black"", ""black"", ""black"", ""black"", ""black"", ""black"", ""black"", ""black"", ""black"", ""black"", ""black"", ""black"", ""black"", ""black""], [""black"", ""black"", ""black"", ""black"", ""black"", ""black"", ""black"", ""black"", ""black"", ""black"", ""black"", ""black"", ""black"", ""black"", ""black"", ""black""], [""black"", ""black"", ""black"", ""black"", ""black"", ""black"", ""black"", ""black"", ""black"", ""black"", ""black"", ""black"", ""black"", ""black"", ""black"", ""black""]]",,0.0,False
28,click 8 0,manual,"Task: interactive
Step: 28
Phase: Interactive
Available actions now:
- left
- right
- up
- down
- click X Y  (X=column, Y=row, both in 0..15; column/x first, then row/y)
- noop
- quit
- reset

========== Start of Direct Observation ==========
[[""black"", ""black"", ""purple"", ""black"", ""black"", ""orange"", ""black"", ""black"", ""blue"", ""black"", ""black"", ""gray"", ""black"", ""black"", ""red"", ""black""], [""black"", ""black"", ""black"", ""black"", ""black"", ""black"", ""black"", ""black"", ""black"", ""black"", ""black"", ""black"", ""black"", ""black"", ""black"", ""black""], [""black"", ""black"", ""black"", ""black"", ""black"", ""black"", ""black"", ""black"", ""black"", ""black"", ""black"", ""black"", ""black"", ""black"", ""black"", ""black""], [""black"", ""black"", ""black"", ""black"", ""black"", ""black"", ""black"", ""black"", ""black"", ""black"", ""black"", ""black"", ""black"", ""black"", ""black"", ""black""], [""black"", ""black"", ""black"", ""black"", ""black"", ""black"", ""black"", ""black"", ""black"", ""black"", ""black"", ""black"", ""black"", ""black"", ""black"", ""black""], [""black"", ""black"", ""black"", ""black"", ""black"", ""black"", ""black"", ""black"", ""black"", ""black"", ""black"", ""black"", ""black"", ""black"", ""black"", ""black""], [""black"", ""black"", ""black"", ""black"", ""black"", ""black"", ""black"", ""black"", ""black"", ""black"", ""black"", ""black"", ""black"", ""black"", ""black"", ""black""], [""black"", ""black"", ""black"", ""black"", ""black"", ""black"", ""black"", ""purple"", ""purple"", ""black"", ""black"", ""black"", ""black"", ""black"", ""black"", ""black""], [""black"", ""black"", ""black"", ""black"", ""black"", ""black"", ""black"", ""black"", ""black"", ""black"", ""black"", ""black"", ""black"", ""black"", ""black"", ""black""], [""black"", ""black"", ""black"", ""black"", ""black"", ""black"", ""black"", ""black"", ""black"", ""black"", ""black"", ""black"", ""black"", ""black"", ""black"", ""black""], [""black"", ""black"", ""black"", ""black"", ""black"", ""black"", ""black"", ""black"", ""black"", ""black"", ""black"", ""black"", ""black"", ""black"", ""black"", ""black""], [""black"", ""black"", ""black"", ""black"", ""black"", ""black"", ""black"", ""black"", ""black"", ""black"", ""black"", ""black"", ""black"", ""black"", ""black"", ""black""], [""black"", ""black"", ""black"", ""black"", ""black"", ""black"", ""black"", ""black"", ""black"", ""black"", ""black"", ""black"", ""black"", ""black"", ""black"", ""black""], [""black"", ""black"", ""black"", ""black"", ""black"", ""black"", ""black"", ""black"", ""black"", ""black"", ""black"", ""black"", ""black"", ""black"", ""black"", ""black""], [""black"", ""black"", ""black"", ""black"", ""black"", ""black"", ""black"", ""black"", ""black"", ""black"", ""black"", ""black"", ""black"", ""black"", ""black"", ""black""], [""black"", ""black"", ""black"", ""black"", ""black"", ""black"", ""black"", ""black"", ""black"", ""black"", ""black"", ""black"", ""black"", ""black"", ""black"", ""black""]]",,0.0,False
29,click 7 4,manual,"Task: interactive
Step: 29
Phase: Interactive
Available actions now:
- left
- right
- up
- down
- click X Y  (X=column, Y=row, both in 0..15; column/x first, then row/y)
- noop
- quit
- reset

========== Start of Direct Observation ==========
[[""black"", ""black"", ""purple"", ""black"", ""black"", ""orange"", ""black"", ""black"", ""blue"", ""black"", ""black"", ""gray"", ""black"", ""black"", ""red"", ""black""], [""black"", ""black"", ""black"", ""black"", ""black"", ""black"", ""black"", ""black"", ""black"", ""black"", ""black"", ""black"", ""black"", ""black"", ""black"", ""black""], [""black"", ""black"", ""black"", ""black"", ""black"", ""black"", ""black"", ""black"", ""black"", ""black"", ""black"", ""black"", ""black"", ""black"", ""black"", ""black""], [""black"", ""black"", ""black"", ""black"", ""black"", ""black"", ""black"", ""black"", ""black"", ""black"", ""black"", ""black"", ""black"", ""black"", ""black"", ""black""], [""black"", ""black"", ""black"", ""black"", ""black"", ""black"", ""black"", ""black"", ""black"", ""black"", ""black"", ""black"", ""black"", ""black"", ""black"", ""black""], [""black"", ""black"", ""black"", ""black"", ""black"", ""black"", ""black"", ""black"", ""black"", ""black"", ""black"", ""black"", ""black"", ""black"", ""black"", ""black""], [""black"", ""black"", ""black"", ""black"", ""black"", ""black"", ""black"", ""black"", ""black"", ""black"", ""black"", ""black"", ""black"", ""black"", ""black"", ""black""], [""black"", ""black"", ""black"", ""black"", ""black"", ""black"", ""black"", ""purple"", ""purple"", ""black"", ""black"", ""black"", ""black"", ""black"", ""black"", ""black""], [""black"", ""black"", ""black"", ""black"", ""black"", ""black"", ""black"", ""black"", ""black"", ""black"", ""black"", ""black"", ""black"", ""black"", ""black"", ""black""], [""black"", ""black"", ""black"", ""black"", ""black"", ""black"", ""black"", ""black"", ""black"", ""black"", ""black"", ""black"", ""black"", ""black"", ""black"", ""black""], [""black"", ""black"", ""black"", ""black"", ""black"", ""black"", ""black"", ""black"", ""black"", ""black"", ""black"", ""black"", ""black"", ""black"", ""black"", ""black""], [""black"", ""black"", ""black"", ""black"", ""black"", ""black"", ""black"", ""black"", ""black"", ""black"", ""black"", ""black"", ""black"", ""black"", ""black"", ""black""], [""black"", ""black"", ""black"", ""black"", ""black"", ""black"", ""black"", ""black"", ""black"", ""black"", ""black"", ""black"", ""black"", ""black"", ""black"", ""black""], [""black"", ""black"", ""black"", ""black"", ""black"", ""black"", ""black"", ""black"", ""black"", ""black"", ""black"", ""black"", ""black"", ""black"", ""black"", ""black""], [""black"", ""black"", ""black"", ""black"", ""black"", ""black"", ""black"", ""black"", ""black"", ""black"", ""black"", ""black"", ""black"", ""black"", ""black"", ""black""], [""black"", ""black"", ""black"", ""black"", ""black"", ""black"", ""black"", ""black"", ""black"", ""black"", ""black"", ""black"", ""black"", ""black"", ""black"", ""black""]]",,0.0,False
30,noop,manual,"Task: interactive
Step: 30
Phase: Interactive
Available actions now:
- left
- right
- up
- down
- click X Y  (X=column, Y=row, both in 0..15; column/x first, then row/y)
- noop
- quit
- reset

========== Start of Direct Observation ==========
[[""black"", ""black"", ""purple"", ""black"", ""black"", ""orange"", ""black"", ""black"", ""blue"", ""black"", ""black"", ""gray"", ""black"", ""black"", ""red"", ""black""], [""black"", ""black"", ""black"", ""black"", ""black"", ""black"", ""black"", ""black"", ""black"", ""black"", ""black"", ""black"", ""black"", ""black"", ""black"", ""black""], [""black"", ""black"", ""black"", ""black"", ""black"", ""black"", ""black"", ""black"", ""black"", ""black"", ""black"", ""black"", ""black"", ""black"", ""black"", ""black""], [""black"", ""black"", ""black"", ""black"", ""black"", ""black"", ""black"", ""black"", ""black"", ""black"", ""black"", ""black"", ""black"", ""black"", ""black"", ""black""], [""black"", ""black"", ""black"", ""black"", ""black"", ""black"", ""black"", ""blue"", ""black"", ""black"", ""black"", ""black"", ""black"", ""black"", ""black"", ""black""], [""black"", ""black"", ""black"", ""black"", ""black"", ""black"", ""black"", ""black"", ""black"", ""black"", ""black"", ""black"", ""black"", ""black"", ""black"", ""black""], [""black"", ""black"", ""black"", ""black"", ""black"", ""black"", ""black"", ""black"", ""black"", ""black"", ""black"", ""black"", ""black"", ""black"", ""black"", ""black""], [""black"", ""black"", ""black"", ""black"", ""black"", ""black"", ""black"", ""purple"", ""purple"", ""black"", ""black"", ""black"", ""black"", ""black"", ""black"", ""black""], [""black"", ""black"", ""black"", ""black"", ""black"", ""black"", ""black"", ""black"", ""black"", ""black"", ""black"", ""black"", ""black"", ""black"", ""black"", ""black""], [""black"", ""black"", ""black"", ""black"", ""black"", ""black"", ""black"", ""black"", ""black"", ""black"", ""black"", ""black"", ""black"", ""black"", ""black"", ""black""], [""black"", ""black"", ""black"", ""black"", ""black"", ""black"", ""black"", ""black"", ""black"", ""black"", ""black"", ""black"", ""black"", ""black"", ""black"", ""black""], [""black"", ""black"", ""black"", ""black"", ""black"", ""black"", ""black"", ""black"", ""black"", ""black"", ""black"", ""black"", ""black"", ""black"", ""black"", ""black""], [""black"", ""black"", ""black"", ""black"", ""black"", ""black"", ""black"", ""black"", ""black"", ""black"", ""black"", ""black"", ""black"", ""black"", ""black"", ""black""], [""black"", ""black"", ""black"", ""black"", ""black"", ""black"", ""black"", ""black"", ""black"", ""black"", ""black"", ""black"", ""black"", ""black"", ""black"", ""black""], [""black"", ""black"", ""black"", ""black"", ""black"", ""black"", ""black"", ""black"", ""black"", ""black"", ""black"", ""black"", ""black"", ""black"", ""black"", ""black""], [""black"", ""black"", ""black"", ""black"", ""black"", ""black"", ""black"", ""black"", ""black"", ""black"", ""black"", ""black"", ""black"", ""black"", ""black"", ""black""]]",,0.0,False
31,noop,manual,"Task: interactive
Step: 31
Phase: Interactive
Available actions now:
- left
- right
- up
- down
- click X Y  (X=column, Y=row, both in 0..15; column/x first, then row/y)
- noop
- quit
- reset

========== Start of Direct Observation ==========
[[""black"", ""black"", ""purple"", ""black"", ""black"", ""orange"", ""black"", ""black"", ""blue"", ""black"", ""black"", ""gray"", ""black"", ""black"", ""red"", ""black""], [""black"", ""black"", ""black"", ""black"", ""black"", ""black"", ""black"", ""black"", ""black"", ""black"", ""black"", ""black"", ""black"", ""black"", ""black"", ""black""], [""black"", ""black"", ""black"", ""black"", ""black"", ""black"", ""black"", ""black"", ""black"", ""black"", ""black"", ""black"", ""black"", ""black"", ""black"", ""black""], [""black"", ""black"", ""black"", ""black"", ""black"", ""black"", ""black"", ""black"", ""black"", ""black"", ""black"", ""black"", ""black"", ""black"", ""black"", ""black""], [""black"", ""black"", ""black"", ""black"", ""black"", ""black"", ""black"", ""black"", ""black"", ""black"", ""black"", ""black"", ""black"", ""black"", ""black"", ""black""], [""black"", ""black"", ""black"", ""black"", ""black"", ""black"", ""black"", ""blue"", ""black"", ""black"", ""black"", ""black"", ""black"", ""black"", ""black"", ""black""], [""black"", ""black"", ""black"", ""black"", ""black"", ""black"", ""black"", ""black"", ""black"", ""black"", ""black"", ""black"", ""black"", ""black"", ""black"", ""black""], [""black"", ""black"", ""black"", ""black"", ""black"", ""black"", ""black"", ""purple"", ""purple"", ""black"", ""black"", ""black"", ""black"", ""black"", ""black"", ""black""], [""black"", ""black"", ""black"", ""black"", ""black"", ""black"", ""black"", ""black"", ""black"", ""black"", ""black"", ""black"", ""black"", ""black"", ""black"", ""black""], [""black"", ""black"", ""black"", ""black"", ""black"", ""black"", ""black"", ""black"", ""black"", ""black"", ""black"", ""black"", ""black"", ""black"", ""black"", ""black""], [""black"", ""black"", ""black"", ""black"", ""black"", ""black"", ""black"", ""black"", ""black"", ""black"", ""black"", ""black"", ""black"", ""black"", ""black"", ""black""], [""black"", ""black"", ""black"", ""black"", ""black"", ""black"", ""black"", ""black"", ""black"", ""black"", ""black"", ""black"", ""black"", ""black"", ""black"", ""black""], [""black"", ""black"", ""black"", ""black"", ""black"", ""black"", ""black"", ""black"", ""black"", ""black"", ""black"", ""black"", ""black"", ""black"", ""black"", ""black""], [""black"", ""black"", ""black"", ""black"", ""black"", ""black"", ""black"", ""black"", ""black"", ""black"", ""black"", ""black"", ""black"", ""black"", ""black"", ""black""], [""black"", ""black"", ""black"", ""black"", ""black"", ""black"", ""black"", ""black"", ""black"", ""black"", ""black"", ""black"", ""black"", ""black"", ""black"", ""black""], [""black"", ""black"", ""black"", ""black"", ""black"", ""black"", ""black"", ""black"", ""black"", ""black"", ""black"", ""black"", ""black"", ""black"", ""black"", ""black""]]",,0.0,False
32,,manual,"Task: interactive
Step: 32
Phase: Interactive
Available actions now:
- left
- right
- up
- down
- click X Y  (X=column, Y=row, both in 0..15; column/x first, then row/y)
- noop
- quit
- reset

========== Start of Direct Observation ==========
[[""black"", ""black"", ""purple"", ""black"", ""black"", ""orange"", ""black"", ""black"", ""blue"", ""black"", ""black"", ""gray"", ""black"", ""black"", ""red"", ""black""], [""black"", ""black"", ""black"", ""black"", ""black"", ""black"", ""black"", ""black"", ""black"", ""black"", ""black"", ""black"", ""black"", ""black"", ""black"", ""black""], [""black"", ""black"", ""black"", ""black"", ""black"", ""black"", ""black"", ""black"", ""black"", ""black"", ""black"", ""black"", ""black"", ""black"", ""black"", ""black""], [""black"", ""black"", ""black"", ""black"", ""black"", ""black"", ""black"", ""black"", ""black"", ""black"", ""black"", ""black"", ""black"", ""black"", ""black"", ""black""], [""black"", ""black"", ""black"", ""black"", ""black"", ""black"", ""black"", ""black"", ""black"", ""black"", ""black"", ""black"", ""black"", ""black"", ""black"", ""black""], [""black"", ""black"", ""black"", ""black"", ""black"", ""black"", ""black"", ""black"", ""black"", ""black"", ""black"", ""black"", ""black"", ""black"", ""black"", ""black""], [""black"", ""black"", ""black"", ""black"", ""black"", ""black"", ""black"", ""blue"", ""black"", ""black"", ""black"", ""black"", ""black"", ""black"", ""black"", ""black""], [""black"", ""black"", ""black"", ""black"", ""black"", ""black"", ""black"", ""purple"", ""purple"", ""black"", ""black"", ""black"", ""black"", ""black"", ""black"", ""black""], [""black"", ""black"", ""black"", ""black"", ""black"", ""black"", ""black"", ""black"", ""black"", ""black"", ""black"", ""black"", ""black"", ""black"", ""black"", ""black""], [""black"", ""black"", ""black"", ""black"", ""black"", ""black"", ""black"", ""black"", ""black"", ""black"", ""black"", ""black"", ""black"", ""black"", ""black"", ""black""], [""black"", ""black"", ""black"", ""black"", ""black"", ""black"", ""black"", ""black"", ""black"", ""black"", ""black"", ""black"", ""black"", ""black"", ""black"", ""black""], [""black"", ""black"", ""black"", ""black"", ""black"", ""black"", ""black"", ""black"", ""black"", ""black"", ""black"", ""black"", ""black"", ""black"", ""black"", ""black""], [""black"", ""black"", ""black"", ""black"", ""black"", ""black"", ""black"", ""black"", ""black"", ""black"", ""black"", ""black"", ""black"", ""black"", ""black"", ""black""], [""black"", ""black"", ""black"", ""black"", ""black"", ""black"", ""black"", ""black"", ""black"", ""black"", ""black"", ""black"", ""black"", ""black"", ""black"", ""black""], [""black"", ""black"", ""black"", ""black"", ""black"", ""black"", ""black"", ""black"", ""black"", ""black"", ""black"", ""black"", ""black"", ""black"", ""black"", ""black""], [""black"", ""black"", ""black"", ""black"", ""black"", ""black"", ""black"", ""black"", ""black"", ""black"", ""black"", ""black"", ""black"", ""black"", ""black"", ""black""]]",,0.0,True
