Step,Action,Reasoning,Observation,Auxiliary_Observation,Reward,Done
0,ACTION6 x=38 y=38,manual,"State: NOT_FINISHED
Levels completed: 0/6
Action count: 0

========== Start of Direct Observation ==========
<grid_0>
[5, 5, 5, 5, 5, 5, 5, 5, 5, 5, 5, 5, 5, 5, 5, 5, 5, 5, 5, 5, 5, 5, 5, 5, 5, 5, 5, 5, 5, 5, 5, 5, 5, 5, 5, 5, 5, 5, 5, 5, 5, 5, 5, 5, 5, 5, 5, 5, 5, 5, 5, 5, 5, 5, 5, 5, 5, 5, 5, 5, 5, 5, 5, 5]
[5, 5, 5, 5, 5, 5, 5, 5, 5, 5, 5, 5, 5, 5, 5, 5, 5, 5, 5, 5, 5, 5, 5, 5, 5, 5, 5, 5, 5, 5, 5, 5, 5, 5, 5, 5, 5, 5, 5, 5, 5, 5, 5, 5, 5, 5, 5, 5, 5, 5, 5, 5, 5, 5, 5, 5, 5, 5, 5, 5, 5, 5, 5, 5]
[5, 5, 5, 5, 9, 9, 9, 9, 9, 9, 5, 5, 8, 8, 8, 8, 8, 8, 5, 5, 9, 9, 9, 9, 9, 9, 5, 5, 5, 5, 5, 5, 5, 5, 5, 5, 5, 5, 9, 9, 9, 9, 9, 9, 5, 5, 8, 8, 8, 8, 8, 8, 5, 5, 9, 9, 9, 9, 9, 9, 5, 5, 5, 5]
[5, 5, 5, 5, 9, 9, 9, 9, 9, 9, 5, 5, 8, 8, 8, 8, 8, 8, 5, 5, 9, 9, 9, 9, 9, 9, 5, 5, 5, 5, 5, 5, 5, 5, 5, 5, 5, 5, 9, 9, 9, 9, 9, 9, 5, 5, 8, 8, 8, 8, 8, 8, 5, 5, 9, 9, 9, 9, 9, 9, 5, 5, 5, 5]
[5, 5, 5, 5, 9, 9, 9, 9, 9, 9, 5, 5, 8, 8, 8, 8, 8, 8, 5, 5, 9, 9, 9, 9, 9, 9, 5, 5, 5, 5, 5, 5, 5, 5, 5, 5, 5, 5, 9, 9, 9, 9, 9, 9, 5, 5, 8, 8, 8, 8, 8, 8, 5, 5, 9, 9, 9, 9, 9, 9, 5, 5, 5, 5]
[5, 5, 5, 5, 9, 9, 9, 9, 9, 9, 5, 5, 8, 8, 8, 8, 8, 8, 5, 5, 9, 9, 9, 9, 9, 9, 5, 5, 5, 5, 5, 5, 5, 5, 5, 5, 5, 5, 9, 9, 9, 9, 9, 9, 5, 5, 8, 8, 8, 8, 8, 8, 5, 5, 9, 9, 9, 9, 9, 9, 5, 5, 5, 5]
[5, 5, 5, 5, 9, 9, 9, 9, 9, 9, 5, 5, 8, 8, 8, 8, 8, 8, 5, 5, 9, 9, 9, 9, 9, 9, 5, 5, 5, 5, 5, 5, 5, 5, 5, 5, 5, 5, 9, 9, 9, 9, 9, 9, 5, 5, 8, 8, 8, 8, 8, 8, 5, 5, 9, 9, 9, 9, 9, 9, 5, 5, 5, 5]
[5, 5, 5, 5, 9, 9, 9, 9, 9, 9, 5, 5, 8, 8, 8, 8, 8, 8, 5, 5, 9, 9, 9, 9, 9, 9, 5, 5, 5, 5, 5, 5, 5, 5, 5, 5, 5, 5, 9, 9, 9, 9, 9, 9, 5, 5, 8, 8, 8, 8, 8, 8, 5, 5, 9, 9, 9, 9, 9, 9, 5, 5, 5, 5]
[5, 5, 5, 5, 5, 5, 5, 5, 5, 5, 5, 5, 5, 5, 5, 5, 5, 5, 5, 5, 5, 5, 5, 5, 5, 5, 5, 5, 5, 5, 5, 5, 5, 5, 5, 5, 5, 5, 5, 5, 5, 5, 5, 5, 5, 5, 5, 5, 5, 5, 5, 5, 5, 5, 5, 5, 5, 5, 5, 5, 5, 5, 5, 5]
[5, 5, 5, 5, 5, 5, 5, 5, 5, 5, 5, 5, 5, 5, 5, 5, 5, 5, 5, 5, 5, 5, 5, 5, 5, 5, 5, 5, 5, 5, 5, 5, 5, 5, 5, 5, 5, 5, 5, 5, 5, 5, 5, 5, 5, 5, 5, 5, 5, 5, 5, 5, 5, 5, 5, 5, 5, 5, 5, 5, 5, 5, 5, 5]
[5, 5, 5, 5, 8, 8, 8, 8, 8, 8, 5, 5, 2, 2, 0, 0, 2, 2, 5, 5, 9, 9, 9, 9, 9, 9, 5, 5, 5, 5, 5, 5, 5, 5, 5, 5, 5, 5, 8, 8, 8, 8, 8, 8, 5, 5, 2, 2, 0, 0, 2, 2, 5, 5, 8, 8, 8, 8, 8, 8, 5, 5, 5, 5]
[5, 5, 5, 5, 8, 8, 8, 8, 8, 8, 5, 5, 2, 2, 0, 0, 2, 2, 5, 5, 9, 9, 9, 9, 9, 9, 5, 5, 5, 5, 5, 5, 5, 5, 5, 5, 5, 5, 8, 8, 8, 8, 8, 8, 5, 5, 2, 2, 0, 0, 2, 2, 5, 5, 8, 8, 8, 8, 8, 8, 5, 5, 5, 5]
[5, 5, 5, 5, 8, 8, 8, 8, 8, 8, 5, 5, 0, 0, 8, 8, 2, 2, 5, 5, 9, 9, 9, 9, 9, 9, 5, 5, 5, 5, 5, 5, 5, 5, 5, 5, 5, 5, 8, 8, 8, 8, 8, 8, 5, 5, 0, 0, 8, 8, 0, 0, 5, 5, 8, 8, 8, 8, 8, 8, 5, 5, 5, 5]
[5, 5, 5, 5, 8, 8, 8, 8, 8, 8, 5, 5, 0, 0, 8, 8, 2, 2, 5, 5, 9, 9, 9, 9, 9, 9, 5, 5, 5, 5, 5, 5, 5, 5, 5, 5, 5, 5, 8, 8, 8, 8, 8, 8, 5, 5, 0, 0, 8, 8, 0, 0, 5, 5, 8, 8, 8, 8, 8, 8, 5, 5, 5, 5]
[5, 5, 5, 5, 8, 8, 8, 8, 8, 8, 5, 5, 2, 2, 0, 0, 0, 0, 5, 5, 9, 9, 9, 9, 9, 9, 5, 5, 5, 5, 5, 5, 5, 5, 5, 5, 5, 5, 8, 8, 8, 8, 8, 8, 5, 5, 2, 2, 0, 0, 2, 2, 5, 5, 8, 8, 8, 8, 8, 8, 5, 5, 5, 5]
[5, 5, 5, 5, 8, 8, 8, 8, 8, 8, 5, 5, 2, 2, 0, 0, 0, 0, 5, 5, 9, 9, 9, 9, 9, 9, 5, 5, 5, 5, 5, 5, 5, 5, 5, 5, 5, 5, 8, 8, 8, 8, 8, 8, 5, 5, 2, 2, 0, 0, 2, 2, 5, 5, 8, 8, 8, 8, 8, 8, 5, 5, 5, 5]
[5, 5, 5, 5, 5, 5, 5, 5, 5, 5, 5, 5, 5, 5, 5, 5, 5, 5, 5, 5, 5, 5, 5, 5, 5, 5, 5, 5, 5, 5, 5, 5, 5, 5, 5, 5, 5, 5, 5, 5, 5, 5, 5, 5, 5, 5, 5, 5, 5, 5, 5, 5, 5, 5, 5, 5, 5, 5, 5, 5, 5, 5, 5, 5]
[5, 5, 5, 5, 5, 5, 5, 5, 5, 5, 5, 5, 5, 5, 5, 5, 5, 5, 5, 5, 5, 5, 5, 5, 5, 5, 5, 5, 5, 5, 5, 5, 5, 5, 5, 5, 5, 5, 5, 5, 5, 5, 5, 5, 5, 5, 5, 5, 5, 5, 5, 5, 5, 5, 5, 5, 5, 5, 5, 5, 5, 5, 5, 5]
[5, 5, 5, 5, 9, 9, 9, 9, 9, 9, 5, 5, 8, 8, 8, 8, 8, 8, 5, 5, 8, 8, 8, 8, 8, 8, 5, 5, 5, 5, 5, 5, 5, 5, 5, 5, 5, 5, 9, 9, 9, 9, 9, 9, 5, 5, 8, 8, 8, 8, 8, 8, 5, 5, 9, 9, 9, 9, 9, 9, 5, 5, 5, 5]
[5, 5, 5, 5, 9, 9, 9, 9, 9, 9, 5, 5, 8, 8, 8, 8, 8, 8, 5, 5, 8, 8, 8, 8, 8, 8, 5, 5, 5, 5, 5, 5, 5, 5, 5, 5, 5, 5, 9, 9, 9, 9, 9, 9, 5, 5, 8, 8, 8, 8, 8, 8, 5, 5, 9, 9, 9, 9, 9, 9, 5, 5, 5, 5]
[5, 5, 5, 5, 9, 9, 9, 9, 9, 9, 5, 5, 8, 8, 8, 8, 8, 8, 5, 5, 8, 8, 8, 8, 8, 8, 5, 5, 5, 5, 5, 5, 5, 5, 5, 5, 5, 5, 9, 9, 9, 9, 9, 9, 5, 5, 8, 8, 8, 8, 8, 8, 5, 5, 9, 9, 9, 9, 9, 9, 5, 5, 5, 5]
[5, 5, 5, 5, 9, 9, 9, 9, 9, 9, 5, 5, 8, 8, 8, 8, 8, 8, 5, 5, 8, 8, 8, 8, 8, 8, 5, 5, 5, 5, 5, 5, 5, 5, 5, 5, 5, 5, 9, 9, 9, 9, 9, 9, 5, 5, 8, 8, 8, 8, 8, 8, 5, 5, 9, 9, 9, 9, 9, 9, 5, 5, 5, 5]
[5, 5, 5, 5, 9, 9, 9, 9, 9, 9, 5, 5, 8, 8, 8, 8, 8, 8, 5, 5, 8, 8, 8, 8, 8, 8, 5, 5, 5, 5, 5, 5, 5, 5, 5, 5, 5, 5, 9, 9, 9, 9, 9, 9, 5, 5, 8, 8, 8, 8, 8, 8, 5, 5, 9, 9, 9, 9, 9, 9, 5, 5, 5, 5]
[5, 5, 5, 5, 9, 9, 9, 9, 9, 9, 5, 5, 8, 8, 8, 8, 8, 8, 5, 5, 8, 8, 8, 8, 8, 8, 5, 5, 5, 5, 5, 5, 5, 5, 5, 5, 5, 5, 9, 9, 9, 9, 9, 9, 5, 5, 8, 8, 8, 8, 8, 8, 5, 5, 9, 9, 9, 9, 9, 9, 5, 5, 5, 5]
[5, 5, 5, 5, 5, 5, 5, 5, 5, 5, 5, 5, 5, 5, 5, 5, 5, 5, 5, 5, 5, 5, 5, 5, 5, 5, 5, 5, 5, 5, 5, 5, 5, 5, 5, 5, 5, 5, 5, 5, 5, 5, 5, 5, 5, 5, 5, 5, 5, 5, 5, 5, 5, 5, 5, 5, 5, 5, 5, 5, 5, 5, 5, 5]
[5, 5, 5, 5, 5, 5, 5, 5, 5, 5, 5, 5, 5, 5, 5, 5, 5, 5, 5, 5, 5, 5, 5, 5, 5, 5, 5, 5, 5, 5, 5, 5, 5, 5, 5, 5, 5, 5, 5, 5, 5, 5, 5, 5, 5, 5, 5, 5, 5, 5, 5, 5, 5, 5, 5, 5, 5, 5, 5, 5, 5, 5, 5, 5]
[5, 5, 5, 5, 5, 5, 5, 5, 5, 5, 5, 5, 5, 5, 5, 5, 5, 5, 5, 5, 5, 5, 5, 5, 5, 5, 5, 5, 5, 5, 5, 5, 5, 5, 5, 5, 5, 5, 5, 5, 5, 5, 5, 5, 5, 5, 5, 5, 5, 5, 5, 5, 5, 5, 5, 5, 5, 5, 5, 5, 5, 5, 5, 5]
[5, 5, 5, 5, 5, 5, 5, 5, 5, 5, 5, 5, 5, 5, 5, 5, 5, 5, 5, 5, 5, 5, 5, 5, 5, 5, 5, 5, 5, 5, 5, 5, 5, 5, 5, 5, 5, 5, 5, 5, 5, 5, 5, 5, 5, 5, 5, 5, 5, 5, 5, 5, 5, 5, 5, 5, 5, 5, 5, 5, 5, 5, 5, 5]
[5, 5, 5, 5, 5, 5, 5, 5, 5, 5, 5, 5, 5, 5, 5, 5, 5, 5, 5, 5, 5, 5, 5, 5, 5, 5, 5, 5, 5, 5, 5, 5, 5, 5, 5, 5, 5, 5, 5, 5, 5, 5, 5, 5, 5, 5, 5, 5, 5, 5, 5, 5, 5, 5, 5, 5, 5, 5, 5, 5, 5, 5, 5, 5]
[5, 5, 5, 5, 5, 5, 5, 5, 5, 5, 5, 5, 5, 5, 5, 5, 5, 5, 5, 5, 5, 5, 5, 5, 5, 5, 5, 5, 5, 5, 5, 5, 5, 5, 5, 5, 5, 5, 5, 5, 5, 5, 5, 5, 5, 5, 5, 5, 5, 5, 5, 5, 5, 5, 5, 5, 5, 5, 5, 5, 5, 5, 5, 5]
[5, 5, 5, 5, 5, 5, 5, 5, 5, 5, 5, 5, 5, 5, 5, 5, 5, 5, 5, 5, 5, 5, 5, 5, 5, 5, 5, 5, 5, 5, 5, 5, 5, 5, 5, 5, 5, 5, 5, 5, 5, 5, 5, 5, 5, 5, 5, 5, 5, 5, 5, 5, 5, 5, 5, 5, 5, 5, 5, 5, 5, 5, 5, 5]
[5, 5, 5, 5, 5, 5, 5, 5, 5, 5, 5, 5, 5, 5, 5, 5, 5, 5, 5, 5, 5, 5, 5, 5, 5, 5, 5, 5, 5, 5, 5, 5, 5, 5, 5, 5, 5, 5, 5, 5, 5, 5, 5, 5, 5, 5, 5, 5, 5, 5, 5, 5, 5, 5, 5, 5, 5, 5, 5, 5, 5, 5, 5, 5]
[5, 5, 5, 5, 5, 5, 5, 5, 5, 5, 5, 5, 5, 5, 5, 5, 5, 5, 5, 5, 5, 5, 5, 5, 5, 5, 5, 5, 5, 5, 5, 5, 2, 2, 2, 2, 2, 2, 4, 4, 4, 4, 4, 4, 4, 4, 4, 4, 4, 4, 4, 4, 4, 4, 4, 4, 2, 2, 2, 2, 2, 2, 5, 5]
[5, 5, 5, 5, 5, 5, 5, 5, 5, 5, 5, 5, 5, 5, 5, 5, 5, 5, 5, 5, 5, 5, 5, 5, 5, 5, 5, 5, 5, 5, 5, 5, 2, 2, 2, 2, 2, 2, 4, 4, 4, 4, 4, 4, 4, 4, 4, 4, 4, 4, 4, 4, 4, 4, 4, 4, 2, 2, 2, 2, 2, 2, 5, 5]
[5, 5, 5, 5, 5, 5, 5, 5, 5, 5, 5, 5, 5, 5, 5, 5, 5, 5, 5, 5, 5, 5, 5, 5, 5, 5, 5, 5, 5, 5, 5, 5, 2, 2, 4, 4, 4, 4, 4, 4, 4, 4, 4, 4, 4, 4, 4, 4, 4, 4, 4, 4, 4, 4, 4, 4, 4, 4, 4, 4, 2, 2, 5, 5]
[5, 5, 5, 5, 5, 5, 5, 5, 5, 5, 5, 5, 5, 5, 5, 5, 5, 5, 5, 5, 5, 5, 5, 5, 5, 5, 5, 5, 5, 5, 5, 5, 2, 2, 4, 4, 4, 4, 4, 4, 4, 4, 4, 4, 4, 4, 4, 4, 4, 4, 4, 4, 4, 4, 4, 4, 4, 4, 4, 4, 2, 2, 5, 5]
[5, 5, 5, 5, 8, 8, 8, 8, 8, 8, 5, 5, 9, 9, 9, 9, 9, 9, 5, 5, 9, 9, 9, 9, 9, 9, 5, 5, 5, 5, 5, 5, 2, 2, 4, 4, 9, 9, 9, 9, 9, 9, 4, 4, 9, 9, 9, 9, 9, 9, 4, 4, 9, 9, 9, 9, 9, 9, 4, 4, 2, 2, 5, 5]
[5, 5, 5, 5, 8, 8, 8, 8, 8, 8, 5, 5, 9, 9, 9, 9, 9, 9, 5, 5, 9, 9, 9, 9, 9, 9, 5, 5, 5, 5, 5, 5, 2, 2, 4, 4, 9, 9, 9, 9, 9, 9, 4, 4, 9, 9, 9, 9, 9, 9, 4, 4, 9, 9, 9, 9, 9, 9, 4, 4, 2, 2, 5, 5]
[5, 5, 5, 5, 8, 8, 8, 8, 8, 8, 5, 5, 9, 9, 9, 9, 9, 9, 5, 5, 9, 9, 9, 9, 9, 9, 5, 5, 5, 5, 5, 5, 4, 4, 4, 4, 9, 9, 9, 9, 9, 9, 4, 4, 9, 9, 9, 9, 9, 9, 4, 4, 9, 9, 9, 9, 9, 9, 4, 4, 4, 4, 5, 5]
[5, 5, 5, 5, 8, 8, 8, 8, 8, 8, 5, 5, 9, 9, 9, 9, 9, 9, 5, 5, 9, 9, 9, 9, 9, 9, 5, 5, 5, 5, 5, 5, 4, 4, 4, 4, 9, 9, 9, 9, 9, 9, 4, 4, 9, 9, 9, 9, 9, 9, 4, 4, 9, 9, 9, 9, 9, 9, 4, 4, 4, 4, 5, 5]
[5, 5, 5, 5, 8, 8, 8, 8, 8, 8, 5, 5, 9, 9, 9, 9, 9, 9, 5, 5, 9, 9, 9, 9, 9, 9, 5, 5, 5, 5, 5, 5, 4, 4, 4, 4, 9, 9, 9, 9, 9, 9, 4, 4, 9, 9, 9, 9, 9, 9, 4, 4, 9, 9, 9, 9, 9, 9, 4, 4, 4, 4, 5, 5]
[5, 5, 5, 5, 8, 8, 8, 8, 8, 8, 5, 5, 9, 9, 9, 9, 9, 9, 5, 5, 9, 9, 9, 9, 9, 9, 5, 5, 5, 5, 5, 5, 4, 4, 4, 4, 9, 9, 9, 9, 9, 9, 4, 4, 9, 9, 9, 9, 9, 9, 4, 4, 9, 9, 9, 9, 9, 9, 4, 4, 4, 4, 5, 5]
[5, 5, 5, 5, 5, 5, 5, 5, 5, 5, 5, 5, 5, 5, 5, 5, 5, 5, 5, 5, 5, 5, 5, 5, 5, 5, 5, 5, 5, 5, 5, 5, 4, 4, 4, 4, 4, 4, 4, 4, 4, 4, 4, 4, 4, 4, 4, 4, 4, 4, 4, 4, 4, 4, 4, 4, 4, 4, 4, 4, 4, 4, 5, 5]
[5, 5, 5, 5, 5, 5, 5, 5, 5, 5, 5, 5, 5, 5, 5, 5, 5, 5, 5, 5, 5, 5, 5, 5, 5, 5, 5, 5, 5, 5, 5, 5, 4, 4, 4, 4, 4, 4, 4, 4, 4, 4, 4, 4, 4, 4, 4, 4, 4, 4, 4, 4, 4, 4, 4, 4, 4, 4, 4, 4, 4, 4, 5, 5]
[5, 5, 5, 5, 8, 8, 8, 8, 8, 8, 5, 5, 0, 0, 2, 2, 2, 2, 5, 5, 8, 8, 8, 8, 8, 8, 5, 5, 5, 5, 5, 5, 4, 4, 4, 4, 9, 9, 9, 9, 9, 9, 4, 4, 0, 0, 2, 2, 2, 2, 4, 4, 9, 9, 9, 9, 9, 9, 4, 4, 4, 4, 5, 5]
[5, 5, 5, 5, 8, 8, 8, 8, 8, 8, 5, 5, 0, 0, 2, 2, 2, 2, 5, 5, 8, 8, 8, 8, 8, 8, 5, 5, 5, 5, 5, 5, 4, 4, 4, 4, 9, 9, 9, 9, 9, 9, 4, 4, 0, 0, 2, 2, 2, 2, 4, 4, 9, 9, 9, 9, 9, 9, 4, 4, 4, 4, 5, 5]
[5, 5, 5, 5, 8, 8, 8, 8, 8, 8, 5, 5, 0, 0, 8, 8, 0, 0, 5, 5, 8, 8, 8, 8, 8, 8, 5, 5, 5, 5, 5, 5, 4, 4, 4, 4, 9, 9, 9, 9, 9, 9, 4, 4, 0, 0, 8, 8, 0, 0, 4, 4, 9, 9, 9, 9, 9, 9, 4, 4, 4, 4, 5, 5]
[5, 5, 5, 5, 8, 8, 8, 8, 8, 8, 5, 5, 0, 0, 8, 8, 0, 0, 5, 5, 8, 8, 8, 8, 8, 8, 5, 5, 5, 5, 5, 5, 4, 4, 4, 4, 9, 9, 9, 9, 9, 9, 4, 4, 0, 0, 8, 8, 0, 0, 4, 4, 9, 9, 9, 9, 9, 9, 4, 4, 4, 4, 5, 5]
[5, 5, 5, 5, 8, 8, 8, 8, 8, 8, 5, 5, 2, 2, 2, 2, 0, 0, 5, 5, 8, 8, 8, 8, 8, 8, 5, 5, 5, 5, 5, 5, 4, 4, 4, 4, 9, 9, 9, 9, 9, 9, 4, 4, 0, 0, 2, 2, 2, 2, 4, 4, 9, 9, 9, 9, 9, 9, 4, 4, 4, 4, 5, 5]
[5, 5, 5, 5, 8, 8, 8, 8, 8, 8, 5, 5, 2, 2, 2, 2, 0, 0, 5, 5, 8, 8, 8, 8, 8, 8, 5, 5, 5, 5, 5, 5, 4, 4, 4, 4, 9, 9, 9, 9, 9, 9, 4, 4, 0, 0, 2, 2, 2, 2, 4, 4, 9, 9, 9, 9, 9, 9, 4, 4, 4, 4, 5, 5]
[5, 5, 5, 5, 5, 5, 5, 5, 5, 5, 5, 5, 5, 5, 5, 5, 5, 5, 5, 5, 5, 5, 5, 5, 5, 5, 5, 5, 5, 5, 5, 5, 4, 4, 4, 4, 4, 4, 4, 4, 4, 4, 4, 4, 4, 4, 4, 4, 4, 4, 4, 4, 4, 4, 4, 4, 4, 4, 4, 4, 4, 4, 5, 5]
[5, 5, 5, 5, 5, 5, 5, 5, 5, 5, 5, 5, 5, 5, 5, 5, 5, 5, 5, 5, 5, 5, 5, 5, 5, 5, 5, 5, 5, 5, 5, 5, 4, 4, 4, 4, 4, 4, 4, 4, 4, 4, 4, 4, 4, 4, 4, 4, 4, 4, 4, 4, 4, 4, 4, 4, 4, 4, 4, 4, 4, 4, 5, 5]
[5, 5, 5, 5, 9, 9, 9, 9, 9, 9, 5, 5, 9, 9, 9, 9, 9, 9, 5, 5, 8, 8, 8, 8, 8, 8, 5, 5, 5, 5, 5, 5, 4, 4, 4, 4, 9, 9, 9, 9, 9, 9, 4, 4, 9, 9, 9, 9, 9, 9, 4, 4, 9, 9, 9, 9, 9, 9, 4, 4, 4, 4, 5, 5]
[5, 5, 5, 5, 9, 9, 9, 9, 9, 9, 5, 5, 9, 9, 9, 9, 9, 9, 5, 5, 8, 8, 8, 8, 8, 8, 5, 5, 5, 5, 5, 5, 4, 4, 4, 4, 9, 9, 9, 9, 9, 9, 4, 4, 9, 9, 9, 9, 9, 9, 4, 4, 9, 9, 9, 9, 9, 9, 4, 4, 4, 4, 5, 5]
[5, 5, 5, 5, 9, 9, 9, 9, 9, 9, 5, 5, 9, 9, 9, 9, 9, 9, 5, 5, 8, 8, 8, 8, 8, 8, 5, 5, 5, 5, 5, 5, 4, 4, 4, 4, 9, 9, 9, 9, 9, 9, 4, 4, 9, 9, 9, 9, 9, 9, 4, 4, 9, 9, 9, 9, 9, 9, 4, 4, 4, 4, 5, 5]
[5, 5, 5, 5, 9, 9, 9, 9, 9, 9, 5, 5, 9, 9, 9, 9, 9, 9, 5, 5, 8, 8, 8, 8, 8, 8, 5, 5, 5, 5, 5, 5, 4, 4, 4, 4, 9, 9, 9, 9, 9, 9, 4, 4, 9, 9, 9, 9, 9, 9, 4, 4, 9, 9, 9, 9, 9, 9, 4, 4, 4, 4, 5, 5]
[5, 5, 5, 5, 9, 9, 9, 9, 9, 9, 5, 5, 9, 9, 9, 9, 9, 9, 5, 5, 8, 8, 8, 8, 8, 8, 5, 5, 5, 5, 5, 5, 2, 2, 4, 4, 9, 9, 9, 9, 9, 9, 4, 4, 9, 9, 9, 9, 9, 9, 4, 4, 9, 9, 9, 9, 9, 9, 4, 4, 2, 2, 5, 5]
[5, 5, 5, 5, 9, 9, 9, 9, 9, 9, 5, 5, 9, 9, 9, 9, 9, 9, 5, 5, 8, 8, 8, 8, 8, 8, 5, 5, 5, 5, 5, 5, 2, 2, 4, 4, 9, 9, 9, 9, 9, 9, 4, 4, 9, 9, 9, 9, 9, 9, 4, 4, 9, 9, 9, 9, 9, 9, 4, 4, 2, 2, 5, 5]
[5, 5, 5, 5, 5, 5, 5, 5, 5, 5, 5, 5, 5, 5, 5, 5, 5, 5, 5, 5, 5, 5, 5, 5, 5, 5, 5, 5, 5, 5, 5, 5, 2, 2, 4, 4, 4, 4, 4, 4, 4, 4, 4, 4, 4, 4, 4, 4, 4, 4, 4, 4, 4, 4, 4, 4, 4, 4, 4, 4, 2, 2, 5, 5]
[5, 5, 5, 5, 5, 5, 5, 5, 5, 5, 5, 5, 5, 5, 5, 5, 5, 5, 5, 5, 5, 5, 5, 5, 5, 5, 5, 5, 5, 5, 5, 5, 2, 2, 4, 4, 4, 4, 4, 4, 4, 4, 4, 4, 4, 4, 4, 4, 4, 4, 4, 4, 4, 4, 4, 4, 4, 4, 4, 4, 2, 2, 5, 5]
[5, 5, 5, 5, 5, 5, 5, 5, 5, 5, 5, 5, 5, 5, 5, 5, 5, 5, 5, 5, 5, 5, 5, 5, 5, 5, 5, 5, 5, 5, 5, 5, 2, 2, 2, 2, 2, 2, 4, 4, 4, 4, 4, 4, 4, 4, 4, 4, 4, 4, 4, 4, 4, 4, 4, 4, 2, 2, 2, 2, 2, 2, 5, 5]
[5, 5, 5, 5, 5, 5, 5, 5, 5, 5, 5, 5, 5, 5, 5, 5, 5, 5, 5, 5, 5, 5, 5, 5, 5, 5, 5, 5, 5, 5, 5, 5, 2, 2, 2, 2, 2, 2, 4, 4, 4, 4, 4, 4, 4, 4, 4, 4, 4, 4, 4, 4, 4, 4, 4, 4, 2, 2, 2, 2, 2, 2, 5, 5]
[5, 5, 5, 5, 5, 5, 5, 5, 5, 5, 5, 5, 5, 5, 5, 5, 5, 5, 5, 5, 5, 5, 5, 5, 5, 5, 5, 5, 5, 5, 5, 5, 5, 5, 5, 5, 5, 5, 5, 5, 5, 5, 5, 5, 5, 5, 5, 5, 5, 5, 5, 5, 5, 5, 5, 5, 5, 5, 5, 5, 5, 5, 5, 5]
[12, 12, 12, 12, 12, 12, 12, 12, 12, 12, 12, 12, 12, 12, 12, 12, 12, 12, 12, 12, 12, 12, 12, 12, 12, 12, 12, 12, 12, 12, 12, 12, 12, 12, 12, 12, 12, 12, 12, 12, 12, 12, 12, 12, 12, 12, 12, 12, 12, 12, 12, 12, 12, 12, 12, 12, 12, 12, 12, 12, 12, 12, 12, 12]
</grid_0>
",,0.0,False
1,ACTION6 x=38 y=38,manual,"State: NOT_FINISHED
Levels completed: 0/6
Action count: 1

========== Start of Direct Observation ==========
<grid_0>
[5, 5, 5, 5, 5, 5, 5, 5, 5, 5, 5, 5, 5, 5, 5, 5, 5, 5, 5, 5, 5, 5, 5, 5, 5, 5, 5, 5, 5, 5, 5, 5, 5, 5, 5, 5, 5, 5, 5, 5, 5, 5, 5, 5, 5, 5, 5, 5, 5, 5, 5, 5, 5, 5, 5, 5, 5, 5, 5, 5, 5, 5, 5, 5]
[5, 5, 5, 5, 5, 5, 5, 5, 5, 5, 5, 5, 5, 5, 5, 5, 5, 5, 5, 5, 5, 5, 5, 5, 5, 5, 5, 5, 5, 5, 5, 5, 5, 5, 5, 5, 5, 5, 5, 5, 5, 5, 5, 5, 5, 5, 5, 5, 5, 5, 5, 5, 5, 5, 5, 5, 5, 5, 5, 5, 5, 5, 5, 5]
[5, 5, 5, 5, 9, 9, 9, 9, 9, 9, 5, 5, 8, 8, 8, 8, 8, 8, 5, 5, 9, 9, 9, 9, 9, 9, 5, 5, 5, 5, 5, 5, 5, 5, 5, 5, 5, 5, 9, 9, 9, 9, 9, 9, 5, 5, 8, 8, 8, 8, 8, 8, 5, 5, 9, 9, 9, 9, 9, 9, 5, 5, 5, 5]
[5, 5, 5, 5, 9, 9, 9, 9, 9, 9, 5, 5, 8, 8, 8, 8, 8, 8, 5, 5, 9, 9, 9, 9, 9, 9, 5, 5, 5, 5, 5, 5, 5, 5, 5, 5, 5, 5, 9, 9, 9, 9, 9, 9, 5, 5, 8, 8, 8, 8, 8, 8, 5, 5, 9, 9, 9, 9, 9, 9, 5, 5, 5, 5]
[5, 5, 5, 5, 9, 9, 9, 9, 9, 9, 5, 5, 8, 8, 8, 8, 8, 8, 5, 5, 9, 9, 9, 9, 9, 9, 5, 5, 5, 5, 5, 5, 5, 5, 5, 5, 5, 5, 9, 9, 9, 9, 9, 9, 5, 5, 8, 8, 8, 8, 8, 8, 5, 5, 9, 9, 9, 9, 9, 9, 5, 5, 5, 5]
[5, 5, 5, 5, 9, 9, 9, 9, 9, 9, 5, 5, 8, 8, 8, 8, 8, 8, 5, 5, 9, 9, 9, 9, 9, 9, 5, 5, 5, 5, 5, 5, 5, 5, 5, 5, 5, 5, 9, 9, 9, 9, 9, 9, 5, 5, 8, 8, 8, 8, 8, 8, 5, 5, 9, 9, 9, 9, 9, 9, 5, 5, 5, 5]
[5, 5, 5, 5, 9, 9, 9, 9, 9, 9, 5, 5, 8, 8, 8, 8, 8, 8, 5, 5, 9, 9, 9, 9, 9, 9, 5, 5, 5, 5, 5, 5, 5, 5, 5, 5, 5, 5, 9, 9, 9, 9, 9, 9, 5, 5, 8, 8, 8, 8, 8, 8, 5, 5, 9, 9, 9, 9, 9, 9, 5, 5, 5, 5]
[5, 5, 5, 5, 9, 9, 9, 9, 9, 9, 5, 5, 8, 8, 8, 8, 8, 8, 5, 5, 9, 9, 9, 9, 9, 9, 5, 5, 5, 5, 5, 5, 5, 5, 5, 5, 5, 5, 9, 9, 9, 9, 9, 9, 5, 5, 8, 8, 8, 8, 8, 8, 5, 5, 9, 9, 9, 9, 9, 9, 5, 5, 5, 5]
[5, 5, 5, 5, 5, 5, 5, 5, 5, 5, 5, 5, 5, 5, 5, 5, 5, 5, 5, 5, 5, 5, 5, 5, 5, 5, 5, 5, 5, 5, 5, 5, 5, 5, 5, 5, 5, 5, 5, 5, 5, 5, 5, 5, 5, 5, 5, 5, 5, 5, 5, 5, 5, 5, 5, 5, 5, 5, 5, 5, 5, 5, 5, 5]
[5, 5, 5, 5, 5, 5, 5, 5, 5, 5, 5, 5, 5, 5, 5, 5, 5, 5, 5, 5, 5, 5, 5, 5, 5, 5, 5, 5, 5, 5, 5, 5, 5, 5, 5, 5, 5, 5, 5, 5, 5, 5, 5, 5, 5, 5, 5, 5, 5, 5, 5, 5, 5, 5, 5, 5, 5, 5, 5, 5, 5, 5, 5, 5]
[5, 5, 5, 5, 8, 8, 8, 8, 8, 8, 5, 5, 2, 2, 0, 0, 2, 2, 5, 5, 9, 9, 9, 9, 9, 9, 5, 5, 5, 5, 5, 5, 5, 5, 5, 5, 5, 5, 8, 8, 8, 8, 8, 8, 5, 5, 2, 2, 0, 0, 2, 2, 5, 5, 8, 8, 8, 8, 8, 8, 5, 5, 5, 5]
[5, 5, 5, 5, 8, 8, 8, 8, 8, 8, 5, 5, 2, 2, 0, 0, 2, 2, 5, 5, 9, 9, 9, 9, 9, 9, 5, 5, 5, 5, 5, 5, 5, 5, 5, 5, 5, 5, 8, 8, 8, 8, 8, 8, 5, 5, 2, 2, 0, 0, 2, 2, 5, 5, 8, 8, 8, 8, 8, 8, 5, 5, 5, 5]
[5, 5, 5, 5, 8, 8, 8, 8, 8, 8, 5, 5, 0, 0, 8, 8, 2, 2, 5, 5, 9, 9, 9, 9, 9, 9, 5, 5, 5, 5, 5, 5, 5, 5, 5, 5, 5, 5, 8, 8, 8, 8, 8, 8, 5, 5, 0, 0, 8, 8, 0, 0, 5, 5, 8, 8, 8, 8, 8, 8, 5, 5, 5, 5]
[5, 5, 5, 5, 8, 8, 8, 8, 8, 8, 5, 5, 0, 0, 8, 8, 2, 2, 5, 5, 9, 9, 9, 9, 9, 9, 5, 5, 5, 5, 5, 5, 5, 5, 5, 5, 5, 5, 8, 8, 8, 8, 8, 8, 5, 5, 0, 0, 8, 8, 0, 0, 5, 5, 8, 8, 8, 8, 8, 8, 5, 5, 5, 5]
[5, 5, 5, 5, 8, 8, 8, 8, 8, 8, 5, 5, 2, 2, 0, 0, 0, 0, 5, 5, 9, 9, 9, 9, 9, 9, 5, 5, 5, 5, 5, 5, 5, 5, 5, 5, 5, 5, 8, 8, 8, 8, 8, 8, 5, 5, 2, 2, 0, 0, 2, 2, 5, 5, 8, 8, 8, 8, 8, 8, 5, 5, 5, 5]
[5, 5, 5, 5, 8, 8, 8, 8, 8, 8, 5, 5, 2, 2, 0, 0, 0, 0, 5, 5, 9, 9, 9, 9, 9, 9, 5, 5, 5, 5, 5, 5, 5, 5, 5, 5, 5, 5, 8, 8, 8, 8, 8, 8, 5, 5, 2, 2, 0, 0, 2, 2, 5, 5, 8, 8, 8, 8, 8, 8, 5, 5, 5, 5]
[5, 5, 5, 5, 5, 5, 5, 5, 5, 5, 5, 5, 5, 5, 5, 5, 5, 5, 5, 5, 5, 5, 5, 5, 5, 5, 5, 5, 5, 5, 5, 5, 5, 5, 5, 5, 5, 5, 5, 5, 5, 5, 5, 5, 5, 5, 5, 5, 5, 5, 5, 5, 5, 5, 5, 5, 5, 5, 5, 5, 5, 5, 5, 5]
[5, 5, 5, 5, 5, 5, 5, 5, 5, 5, 5, 5, 5, 5, 5, 5, 5, 5, 5, 5, 5, 5, 5, 5, 5, 5, 5, 5, 5, 5, 5, 5, 5, 5, 5, 5, 5, 5, 5, 5, 5, 5, 5, 5, 5, 5, 5, 5, 5, 5, 5, 5, 5, 5, 5, 5, 5, 5, 5, 5, 5, 5, 5, 5]
[5, 5, 5, 5, 9, 9, 9, 9, 9, 9, 5, 5, 8, 8, 8, 8, 8, 8, 5, 5, 8, 8, 8, 8, 8, 8, 5, 5, 5, 5, 5, 5, 5, 5, 5, 5, 5, 5, 9, 9, 9, 9, 9, 9, 5, 5, 8, 8, 8, 8, 8, 8, 5, 5, 9, 9, 9, 9, 9, 9, 5, 5, 5, 5]
[5, 5, 5, 5, 9, 9, 9, 9, 9, 9, 5, 5, 8, 8, 8, 8, 8, 8, 5, 5, 8, 8, 8, 8, 8, 8, 5, 5, 5, 5, 5, 5, 5, 5, 5, 5, 5, 5, 9, 9, 9, 9, 9, 9, 5, 5, 8, 8, 8, 8, 8, 8, 5, 5, 9, 9, 9, 9, 9, 9, 5, 5, 5, 5]
[5, 5, 5, 5, 9, 9, 9, 9, 9, 9, 5, 5, 8, 8, 8, 8, 8, 8, 5, 5, 8, 8, 8, 8, 8, 8, 5, 5, 5, 5, 5, 5, 5, 5, 5, 5, 5, 5, 9, 9, 9, 9, 9, 9, 5, 5, 8, 8, 8, 8, 8, 8, 5, 5, 9, 9, 9, 9, 9, 9, 5, 5, 5, 5]
[5, 5, 5, 5, 9, 9, 9, 9, 9, 9, 5, 5, 8, 8, 8, 8, 8, 8, 5, 5, 8, 8, 8, 8, 8, 8, 5, 5, 5, 5, 5, 5, 5, 5, 5, 5, 5, 5, 9, 9, 9, 9, 9, 9, 5, 5, 8, 8, 8, 8, 8, 8, 5, 5, 9, 9, 9, 9, 9, 9, 5, 5, 5, 5]
[5, 5, 5, 5, 9, 9, 9, 9, 9, 9, 5, 5, 8, 8, 8, 8, 8, 8, 5, 5, 8, 8, 8, 8, 8, 8, 5, 5, 5, 5, 5, 5, 5, 5, 5, 5, 5, 5, 9, 9, 9, 9, 9, 9, 5, 5, 8, 8, 8, 8, 8, 8, 5, 5, 9, 9, 9, 9, 9, 9, 5, 5, 5, 5]
[5, 5, 5, 5, 9, 9, 9, 9, 9, 9, 5, 5, 8, 8, 8, 8, 8, 8, 5, 5, 8, 8, 8, 8, 8, 8, 5, 5, 5, 5, 5, 5, 5, 5, 5, 5, 5, 5, 9, 9, 9, 9, 9, 9, 5, 5, 8, 8, 8, 8, 8, 8, 5, 5, 9, 9, 9, 9, 9, 9, 5, 5, 5, 5]
[5, 5, 5, 5, 5, 5, 5, 5, 5, 5, 5, 5, 5, 5, 5, 5, 5, 5, 5, 5, 5, 5, 5, 5, 5, 5, 5, 5, 5, 5, 5, 5, 5, 5, 5, 5, 5, 5, 5, 5, 5, 5, 5, 5, 5, 5, 5, 5, 5, 5, 5, 5, 5, 5, 5, 5, 5, 5, 5, 5, 5, 5, 5, 5]
[5, 5, 5, 5, 5, 5, 5, 5, 5, 5, 5, 5, 5, 5, 5, 5, 5, 5, 5, 5, 5, 5, 5, 5, 5, 5, 5, 5, 5, 5, 5, 5, 5, 5, 5, 5, 5, 5, 5, 5, 5, 5, 5, 5, 5, 5, 5, 5, 5, 5, 5, 5, 5, 5, 5, 5, 5, 5, 5, 5, 5, 5, 5, 5]
[5, 5, 5, 5, 5, 5, 5, 5, 5, 5, 5, 5, 5, 5, 5, 5, 5, 5, 5, 5, 5, 5, 5, 5, 5, 5, 5, 5, 5, 5, 5, 5, 5, 5, 5, 5, 5, 5, 5, 5, 5, 5, 5, 5, 5, 5, 5, 5, 5, 5, 5, 5, 5, 5, 5, 5, 5, 5, 5, 5, 5, 5, 5, 5]
[5, 5, 5, 5, 5, 5, 5, 5, 5, 5, 5, 5, 5, 5, 5, 5, 5, 5, 5, 5, 5, 5, 5, 5, 5, 5, 5, 5, 5, 5, 5, 5, 5, 5, 5, 5, 5, 5, 5, 5, 5, 5, 5, 5, 5, 5, 5, 5, 5, 5, 5, 5, 5, 5, 5, 5, 5, 5, 5, 5, 5, 5, 5, 5]
[5, 5, 5, 5, 5, 5, 5, 5, 5, 5, 5, 5, 5, 5, 5, 5, 5, 5, 5, 5, 5, 5, 5, 5, 5, 5, 5, 5, 5, 5, 5, 5, 5, 5, 5, 5, 5, 5, 5, 5, 5, 5, 5, 5, 5, 5, 5, 5, 5, 5, 5, 5, 5, 5, 5, 5, 5, 5, 5, 5, 5, 5, 5, 5]
[5, 5, 5, 5, 5, 5, 5, 5, 5, 5, 5, 5, 5, 5, 5, 5, 5, 5, 5, 5, 5, 5, 5, 5, 5, 5, 5, 5, 5, 5, 5, 5, 5, 5, 5, 5, 5, 5, 5, 5, 5, 5, 5, 5, 5, 5, 5, 5, 5, 5, 5, 5, 5, 5, 5, 5, 5, 5, 5, 5, 5, 5, 5, 5]
[5, 5, 5, 5, 5, 5, 5, 5, 5, 5, 5, 5, 5, 5, 5, 5, 5, 5, 5, 5, 5, 5, 5, 5, 5, 5, 5, 5, 5, 5, 5, 5, 5, 5, 5, 5, 5, 5, 5, 5, 5, 5, 5, 5, 5, 5, 5, 5, 5, 5, 5, 5, 5, 5, 5, 5, 5, 5, 5, 5, 5, 5, 5, 5]
[5, 5, 5, 5, 5, 5, 5, 5, 5, 5, 5, 5, 5, 5, 5, 5, 5, 5, 5, 5, 5, 5, 5, 5, 5, 5, 5, 5, 5, 5, 5, 5, 5, 5, 5, 5, 5, 5, 5, 5, 5, 5, 5, 5, 5, 5, 5, 5, 5, 5, 5, 5, 5, 5, 5, 5, 5, 5, 5, 5, 5, 5, 5, 5]
[5, 5, 5, 5, 5, 5, 5, 5, 5, 5, 5, 5, 5, 5, 5, 5, 5, 5, 5, 5, 5, 5, 5, 5, 5, 5, 5, 5, 5, 5, 5, 5, 2, 2, 2, 2, 2, 2, 4, 4, 4, 4, 4, 4, 4, 4, 4, 4, 4, 4, 4, 4, 4, 4, 4, 4, 2, 2, 2, 2, 2, 2, 5, 5]
[5, 5, 5, 5, 5, 5, 5, 5, 5, 5, 5, 5, 5, 5, 5, 5, 5, 5, 5, 5, 5, 5, 5, 5, 5, 5, 5, 5, 5, 5, 5, 5, 2, 2, 2, 2, 2, 2, 4, 4, 4, 4, 4, 4, 4, 4, 4, 4, 4, 4, 4, 4, 4, 4, 4, 4, 2, 2, 2, 2, 2, 2, 5, 5]
[5, 5, 5, 5, 5, 5, 5, 5, 5, 5, 5, 5, 5, 5, 5, 5, 5, 5, 5, 5, 5, 5, 5, 5, 5, 5, 5, 5, 5, 5, 5, 5, 2, 2, 4, 4, 4, 4, 4, 4, 4, 4, 4, 4, 4, 4, 4, 4, 4, 4, 4, 4, 4, 4, 4, 4, 4, 4, 4, 4, 2, 2, 5, 5]
[5, 5, 5, 5, 5, 5, 5, 5, 5, 5, 5, 5, 5, 5, 5, 5, 5, 5, 5, 5, 5, 5, 5, 5, 5, 5, 5, 5, 5, 5, 5, 5, 2, 2, 4, 4, 4, 4, 4, 4, 4, 4, 4, 4, 4, 4, 4, 4, 4, 4, 4, 4, 4, 4, 4, 4, 4, 4, 4, 4, 2, 2, 5, 5]
[5, 5, 5, 5, 8, 8, 8, 8, 8, 8, 5, 5, 9, 9, 9, 9, 9, 9, 5, 5, 9, 9, 9, 9, 9, 9, 5, 5, 5, 5, 5, 5, 2, 2, 4, 4, 8, 8, 8, 8, 8, 8, 4, 4, 9, 9, 9, 9, 9, 9, 4, 4, 9, 9, 9, 9, 9, 9, 4, 4, 2, 2, 5, 5]
[5, 5, 5, 5, 8, 8, 8, 8, 8, 8, 5, 5, 9, 9, 9, 9, 9, 9, 5, 5, 9, 9, 9, 9, 9, 9, 5, 5, 5, 5, 5, 5, 2, 2, 4, 4, 8, 8, 8, 8, 8, 8, 4, 4, 9, 9, 9, 9, 9, 9, 4, 4, 9, 9, 9, 9, 9, 9, 4, 4, 2, 2, 5, 5]
[5, 5, 5, 5, 8, 8, 8, 8, 8, 8, 5, 5, 9, 9, 9, 9, 9, 9, 5, 5, 9, 9, 9, 9, 9, 9, 5, 5, 5, 5, 5, 5, 4, 4, 4, 4, 8, 8, 8, 8, 8, 8, 4, 4, 9, 9, 9, 9, 9, 9, 4, 4, 9, 9, 9, 9, 9, 9, 4, 4, 4, 4, 5, 5]
[5, 5, 5, 5, 8, 8, 8, 8, 8, 8, 5, 5, 9, 9, 9, 9, 9, 9, 5, 5, 9, 9, 9, 9, 9, 9, 5, 5, 5, 5, 5, 5, 4, 4, 4, 4, 8, 8, 8, 8, 8, 8, 4, 4, 9, 9, 9, 9, 9, 9, 4, 4, 9, 9, 9, 9, 9, 9, 4, 4, 4, 4, 5, 5]
[5, 5, 5, 5, 8, 8, 8, 8, 8, 8, 5, 5, 9, 9, 9, 9, 9, 9, 5, 5, 9, 9, 9, 9, 9, 9, 5, 5, 5, 5, 5, 5, 4, 4, 4, 4, 8, 8, 8, 8, 8, 8, 4, 4, 9, 9, 9, 9, 9, 9, 4, 4, 9, 9, 9, 9, 9, 9, 4, 4, 4, 4, 5, 5]
[5, 5, 5, 5, 8, 8, 8, 8, 8, 8, 5, 5, 9, 9, 9, 9, 9, 9, 5, 5, 9, 9, 9, 9, 9, 9, 5, 5, 5, 5, 5, 5, 4, 4, 4, 4, 8, 8, 8, 8, 8, 8, 4, 4, 9, 9, 9, 9, 9, 9, 4, 4, 9, 9, 9, 9, 9, 9, 4, 4, 4, 4, 5, 5]
[5, 5, 5, 5, 5, 5, 5, 5, 5, 5, 5, 5, 5, 5, 5, 5, 5, 5, 5, 5, 5, 5, 5, 5, 5, 5, 5, 5, 5, 5, 5, 5, 4, 4, 4, 4, 4, 4, 4, 4, 4, 4, 4, 4, 4, 4, 4, 4, 4, 4, 4, 4, 4, 4, 4, 4, 4, 4, 4, 4, 4, 4, 5, 5]
[5, 5, 5, 5, 5, 5, 5, 5, 5, 5, 5, 5, 5, 5, 5, 5, 5, 5, 5, 5, 5, 5, 5, 5, 5, 5, 5, 5, 5, 5, 5, 5, 4, 4, 4, 4, 4, 4, 4, 4, 4, 4, 4, 4, 4, 4, 4, 4, 4, 4, 4, 4, 4, 4, 4, 4, 4, 4, 4, 4, 4, 4, 5, 5]
[5, 5, 5, 5, 8, 8, 8, 8, 8, 8, 5, 5, 0, 0, 2, 2, 2, 2, 5, 5, 8, 8, 8, 8, 8, 8, 5, 5, 5, 5, 5, 5, 4, 4, 4, 4, 9, 9, 9, 9, 9, 9, 4, 4, 0, 0, 2, 2, 2, 2, 4, 4, 9, 9, 9, 9, 9, 9, 4, 4, 4, 4, 5, 5]
[5, 5, 5, 5, 8, 8, 8, 8, 8, 8, 5, 5, 0, 0, 2, 2, 2, 2, 5, 5, 8, 8, 8, 8, 8, 8, 5, 5, 5, 5, 5, 5, 4, 4, 4, 4, 9, 9, 9, 9, 9, 9, 4, 4, 0, 0, 2, 2, 2, 2, 4, 4, 9, 9, 9, 9, 9, 9, 4, 4, 4, 4, 5, 5]
[5, 5, 5, 5, 8, 8, 8, 8, 8, 8, 5, 5, 0, 0, 8, 8, 0, 0, 5, 5, 8, 8, 8, 8, 8, 8, 5, 5, 5, 5, 5, 5, 4, 4, 4, 4, 9, 9, 9, 9, 9, 9, 4, 4, 0, 0, 8, 8, 0, 0, 4, 4, 9, 9, 9, 9, 9, 9, 4, 4, 4, 4, 5, 5]
[5, 5, 5, 5, 8, 8, 8, 8, 8, 8, 5, 5, 0, 0, 8, 8, 0, 0, 5, 5, 8, 8, 8, 8, 8, 8, 5, 5, 5, 5, 5, 5, 4, 4, 4, 4, 9, 9, 9, 9, 9, 9, 4, 4, 0, 0, 8, 8, 0, 0, 4, 4, 9, 9, 9, 9, 9, 9, 4, 4, 4, 4, 5, 5]
[5, 5, 5, 5, 8, 8, 8, 8, 8, 8, 5, 5, 2, 2, 2, 2, 0, 0, 5, 5, 8, 8, 8, 8, 8, 8, 5, 5, 5, 5, 5, 5, 4, 4, 4, 4, 9, 9, 9, 9, 9, 9, 4, 4, 0, 0, 2, 2, 2, 2, 4, 4, 9, 9, 9, 9, 9, 9, 4, 4, 4, 4, 5, 5]
[5, 5, 5, 5, 8, 8, 8, 8, 8, 8, 5, 5, 2, 2, 2, 2, 0, 0, 5, 5, 8, 8, 8, 8, 8, 8, 5, 5, 5, 5, 5, 5, 4, 4, 4, 4, 9, 9, 9, 9, 9, 9, 4, 4, 0, 0, 2, 2, 2, 2, 4, 4, 9, 9, 9, 9, 9, 9, 4, 4, 4, 4, 5, 5]
[5, 5, 5, 5, 5, 5, 5, 5, 5, 5, 5, 5, 5, 5, 5, 5, 5, 5, 5, 5, 5, 5, 5, 5, 5, 5, 5, 5, 5, 5, 5, 5, 4, 4, 4, 4, 4, 4, 4, 4, 4, 4, 4, 4, 4, 4, 4, 4, 4, 4, 4, 4, 4, 4, 4, 4, 4, 4, 4, 4, 4, 4, 5, 5]
[5, 5, 5, 5, 5, 5, 5, 5, 5, 5, 5, 5, 5, 5, 5, 5, 5, 5, 5, 5, 5, 5, 5, 5, 5, 5, 5, 5, 5, 5, 5, 5, 4, 4, 4, 4, 4, 4, 4, 4, 4, 4, 4, 4, 4, 4, 4, 4, 4, 4, 4, 4, 4, 4, 4, 4, 4, 4, 4, 4, 4, 4, 5, 5]
[5, 5, 5, 5, 9, 9, 9, 9, 9, 9, 5, 5, 9, 9, 9, 9, 9, 9, 5, 5, 8, 8, 8, 8, 8, 8, 5, 5, 5, 5, 5, 5, 4, 4, 4, 4, 9, 9, 9, 9, 9, 9, 4, 4, 9, 9, 9, 9, 9, 9, 4, 4, 9, 9, 9, 9, 9, 9, 4, 4, 4, 4, 5, 5]
[5, 5, 5, 5, 9, 9, 9, 9, 9, 9, 5, 5, 9, 9, 9, 9, 9, 9, 5, 5, 8, 8, 8, 8, 8, 8, 5, 5, 5, 5, 5, 5, 4, 4, 4, 4, 9, 9, 9, 9, 9, 9, 4, 4, 9, 9, 9, 9, 9, 9, 4, 4, 9, 9, 9, 9, 9, 9, 4, 4, 4, 4, 5, 5]
[5, 5, 5, 5, 9, 9, 9, 9, 9, 9, 5, 5, 9, 9, 9, 9, 9, 9, 5, 5, 8, 8, 8, 8, 8, 8, 5, 5, 5, 5, 5, 5, 4, 4, 4, 4, 9, 9, 9, 9, 9, 9, 4, 4, 9, 9, 9, 9, 9, 9, 4, 4, 9, 9, 9, 9, 9, 9, 4, 4, 4, 4, 5, 5]
[5, 5, 5, 5, 9, 9, 9, 9, 9, 9, 5, 5, 9, 9, 9, 9, 9, 9, 5, 5, 8, 8, 8, 8, 8, 8, 5, 5, 5, 5, 5, 5, 4, 4, 4, 4, 9, 9, 9, 9, 9, 9, 4, 4, 9, 9, 9, 9, 9, 9, 4, 4, 9, 9, 9, 9, 9, 9, 4, 4, 4, 4, 5, 5]
[5, 5, 5, 5, 9, 9, 9, 9, 9, 9, 5, 5, 9, 9, 9, 9, 9, 9, 5, 5, 8, 8, 8, 8, 8, 8, 5, 5, 5, 5, 5, 5, 2, 2, 4, 4, 9, 9, 9, 9, 9, 9, 4, 4, 9, 9, 9, 9, 9, 9, 4, 4, 9, 9, 9, 9, 9, 9, 4, 4, 2, 2, 5, 5]
[5, 5, 5, 5, 9, 9, 9, 9, 9, 9, 5, 5, 9, 9, 9, 9, 9, 9, 5, 5, 8, 8, 8, 8, 8, 8, 5, 5, 5, 5, 5, 5, 2, 2, 4, 4, 9, 9, 9, 9, 9, 9, 4, 4, 9, 9, 9, 9, 9, 9, 4, 4, 9, 9, 9, 9, 9, 9, 4, 4, 2, 2, 5, 5]
[5, 5, 5, 5, 5, 5, 5, 5, 5, 5, 5, 5, 5, 5, 5, 5, 5, 5, 5, 5, 5, 5, 5, 5, 5, 5, 5, 5, 5, 5, 5, 5, 2, 2, 4, 4, 4, 4, 4, 4, 4, 4, 4, 4, 4, 4, 4, 4, 4, 4, 4, 4, 4, 4, 4, 4, 4, 4, 4, 4, 2, 2, 5, 5]
[5, 5, 5, 5, 5, 5, 5, 5, 5, 5, 5, 5, 5, 5, 5, 5, 5, 5, 5, 5, 5, 5, 5, 5, 5, 5, 5, 5, 5, 5, 5, 5, 2, 2, 4, 4, 4, 4, 4, 4, 4, 4, 4, 4, 4, 4, 4, 4, 4, 4, 4, 4, 4, 4, 4, 4, 4, 4, 4, 4, 2, 2, 5, 5]
[5, 5, 5, 5, 5, 5, 5, 5, 5, 5, 5, 5, 5, 5, 5, 5, 5, 5, 5, 5, 5, 5, 5, 5, 5, 5, 5, 5, 5, 5, 5, 5, 2, 2, 2, 2, 2, 2, 4, 4, 4, 4, 4, 4, 4, 4, 4, 4, 4, 4, 4, 4, 4, 4, 4, 4, 2, 2, 2, 2, 2, 2, 5, 5]
[5, 5, 5, 5, 5, 5, 5, 5, 5, 5, 5, 5, 5, 5, 5, 5, 5, 5, 5, 5, 5, 5, 5, 5, 5, 5, 5, 5, 5, 5, 5, 5, 2, 2, 2, 2, 2, 2, 4, 4, 4, 4, 4, 4, 4, 4, 4, 4, 4, 4, 4, 4, 4, 4, 4, 4, 2, 2, 2, 2, 2, 2, 5, 5]
[5, 5, 5, 5, 5, 5, 5, 5, 5, 5, 5, 5, 5, 5, 5, 5, 5, 5, 5, 5, 5, 5, 5, 5, 5, 5, 5, 5, 5, 5, 5, 5, 5, 5, 5, 5, 5, 5, 5, 5, 5, 5, 5, 5, 5, 5, 5, 5, 5, 5, 5, 5, 5, 5, 5, 5, 5, 5, 5, 5, 5, 5, 5, 5]
[12, 12, 12, 12, 12, 12, 12, 12, 12, 12, 12, 12, 12, 12, 12, 12, 12, 12, 12, 12, 12, 12, 12, 12, 12, 12, 12, 12, 12, 12, 12, 12, 12, 12, 12, 12, 12, 12, 12, 12, 12, 12, 12, 12, 12, 12, 12, 12, 12, 12, 12, 12, 12, 12, 12, 12, 12, 12, 12, 12, 12, 12, 11, 11]
</grid_0>
",,0.0,False
2,ACTION6 x=48 y=38,manual,"State: NOT_FINISHED
Levels completed: 0/6
Action count: 2

========== Start of Direct Observation ==========
<grid_0>
[5, 5, 5, 5, 5, 5, 5, 5, 5, 5, 5, 5, 5, 5, 5, 5, 5, 5, 5, 5, 5, 5, 5, 5, 5, 5, 5, 5, 5, 5, 5, 5, 5, 5, 5, 5, 5, 5, 5, 5, 5, 5, 5, 5, 5, 5, 5, 5, 5, 5, 5, 5, 5, 5, 5, 5, 5, 5, 5, 5, 5, 5, 5, 5]
[5, 5, 5, 5, 5, 5, 5, 5, 5, 5, 5, 5, 5, 5, 5, 5, 5, 5, 5, 5, 5, 5, 5, 5, 5, 5, 5, 5, 5, 5, 5, 5, 5, 5, 5, 5, 5, 5, 5, 5, 5, 5, 5, 5, 5, 5, 5, 5, 5, 5, 5, 5, 5, 5, 5, 5, 5, 5, 5, 5, 5, 5, 5, 5]
[5, 5, 5, 5, 9, 9, 9, 9, 9, 9, 5, 5, 8, 8, 8, 8, 8, 8, 5, 5, 9, 9, 9, 9, 9, 9, 5, 5, 5, 5, 5, 5, 5, 5, 5, 5, 5, 5, 9, 9, 9, 9, 9, 9, 5, 5, 8, 8, 8, 8, 8, 8, 5, 5, 9, 9, 9, 9, 9, 9, 5, 5, 5, 5]
[5, 5, 5, 5, 9, 9, 9, 9, 9, 9, 5, 5, 8, 8, 8, 8, 8, 8, 5, 5, 9, 9, 9, 9, 9, 9, 5, 5, 5, 5, 5, 5, 5, 5, 5, 5, 5, 5, 9, 9, 9, 9, 9, 9, 5, 5, 8, 8, 8, 8, 8, 8, 5, 5, 9, 9, 9, 9, 9, 9, 5, 5, 5, 5]
[5, 5, 5, 5, 9, 9, 9, 9, 9, 9, 5, 5, 8, 8, 8, 8, 8, 8, 5, 5, 9, 9, 9, 9, 9, 9, 5, 5, 5, 5, 5, 5, 5, 5, 5, 5, 5, 5, 9, 9, 9, 9, 9, 9, 5, 5, 8, 8, 8, 8, 8, 8, 5, 5, 9, 9, 9, 9, 9, 9, 5, 5, 5, 5]
[5, 5, 5, 5, 9, 9, 9, 9, 9, 9, 5, 5, 8, 8, 8, 8, 8, 8, 5, 5, 9, 9, 9, 9, 9, 9, 5, 5, 5, 5, 5, 5, 5, 5, 5, 5, 5, 5, 9, 9, 9, 9, 9, 9, 5, 5, 8, 8, 8, 8, 8, 8, 5, 5, 9, 9, 9, 9, 9, 9, 5, 5, 5, 5]
[5, 5, 5, 5, 9, 9, 9, 9, 9, 9, 5, 5, 8, 8, 8, 8, 8, 8, 5, 5, 9, 9, 9, 9, 9, 9, 5, 5, 5, 5, 5, 5, 5, 5, 5, 5, 5, 5, 9, 9, 9, 9, 9, 9, 5, 5, 8, 8, 8, 8, 8, 8, 5, 5, 9, 9, 9, 9, 9, 9, 5, 5, 5, 5]
[5, 5, 5, 5, 9, 9, 9, 9, 9, 9, 5, 5, 8, 8, 8, 8, 8, 8, 5, 5, 9, 9, 9, 9, 9, 9, 5, 5, 5, 5, 5, 5, 5, 5, 5, 5, 5, 5, 9, 9, 9, 9, 9, 9, 5, 5, 8, 8, 8, 8, 8, 8, 5, 5, 9, 9, 9, 9, 9, 9, 5, 5, 5, 5]
[5, 5, 5, 5, 5, 5, 5, 5, 5, 5, 5, 5, 5, 5, 5, 5, 5, 5, 5, 5, 5, 5, 5, 5, 5, 5, 5, 5, 5, 5, 5, 5, 5, 5, 5, 5, 5, 5, 5, 5, 5, 5, 5, 5, 5, 5, 5, 5, 5, 5, 5, 5, 5, 5, 5, 5, 5, 5, 5, 5, 5, 5, 5, 5]
[5, 5, 5, 5, 5, 5, 5, 5, 5, 5, 5, 5, 5, 5, 5, 5, 5, 5, 5, 5, 5, 5, 5, 5, 5, 5, 5, 5, 5, 5, 5, 5, 5, 5, 5, 5, 5, 5, 5, 5, 5, 5, 5, 5, 5, 5, 5, 5, 5, 5, 5, 5, 5, 5, 5, 5, 5, 5, 5, 5, 5, 5, 5, 5]
[5, 5, 5, 5, 8, 8, 8, 8, 8, 8, 5, 5, 2, 2, 0, 0, 2, 2, 5, 5, 9, 9, 9, 9, 9, 9, 5, 5, 5, 5, 5, 5, 5, 5, 5, 5, 5, 5, 8, 8, 8, 8, 8, 8, 5, 5, 2, 2, 0, 0, 2, 2, 5, 5, 8, 8, 8, 8, 8, 8, 5, 5, 5, 5]
[5, 5, 5, 5, 8, 8, 8, 8, 8, 8, 5, 5, 2, 2, 0, 0, 2, 2, 5, 5, 9, 9, 9, 9, 9, 9, 5, 5, 5, 5, 5, 5, 5, 5, 5, 5, 5, 5, 8, 8, 8, 8, 8, 8, 5, 5, 2, 2, 0, 0, 2, 2, 5, 5, 8, 8, 8, 8, 8, 8, 5, 5, 5, 5]
[5, 5, 5, 5, 8, 8, 8, 8, 8, 8, 5, 5, 0, 0, 8, 8, 2, 2, 5, 5, 9, 9, 9, 9, 9, 9, 5, 5, 5, 5, 5, 5, 5, 5, 5, 5, 5, 5, 8, 8, 8, 8, 8, 8, 5, 5, 0, 0, 8, 8, 0, 0, 5, 5, 8, 8, 8, 8, 8, 8, 5, 5, 5, 5]
[5, 5, 5, 5, 8, 8, 8, 8, 8, 8, 5, 5, 0, 0, 8, 8, 2, 2, 5, 5, 9, 9, 9, 9, 9, 9, 5, 5, 5, 5, 5, 5, 5, 5, 5, 5, 5, 5, 8, 8, 8, 8, 8, 8, 5, 5, 0, 0, 8, 8, 0, 0, 5, 5, 8, 8, 8, 8, 8, 8, 5, 5, 5, 5]
[5, 5, 5, 5, 8, 8, 8, 8, 8, 8, 5, 5, 2, 2, 0, 0, 0, 0, 5, 5, 9, 9, 9, 9, 9, 9, 5, 5, 5, 5, 5, 5, 5, 5, 5, 5, 5, 5, 8, 8, 8, 8, 8, 8, 5, 5, 2, 2, 0, 0, 2, 2, 5, 5, 8, 8, 8, 8, 8, 8, 5, 5, 5, 5]
[5, 5, 5, 5, 8, 8, 8, 8, 8, 8, 5, 5, 2, 2, 0, 0, 0, 0, 5, 5, 9, 9, 9, 9, 9, 9, 5, 5, 5, 5, 5, 5, 5, 5, 5, 5, 5, 5, 8, 8, 8, 8, 8, 8, 5, 5, 2, 2, 0, 0, 2, 2, 5, 5, 8, 8, 8, 8, 8, 8, 5, 5, 5, 5]
[5, 5, 5, 5, 5, 5, 5, 5, 5, 5, 5, 5, 5, 5, 5, 5, 5, 5, 5, 5, 5, 5, 5, 5, 5, 5, 5, 5, 5, 5, 5, 5, 5, 5, 5, 5, 5, 5, 5, 5, 5, 5, 5, 5, 5, 5, 5, 5, 5, 5, 5, 5, 5, 5, 5, 5, 5, 5, 5, 5, 5, 5, 5, 5]
[5, 5, 5, 5, 5, 5, 5, 5, 5, 5, 5, 5, 5, 5, 5, 5, 5, 5, 5, 5, 5, 5, 5, 5, 5, 5, 5, 5, 5, 5, 5, 5, 5, 5, 5, 5, 5, 5, 5, 5, 5, 5, 5, 5, 5, 5, 5, 5, 5, 5, 5, 5, 5, 5, 5, 5, 5, 5, 5, 5, 5, 5, 5, 5]
[5, 5, 5, 5, 9, 9, 9, 9, 9, 9, 5, 5, 8, 8, 8, 8, 8, 8, 5, 5, 8, 8, 8, 8, 8, 8, 5, 5, 5, 5, 5, 5, 5, 5, 5, 5, 5, 5, 9, 9, 9, 9, 9, 9, 5, 5, 8, 8, 8, 8, 8, 8, 5, 5, 9, 9, 9, 9, 9, 9, 5, 5, 5, 5]
[5, 5, 5, 5, 9, 9, 9, 9, 9, 9, 5, 5, 8, 8, 8, 8, 8, 8, 5, 5, 8, 8, 8, 8, 8, 8, 5, 5, 5, 5, 5, 5, 5, 5, 5, 5, 5, 5, 9, 9, 9, 9, 9, 9, 5, 5, 8, 8, 8, 8, 8, 8, 5, 5, 9, 9, 9, 9, 9, 9, 5, 5, 5, 5]
[5, 5, 5, 5, 9, 9, 9, 9, 9, 9, 5, 5, 8, 8, 8, 8, 8, 8, 5, 5, 8, 8, 8, 8, 8, 8, 5, 5, 5, 5, 5, 5, 5, 5, 5, 5, 5, 5, 9, 9, 9, 9, 9, 9, 5, 5, 8, 8, 8, 8, 8, 8, 5, 5, 9, 9, 9, 9, 9, 9, 5, 5, 5, 5]
[5, 5, 5, 5, 9, 9, 9, 9, 9, 9, 5, 5, 8, 8, 8, 8, 8, 8, 5, 5, 8, 8, 8, 8, 8, 8, 5, 5, 5, 5, 5, 5, 5, 5, 5, 5, 5, 5, 9, 9, 9, 9, 9, 9, 5, 5, 8, 8, 8, 8, 8, 8, 5, 5, 9, 9, 9, 9, 9, 9, 5, 5, 5, 5]
[5, 5, 5, 5, 9, 9, 9, 9, 9, 9, 5, 5, 8, 8, 8, 8, 8, 8, 5, 5, 8, 8, 8, 8, 8, 8, 5, 5, 5, 5, 5, 5, 5, 5, 5, 5, 5, 5, 9, 9, 9, 9, 9, 9, 5, 5, 8, 8, 8, 8, 8, 8, 5, 5, 9, 9, 9, 9, 9, 9, 5, 5, 5, 5]
[5, 5, 5, 5, 9, 9, 9, 9, 9, 9, 5, 5, 8, 8, 8, 8, 8, 8, 5, 5, 8, 8, 8, 8, 8, 8, 5, 5, 5, 5, 5, 5, 5, 5, 5, 5, 5, 5, 9, 9, 9, 9, 9, 9, 5, 5, 8, 8, 8, 8, 8, 8, 5, 5, 9, 9, 9, 9, 9, 9, 5, 5, 5, 5]
[5, 5, 5, 5, 5, 5, 5, 5, 5, 5, 5, 5, 5, 5, 5, 5, 5, 5, 5, 5, 5, 5, 5, 5, 5, 5, 5, 5, 5, 5, 5, 5, 5, 5, 5, 5, 5, 5, 5, 5, 5, 5, 5, 5, 5, 5, 5, 5, 5, 5, 5, 5, 5, 5, 5, 5, 5, 5, 5, 5, 5, 5, 5, 5]
[5, 5, 5, 5, 5, 5, 5, 5, 5, 5, 5, 5, 5, 5, 5, 5, 5, 5, 5, 5, 5, 5, 5, 5, 5, 5, 5, 5, 5, 5, 5, 5, 5, 5, 5, 5, 5, 5, 5, 5, 5, 5, 5, 5, 5, 5, 5, 5, 5, 5, 5, 5, 5, 5, 5, 5, 5, 5, 5, 5, 5, 5, 5, 5]
[5, 5, 5, 5, 5, 5, 5, 5, 5, 5, 5, 5, 5, 5, 5, 5, 5, 5, 5, 5, 5, 5, 5, 5, 5, 5, 5, 5, 5, 5, 5, 5, 5, 5, 5, 5, 5, 5, 5, 5, 5, 5, 5, 5, 5, 5, 5, 5, 5, 5, 5, 5, 5, 5, 5, 5, 5, 5, 5, 5, 5, 5, 5, 5]
[5, 5, 5, 5, 5, 5, 5, 5, 5, 5, 5, 5, 5, 5, 5, 5, 5, 5, 5, 5, 5, 5, 5, 5, 5, 5, 5, 5, 5, 5, 5, 5, 5, 5, 5, 5, 5, 5, 5, 5, 5, 5, 5, 5, 5, 5, 5, 5, 5, 5, 5, 5, 5, 5, 5, 5, 5, 5, 5, 5, 5, 5, 5, 5]
[5, 5, 5, 5, 5, 5, 5, 5, 5, 5, 5, 5, 5, 5, 5, 5, 5, 5, 5, 5, 5, 5, 5, 5, 5, 5, 5, 5, 5, 5, 5, 5, 5, 5, 5, 5, 5, 5, 5, 5, 5, 5, 5, 5, 5, 5, 5, 5, 5, 5, 5, 5, 5, 5, 5, 5, 5, 5, 5, 5, 5, 5, 5, 5]
[5, 5, 5, 5, 5, 5, 5, 5, 5, 5, 5, 5, 5, 5, 5, 5, 5, 5, 5, 5, 5, 5, 5, 5, 5, 5, 5, 5, 5, 5, 5, 5, 5, 5, 5, 5, 5, 5, 5, 5, 5, 5, 5, 5, 5, 5, 5, 5, 5, 5, 5, 5, 5, 5, 5, 5, 5, 5, 5, 5, 5, 5, 5, 5]
[5, 5, 5, 5, 5, 5, 5, 5, 5, 5, 5, 5, 5, 5, 5, 5, 5, 5, 5, 5, 5, 5, 5, 5, 5, 5, 5, 5, 5, 5, 5, 5, 5, 5, 5, 5, 5, 5, 5, 5, 5, 5, 5, 5, 5, 5, 5, 5, 5, 5, 5, 5, 5, 5, 5, 5, 5, 5, 5, 5, 5, 5, 5, 5]
[5, 5, 5, 5, 5, 5, 5, 5, 5, 5, 5, 5, 5, 5, 5, 5, 5, 5, 5, 5, 5, 5, 5, 5, 5, 5, 5, 5, 5, 5, 5, 5, 5, 5, 5, 5, 5, 5, 5, 5, 5, 5, 5, 5, 5, 5, 5, 5, 5, 5, 5, 5, 5, 5, 5, 5, 5, 5, 5, 5, 5, 5, 5, 5]
[5, 5, 5, 5, 5, 5, 5, 5, 5, 5, 5, 5, 5, 5, 5, 5, 5, 5, 5, 5, 5, 5, 5, 5, 5, 5, 5, 5, 5, 5, 5, 5, 2, 2, 2, 2, 2, 2, 4, 4, 4, 4, 4, 4, 4, 4, 4, 4, 4, 4, 4, 4, 4, 4, 4, 4, 2, 2, 2, 2, 2, 2, 5, 5]
[5, 5, 5, 5, 5, 5, 5, 5, 5, 5, 5, 5, 5, 5, 5, 5, 5, 5, 5, 5, 5, 5, 5, 5, 5, 5, 5, 5, 5, 5, 5, 5, 2, 2, 2, 2, 2, 2, 4, 4, 4, 4, 4, 4, 4, 4, 4, 4, 4, 4, 4, 4, 4, 4, 4, 4, 2, 2, 2, 2, 2, 2, 5, 5]
[5, 5, 5, 5, 5, 5, 5, 5, 5, 5, 5, 5, 5, 5, 5, 5, 5, 5, 5, 5, 5, 5, 5, 5, 5, 5, 5, 5, 5, 5, 5, 5, 2, 2, 4, 4, 4, 4, 4, 4, 4, 4, 4, 4, 4, 4, 4, 4, 4, 4, 4, 4, 4, 4, 4, 4, 4, 4, 4, 4, 2, 2, 5, 5]
[5, 5, 5, 5, 5, 5, 5, 5, 5, 5, 5, 5, 5, 5, 5, 5, 5, 5, 5, 5, 5, 5, 5, 5, 5, 5, 5, 5, 5, 5, 5, 5, 2, 2, 4, 4, 4, 4, 4, 4, 4, 4, 4, 4, 4, 4, 4, 4, 4, 4, 4, 4, 4, 4, 4, 4, 4, 4, 4, 4, 2, 2, 5, 5]
[5, 5, 5, 5, 8, 8, 8, 8, 8, 8, 5, 5, 9, 9, 9, 9, 9, 9, 5, 5, 9, 9, 9, 9, 9, 9, 5, 5, 5, 5, 5, 5, 2, 2, 4, 4, 9, 9, 9, 9, 9, 9, 4, 4, 9, 9, 9, 9, 9, 9, 4, 4, 9, 9, 9, 9, 9, 9, 4, 4, 2, 2, 5, 5]
[5, 5, 5, 5, 8, 8, 8, 8, 8, 8, 5, 5, 9, 9, 9, 9, 9, 9, 5, 5, 9, 9, 9, 9, 9, 9, 5, 5, 5, 5, 5, 5, 2, 2, 4, 4, 9, 9, 9, 9, 9, 9, 4, 4, 9, 9, 9, 9, 9, 9, 4, 4, 9, 9, 9, 9, 9, 9, 4, 4, 2, 2, 5, 5]
[5, 5, 5, 5, 8, 8, 8, 8, 8, 8, 5, 5, 9, 9, 9, 9, 9, 9, 5, 5, 9, 9, 9, 9, 9, 9, 5, 5, 5, 5, 5, 5, 4, 4, 4, 4, 9, 9, 9, 9, 9, 9, 4, 4, 9, 9, 9, 9, 9, 9, 4, 4, 9, 9, 9, 9, 9, 9, 4, 4, 4, 4, 5, 5]
[5, 5, 5, 5, 8, 8, 8, 8, 8, 8, 5, 5, 9, 9, 9, 9, 9, 9, 5, 5, 9, 9, 9, 9, 9, 9, 5, 5, 5, 5, 5, 5, 4, 4, 4, 4, 9, 9, 9, 9, 9, 9, 4, 4, 9, 9, 9, 9, 9, 9, 4, 4, 9, 9, 9, 9, 9, 9, 4, 4, 4, 4, 5, 5]
[5, 5, 5, 5, 8, 8, 8, 8, 8, 8, 5, 5, 9, 9, 9, 9, 9, 9, 5, 5, 9, 9, 9, 9, 9, 9, 5, 5, 5, 5, 5, 5, 4, 4, 4, 4, 9, 9, 9, 9, 9, 9, 4, 4, 9, 9, 9, 9, 9, 9, 4, 4, 9, 9, 9, 9, 9, 9, 4, 4, 4, 4, 5, 5]
[5, 5, 5, 5, 8, 8, 8, 8, 8, 8, 5, 5, 9, 9, 9, 9, 9, 9, 5, 5, 9, 9, 9, 9, 9, 9, 5, 5, 5, 5, 5, 5, 4, 4, 4, 4, 9, 9, 9, 9, 9, 9, 4, 4, 9, 9, 9, 9, 9, 9, 4, 4, 9, 9, 9, 9, 9, 9, 4, 4, 4, 4, 5, 5]
[5, 5, 5, 5, 5, 5, 5, 5, 5, 5, 5, 5, 5, 5, 5, 5, 5, 5, 5, 5, 5, 5, 5, 5, 5, 5, 5, 5, 5, 5, 5, 5, 4, 4, 4, 4, 4, 4, 4, 4, 4, 4, 4, 4, 4, 4, 4, 4, 4, 4, 4, 4, 4, 4, 4, 4, 4, 4, 4, 4, 4, 4, 5, 5]
[5, 5, 5, 5, 5, 5, 5, 5, 5, 5, 5, 5, 5, 5, 5, 5, 5, 5, 5, 5, 5, 5, 5, 5, 5, 5, 5, 5, 5, 5, 5, 5, 4, 4, 4, 4, 4, 4, 4, 4, 4, 4, 4, 4, 4, 4, 4, 4, 4, 4, 4, 4, 4, 4, 4, 4, 4, 4, 4, 4, 4, 4, 5, 5]
[5, 5, 5, 5, 8, 8, 8, 8, 8, 8, 5, 5, 0, 0, 2, 2, 2, 2, 5, 5, 8, 8, 8, 8, 8, 8, 5, 5, 5, 5, 5, 5, 4, 4, 4, 4, 9, 9, 9, 9, 9, 9, 4, 4, 0, 0, 2, 2, 2, 2, 4, 4, 9, 9, 9, 9, 9, 9, 4, 4, 4, 4, 5, 5]
[5, 5, 5, 5, 8, 8, 8, 8, 8, 8, 5, 5, 0, 0, 2, 2, 2, 2, 5, 5, 8, 8, 8, 8, 8, 8, 5, 5, 5, 5, 5, 5, 4, 4, 4, 4, 9, 9, 9, 9, 9, 9, 4, 4, 0, 0, 2, 2, 2, 2, 4, 4, 9, 9, 9, 9, 9, 9, 4, 4, 4, 4, 5, 5]
[5, 5, 5, 5, 8, 8, 8, 8, 8, 8, 5, 5, 0, 0, 8, 8, 0, 0, 5, 5, 8, 8, 8, 8, 8, 8, 5, 5, 5, 5, 5, 5, 4, 4, 4, 4, 9, 9, 9, 9, 9, 9, 4, 4, 0, 0, 8, 8, 0, 0, 4, 4, 9, 9, 9, 9, 9, 9, 4, 4, 4, 4, 5, 5]
[5, 5, 5, 5, 8, 8, 8, 8, 8, 8, 5, 5, 0, 0, 8, 8, 0, 0, 5, 5, 8, 8, 8, 8, 8, 8, 5, 5, 5, 5, 5, 5, 4, 4, 4, 4, 9, 9, 9, 9, 9, 9, 4, 4, 0, 0, 8, 8, 0, 0, 4, 4, 9, 9, 9, 9, 9, 9, 4, 4, 4, 4, 5, 5]
[5, 5, 5, 5, 8, 8, 8, 8, 8, 8, 5, 5, 2, 2, 2, 2, 0, 0, 5, 5, 8, 8, 8, 8, 8, 8, 5, 5, 5, 5, 5, 5, 4, 4, 4, 4, 9, 9, 9, 9, 9, 9, 4, 4, 0, 0, 2, 2, 2, 2, 4, 4, 9, 9, 9, 9, 9, 9, 4, 4, 4, 4, 5, 5]
[5, 5, 5, 5, 8, 8, 8, 8, 8, 8, 5, 5, 2, 2, 2, 2, 0, 0, 5, 5, 8, 8, 8, 8, 8, 8, 5, 5, 5, 5, 5, 5, 4, 4, 4, 4, 9, 9, 9, 9, 9, 9, 4, 4, 0, 0, 2, 2, 2, 2, 4, 4, 9, 9, 9, 9, 9, 9, 4, 4, 4, 4, 5, 5]
[5, 5, 5, 5, 5, 5, 5, 5, 5, 5, 5, 5, 5, 5, 5, 5, 5, 5, 5, 5, 5, 5, 5, 5, 5, 5, 5, 5, 5, 5, 5, 5, 4, 4, 4, 4, 4, 4, 4, 4, 4, 4, 4, 4, 4, 4, 4, 4, 4, 4, 4, 4, 4, 4, 4, 4, 4, 4, 4, 4, 4, 4, 5, 5]
[5, 5, 5, 5, 5, 5, 5, 5, 5, 5, 5, 5, 5, 5, 5, 5, 5, 5, 5, 5, 5, 5, 5, 5, 5, 5, 5, 5, 5, 5, 5, 5, 4, 4, 4, 4, 4, 4, 4, 4, 4, 4, 4, 4, 4, 4, 4, 4, 4, 4, 4, 4, 4, 4, 4, 4, 4, 4, 4, 4, 4, 4, 5, 5]
[5, 5, 5, 5, 9, 9, 9, 9, 9, 9, 5, 5, 9, 9, 9, 9, 9, 9, 5, 5, 8, 8, 8, 8, 8, 8, 5, 5, 5, 5, 5, 5, 4, 4, 4, 4, 9, 9, 9, 9, 9, 9, 4, 4, 9, 9, 9, 9, 9, 9, 4, 4, 9, 9, 9, 9, 9, 9, 4, 4, 4, 4, 5, 5]
[5, 5, 5, 5, 9, 9, 9, 9, 9, 9, 5, 5, 9, 9, 9, 9, 9, 9, 5, 5, 8, 8, 8, 8, 8, 8, 5, 5, 5, 5, 5, 5, 4, 4, 4, 4, 9, 9, 9, 9, 9, 9, 4, 4, 9, 9, 9, 9, 9, 9, 4, 4, 9, 9, 9, 9, 9, 9, 4, 4, 4, 4, 5, 5]
[5, 5, 5, 5, 9, 9, 9, 9, 9, 9, 5, 5, 9, 9, 9, 9, 9, 9, 5, 5, 8, 8, 8, 8, 8, 8, 5, 5, 5, 5, 5, 5, 4, 4, 4, 4, 9, 9, 9, 9, 9, 9, 4, 4, 9, 9, 9, 9, 9, 9, 4, 4, 9, 9, 9, 9, 9, 9, 4, 4, 4, 4, 5, 5]
[5, 5, 5, 5, 9, 9, 9, 9, 9, 9, 5, 5, 9, 9, 9, 9, 9, 9, 5, 5, 8, 8, 8, 8, 8, 8, 5, 5, 5, 5, 5, 5, 4, 4, 4, 4, 9, 9, 9, 9, 9, 9, 4, 4, 9, 9, 9, 9, 9, 9, 4, 4, 9, 9, 9, 9, 9, 9, 4, 4, 4, 4, 5, 5]
[5, 5, 5, 5, 9, 9, 9, 9, 9, 9, 5, 5, 9, 9, 9, 9, 9, 9, 5, 5, 8, 8, 8, 8, 8, 8, 5, 5, 5, 5, 5, 5, 2, 2, 4, 4, 9, 9, 9, 9, 9, 9, 4, 4, 9, 9, 9, 9, 9, 9, 4, 4, 9, 9, 9, 9, 9, 9, 4, 4, 2, 2, 5, 5]
[5, 5, 5, 5, 9, 9, 9, 9, 9, 9, 5, 5, 9, 9, 9, 9, 9, 9, 5, 5, 8, 8, 8, 8, 8, 8, 5, 5, 5, 5, 5, 5, 2, 2, 4, 4, 9, 9, 9, 9, 9, 9, 4, 4, 9, 9, 9, 9, 9, 9, 4, 4, 9, 9, 9, 9, 9, 9, 4, 4, 2, 2, 5, 5]
[5, 5, 5, 5, 5, 5, 5, 5, 5, 5, 5, 5, 5, 5, 5, 5, 5, 5, 5, 5, 5, 5, 5, 5, 5, 5, 5, 5, 5, 5, 5, 5, 2, 2, 4, 4, 4, 4, 4, 4, 4, 4, 4, 4, 4, 4, 4, 4, 4, 4, 4, 4, 4, 4, 4, 4, 4, 4, 4, 4, 2, 2, 5, 5]
[5, 5, 5, 5, 5, 5, 5, 5, 5, 5, 5, 5, 5, 5, 5, 5, 5, 5, 5, 5, 5, 5, 5, 5, 5, 5, 5, 5, 5, 5, 5, 5, 2, 2, 4, 4, 4, 4, 4, 4, 4, 4, 4, 4, 4, 4, 4, 4, 4, 4, 4, 4, 4, 4, 4, 4, 4, 4, 4, 4, 2, 2, 5, 5]
[5, 5, 5, 5, 5, 5, 5, 5, 5, 5, 5, 5, 5, 5, 5, 5, 5, 5, 5, 5, 5, 5, 5, 5, 5, 5, 5, 5, 5, 5, 5, 5, 2, 2, 2, 2, 2, 2, 4, 4, 4, 4, 4, 4, 4, 4, 4, 4, 4, 4, 4, 4, 4, 4, 4, 4, 2, 2, 2, 2, 2, 2, 5, 5]
[5, 5, 5, 5, 5, 5, 5, 5, 5, 5, 5, 5, 5, 5, 5, 5, 5, 5, 5, 5, 5, 5, 5, 5, 5, 5, 5, 5, 5, 5, 5, 5, 2, 2, 2, 2, 2, 2, 4, 4, 4, 4, 4, 4, 4, 4, 4, 4, 4, 4, 4, 4, 4, 4, 4, 4, 2, 2, 2, 2, 2, 2, 5, 5]
[5, 5, 5, 5, 5, 5, 5, 5, 5, 5, 5, 5, 5, 5, 5, 5, 5, 5, 5, 5, 5, 5, 5, 5, 5, 5, 5, 5, 5, 5, 5, 5, 5, 5, 5, 5, 5, 5, 5, 5, 5, 5, 5, 5, 5, 5, 5, 5, 5, 5, 5, 5, 5, 5, 5, 5, 5, 5, 5, 5, 5, 5, 5, 5]
[12, 12, 12, 12, 12, 12, 12, 12, 12, 12, 12, 12, 12, 12, 12, 12, 12, 12, 12, 12, 12, 12, 12, 12, 12, 12, 12, 12, 12, 12, 12, 12, 12, 12, 12, 12, 12, 12, 12, 12, 12, 12, 12, 12, 12, 12, 12, 12, 12, 12, 12, 12, 12, 12, 12, 12, 12, 12, 12, 12, 11, 11, 11, 11]
</grid_0>
",,0.0,False
3,ACTION6 x=56 y=38,manual,"State: NOT_FINISHED
Levels completed: 0/6
Action count: 3

========== Start of Direct Observation ==========
<grid_0>
[5, 5, 5, 5, 5, 5, 5, 5, 5, 5, 5, 5, 5, 5, 5, 5, 5, 5, 5, 5, 5, 5, 5, 5, 5, 5, 5, 5, 5, 5, 5, 5, 5, 5, 5, 5, 5, 5, 5, 5, 5, 5, 5, 5, 5, 5, 5, 5, 5, 5, 5, 5, 5, 5, 5, 5, 5, 5, 5, 5, 5, 5, 5, 5]
[5, 5, 5, 5, 5, 5, 5, 5, 5, 5, 5, 5, 5, 5, 5, 5, 5, 5, 5, 5, 5, 5, 5, 5, 5, 5, 5, 5, 5, 5, 5, 5, 5, 5, 5, 5, 5, 5, 5, 5, 5, 5, 5, 5, 5, 5, 5, 5, 5, 5, 5, 5, 5, 5, 5, 5, 5, 5, 5, 5, 5, 5, 5, 5]
[5, 5, 5, 5, 9, 9, 9, 9, 9, 9, 5, 5, 8, 8, 8, 8, 8, 8, 5, 5, 9, 9, 9, 9, 9, 9, 5, 5, 5, 5, 5, 5, 5, 5, 5, 5, 5, 5, 9, 9, 9, 9, 9, 9, 5, 5, 8, 8, 8, 8, 8, 8, 5, 5, 9, 9, 9, 9, 9, 9, 5, 5, 5, 5]
[5, 5, 5, 5, 9, 9, 9, 9, 9, 9, 5, 5, 8, 8, 8, 8, 8, 8, 5, 5, 9, 9, 9, 9, 9, 9, 5, 5, 5, 5, 5, 5, 5, 5, 5, 5, 5, 5, 9, 9, 9, 9, 9, 9, 5, 5, 8, 8, 8, 8, 8, 8, 5, 5, 9, 9, 9, 9, 9, 9, 5, 5, 5, 5]
[5, 5, 5, 5, 9, 9, 9, 9, 9, 9, 5, 5, 8, 8, 8, 8, 8, 8, 5, 5, 9, 9, 9, 9, 9, 9, 5, 5, 5, 5, 5, 5, 5, 5, 5, 5, 5, 5, 9, 9, 9, 9, 9, 9, 5, 5, 8, 8, 8, 8, 8, 8, 5, 5, 9, 9, 9, 9, 9, 9, 5, 5, 5, 5]
[5, 5, 5, 5, 9, 9, 9, 9, 9, 9, 5, 5, 8, 8, 8, 8, 8, 8, 5, 5, 9, 9, 9, 9, 9, 9, 5, 5, 5, 5, 5, 5, 5, 5, 5, 5, 5, 5, 9, 9, 9, 9, 9, 9, 5, 5, 8, 8, 8, 8, 8, 8, 5, 5, 9, 9, 9, 9, 9, 9, 5, 5, 5, 5]
[5, 5, 5, 5, 9, 9, 9, 9, 9, 9, 5, 5, 8, 8, 8, 8, 8, 8, 5, 5, 9, 9, 9, 9, 9, 9, 5, 5, 5, 5, 5, 5, 5, 5, 5, 5, 5, 5, 9, 9, 9, 9, 9, 9, 5, 5, 8, 8, 8, 8, 8, 8, 5, 5, 9, 9, 9, 9, 9, 9, 5, 5, 5, 5]
[5, 5, 5, 5, 9, 9, 9, 9, 9, 9, 5, 5, 8, 8, 8, 8, 8, 8, 5, 5, 9, 9, 9, 9, 9, 9, 5, 5, 5, 5, 5, 5, 5, 5, 5, 5, 5, 5, 9, 9, 9, 9, 9, 9, 5, 5, 8, 8, 8, 8, 8, 8, 5, 5, 9, 9, 9, 9, 9, 9, 5, 5, 5, 5]
[5, 5, 5, 5, 5, 5, 5, 5, 5, 5, 5, 5, 5, 5, 5, 5, 5, 5, 5, 5, 5, 5, 5, 5, 5, 5, 5, 5, 5, 5, 5, 5, 5, 5, 5, 5, 5, 5, 5, 5, 5, 5, 5, 5, 5, 5, 5, 5, 5, 5, 5, 5, 5, 5, 5, 5, 5, 5, 5, 5, 5, 5, 5, 5]
[5, 5, 5, 5, 5, 5, 5, 5, 5, 5, 5, 5, 5, 5, 5, 5, 5, 5, 5, 5, 5, 5, 5, 5, 5, 5, 5, 5, 5, 5, 5, 5, 5, 5, 5, 5, 5, 5, 5, 5, 5, 5, 5, 5, 5, 5, 5, 5, 5, 5, 5, 5, 5, 5, 5, 5, 5, 5, 5, 5, 5, 5, 5, 5]
[5, 5, 5, 5, 8, 8, 8, 8, 8, 8, 5, 5, 2, 2, 0, 0, 2, 2, 5, 5, 9, 9, 9, 9, 9, 9, 5, 5, 5, 5, 5, 5, 5, 5, 5, 5, 5, 5, 8, 8, 8, 8, 8, 8, 5, 5, 2, 2, 0, 0, 2, 2, 5, 5, 8, 8, 8, 8, 8, 8, 5, 5, 5, 5]
[5, 5, 5, 5, 8, 8, 8, 8, 8, 8, 5, 5, 2, 2, 0, 0, 2, 2, 5, 5, 9, 9, 9, 9, 9, 9, 5, 5, 5, 5, 5, 5, 5, 5, 5, 5, 5, 5, 8, 8, 8, 8, 8, 8, 5, 5, 2, 2, 0, 0, 2, 2, 5, 5, 8, 8, 8, 8, 8, 8, 5, 5, 5, 5]
[5, 5, 5, 5, 8, 8, 8, 8, 8, 8, 5, 5, 0, 0, 8, 8, 2, 2, 5, 5, 9, 9, 9, 9, 9, 9, 5, 5, 5, 5, 5, 5, 5, 5, 5, 5, 5, 5, 8, 8, 8, 8, 8, 8, 5, 5, 0, 0, 8, 8, 0, 0, 5, 5, 8, 8, 8, 8, 8, 8, 5, 5, 5, 5]
[5, 5, 5, 5, 8, 8, 8, 8, 8, 8, 5, 5, 0, 0, 8, 8, 2, 2, 5, 5, 9, 9, 9, 9, 9, 9, 5, 5, 5, 5, 5, 5, 5, 5, 5, 5, 5, 5, 8, 8, 8, 8, 8, 8, 5, 5, 0, 0, 8, 8, 0, 0, 5, 5, 8, 8, 8, 8, 8, 8, 5, 5, 5, 5]
[5, 5, 5, 5, 8, 8, 8, 8, 8, 8, 5, 5, 2, 2, 0, 0, 0, 0, 5, 5, 9, 9, 9, 9, 9, 9, 5, 5, 5, 5, 5, 5, 5, 5, 5, 5, 5, 5, 8, 8, 8, 8, 8, 8, 5, 5, 2, 2, 0, 0, 2, 2, 5, 5, 8, 8, 8, 8, 8, 8, 5, 5, 5, 5]
[5, 5, 5, 5, 8, 8, 8, 8, 8, 8, 5, 5, 2, 2, 0, 0, 0, 0, 5, 5, 9, 9, 9, 9, 9, 9, 5, 5, 5, 5, 5, 5, 5, 5, 5, 5, 5, 5, 8, 8, 8, 8, 8, 8, 5, 5, 2, 2, 0, 0, 2, 2, 5, 5, 8, 8, 8, 8, 8, 8, 5, 5, 5, 5]
[5, 5, 5, 5, 5, 5, 5, 5, 5, 5, 5, 5, 5, 5, 5, 5, 5, 5, 5, 5, 5, 5, 5, 5, 5, 5, 5, 5, 5, 5, 5, 5, 5, 5, 5, 5, 5, 5, 5, 5, 5, 5, 5, 5, 5, 5, 5, 5, 5, 5, 5, 5, 5, 5, 5, 5, 5, 5, 5, 5, 5, 5, 5, 5]
[5, 5, 5, 5, 5, 5, 5, 5, 5, 5, 5, 5, 5, 5, 5, 5, 5, 5, 5, 5, 5, 5, 5, 5, 5, 5, 5, 5, 5, 5, 5, 5, 5, 5, 5, 5, 5, 5, 5, 5, 5, 5, 5, 5, 5, 5, 5, 5, 5, 5, 5, 5, 5, 5, 5, 5, 5, 5, 5, 5, 5, 5, 5, 5]
[5, 5, 5, 5, 9, 9, 9, 9, 9, 9, 5, 5, 8, 8, 8, 8, 8, 8, 5, 5, 8, 8, 8, 8, 8, 8, 5, 5, 5, 5, 5, 5, 5, 5, 5, 5, 5, 5, 9, 9, 9, 9, 9, 9, 5, 5, 8, 8, 8, 8, 8, 8, 5, 5, 9, 9, 9, 9, 9, 9, 5, 5, 5, 5]
[5, 5, 5, 5, 9, 9, 9, 9, 9, 9, 5, 5, 8, 8, 8, 8, 8, 8, 5, 5, 8, 8, 8, 8, 8, 8, 5, 5, 5, 5, 5, 5, 5, 5, 5, 5, 5, 5, 9, 9, 9, 9, 9, 9, 5, 5, 8, 8, 8, 8, 8, 8, 5, 5, 9, 9, 9, 9, 9, 9, 5, 5, 5, 5]
[5, 5, 5, 5, 9, 9, 9, 9, 9, 9, 5, 5, 8, 8, 8, 8, 8, 8, 5, 5, 8, 8, 8, 8, 8, 8, 5, 5, 5, 5, 5, 5, 5, 5, 5, 5, 5, 5, 9, 9, 9, 9, 9, 9, 5, 5, 8, 8, 8, 8, 8, 8, 5, 5, 9, 9, 9, 9, 9, 9, 5, 5, 5, 5]
[5, 5, 5, 5, 9, 9, 9, 9, 9, 9, 5, 5, 8, 8, 8, 8, 8, 8, 5, 5, 8, 8, 8, 8, 8, 8, 5, 5, 5, 5, 5, 5, 5, 5, 5, 5, 5, 5, 9, 9, 9, 9, 9, 9, 5, 5, 8, 8, 8, 8, 8, 8, 5, 5, 9, 9, 9, 9, 9, 9, 5, 5, 5, 5]
[5, 5, 5, 5, 9, 9, 9, 9, 9, 9, 5, 5, 8, 8, 8, 8, 8, 8, 5, 5, 8, 8, 8, 8, 8, 8, 5, 5, 5, 5, 5, 5, 5, 5, 5, 5, 5, 5, 9, 9, 9, 9, 9, 9, 5, 5, 8, 8, 8, 8, 8, 8, 5, 5, 9, 9, 9, 9, 9, 9, 5, 5, 5, 5]
[5, 5, 5, 5, 9, 9, 9, 9, 9, 9, 5, 5, 8, 8, 8, 8, 8, 8, 5, 5, 8, 8, 8, 8, 8, 8, 5, 5, 5, 5, 5, 5, 5, 5, 5, 5, 5, 5, 9, 9, 9, 9, 9, 9, 5, 5, 8, 8, 8, 8, 8, 8, 5, 5, 9, 9, 9, 9, 9, 9, 5, 5, 5, 5]
[5, 5, 5, 5, 5, 5, 5, 5, 5, 5, 5, 5, 5, 5, 5, 5, 5, 5, 5, 5, 5, 5, 5, 5, 5, 5, 5, 5, 5, 5, 5, 5, 5, 5, 5, 5, 5, 5, 5, 5, 5, 5, 5, 5, 5, 5, 5, 5, 5, 5, 5, 5, 5, 5, 5, 5, 5, 5, 5, 5, 5, 5, 5, 5]
[5, 5, 5, 5, 5, 5, 5, 5, 5, 5, 5, 5, 5, 5, 5, 5, 5, 5, 5, 5, 5, 5, 5, 5, 5, 5, 5, 5, 5, 5, 5, 5, 5, 5, 5, 5, 5, 5, 5, 5, 5, 5, 5, 5, 5, 5, 5, 5, 5, 5, 5, 5, 5, 5, 5, 5, 5, 5, 5, 5, 5, 5, 5, 5]
[5, 5, 5, 5, 5, 5, 5, 5, 5, 5, 5, 5, 5, 5, 5, 5, 5, 5, 5, 5, 5, 5, 5, 5, 5, 5, 5, 5, 5, 5, 5, 5, 5, 5, 5, 5, 5, 5, 5, 5, 5, 5, 5, 5, 5, 5, 5, 5, 5, 5, 5, 5, 5, 5, 5, 5, 5, 5, 5, 5, 5, 5, 5, 5]
[5, 5, 5, 5, 5, 5, 5, 5, 5, 5, 5, 5, 5, 5, 5, 5, 5, 5, 5, 5, 5, 5, 5, 5, 5, 5, 5, 5, 5, 5, 5, 5, 5, 5, 5, 5, 5, 5, 5, 5, 5, 5, 5, 5, 5, 5, 5, 5, 5, 5, 5, 5, 5, 5, 5, 5, 5, 5, 5, 5, 5, 5, 5, 5]
[5, 5, 5, 5, 5, 5, 5, 5, 5, 5, 5, 5, 5, 5, 5, 5, 5, 5, 5, 5, 5, 5, 5, 5, 5, 5, 5, 5, 5, 5, 5, 5, 5, 5, 5, 5, 5, 5, 5, 5, 5, 5, 5, 5, 5, 5, 5, 5, 5, 5, 5, 5, 5, 5, 5, 5, 5, 5, 5, 5, 5, 5, 5, 5]
[5, 5, 5, 5, 5, 5, 5, 5, 5, 5, 5, 5, 5, 5, 5, 5, 5, 5, 5, 5, 5, 5, 5, 5, 5, 5, 5, 5, 5, 5, 5, 5, 5, 5, 5, 5, 5, 5, 5, 5, 5, 5, 5, 5, 5, 5, 5, 5, 5, 5, 5, 5, 5, 5, 5, 5, 5, 5, 5, 5, 5, 5, 5, 5]
[5, 5, 5, 5, 5, 5, 5, 5, 5, 5, 5, 5, 5, 5, 5, 5, 5, 5, 5, 5, 5, 5, 5, 5, 5, 5, 5, 5, 5, 5, 5, 5, 5, 5, 5, 5, 5, 5, 5, 5, 5, 5, 5, 5, 5, 5, 5, 5, 5, 5, 5, 5, 5, 5, 5, 5, 5, 5, 5, 5, 5, 5, 5, 5]
[5, 5, 5, 5, 5, 5, 5, 5, 5, 5, 5, 5, 5, 5, 5, 5, 5, 5, 5, 5, 5, 5, 5, 5, 5, 5, 5, 5, 5, 5, 5, 5, 5, 5, 5, 5, 5, 5, 5, 5, 5, 5, 5, 5, 5, 5, 5, 5, 5, 5, 5, 5, 5, 5, 5, 5, 5, 5, 5, 5, 5, 5, 5, 5]
[5, 5, 5, 5, 5, 5, 5, 5, 5, 5, 5, 5, 5, 5, 5, 5, 5, 5, 5, 5, 5, 5, 5, 5, 5, 5, 5, 5, 5, 5, 5, 5, 2, 2, 2, 2, 2, 2, 4, 4, 4, 4, 4, 4, 4, 4, 4, 4, 4, 4, 4, 4, 4, 4, 4, 4, 2, 2, 2, 2, 2, 2, 5, 5]
[5, 5, 5, 5, 5, 5, 5, 5, 5, 5, 5, 5, 5, 5, 5, 5, 5, 5, 5, 5, 5, 5, 5, 5, 5, 5, 5, 5, 5, 5, 5, 5, 2, 2, 2, 2, 2, 2, 4, 4, 4, 4, 4, 4, 4, 4, 4, 4, 4, 4, 4, 4, 4, 4, 4, 4, 2, 2, 2, 2, 2, 2, 5, 5]
[5, 5, 5, 5, 5, 5, 5, 5, 5, 5, 5, 5, 5, 5, 5, 5, 5, 5, 5, 5, 5, 5, 5, 5, 5, 5, 5, 5, 5, 5, 5, 5, 2, 2, 4, 4, 4, 4, 4, 4, 4, 4, 4, 4, 4, 4, 4, 4, 4, 4, 4, 4, 4, 4, 4, 4, 4, 4, 4, 4, 2, 2, 5, 5]
[5, 5, 5, 5, 5, 5, 5, 5, 5, 5, 5, 5, 5, 5, 5, 5, 5, 5, 5, 5, 5, 5, 5, 5, 5, 5, 5, 5, 5, 5, 5, 5, 2, 2, 4, 4, 4, 4, 4, 4, 4, 4, 4, 4, 4, 4, 4, 4, 4, 4, 4, 4, 4, 4, 4, 4, 4, 4, 4, 4, 2, 2, 5, 5]
[5, 5, 5, 5, 8, 8, 8, 8, 8, 8, 5, 5, 9, 9, 9, 9, 9, 9, 5, 5, 9, 9, 9, 9, 9, 9, 5, 5, 5, 5, 5, 5, 2, 2, 4, 4, 9, 9, 9, 9, 9, 9, 4, 4, 8, 8, 8, 8, 8, 8, 4, 4, 9, 9, 9, 9, 9, 9, 4, 4, 2, 2, 5, 5]
[5, 5, 5, 5, 8, 8, 8, 8, 8, 8, 5, 5, 9, 9, 9, 9, 9, 9, 5, 5, 9, 9, 9, 9, 9, 9, 5, 5, 5, 5, 5, 5, 2, 2, 4, 4, 9, 9, 9, 9, 9, 9, 4, 4, 8, 8, 8, 8, 8, 8, 4, 4, 9, 9, 9, 9, 9, 9, 4, 4, 2, 2, 5, 5]
[5, 5, 5, 5, 8, 8, 8, 8, 8, 8, 5, 5, 9, 9, 9, 9, 9, 9, 5, 5, 9, 9, 9, 9, 9, 9, 5, 5, 5, 5, 5, 5, 4, 4, 4, 4, 9, 9, 9, 9, 9, 9, 4, 4, 8, 8, 8, 8, 8, 8, 4, 4, 9, 9, 9, 9, 9, 9, 4, 4, 4, 4, 5, 5]
[5, 5, 5, 5, 8, 8, 8, 8, 8, 8, 5, 5, 9, 9, 9, 9, 9, 9, 5, 5, 9, 9, 9, 9, 9, 9, 5, 5, 5, 5, 5, 5, 4, 4, 4, 4, 9, 9, 9, 9, 9, 9, 4, 4, 8, 8, 8, 8, 8, 8, 4, 4, 9, 9, 9, 9, 9, 9, 4, 4, 4, 4, 5, 5]
[5, 5, 5, 5, 8, 8, 8, 8, 8, 8, 5, 5, 9, 9, 9, 9, 9, 9, 5, 5, 9, 9, 9, 9, 9, 9, 5, 5, 5, 5, 5, 5, 4, 4, 4, 4, 9, 9, 9, 9, 9, 9, 4, 4, 8, 8, 8, 8, 8, 8, 4, 4, 9, 9, 9, 9, 9, 9, 4, 4, 4, 4, 5, 5]
[5, 5, 5, 5, 8, 8, 8, 8, 8, 8, 5, 5, 9, 9, 9, 9, 9, 9, 5, 5, 9, 9, 9, 9, 9, 9, 5, 5, 5, 5, 5, 5, 4, 4, 4, 4, 9, 9, 9, 9, 9, 9, 4, 4, 8, 8, 8, 8, 8, 8, 4, 4, 9, 9, 9, 9, 9, 9, 4, 4, 4, 4, 5, 5]
[5, 5, 5, 5, 5, 5, 5, 5, 5, 5, 5, 5, 5, 5, 5, 5, 5, 5, 5, 5, 5, 5, 5, 5, 5, 5, 5, 5, 5, 5, 5, 5, 4, 4, 4, 4, 4, 4, 4, 4, 4, 4, 4, 4, 4, 4, 4, 4, 4, 4, 4, 4, 4, 4, 4, 4, 4, 4, 4, 4, 4, 4, 5, 5]
[5, 5, 5, 5, 5, 5, 5, 5, 5, 5, 5, 5, 5, 5, 5, 5, 5, 5, 5, 5, 5, 5, 5, 5, 5, 5, 5, 5, 5, 5, 5, 5, 4, 4, 4, 4, 4, 4, 4, 4, 4, 4, 4, 4, 4, 4, 4, 4, 4, 4, 4, 4, 4, 4, 4, 4, 4, 4, 4, 4, 4, 4, 5, 5]
[5, 5, 5, 5, 8, 8, 8, 8, 8, 8, 5, 5, 0, 0, 2, 2, 2, 2, 5, 5, 8, 8, 8, 8, 8, 8, 5, 5, 5, 5, 5, 5, 4, 4, 4, 4, 9, 9, 9, 9, 9, 9, 4, 4, 0, 0, 2, 2, 2, 2, 4, 4, 9, 9, 9, 9, 9, 9, 4, 4, 4, 4, 5, 5]
[5, 5, 5, 5, 8, 8, 8, 8, 8, 8, 5, 5, 0, 0, 2, 2, 2, 2, 5, 5, 8, 8, 8, 8, 8, 8, 5, 5, 5, 5, 5, 5, 4, 4, 4, 4, 9, 9, 9, 9, 9, 9, 4, 4, 0, 0, 2, 2, 2, 2, 4, 4, 9, 9, 9, 9, 9, 9, 4, 4, 4, 4, 5, 5]
[5, 5, 5, 5, 8, 8, 8, 8, 8, 8, 5, 5, 0, 0, 8, 8, 0, 0, 5, 5, 8, 8, 8, 8, 8, 8, 5, 5, 5, 5, 5, 5, 4, 4, 4, 4, 9, 9, 9, 9, 9, 9, 4, 4, 0, 0, 8, 8, 0, 0, 4, 4, 9, 9, 9, 9, 9, 9, 4, 4, 4, 4, 5, 5]
[5, 5, 5, 5, 8, 8, 8, 8, 8, 8, 5, 5, 0, 0, 8, 8, 0, 0, 5, 5, 8, 8, 8, 8, 8, 8, 5, 5, 5, 5, 5, 5, 4, 4, 4, 4, 9, 9, 9, 9, 9, 9, 4, 4, 0, 0, 8, 8, 0, 0, 4, 4, 9, 9, 9, 9, 9, 9, 4, 4, 4, 4, 5, 5]
[5, 5, 5, 5, 8, 8, 8, 8, 8, 8, 5, 5, 2, 2, 2, 2, 0, 0, 5, 5, 8, 8, 8, 8, 8, 8, 5, 5, 5, 5, 5, 5, 4, 4, 4, 4, 9, 9, 9, 9, 9, 9, 4, 4, 0, 0, 2, 2, 2, 2, 4, 4, 9, 9, 9, 9, 9, 9, 4, 4, 4, 4, 5, 5]
[5, 5, 5, 5, 8, 8, 8, 8, 8, 8, 5, 5, 2, 2, 2, 2, 0, 0, 5, 5, 8, 8, 8, 8, 8, 8, 5, 5, 5, 5, 5, 5, 4, 4, 4, 4, 9, 9, 9, 9, 9, 9, 4, 4, 0, 0, 2, 2, 2, 2, 4, 4, 9, 9, 9, 9, 9, 9, 4, 4, 4, 4, 5, 5]
[5, 5, 5, 5, 5, 5, 5, 5, 5, 5, 5, 5, 5, 5, 5, 5, 5, 5, 5, 5, 5, 5, 5, 5, 5, 5, 5, 5, 5, 5, 5, 5, 4, 4, 4, 4, 4, 4, 4, 4, 4, 4, 4, 4, 4, 4, 4, 4, 4, 4, 4, 4, 4, 4, 4, 4, 4, 4, 4, 4, 4, 4, 5, 5]
[5, 5, 5, 5, 5, 5, 5, 5, 5, 5, 5, 5, 5, 5, 5, 5, 5, 5, 5, 5, 5, 5, 5, 5, 5, 5, 5, 5, 5, 5, 5, 5, 4, 4, 4, 4, 4, 4, 4, 4, 4, 4, 4, 4, 4, 4, 4, 4, 4, 4, 4, 4, 4, 4, 4, 4, 4, 4, 4, 4, 4, 4, 5, 5]
[5, 5, 5, 5, 9, 9, 9, 9, 9, 9, 5, 5, 9, 9, 9, 9, 9, 9, 5, 5, 8, 8, 8, 8, 8, 8, 5, 5, 5, 5, 5, 5, 4, 4, 4, 4, 9, 9, 9, 9, 9, 9, 4, 4, 9, 9, 9, 9, 9, 9, 4, 4, 9, 9, 9, 9, 9, 9, 4, 4, 4, 4, 5, 5]
[5, 5, 5, 5, 9, 9, 9, 9, 9, 9, 5, 5, 9, 9, 9, 9, 9, 9, 5, 5, 8, 8, 8, 8, 8, 8, 5, 5, 5, 5, 5, 5, 4, 4, 4, 4, 9, 9, 9, 9, 9, 9, 4, 4, 9, 9, 9, 9, 9, 9, 4, 4, 9, 9, 9, 9, 9, 9, 4, 4, 4, 4, 5, 5]
[5, 5, 5, 5, 9, 9, 9, 9, 9, 9, 5, 5, 9, 9, 9, 9, 9, 9, 5, 5, 8, 8, 8, 8, 8, 8, 5, 5, 5, 5, 5, 5, 4, 4, 4, 4, 9, 9, 9, 9, 9, 9, 4, 4, 9, 9, 9, 9, 9, 9, 4, 4, 9, 9, 9, 9, 9, 9, 4, 4, 4, 4, 5, 5]
[5, 5, 5, 5, 9, 9, 9, 9, 9, 9, 5, 5, 9, 9, 9, 9, 9, 9, 5, 5, 8, 8, 8, 8, 8, 8, 5, 5, 5, 5, 5, 5, 4, 4, 4, 4, 9, 9, 9, 9, 9, 9, 4, 4, 9, 9, 9, 9, 9, 9, 4, 4, 9, 9, 9, 9, 9, 9, 4, 4, 4, 4, 5, 5]
[5, 5, 5, 5, 9, 9, 9, 9, 9, 9, 5, 5, 9, 9, 9, 9, 9, 9, 5, 5, 8, 8, 8, 8, 8, 8, 5, 5, 5, 5, 5, 5, 2, 2, 4, 4, 9, 9, 9, 9, 9, 9, 4, 4, 9, 9, 9, 9, 9, 9, 4, 4, 9, 9, 9, 9, 9, 9, 4, 4, 2, 2, 5, 5]
[5, 5, 5, 5, 9, 9, 9, 9, 9, 9, 5, 5, 9, 9, 9, 9, 9, 9, 5, 5, 8, 8, 8, 8, 8, 8, 5, 5, 5, 5, 5, 5, 2, 2, 4, 4, 9, 9, 9, 9, 9, 9, 4, 4, 9, 9, 9, 9, 9, 9, 4, 4, 9, 9, 9, 9, 9, 9, 4, 4, 2, 2, 5, 5]
[5, 5, 5, 5, 5, 5, 5, 5, 5, 5, 5, 5, 5, 5, 5, 5, 5, 5, 5, 5, 5, 5, 5, 5, 5, 5, 5, 5, 5, 5, 5, 5, 2, 2, 4, 4, 4, 4, 4, 4, 4, 4, 4, 4, 4, 4, 4, 4, 4, 4, 4, 4, 4, 4, 4, 4, 4, 4, 4, 4, 2, 2, 5, 5]
[5, 5, 5, 5, 5, 5, 5, 5, 5, 5, 5, 5, 5, 5, 5, 5, 5, 5, 5, 5, 5, 5, 5, 5, 5, 5, 5, 5, 5, 5, 5, 5, 2, 2, 4, 4, 4, 4, 4, 4, 4, 4, 4, 4, 4, 4, 4, 4, 4, 4, 4, 4, 4, 4, 4, 4, 4, 4, 4, 4, 2, 2, 5, 5]
[5, 5, 5, 5, 5, 5, 5, 5, 5, 5, 5, 5, 5, 5, 5, 5, 5, 5, 5, 5, 5, 5, 5, 5, 5, 5, 5, 5, 5, 5, 5, 5, 2, 2, 2, 2, 2, 2, 4, 4, 4, 4, 4, 4, 4, 4, 4, 4, 4, 4, 4, 4, 4, 4, 4, 4, 2, 2, 2, 2, 2, 2, 5, 5]
[5, 5, 5, 5, 5, 5, 5, 5, 5, 5, 5, 5, 5, 5, 5, 5, 5, 5, 5, 5, 5, 5, 5, 5, 5, 5, 5, 5, 5, 5, 5, 5, 2, 2, 2, 2, 2, 2, 4, 4, 4, 4, 4, 4, 4, 4, 4, 4, 4, 4, 4, 4, 4, 4, 4, 4, 2, 2, 2, 2, 2, 2, 5, 5]
[5, 5, 5, 5, 5, 5, 5, 5, 5, 5, 5, 5, 5, 5, 5, 5, 5, 5, 5, 5, 5, 5, 5, 5, 5, 5, 5, 5, 5, 5, 5, 5, 5, 5, 5, 5, 5, 5, 5, 5, 5, 5, 5, 5, 5, 5, 5, 5, 5, 5, 5, 5, 5, 5, 5, 5, 5, 5, 5, 5, 5, 5, 5, 5]
[12, 12, 12, 12, 12, 12, 12, 12, 12, 12, 12, 12, 12, 12, 12, 12, 12, 12, 12, 12, 12, 12, 12, 12, 12, 12, 12, 12, 12, 12, 12, 12, 12, 12, 12, 12, 12, 12, 12, 12, 12, 12, 12, 12, 12, 12, 12, 12, 12, 12, 12, 12, 12, 12, 12, 12, 12, 12, 11, 11, 11, 11, 11, 11]
</grid_0>
",,0.0,False
4,ACTION6 x=56 y=38,manual,"State: NOT_FINISHED
Levels completed: 0/6
Action count: 4

========== Start of Direct Observation ==========
<grid_0>
[5, 5, 5, 5, 5, 5, 5, 5, 5, 5, 5, 5, 5, 5, 5, 5, 5, 5, 5, 5, 5, 5, 5, 5, 5, 5, 5, 5, 5, 5, 5, 5, 5, 5, 5, 5, 5, 5, 5, 5, 5, 5, 5, 5, 5, 5, 5, 5, 5, 5, 5, 5, 5, 5, 5, 5, 5, 5, 5, 5, 5, 5, 5, 5]
[5, 5, 5, 5, 5, 5, 5, 5, 5, 5, 5, 5, 5, 5, 5, 5, 5, 5, 5, 5, 5, 5, 5, 5, 5, 5, 5, 5, 5, 5, 5, 5, 5, 5, 5, 5, 5, 5, 5, 5, 5, 5, 5, 5, 5, 5, 5, 5, 5, 5, 5, 5, 5, 5, 5, 5, 5, 5, 5, 5, 5, 5, 5, 5]
[5, 5, 5, 5, 9, 9, 9, 9, 9, 9, 5, 5, 8, 8, 8, 8, 8, 8, 5, 5, 9, 9, 9, 9, 9, 9, 5, 5, 5, 5, 5, 5, 5, 5, 5, 5, 5, 5, 9, 9, 9, 9, 9, 9, 5, 5, 8, 8, 8, 8, 8, 8, 5, 5, 9, 9, 9, 9, 9, 9, 5, 5, 5, 5]
[5, 5, 5, 5, 9, 9, 9, 9, 9, 9, 5, 5, 8, 8, 8, 8, 8, 8, 5, 5, 9, 9, 9, 9, 9, 9, 5, 5, 5, 5, 5, 5, 5, 5, 5, 5, 5, 5, 9, 9, 9, 9, 9, 9, 5, 5, 8, 8, 8, 8, 8, 8, 5, 5, 9, 9, 9, 9, 9, 9, 5, 5, 5, 5]
[5, 5, 5, 5, 9, 9, 9, 9, 9, 9, 5, 5, 8, 8, 8, 8, 8, 8, 5, 5, 9, 9, 9, 9, 9, 9, 5, 5, 5, 5, 5, 5, 5, 5, 5, 5, 5, 5, 9, 9, 9, 9, 9, 9, 5, 5, 8, 8, 8, 8, 8, 8, 5, 5, 9, 9, 9, 9, 9, 9, 5, 5, 5, 5]
[5, 5, 5, 5, 9, 9, 9, 9, 9, 9, 5, 5, 8, 8, 8, 8, 8, 8, 5, 5, 9, 9, 9, 9, 9, 9, 5, 5, 5, 5, 5, 5, 5, 5, 5, 5, 5, 5, 9, 9, 9, 9, 9, 9, 5, 5, 8, 8, 8, 8, 8, 8, 5, 5, 9, 9, 9, 9, 9, 9, 5, 5, 5, 5]
[5, 5, 5, 5, 9, 9, 9, 9, 9, 9, 5, 5, 8, 8, 8, 8, 8, 8, 5, 5, 9, 9, 9, 9, 9, 9, 5, 5, 5, 5, 5, 5, 5, 5, 5, 5, 5, 5, 9, 9, 9, 9, 9, 9, 5, 5, 8, 8, 8, 8, 8, 8, 5, 5, 9, 9, 9, 9, 9, 9, 5, 5, 5, 5]
[5, 5, 5, 5, 9, 9, 9, 9, 9, 9, 5, 5, 8, 8, 8, 8, 8, 8, 5, 5, 9, 9, 9, 9, 9, 9, 5, 5, 5, 5, 5, 5, 5, 5, 5, 5, 5, 5, 9, 9, 9, 9, 9, 9, 5, 5, 8, 8, 8, 8, 8, 8, 5, 5, 9, 9, 9, 9, 9, 9, 5, 5, 5, 5]
[5, 5, 5, 5, 5, 5, 5, 5, 5, 5, 5, 5, 5, 5, 5, 5, 5, 5, 5, 5, 5, 5, 5, 5, 5, 5, 5, 5, 5, 5, 5, 5, 5, 5, 5, 5, 5, 5, 5, 5, 5, 5, 5, 5, 5, 5, 5, 5, 5, 5, 5, 5, 5, 5, 5, 5, 5, 5, 5, 5, 5, 5, 5, 5]
[5, 5, 5, 5, 5, 5, 5, 5, 5, 5, 5, 5, 5, 5, 5, 5, 5, 5, 5, 5, 5, 5, 5, 5, 5, 5, 5, 5, 5, 5, 5, 5, 5, 5, 5, 5, 5, 5, 5, 5, 5, 5, 5, 5, 5, 5, 5, 5, 5, 5, 5, 5, 5, 5, 5, 5, 5, 5, 5, 5, 5, 5, 5, 5]
[5, 5, 5, 5, 8, 8, 8, 8, 8, 8, 5, 5, 2, 2, 0, 0, 2, 2, 5, 5, 9, 9, 9, 9, 9, 9, 5, 5, 5, 5, 5, 5, 5, 5, 5, 5, 5, 5, 8, 8, 8, 8, 8, 8, 5, 5, 2, 2, 0, 0, 2, 2, 5, 5, 8, 8, 8, 8, 8, 8, 5, 5, 5, 5]
[5, 5, 5, 5, 8, 8, 8, 8, 8, 8, 5, 5, 2, 2, 0, 0, 2, 2, 5, 5, 9, 9, 9, 9, 9, 9, 5, 5, 5, 5, 5, 5, 5, 5, 5, 5, 5, 5, 8, 8, 8, 8, 8, 8, 5, 5, 2, 2, 0, 0, 2, 2, 5, 5, 8, 8, 8, 8, 8, 8, 5, 5, 5, 5]
[5, 5, 5, 5, 8, 8, 8, 8, 8, 8, 5, 5, 0, 0, 8, 8, 2, 2, 5, 5, 9, 9, 9, 9, 9, 9, 5, 5, 5, 5, 5, 5, 5, 5, 5, 5, 5, 5, 8, 8, 8, 8, 8, 8, 5, 5, 0, 0, 8, 8, 0, 0, 5, 5, 8, 8, 8, 8, 8, 8, 5, 5, 5, 5]
[5, 5, 5, 5, 8, 8, 8, 8, 8, 8, 5, 5, 0, 0, 8, 8, 2, 2, 5, 5, 9, 9, 9, 9, 9, 9, 5, 5, 5, 5, 5, 5, 5, 5, 5, 5, 5, 5, 8, 8, 8, 8, 8, 8, 5, 5, 0, 0, 8, 8, 0, 0, 5, 5, 8, 8, 8, 8, 8, 8, 5, 5, 5, 5]
[5, 5, 5, 5, 8, 8, 8, 8, 8, 8, 5, 5, 2, 2, 0, 0, 0, 0, 5, 5, 9, 9, 9, 9, 9, 9, 5, 5, 5, 5, 5, 5, 5, 5, 5, 5, 5, 5, 8, 8, 8, 8, 8, 8, 5, 5, 2, 2, 0, 0, 2, 2, 5, 5, 8, 8, 8, 8, 8, 8, 5, 5, 5, 5]
[5, 5, 5, 5, 8, 8, 8, 8, 8, 8, 5, 5, 2, 2, 0, 0, 0, 0, 5, 5, 9, 9, 9, 9, 9, 9, 5, 5, 5, 5, 5, 5, 5, 5, 5, 5, 5, 5, 8, 8, 8, 8, 8, 8, 5, 5, 2, 2, 0, 0, 2, 2, 5, 5, 8, 8, 8, 8, 8, 8, 5, 5, 5, 5]
[5, 5, 5, 5, 5, 5, 5, 5, 5, 5, 5, 5, 5, 5, 5, 5, 5, 5, 5, 5, 5, 5, 5, 5, 5, 5, 5, 5, 5, 5, 5, 5, 5, 5, 5, 5, 5, 5, 5, 5, 5, 5, 5, 5, 5, 5, 5, 5, 5, 5, 5, 5, 5, 5, 5, 5, 5, 5, 5, 5, 5, 5, 5, 5]
[5, 5, 5, 5, 5, 5, 5, 5, 5, 5, 5, 5, 5, 5, 5, 5, 5, 5, 5, 5, 5, 5, 5, 5, 5, 5, 5, 5, 5, 5, 5, 5, 5, 5, 5, 5, 5, 5, 5, 5, 5, 5, 5, 5, 5, 5, 5, 5, 5, 5, 5, 5, 5, 5, 5, 5, 5, 5, 5, 5, 5, 5, 5, 5]
[5, 5, 5, 5, 9, 9, 9, 9, 9, 9, 5, 5, 8, 8, 8, 8, 8, 8, 5, 5, 8, 8, 8, 8, 8, 8, 5, 5, 5, 5, 5, 5, 5, 5, 5, 5, 5, 5, 9, 9, 9, 9, 9, 9, 5, 5, 8, 8, 8, 8, 8, 8, 5, 5, 9, 9, 9, 9, 9, 9, 5, 5, 5, 5]
[5, 5, 5, 5, 9, 9, 9, 9, 9, 9, 5, 5, 8, 8, 8, 8, 8, 8, 5, 5, 8, 8, 8, 8, 8, 8, 5, 5, 5, 5, 5, 5, 5, 5, 5, 5, 5, 5, 9, 9, 9, 9, 9, 9, 5, 5, 8, 8, 8, 8, 8, 8, 5, 5, 9, 9, 9, 9, 9, 9, 5, 5, 5, 5]
[5, 5, 5, 5, 9, 9, 9, 9, 9, 9, 5, 5, 8, 8, 8, 8, 8, 8, 5, 5, 8, 8, 8, 8, 8, 8, 5, 5, 5, 5, 5, 5, 5, 5, 5, 5, 5, 5, 9, 9, 9, 9, 9, 9, 5, 5, 8, 8, 8, 8, 8, 8, 5, 5, 9, 9, 9, 9, 9, 9, 5, 5, 5, 5]
[5, 5, 5, 5, 9, 9, 9, 9, 9, 9, 5, 5, 8, 8, 8, 8, 8, 8, 5, 5, 8, 8, 8, 8, 8, 8, 5, 5, 5, 5, 5, 5, 5, 5, 5, 5, 5, 5, 9, 9, 9, 9, 9, 9, 5, 5, 8, 8, 8, 8, 8, 8, 5, 5, 9, 9, 9, 9, 9, 9, 5, 5, 5, 5]
[5, 5, 5, 5, 9, 9, 9, 9, 9, 9, 5, 5, 8, 8, 8, 8, 8, 8, 5, 5, 8, 8, 8, 8, 8, 8, 5, 5, 5, 5, 5, 5, 5, 5, 5, 5, 5, 5, 9, 9, 9, 9, 9, 9, 5, 5, 8, 8, 8, 8, 8, 8, 5, 5, 9, 9, 9, 9, 9, 9, 5, 5, 5, 5]
[5, 5, 5, 5, 9, 9, 9, 9, 9, 9, 5, 5, 8, 8, 8, 8, 8, 8, 5, 5, 8, 8, 8, 8, 8, 8, 5, 5, 5, 5, 5, 5, 5, 5, 5, 5, 5, 5, 9, 9, 9, 9, 9, 9, 5, 5, 8, 8, 8, 8, 8, 8, 5, 5, 9, 9, 9, 9, 9, 9, 5, 5, 5, 5]
[5, 5, 5, 5, 5, 5, 5, 5, 5, 5, 5, 5, 5, 5, 5, 5, 5, 5, 5, 5, 5, 5, 5, 5, 5, 5, 5, 5, 5, 5, 5, 5, 5, 5, 5, 5, 5, 5, 5, 5, 5, 5, 5, 5, 5, 5, 5, 5, 5, 5, 5, 5, 5, 5, 5, 5, 5, 5, 5, 5, 5, 5, 5, 5]
[5, 5, 5, 5, 5, 5, 5, 5, 5, 5, 5, 5, 5, 5, 5, 5, 5, 5, 5, 5, 5, 5, 5, 5, 5, 5, 5, 5, 5, 5, 5, 5, 5, 5, 5, 5, 5, 5, 5, 5, 5, 5, 5, 5, 5, 5, 5, 5, 5, 5, 5, 5, 5, 5, 5, 5, 5, 5, 5, 5, 5, 5, 5, 5]
[5, 5, 5, 5, 5, 5, 5, 5, 5, 5, 5, 5, 5, 5, 5, 5, 5, 5, 5, 5, 5, 5, 5, 5, 5, 5, 5, 5, 5, 5, 5, 5, 5, 5, 5, 5, 5, 5, 5, 5, 5, 5, 5, 5, 5, 5, 5, 5, 5, 5, 5, 5, 5, 5, 5, 5, 5, 5, 5, 5, 5, 5, 5, 5]
[5, 5, 5, 5, 5, 5, 5, 5, 5, 5, 5, 5, 5, 5, 5, 5, 5, 5, 5, 5, 5, 5, 5, 5, 5, 5, 5, 5, 5, 5, 5, 5, 5, 5, 5, 5, 5, 5, 5, 5, 5, 5, 5, 5, 5, 5, 5, 5, 5, 5, 5, 5, 5, 5, 5, 5, 5, 5, 5, 5, 5, 5, 5, 5]
[5, 5, 5, 5, 5, 5, 5, 5, 5, 5, 5, 5, 5, 5, 5, 5, 5, 5, 5, 5, 5, 5, 5, 5, 5, 5, 5, 5, 5, 5, 5, 5, 5, 5, 5, 5, 5, 5, 5, 5, 5, 5, 5, 5, 5, 5, 5, 5, 5, 5, 5, 5, 5, 5, 5, 5, 5, 5, 5, 5, 5, 5, 5, 5]
[5, 5, 5, 5, 5, 5, 5, 5, 5, 5, 5, 5, 5, 5, 5, 5, 5, 5, 5, 5, 5, 5, 5, 5, 5, 5, 5, 5, 5, 5, 5, 5, 5, 5, 5, 5, 5, 5, 5, 5, 5, 5, 5, 5, 5, 5, 5, 5, 5, 5, 5, 5, 5, 5, 5, 5, 5, 5, 5, 5, 5, 5, 5, 5]
[5, 5, 5, 5, 5, 5, 5, 5, 5, 5, 5, 5, 5, 5, 5, 5, 5, 5, 5, 5, 5, 5, 5, 5, 5, 5, 5, 5, 5, 5, 5, 5, 5, 5, 5, 5, 5, 5, 5, 5, 5, 5, 5, 5, 5, 5, 5, 5, 5, 5, 5, 5, 5, 5, 5, 5, 5, 5, 5, 5, 5, 5, 5, 5]
[5, 5, 5, 5, 5, 5, 5, 5, 5, 5, 5, 5, 5, 5, 5, 5, 5, 5, 5, 5, 5, 5, 5, 5, 5, 5, 5, 5, 5, 5, 5, 5, 5, 5, 5, 5, 5, 5, 5, 5, 5, 5, 5, 5, 5, 5, 5, 5, 5, 5, 5, 5, 5, 5, 5, 5, 5, 5, 5, 5, 5, 5, 5, 5]
[5, 5, 5, 5, 5, 5, 5, 5, 5, 5, 5, 5, 5, 5, 5, 5, 5, 5, 5, 5, 5, 5, 5, 5, 5, 5, 5, 5, 5, 5, 5, 5, 2, 2, 2, 2, 2, 2, 4, 4, 4, 4, 4, 4, 4, 4, 4, 4, 4, 4, 4, 4, 4, 4, 4, 4, 2, 2, 2, 2, 2, 2, 5, 5]
[5, 5, 5, 5, 5, 5, 5, 5, 5, 5, 5, 5, 5, 5, 5, 5, 5, 5, 5, 5, 5, 5, 5, 5, 5, 5, 5, 5, 5, 5, 5, 5, 2, 2, 2, 2, 2, 2, 4, 4, 4, 4, 4, 4, 4, 4, 4, 4, 4, 4, 4, 4, 4, 4, 4, 4, 2, 2, 2, 2, 2, 2, 5, 5]
[5, 5, 5, 5, 5, 5, 5, 5, 5, 5, 5, 5, 5, 5, 5, 5, 5, 5, 5, 5, 5, 5, 5, 5, 5, 5, 5, 5, 5, 5, 5, 5, 2, 2, 4, 4, 4, 4, 4, 4, 4, 4, 4, 4, 4, 4, 4, 4, 4, 4, 4, 4, 4, 4, 4, 4, 4, 4, 4, 4, 2, 2, 5, 5]
[5, 5, 5, 5, 5, 5, 5, 5, 5, 5, 5, 5, 5, 5, 5, 5, 5, 5, 5, 5, 5, 5, 5, 5, 5, 5, 5, 5, 5, 5, 5, 5, 2, 2, 4, 4, 4, 4, 4, 4, 4, 4, 4, 4, 4, 4, 4, 4, 4, 4, 4, 4, 4, 4, 4, 4, 4, 4, 4, 4, 2, 2, 5, 5]
[5, 5, 5, 5, 8, 8, 8, 8, 8, 8, 5, 5, 9, 9, 9, 9, 9, 9, 5, 5, 9, 9, 9, 9, 9, 9, 5, 5, 5, 5, 5, 5, 2, 2, 4, 4, 9, 9, 9, 9, 9, 9, 4, 4, 8, 8, 8, 8, 8, 8, 4, 4, 8, 8, 8, 8, 8, 8, 4, 4, 2, 2, 5, 5]
[5, 5, 5, 5, 8, 8, 8, 8, 8, 8, 5, 5, 9, 9, 9, 9, 9, 9, 5, 5, 9, 9, 9, 9, 9, 9, 5, 5, 5, 5, 5, 5, 2, 2, 4, 4, 9, 9, 9, 9, 9, 9, 4, 4, 8, 8, 8, 8, 8, 8, 4, 4, 8, 8, 8, 8, 8, 8, 4, 4, 2, 2, 5, 5]
[5, 5, 5, 5, 8, 8, 8, 8, 8, 8, 5, 5, 9, 9, 9, 9, 9, 9, 5, 5, 9, 9, 9, 9, 9, 9, 5, 5, 5, 5, 5, 5, 4, 4, 4, 4, 9, 9, 9, 9, 9, 9, 4, 4, 8, 8, 8, 8, 8, 8, 4, 4, 8, 8, 8, 8, 8, 8, 4, 4, 4, 4, 5, 5]
[5, 5, 5, 5, 8, 8, 8, 8, 8, 8, 5, 5, 9, 9, 9, 9, 9, 9, 5, 5, 9, 9, 9, 9, 9, 9, 5, 5, 5, 5, 5, 5, 4, 4, 4, 4, 9, 9, 9, 9, 9, 9, 4, 4, 8, 8, 8, 8, 8, 8, 4, 4, 8, 8, 8, 8, 8, 8, 4, 4, 4, 4, 5, 5]
[5, 5, 5, 5, 8, 8, 8, 8, 8, 8, 5, 5, 9, 9, 9, 9, 9, 9, 5, 5, 9, 9, 9, 9, 9, 9, 5, 5, 5, 5, 5, 5, 4, 4, 4, 4, 9, 9, 9, 9, 9, 9, 4, 4, 8, 8, 8, 8, 8, 8, 4, 4, 8, 8, 8, 8, 8, 8, 4, 4, 4, 4, 5, 5]
[5, 5, 5, 5, 8, 8, 8, 8, 8, 8, 5, 5, 9, 9, 9, 9, 9, 9, 5, 5, 9, 9, 9, 9, 9, 9, 5, 5, 5, 5, 5, 5, 4, 4, 4, 4, 9, 9, 9, 9, 9, 9, 4, 4, 8, 8, 8, 8, 8, 8, 4, 4, 8, 8, 8, 8, 8, 8, 4, 4, 4, 4, 5, 5]
[5, 5, 5, 5, 5, 5, 5, 5, 5, 5, 5, 5, 5, 5, 5, 5, 5, 5, 5, 5, 5, 5, 5, 5, 5, 5, 5, 5, 5, 5, 5, 5, 4, 4, 4, 4, 4, 4, 4, 4, 4, 4, 4, 4, 4, 4, 4, 4, 4, 4, 4, 4, 4, 4, 4, 4, 4, 4, 4, 4, 4, 4, 5, 5]
[5, 5, 5, 5, 5, 5, 5, 5, 5, 5, 5, 5, 5, 5, 5, 5, 5, 5, 5, 5, 5, 5, 5, 5, 5, 5, 5, 5, 5, 5, 5, 5, 4, 4, 4, 4, 4, 4, 4, 4, 4, 4, 4, 4, 4, 4, 4, 4, 4, 4, 4, 4, 4, 4, 4, 4, 4, 4, 4, 4, 4, 4, 5, 5]
[5, 5, 5, 5, 8, 8, 8, 8, 8, 8, 5, 5, 0, 0, 2, 2, 2, 2, 5, 5, 8, 8, 8, 8, 8, 8, 5, 5, 5, 5, 5, 5, 4, 4, 4, 4, 9, 9, 9, 9, 9, 9, 4, 4, 0, 0, 2, 2, 2, 2, 4, 4, 9, 9, 9, 9, 9, 9, 4, 4, 4, 4, 5, 5]
[5, 5, 5, 5, 8, 8, 8, 8, 8, 8, 5, 5, 0, 0, 2, 2, 2, 2, 5, 5, 8, 8, 8, 8, 8, 8, 5, 5, 5, 5, 5, 5, 4, 4, 4, 4, 9, 9, 9, 9, 9, 9, 4, 4, 0, 0, 2, 2, 2, 2, 4, 4, 9, 9, 9, 9, 9, 9, 4, 4, 4, 4, 5, 5]
[5, 5, 5, 5, 8, 8, 8, 8, 8, 8, 5, 5, 0, 0, 8, 8, 0, 0, 5, 5, 8, 8, 8, 8, 8, 8, 5, 5, 5, 5, 5, 5, 4, 4, 4, 4, 9, 9, 9, 9, 9, 9, 4, 4, 0, 0, 8, 8, 0, 0, 4, 4, 9, 9, 9, 9, 9, 9, 4, 4, 4, 4, 5, 5]
[5, 5, 5, 5, 8, 8, 8, 8, 8, 8, 5, 5, 0, 0, 8, 8, 0, 0, 5, 5, 8, 8, 8, 8, 8, 8, 5, 5, 5, 5, 5, 5, 4, 4, 4, 4, 9, 9, 9, 9, 9, 9, 4, 4, 0, 0, 8, 8, 0, 0, 4, 4, 9, 9, 9, 9, 9, 9, 4, 4, 4, 4, 5, 5]
[5, 5, 5, 5, 8, 8, 8, 8, 8, 8, 5, 5, 2, 2, 2, 2, 0, 0, 5, 5, 8, 8, 8, 8, 8, 8, 5, 5, 5, 5, 5, 5, 4, 4, 4, 4, 9, 9, 9, 9, 9, 9, 4, 4, 0, 0, 2, 2, 2, 2, 4, 4, 9, 9, 9, 9, 9, 9, 4, 4, 4, 4, 5, 5]
[5, 5, 5, 5, 8, 8, 8, 8, 8, 8, 5, 5, 2, 2, 2, 2, 0, 0, 5, 5, 8, 8, 8, 8, 8, 8, 5, 5, 5, 5, 5, 5, 4, 4, 4, 4, 9, 9, 9, 9, 9, 9, 4, 4, 0, 0, 2, 2, 2, 2, 4, 4, 9, 9, 9, 9, 9, 9, 4, 4, 4, 4, 5, 5]
[5, 5, 5, 5, 5, 5, 5, 5, 5, 5, 5, 5, 5, 5, 5, 5, 5, 5, 5, 5, 5, 5, 5, 5, 5, 5, 5, 5, 5, 5, 5, 5, 4, 4, 4, 4, 4, 4, 4, 4, 4, 4, 4, 4, 4, 4, 4, 4, 4, 4, 4, 4, 4, 4, 4, 4, 4, 4, 4, 4, 4, 4, 5, 5]
[5, 5, 5, 5, 5, 5, 5, 5, 5, 5, 5, 5, 5, 5, 5, 5, 5, 5, 5, 5, 5, 5, 5, 5, 5, 5, 5, 5, 5, 5, 5, 5, 4, 4, 4, 4, 4, 4, 4, 4, 4, 4, 4, 4, 4, 4, 4, 4, 4, 4, 4, 4, 4, 4, 4, 4, 4, 4, 4, 4, 4, 4, 5, 5]
[5, 5, 5, 5, 9, 9, 9, 9, 9, 9, 5, 5, 9, 9, 9, 9, 9, 9, 5, 5, 8, 8, 8, 8, 8, 8, 5, 5, 5, 5, 5, 5, 4, 4, 4, 4, 9, 9, 9, 9, 9, 9, 4, 4, 9, 9, 9, 9, 9, 9, 4, 4, 9, 9, 9, 9, 9, 9, 4, 4, 4, 4, 5, 5]
[5, 5, 5, 5, 9, 9, 9, 9, 9, 9, 5, 5, 9, 9, 9, 9, 9, 9, 5, 5, 8, 8, 8, 8, 8, 8, 5, 5, 5, 5, 5, 5, 4, 4, 4, 4, 9, 9, 9, 9, 9, 9, 4, 4, 9, 9, 9, 9, 9, 9, 4, 4, 9, 9, 9, 9, 9, 9, 4, 4, 4, 4, 5, 5]
[5, 5, 5, 5, 9, 9, 9, 9, 9, 9, 5, 5, 9, 9, 9, 9, 9, 9, 5, 5, 8, 8, 8, 8, 8, 8, 5, 5, 5, 5, 5, 5, 4, 4, 4, 4, 9, 9, 9, 9, 9, 9, 4, 4, 9, 9, 9, 9, 9, 9, 4, 4, 9, 9, 9, 9, 9, 9, 4, 4, 4, 4, 5, 5]
[5, 5, 5, 5, 9, 9, 9, 9, 9, 9, 5, 5, 9, 9, 9, 9, 9, 9, 5, 5, 8, 8, 8, 8, 8, 8, 5, 5, 5, 5, 5, 5, 4, 4, 4, 4, 9, 9, 9, 9, 9, 9, 4, 4, 9, 9, 9, 9, 9, 9, 4, 4, 9, 9, 9, 9, 9, 9, 4, 4, 4, 4, 5, 5]
[5, 5, 5, 5, 9, 9, 9, 9, 9, 9, 5, 5, 9, 9, 9, 9, 9, 9, 5, 5, 8, 8, 8, 8, 8, 8, 5, 5, 5, 5, 5, 5, 2, 2, 4, 4, 9, 9, 9, 9, 9, 9, 4, 4, 9, 9, 9, 9, 9, 9, 4, 4, 9, 9, 9, 9, 9, 9, 4, 4, 2, 2, 5, 5]
[5, 5, 5, 5, 9, 9, 9, 9, 9, 9, 5, 5, 9, 9, 9, 9, 9, 9, 5, 5, 8, 8, 8, 8, 8, 8, 5, 5, 5, 5, 5, 5, 2, 2, 4, 4, 9, 9, 9, 9, 9, 9, 4, 4, 9, 9, 9, 9, 9, 9, 4, 4, 9, 9, 9, 9, 9, 9, 4, 4, 2, 2, 5, 5]
[5, 5, 5, 5, 5, 5, 5, 5, 5, 5, 5, 5, 5, 5, 5, 5, 5, 5, 5, 5, 5, 5, 5, 5, 5, 5, 5, 5, 5, 5, 5, 5, 2, 2, 4, 4, 4, 4, 4, 4, 4, 4, 4, 4, 4, 4, 4, 4, 4, 4, 4, 4, 4, 4, 4, 4, 4, 4, 4, 4, 2, 2, 5, 5]
[5, 5, 5, 5, 5, 5, 5, 5, 5, 5, 5, 5, 5, 5, 5, 5, 5, 5, 5, 5, 5, 5, 5, 5, 5, 5, 5, 5, 5, 5, 5, 5, 2, 2, 4, 4, 4, 4, 4, 4, 4, 4, 4, 4, 4, 4, 4, 4, 4, 4, 4, 4, 4, 4, 4, 4, 4, 4, 4, 4, 2, 2, 5, 5]
[5, 5, 5, 5, 5, 5, 5, 5, 5, 5, 5, 5, 5, 5, 5, 5, 5, 5, 5, 5, 5, 5, 5, 5, 5, 5, 5, 5, 5, 5, 5, 5, 2, 2, 2, 2, 2, 2, 4, 4, 4, 4, 4, 4, 4, 4, 4, 4, 4, 4, 4, 4, 4, 4, 4, 4, 2, 2, 2, 2, 2, 2, 5, 5]
[5, 5, 5, 5, 5, 5, 5, 5, 5, 5, 5, 5, 5, 5, 5, 5, 5, 5, 5, 5, 5, 5, 5, 5, 5, 5, 5, 5, 5, 5, 5, 5, 2, 2, 2, 2, 2, 2, 4, 4, 4, 4, 4, 4, 4, 4, 4, 4, 4, 4, 4, 4, 4, 4, 4, 4, 2, 2, 2, 2, 2, 2, 5, 5]
[5, 5, 5, 5, 5, 5, 5, 5, 5, 5, 5, 5, 5, 5, 5, 5, 5, 5, 5, 5, 5, 5, 5, 5, 5, 5, 5, 5, 5, 5, 5, 5, 5, 5, 5, 5, 5, 5, 5, 5, 5, 5, 5, 5, 5, 5, 5, 5, 5, 5, 5, 5, 5, 5, 5, 5, 5, 5, 5, 5, 5, 5, 5, 5]
[12, 12, 12, 12, 12, 12, 12, 12, 12, 12, 12, 12, 12, 12, 12, 12, 12, 12, 12, 12, 12, 12, 12, 12, 12, 12, 12, 12, 12, 12, 12, 12, 12, 12, 12, 12, 12, 12, 12, 12, 12, 12, 12, 12, 12, 12, 12, 12, 12, 12, 12, 12, 12, 12, 12, 12, 11, 11, 11, 11, 11, 11, 11, 11]
</grid_0>
",,0.0,False
5,ACTION6 x=38 y=46,manual,"State: NOT_FINISHED
Levels completed: 0/6
Action count: 5

========== Start of Direct Observation ==========
<grid_0>
[5, 5, 5, 5, 5, 5, 5, 5, 5, 5, 5, 5, 5, 5, 5, 5, 5, 5, 5, 5, 5, 5, 5, 5, 5, 5, 5, 5, 5, 5, 5, 5, 5, 5, 5, 5, 5, 5, 5, 5, 5, 5, 5, 5, 5, 5, 5, 5, 5, 5, 5, 5, 5, 5, 5, 5, 5, 5, 5, 5, 5, 5, 5, 5]
[5, 5, 5, 5, 5, 5, 5, 5, 5, 5, 5, 5, 5, 5, 5, 5, 5, 5, 5, 5, 5, 5, 5, 5, 5, 5, 5, 5, 5, 5, 5, 5, 5, 5, 5, 5, 5, 5, 5, 5, 5, 5, 5, 5, 5, 5, 5, 5, 5, 5, 5, 5, 5, 5, 5, 5, 5, 5, 5, 5, 5, 5, 5, 5]
[5, 5, 5, 5, 9, 9, 9, 9, 9, 9, 5, 5, 8, 8, 8, 8, 8, 8, 5, 5, 9, 9, 9, 9, 9, 9, 5, 5, 5, 5, 5, 5, 5, 5, 5, 5, 5, 5, 9, 9, 9, 9, 9, 9, 5, 5, 8, 8, 8, 8, 8, 8, 5, 5, 9, 9, 9, 9, 9, 9, 5, 5, 5, 5]
[5, 5, 5, 5, 9, 9, 9, 9, 9, 9, 5, 5, 8, 8, 8, 8, 8, 8, 5, 5, 9, 9, 9, 9, 9, 9, 5, 5, 5, 5, 5, 5, 5, 5, 5, 5, 5, 5, 9, 9, 9, 9, 9, 9, 5, 5, 8, 8, 8, 8, 8, 8, 5, 5, 9, 9, 9, 9, 9, 9, 5, 5, 5, 5]
[5, 5, 5, 5, 9, 9, 9, 9, 9, 9, 5, 5, 8, 8, 8, 8, 8, 8, 5, 5, 9, 9, 9, 9, 9, 9, 5, 5, 5, 5, 5, 5, 5, 5, 5, 5, 5, 5, 9, 9, 9, 9, 9, 9, 5, 5, 8, 8, 8, 8, 8, 8, 5, 5, 9, 9, 9, 9, 9, 9, 5, 5, 5, 5]
[5, 5, 5, 5, 9, 9, 9, 9, 9, 9, 5, 5, 8, 8, 8, 8, 8, 8, 5, 5, 9, 9, 9, 9, 9, 9, 5, 5, 5, 5, 5, 5, 5, 5, 5, 5, 5, 5, 9, 9, 9, 9, 9, 9, 5, 5, 8, 8, 8, 8, 8, 8, 5, 5, 9, 9, 9, 9, 9, 9, 5, 5, 5, 5]
[5, 5, 5, 5, 9, 9, 9, 9, 9, 9, 5, 5, 8, 8, 8, 8, 8, 8, 5, 5, 9, 9, 9, 9, 9, 9, 5, 5, 5, 5, 5, 5, 5, 5, 5, 5, 5, 5, 9, 9, 9, 9, 9, 9, 5, 5, 8, 8, 8, 8, 8, 8, 5, 5, 9, 9, 9, 9, 9, 9, 5, 5, 5, 5]
[5, 5, 5, 5, 9, 9, 9, 9, 9, 9, 5, 5, 8, 8, 8, 8, 8, 8, 5, 5, 9, 9, 9, 9, 9, 9, 5, 5, 5, 5, 5, 5, 5, 5, 5, 5, 5, 5, 9, 9, 9, 9, 9, 9, 5, 5, 8, 8, 8, 8, 8, 8, 5, 5, 9, 9, 9, 9, 9, 9, 5, 5, 5, 5]
[5, 5, 5, 5, 5, 5, 5, 5, 5, 5, 5, 5, 5, 5, 5, 5, 5, 5, 5, 5, 5, 5, 5, 5, 5, 5, 5, 5, 5, 5, 5, 5, 5, 5, 5, 5, 5, 5, 5, 5, 5, 5, 5, 5, 5, 5, 5, 5, 5, 5, 5, 5, 5, 5, 5, 5, 5, 5, 5, 5, 5, 5, 5, 5]
[5, 5, 5, 5, 5, 5, 5, 5, 5, 5, 5, 5, 5, 5, 5, 5, 5, 5, 5, 5, 5, 5, 5, 5, 5, 5, 5, 5, 5, 5, 5, 5, 5, 5, 5, 5, 5, 5, 5, 5, 5, 5, 5, 5, 5, 5, 5, 5, 5, 5, 5, 5, 5, 5, 5, 5, 5, 5, 5, 5, 5, 5, 5, 5]
[5, 5, 5, 5, 8, 8, 8, 8, 8, 8, 5, 5, 2, 2, 0, 0, 2, 2, 5, 5, 9, 9, 9, 9, 9, 9, 5, 5, 5, 5, 5, 5, 5, 5, 5, 5, 5, 5, 8, 8, 8, 8, 8, 8, 5, 5, 2, 2, 0, 0, 2, 2, 5, 5, 8, 8, 8, 8, 8, 8, 5, 5, 5, 5]
[5, 5, 5, 5, 8, 8, 8, 8, 8, 8, 5, 5, 2, 2, 0, 0, 2, 2, 5, 5, 9, 9, 9, 9, 9, 9, 5, 5, 5, 5, 5, 5, 5, 5, 5, 5, 5, 5, 8, 8, 8, 8, 8, 8, 5, 5, 2, 2, 0, 0, 2, 2, 5, 5, 8, 8, 8, 8, 8, 8, 5, 5, 5, 5]
[5, 5, 5, 5, 8, 8, 8, 8, 8, 8, 5, 5, 0, 0, 8, 8, 2, 2, 5, 5, 9, 9, 9, 9, 9, 9, 5, 5, 5, 5, 5, 5, 5, 5, 5, 5, 5, 5, 8, 8, 8, 8, 8, 8, 5, 5, 0, 0, 8, 8, 0, 0, 5, 5, 8, 8, 8, 8, 8, 8, 5, 5, 5, 5]
[5, 5, 5, 5, 8, 8, 8, 8, 8, 8, 5, 5, 0, 0, 8, 8, 2, 2, 5, 5, 9, 9, 9, 9, 9, 9, 5, 5, 5, 5, 5, 5, 5, 5, 5, 5, 5, 5, 8, 8, 8, 8, 8, 8, 5, 5, 0, 0, 8, 8, 0, 0, 5, 5, 8, 8, 8, 8, 8, 8, 5, 5, 5, 5]
[5, 5, 5, 5, 8, 8, 8, 8, 8, 8, 5, 5, 2, 2, 0, 0, 0, 0, 5, 5, 9, 9, 9, 9, 9, 9, 5, 5, 5, 5, 5, 5, 5, 5, 5, 5, 5, 5, 8, 8, 8, 8, 8, 8, 5, 5, 2, 2, 0, 0, 2, 2, 5, 5, 8, 8, 8, 8, 8, 8, 5, 5, 5, 5]
[5, 5, 5, 5, 8, 8, 8, 8, 8, 8, 5, 5, 2, 2, 0, 0, 0, 0, 5, 5, 9, 9, 9, 9, 9, 9, 5, 5, 5, 5, 5, 5, 5, 5, 5, 5, 5, 5, 8, 8, 8, 8, 8, 8, 5, 5, 2, 2, 0, 0, 2, 2, 5, 5, 8, 8, 8, 8, 8, 8, 5, 5, 5, 5]
[5, 5, 5, 5, 5, 5, 5, 5, 5, 5, 5, 5, 5, 5, 5, 5, 5, 5, 5, 5, 5, 5, 5, 5, 5, 5, 5, 5, 5, 5, 5, 5, 5, 5, 5, 5, 5, 5, 5, 5, 5, 5, 5, 5, 5, 5, 5, 5, 5, 5, 5, 5, 5, 5, 5, 5, 5, 5, 5, 5, 5, 5, 5, 5]
[5, 5, 5, 5, 5, 5, 5, 5, 5, 5, 5, 5, 5, 5, 5, 5, 5, 5, 5, 5, 5, 5, 5, 5, 5, 5, 5, 5, 5, 5, 5, 5, 5, 5, 5, 5, 5, 5, 5, 5, 5, 5, 5, 5, 5, 5, 5, 5, 5, 5, 5, 5, 5, 5, 5, 5, 5, 5, 5, 5, 5, 5, 5, 5]
[5, 5, 5, 5, 9, 9, 9, 9, 9, 9, 5, 5, 8, 8, 8, 8, 8, 8, 5, 5, 8, 8, 8, 8, 8, 8, 5, 5, 5, 5, 5, 5, 5, 5, 5, 5, 5, 5, 9, 9, 9, 9, 9, 9, 5, 5, 8, 8, 8, 8, 8, 8, 5, 5, 9, 9, 9, 9, 9, 9, 5, 5, 5, 5]
[5, 5, 5, 5, 9, 9, 9, 9, 9, 9, 5, 5, 8, 8, 8, 8, 8, 8, 5, 5, 8, 8, 8, 8, 8, 8, 5, 5, 5, 5, 5, 5, 5, 5, 5, 5, 5, 5, 9, 9, 9, 9, 9, 9, 5, 5, 8, 8, 8, 8, 8, 8, 5, 5, 9, 9, 9, 9, 9, 9, 5, 5, 5, 5]
[5, 5, 5, 5, 9, 9, 9, 9, 9, 9, 5, 5, 8, 8, 8, 8, 8, 8, 5, 5, 8, 8, 8, 8, 8, 8, 5, 5, 5, 5, 5, 5, 5, 5, 5, 5, 5, 5, 9, 9, 9, 9, 9, 9, 5, 5, 8, 8, 8, 8, 8, 8, 5, 5, 9, 9, 9, 9, 9, 9, 5, 5, 5, 5]
[5, 5, 5, 5, 9, 9, 9, 9, 9, 9, 5, 5, 8, 8, 8, 8, 8, 8, 5, 5, 8, 8, 8, 8, 8, 8, 5, 5, 5, 5, 5, 5, 5, 5, 5, 5, 5, 5, 9, 9, 9, 9, 9, 9, 5, 5, 8, 8, 8, 8, 8, 8, 5, 5, 9, 9, 9, 9, 9, 9, 5, 5, 5, 5]
[5, 5, 5, 5, 9, 9, 9, 9, 9, 9, 5, 5, 8, 8, 8, 8, 8, 8, 5, 5, 8, 8, 8, 8, 8, 8, 5, 5, 5, 5, 5, 5, 5, 5, 5, 5, 5, 5, 9, 9, 9, 9, 9, 9, 5, 5, 8, 8, 8, 8, 8, 8, 5, 5, 9, 9, 9, 9, 9, 9, 5, 5, 5, 5]
[5, 5, 5, 5, 9, 9, 9, 9, 9, 9, 5, 5, 8, 8, 8, 8, 8, 8, 5, 5, 8, 8, 8, 8, 8, 8, 5, 5, 5, 5, 5, 5, 5, 5, 5, 5, 5, 5, 9, 9, 9, 9, 9, 9, 5, 5, 8, 8, 8, 8, 8, 8, 5, 5, 9, 9, 9, 9, 9, 9, 5, 5, 5, 5]
[5, 5, 5, 5, 5, 5, 5, 5, 5, 5, 5, 5, 5, 5, 5, 5, 5, 5, 5, 5, 5, 5, 5, 5, 5, 5, 5, 5, 5, 5, 5, 5, 5, 5, 5, 5, 5, 5, 5, 5, 5, 5, 5, 5, 5, 5, 5, 5, 5, 5, 5, 5, 5, 5, 5, 5, 5, 5, 5, 5, 5, 5, 5, 5]
[5, 5, 5, 5, 5, 5, 5, 5, 5, 5, 5, 5, 5, 5, 5, 5, 5, 5, 5, 5, 5, 5, 5, 5, 5, 5, 5, 5, 5, 5, 5, 5, 5, 5, 5, 5, 5, 5, 5, 5, 5, 5, 5, 5, 5, 5, 5, 5, 5, 5, 5, 5, 5, 5, 5, 5, 5, 5, 5, 5, 5, 5, 5, 5]
[5, 5, 5, 5, 5, 5, 5, 5, 5, 5, 5, 5, 5, 5, 5, 5, 5, 5, 5, 5, 5, 5, 5, 5, 5, 5, 5, 5, 5, 5, 5, 5, 5, 5, 5, 5, 5, 5, 5, 5, 5, 5, 5, 5, 5, 5, 5, 5, 5, 5, 5, 5, 5, 5, 5, 5, 5, 5, 5, 5, 5, 5, 5, 5]
[5, 5, 5, 5, 5, 5, 5, 5, 5, 5, 5, 5, 5, 5, 5, 5, 5, 5, 5, 5, 5, 5, 5, 5, 5, 5, 5, 5, 5, 5, 5, 5, 5, 5, 5, 5, 5, 5, 5, 5, 5, 5, 5, 5, 5, 5, 5, 5, 5, 5, 5, 5, 5, 5, 5, 5, 5, 5, 5, 5, 5, 5, 5, 5]
[5, 5, 5, 5, 5, 5, 5, 5, 5, 5, 5, 5, 5, 5, 5, 5, 5, 5, 5, 5, 5, 5, 5, 5, 5, 5, 5, 5, 5, 5, 5, 5, 5, 5, 5, 5, 5, 5, 5, 5, 5, 5, 5, 5, 5, 5, 5, 5, 5, 5, 5, 5, 5, 5, 5, 5, 5, 5, 5, 5, 5, 5, 5, 5]
[5, 5, 5, 5, 5, 5, 5, 5, 5, 5, 5, 5, 5, 5, 5, 5, 5, 5, 5, 5, 5, 5, 5, 5, 5, 5, 5, 5, 5, 5, 5, 5, 5, 5, 5, 5, 5, 5, 5, 5, 5, 5, 5, 5, 5, 5, 5, 5, 5, 5, 5, 5, 5, 5, 5, 5, 5, 5, 5, 5, 5, 5, 5, 5]
[5, 5, 5, 5, 5, 5, 5, 5, 5, 5, 5, 5, 5, 5, 5, 5, 5, 5, 5, 5, 5, 5, 5, 5, 5, 5, 5, 5, 5, 5, 5, 5, 5, 5, 5, 5, 5, 5, 5, 5, 5, 5, 5, 5, 5, 5, 5, 5, 5, 5, 5, 5, 5, 5, 5, 5, 5, 5, 5, 5, 5, 5, 5, 5]
[5, 5, 5, 5, 5, 5, 5, 5, 5, 5, 5, 5, 5, 5, 5, 5, 5, 5, 5, 5, 5, 5, 5, 5, 5, 5, 5, 5, 5, 5, 5, 5, 5, 5, 5, 5, 5, 5, 5, 5, 5, 5, 5, 5, 5, 5, 5, 5, 5, 5, 5, 5, 5, 5, 5, 5, 5, 5, 5, 5, 5, 5, 5, 5]
[5, 5, 5, 5, 5, 5, 5, 5, 5, 5, 5, 5, 5, 5, 5, 5, 5, 5, 5, 5, 5, 5, 5, 5, 5, 5, 5, 5, 5, 5, 5, 5, 2, 2, 2, 2, 2, 2, 4, 4, 4, 4, 4, 4, 4, 4, 4, 4, 4, 4, 4, 4, 4, 4, 4, 4, 2, 2, 2, 2, 2, 2, 5, 5]
[5, 5, 5, 5, 5, 5, 5, 5, 5, 5, 5, 5, 5, 5, 5, 5, 5, 5, 5, 5, 5, 5, 5, 5, 5, 5, 5, 5, 5, 5, 5, 5, 2, 2, 2, 2, 2, 2, 4, 4, 4, 4, 4, 4, 4, 4, 4, 4, 4, 4, 4, 4, 4, 4, 4, 4, 2, 2, 2, 2, 2, 2, 5, 5]
[5, 5, 5, 5, 5, 5, 5, 5, 5, 5, 5, 5, 5, 5, 5, 5, 5, 5, 5, 5, 5, 5, 5, 5, 5, 5, 5, 5, 5, 5, 5, 5, 2, 2, 4, 4, 4, 4, 4, 4, 4, 4, 4, 4, 4, 4, 4, 4, 4, 4, 4, 4, 4, 4, 4, 4, 4, 4, 4, 4, 2, 2, 5, 5]
[5, 5, 5, 5, 5, 5, 5, 5, 5, 5, 5, 5, 5, 5, 5, 5, 5, 5, 5, 5, 5, 5, 5, 5, 5, 5, 5, 5, 5, 5, 5, 5, 2, 2, 4, 4, 4, 4, 4, 4, 4, 4, 4, 4, 4, 4, 4, 4, 4, 4, 4, 4, 4, 4, 4, 4, 4, 4, 4, 4, 2, 2, 5, 5]
[5, 5, 5, 5, 8, 8, 8, 8, 8, 8, 5, 5, 9, 9, 9, 9, 9, 9, 5, 5, 9, 9, 9, 9, 9, 9, 5, 5, 5, 5, 5, 5, 2, 2, 4, 4, 9, 9, 9, 9, 9, 9, 4, 4, 8, 8, 8, 8, 8, 8, 4, 4, 9, 9, 9, 9, 9, 9, 4, 4, 2, 2, 5, 5]
[5, 5, 5, 5, 8, 8, 8, 8, 8, 8, 5, 5, 9, 9, 9, 9, 9, 9, 5, 5, 9, 9, 9, 9, 9, 9, 5, 5, 5, 5, 5, 5, 2, 2, 4, 4, 9, 9, 9, 9, 9, 9, 4, 4, 8, 8, 8, 8, 8, 8, 4, 4, 9, 9, 9, 9, 9, 9, 4, 4, 2, 2, 5, 5]
[5, 5, 5, 5, 8, 8, 8, 8, 8, 8, 5, 5, 9, 9, 9, 9, 9, 9, 5, 5, 9, 9, 9, 9, 9, 9, 5, 5, 5, 5, 5, 5, 4, 4, 4, 4, 9, 9, 9, 9, 9, 9, 4, 4, 8, 8, 8, 8, 8, 8, 4, 4, 9, 9, 9, 9, 9, 9, 4, 4, 4, 4, 5, 5]
[5, 5, 5, 5, 8, 8, 8, 8, 8, 8, 5, 5, 9, 9, 9, 9, 9, 9, 5, 5, 9, 9, 9, 9, 9, 9, 5, 5, 5, 5, 5, 5, 4, 4, 4, 4, 9, 9, 9, 9, 9, 9, 4, 4, 8, 8, 8, 8, 8, 8, 4, 4, 9, 9, 9, 9, 9, 9, 4, 4, 4, 4, 5, 5]
[5, 5, 5, 5, 8, 8, 8, 8, 8, 8, 5, 5, 9, 9, 9, 9, 9, 9, 5, 5, 9, 9, 9, 9, 9, 9, 5, 5, 5, 5, 5, 5, 4, 4, 4, 4, 9, 9, 9, 9, 9, 9, 4, 4, 8, 8, 8, 8, 8, 8, 4, 4, 9, 9, 9, 9, 9, 9, 4, 4, 4, 4, 5, 5]
[5, 5, 5, 5, 8, 8, 8, 8, 8, 8, 5, 5, 9, 9, 9, 9, 9, 9, 5, 5, 9, 9, 9, 9, 9, 9, 5, 5, 5, 5, 5, 5, 4, 4, 4, 4, 9, 9, 9, 9, 9, 9, 4, 4, 8, 8, 8, 8, 8, 8, 4, 4, 9, 9, 9, 9, 9, 9, 4, 4, 4, 4, 5, 5]
[5, 5, 5, 5, 5, 5, 5, 5, 5, 5, 5, 5, 5, 5, 5, 5, 5, 5, 5, 5, 5, 5, 5, 5, 5, 5, 5, 5, 5, 5, 5, 5, 4, 4, 4, 4, 4, 4, 4, 4, 4, 4, 4, 4, 4, 4, 4, 4, 4, 4, 4, 4, 4, 4, 4, 4, 4, 4, 4, 4, 4, 4, 5, 5]
[5, 5, 5, 5, 5, 5, 5, 5, 5, 5, 5, 5, 5, 5, 5, 5, 5, 5, 5, 5, 5, 5, 5, 5, 5, 5, 5, 5, 5, 5, 5, 5, 4, 4, 4, 4, 4, 4, 4, 4, 4, 4, 4, 4, 4, 4, 4, 4, 4, 4, 4, 4, 4, 4, 4, 4, 4, 4, 4, 4, 4, 4, 5, 5]
[5, 5, 5, 5, 8, 8, 8, 8, 8, 8, 5, 5, 0, 0, 2, 2, 2, 2, 5, 5, 8, 8, 8, 8, 8, 8, 5, 5, 5, 5, 5, 5, 4, 4, 4, 4, 9, 9, 9, 9, 9, 9, 4, 4, 0, 0, 2, 2, 2, 2, 4, 4, 9, 9, 9, 9, 9, 9, 4, 4, 4, 4, 5, 5]
[5, 5, 5, 5, 8, 8, 8, 8, 8, 8, 5, 5, 0, 0, 2, 2, 2, 2, 5, 5, 8, 8, 8, 8, 8, 8, 5, 5, 5, 5, 5, 5, 4, 4, 4, 4, 9, 9, 9, 9, 9, 9, 4, 4, 0, 0, 2, 2, 2, 2, 4, 4, 9, 9, 9, 9, 9, 9, 4, 4, 4, 4, 5, 5]
[5, 5, 5, 5, 8, 8, 8, 8, 8, 8, 5, 5, 0, 0, 8, 8, 0, 0, 5, 5, 8, 8, 8, 8, 8, 8, 5, 5, 5, 5, 5, 5, 4, 4, 4, 4, 9, 9, 9, 9, 9, 9, 4, 4, 0, 0, 8, 8, 0, 0, 4, 4, 9, 9, 9, 9, 9, 9, 4, 4, 4, 4, 5, 5]
[5, 5, 5, 5, 8, 8, 8, 8, 8, 8, 5, 5, 0, 0, 8, 8, 0, 0, 5, 5, 8, 8, 8, 8, 8, 8, 5, 5, 5, 5, 5, 5, 4, 4, 4, 4, 9, 9, 9, 9, 9, 9, 4, 4, 0, 0, 8, 8, 0, 0, 4, 4, 9, 9, 9, 9, 9, 9, 4, 4, 4, 4, 5, 5]
[5, 5, 5, 5, 8, 8, 8, 8, 8, 8, 5, 5, 2, 2, 2, 2, 0, 0, 5, 5, 8, 8, 8, 8, 8, 8, 5, 5, 5, 5, 5, 5, 4, 4, 4, 4, 9, 9, 9, 9, 9, 9, 4, 4, 0, 0, 2, 2, 2, 2, 4, 4, 9, 9, 9, 9, 9, 9, 4, 4, 4, 4, 5, 5]
[5, 5, 5, 5, 8, 8, 8, 8, 8, 8, 5, 5, 2, 2, 2, 2, 0, 0, 5, 5, 8, 8, 8, 8, 8, 8, 5, 5, 5, 5, 5, 5, 4, 4, 4, 4, 9, 9, 9, 9, 9, 9, 4, 4, 0, 0, 2, 2, 2, 2, 4, 4, 9, 9, 9, 9, 9, 9, 4, 4, 4, 4, 5, 5]
[5, 5, 5, 5, 5, 5, 5, 5, 5, 5, 5, 5, 5, 5, 5, 5, 5, 5, 5, 5, 5, 5, 5, 5, 5, 5, 5, 5, 5, 5, 5, 5, 4, 4, 4, 4, 4, 4, 4, 4, 4, 4, 4, 4, 4, 4, 4, 4, 4, 4, 4, 4, 4, 4, 4, 4, 4, 4, 4, 4, 4, 4, 5, 5]
[5, 5, 5, 5, 5, 5, 5, 5, 5, 5, 5, 5, 5, 5, 5, 5, 5, 5, 5, 5, 5, 5, 5, 5, 5, 5, 5, 5, 5, 5, 5, 5, 4, 4, 4, 4, 4, 4, 4, 4, 4, 4, 4, 4, 4, 4, 4, 4, 4, 4, 4, 4, 4, 4, 4, 4, 4, 4, 4, 4, 4, 4, 5, 5]
[5, 5, 5, 5, 9, 9, 9, 9, 9, 9, 5, 5, 9, 9, 9, 9, 9, 9, 5, 5, 8, 8, 8, 8, 8, 8, 5, 5, 5, 5, 5, 5, 4, 4, 4, 4, 9, 9, 9, 9, 9, 9, 4, 4, 9, 9, 9, 9, 9, 9, 4, 4, 9, 9, 9, 9, 9, 9, 4, 4, 4, 4, 5, 5]
[5, 5, 5, 5, 9, 9, 9, 9, 9, 9, 5, 5, 9, 9, 9, 9, 9, 9, 5, 5, 8, 8, 8, 8, 8, 8, 5, 5, 5, 5, 5, 5, 4, 4, 4, 4, 9, 9, 9, 9, 9, 9, 4, 4, 9, 9, 9, 9, 9, 9, 4, 4, 9, 9, 9, 9, 9, 9, 4, 4, 4, 4, 5, 5]
[5, 5, 5, 5, 9, 9, 9, 9, 9, 9, 5, 5, 9, 9, 9, 9, 9, 9, 5, 5, 8, 8, 8, 8, 8, 8, 5, 5, 5, 5, 5, 5, 4, 4, 4, 4, 9, 9, 9, 9, 9, 9, 4, 4, 9, 9, 9, 9, 9, 9, 4, 4, 9, 9, 9, 9, 9, 9, 4, 4, 4, 4, 5, 5]
[5, 5, 5, 5, 9, 9, 9, 9, 9, 9, 5, 5, 9, 9, 9, 9, 9, 9, 5, 5, 8, 8, 8, 8, 8, 8, 5, 5, 5, 5, 5, 5, 4, 4, 4, 4, 9, 9, 9, 9, 9, 9, 4, 4, 9, 9, 9, 9, 9, 9, 4, 4, 9, 9, 9, 9, 9, 9, 4, 4, 4, 4, 5, 5]
[5, 5, 5, 5, 9, 9, 9, 9, 9, 9, 5, 5, 9, 9, 9, 9, 9, 9, 5, 5, 8, 8, 8, 8, 8, 8, 5, 5, 5, 5, 5, 5, 2, 2, 4, 4, 9, 9, 9, 9, 9, 9, 4, 4, 9, 9, 9, 9, 9, 9, 4, 4, 9, 9, 9, 9, 9, 9, 4, 4, 2, 2, 5, 5]
[5, 5, 5, 5, 9, 9, 9, 9, 9, 9, 5, 5, 9, 9, 9, 9, 9, 9, 5, 5, 8, 8, 8, 8, 8, 8, 5, 5, 5, 5, 5, 5, 2, 2, 4, 4, 9, 9, 9, 9, 9, 9, 4, 4, 9, 9, 9, 9, 9, 9, 4, 4, 9, 9, 9, 9, 9, 9, 4, 4, 2, 2, 5, 5]
[5, 5, 5, 5, 5, 5, 5, 5, 5, 5, 5, 5, 5, 5, 5, 5, 5, 5, 5, 5, 5, 5, 5, 5, 5, 5, 5, 5, 5, 5, 5, 5, 2, 2, 4, 4, 4, 4, 4, 4, 4, 4, 4, 4, 4, 4, 4, 4, 4, 4, 4, 4, 4, 4, 4, 4, 4, 4, 4, 4, 2, 2, 5, 5]
[5, 5, 5, 5, 5, 5, 5, 5, 5, 5, 5, 5, 5, 5, 5, 5, 5, 5, 5, 5, 5, 5, 5, 5, 5, 5, 5, 5, 5, 5, 5, 5, 2, 2, 4, 4, 4, 4, 4, 4, 4, 4, 4, 4, 4, 4, 4, 4, 4, 4, 4, 4, 4, 4, 4, 4, 4, 4, 4, 4, 2, 2, 5, 5]
[5, 5, 5, 5, 5, 5, 5, 5, 5, 5, 5, 5, 5, 5, 5, 5, 5, 5, 5, 5, 5, 5, 5, 5, 5, 5, 5, 5, 5, 5, 5, 5, 2, 2, 2, 2, 2, 2, 4, 4, 4, 4, 4, 4, 4, 4, 4, 4, 4, 4, 4, 4, 4, 4, 4, 4, 2, 2, 2, 2, 2, 2, 5, 5]
[5, 5, 5, 5, 5, 5, 5, 5, 5, 5, 5, 5, 5, 5, 5, 5, 5, 5, 5, 5, 5, 5, 5, 5, 5, 5, 5, 5, 5, 5, 5, 5, 2, 2, 2, 2, 2, 2, 4, 4, 4, 4, 4, 4, 4, 4, 4, 4, 4, 4, 4, 4, 4, 4, 4, 4, 2, 2, 2, 2, 2, 2, 5, 5]
[5, 5, 5, 5, 5, 5, 5, 5, 5, 5, 5, 5, 5, 5, 5, 5, 5, 5, 5, 5, 5, 5, 5, 5, 5, 5, 5, 5, 5, 5, 5, 5, 5, 5, 5, 5, 5, 5, 5, 5, 5, 5, 5, 5, 5, 5, 5, 5, 5, 5, 5, 5, 5, 5, 5, 5, 5, 5, 5, 5, 5, 5, 5, 5]
[12, 12, 12, 12, 12, 12, 12, 12, 12, 12, 12, 12, 12, 12, 12, 12, 12, 12, 12, 12, 12, 12, 12, 12, 12, 12, 12, 12, 12, 12, 12, 12, 12, 12, 12, 12, 12, 12, 12, 12, 12, 12, 12, 12, 12, 12, 12, 12, 12, 12, 12, 12, 12, 12, 11, 11, 11, 11, 11, 11, 11, 11, 11, 11]
</grid_0>
",,0.0,False
6,ACTION6 x=56 y=46,manual,"State: NOT_FINISHED
Levels completed: 0/6
Action count: 6

========== Start of Direct Observation ==========
<grid_0>
[5, 5, 5, 5, 5, 5, 5, 5, 5, 5, 5, 5, 5, 5, 5, 5, 5, 5, 5, 5, 5, 5, 5, 5, 5, 5, 5, 5, 5, 5, 5, 5, 5, 5, 5, 5, 5, 5, 5, 5, 5, 5, 5, 5, 5, 5, 5, 5, 5, 5, 5, 5, 5, 5, 5, 5, 5, 5, 5, 5, 5, 5, 5, 5]
[5, 5, 5, 5, 5, 5, 5, 5, 5, 5, 5, 5, 5, 5, 5, 5, 5, 5, 5, 5, 5, 5, 5, 5, 5, 5, 5, 5, 5, 5, 5, 5, 5, 5, 5, 5, 5, 5, 5, 5, 5, 5, 5, 5, 5, 5, 5, 5, 5, 5, 5, 5, 5, 5, 5, 5, 5, 5, 5, 5, 5, 5, 5, 5]
[5, 5, 5, 5, 9, 9, 9, 9, 9, 9, 5, 5, 8, 8, 8, 8, 8, 8, 5, 5, 9, 9, 9, 9, 9, 9, 5, 5, 5, 5, 5, 5, 5, 5, 5, 5, 5, 5, 9, 9, 9, 9, 9, 9, 5, 5, 8, 8, 8, 8, 8, 8, 5, 5, 9, 9, 9, 9, 9, 9, 5, 5, 5, 5]
[5, 5, 5, 5, 9, 9, 9, 9, 9, 9, 5, 5, 8, 8, 8, 8, 8, 8, 5, 5, 9, 9, 9, 9, 9, 9, 5, 5, 5, 5, 5, 5, 5, 5, 5, 5, 5, 5, 9, 9, 9, 9, 9, 9, 5, 5, 8, 8, 8, 8, 8, 8, 5, 5, 9, 9, 9, 9, 9, 9, 5, 5, 5, 5]
[5, 5, 5, 5, 9, 9, 9, 9, 9, 9, 5, 5, 8, 8, 8, 8, 8, 8, 5, 5, 9, 9, 9, 9, 9, 9, 5, 5, 5, 5, 5, 5, 5, 5, 5, 5, 5, 5, 9, 9, 9, 9, 9, 9, 5, 5, 8, 8, 8, 8, 8, 8, 5, 5, 9, 9, 9, 9, 9, 9, 5, 5, 5, 5]
[5, 5, 5, 5, 9, 9, 9, 9, 9, 9, 5, 5, 8, 8, 8, 8, 8, 8, 5, 5, 9, 9, 9, 9, 9, 9, 5, 5, 5, 5, 5, 5, 5, 5, 5, 5, 5, 5, 9, 9, 9, 9, 9, 9, 5, 5, 8, 8, 8, 8, 8, 8, 5, 5, 9, 9, 9, 9, 9, 9, 5, 5, 5, 5]
[5, 5, 5, 5, 9, 9, 9, 9, 9, 9, 5, 5, 8, 8, 8, 8, 8, 8, 5, 5, 9, 9, 9, 9, 9, 9, 5, 5, 5, 5, 5, 5, 5, 5, 5, 5, 5, 5, 9, 9, 9, 9, 9, 9, 5, 5, 8, 8, 8, 8, 8, 8, 5, 5, 9, 9, 9, 9, 9, 9, 5, 5, 5, 5]
[5, 5, 5, 5, 9, 9, 9, 9, 9, 9, 5, 5, 8, 8, 8, 8, 8, 8, 5, 5, 9, 9, 9, 9, 9, 9, 5, 5, 5, 5, 5, 5, 5, 5, 5, 5, 5, 5, 9, 9, 9, 9, 9, 9, 5, 5, 8, 8, 8, 8, 8, 8, 5, 5, 9, 9, 9, 9, 9, 9, 5, 5, 5, 5]
[5, 5, 5, 5, 5, 5, 5, 5, 5, 5, 5, 5, 5, 5, 5, 5, 5, 5, 5, 5, 5, 5, 5, 5, 5, 5, 5, 5, 5, 5, 5, 5, 5, 5, 5, 5, 5, 5, 5, 5, 5, 5, 5, 5, 5, 5, 5, 5, 5, 5, 5, 5, 5, 5, 5, 5, 5, 5, 5, 5, 5, 5, 5, 5]
[5, 5, 5, 5, 5, 5, 5, 5, 5, 5, 5, 5, 5, 5, 5, 5, 5, 5, 5, 5, 5, 5, 5, 5, 5, 5, 5, 5, 5, 5, 5, 5, 5, 5, 5, 5, 5, 5, 5, 5, 5, 5, 5, 5, 5, 5, 5, 5, 5, 5, 5, 5, 5, 5, 5, 5, 5, 5, 5, 5, 5, 5, 5, 5]
[5, 5, 5, 5, 8, 8, 8, 8, 8, 8, 5, 5, 2, 2, 0, 0, 2, 2, 5, 5, 9, 9, 9, 9, 9, 9, 5, 5, 5, 5, 5, 5, 5, 5, 5, 5, 5, 5, 8, 8, 8, 8, 8, 8, 5, 5, 2, 2, 0, 0, 2, 2, 5, 5, 8, 8, 8, 8, 8, 8, 5, 5, 5, 5]
[5, 5, 5, 5, 8, 8, 8, 8, 8, 8, 5, 5, 2, 2, 0, 0, 2, 2, 5, 5, 9, 9, 9, 9, 9, 9, 5, 5, 5, 5, 5, 5, 5, 5, 5, 5, 5, 5, 8, 8, 8, 8, 8, 8, 5, 5, 2, 2, 0, 0, 2, 2, 5, 5, 8, 8, 8, 8, 8, 8, 5, 5, 5, 5]
[5, 5, 5, 5, 8, 8, 8, 8, 8, 8, 5, 5, 0, 0, 8, 8, 2, 2, 5, 5, 9, 9, 9, 9, 9, 9, 5, 5, 5, 5, 5, 5, 5, 5, 5, 5, 5, 5, 8, 8, 8, 8, 8, 8, 5, 5, 0, 0, 8, 8, 0, 0, 5, 5, 8, 8, 8, 8, 8, 8, 5, 5, 5, 5]
[5, 5, 5, 5, 8, 8, 8, 8, 8, 8, 5, 5, 0, 0, 8, 8, 2, 2, 5, 5, 9, 9, 9, 9, 9, 9, 5, 5, 5, 5, 5, 5, 5, 5, 5, 5, 5, 5, 8, 8, 8, 8, 8, 8, 5, 5, 0, 0, 8, 8, 0, 0, 5, 5, 8, 8, 8, 8, 8, 8, 5, 5, 5, 5]
[5, 5, 5, 5, 8, 8, 8, 8, 8, 8, 5, 5, 2, 2, 0, 0, 0, 0, 5, 5, 9, 9, 9, 9, 9, 9, 5, 5, 5, 5, 5, 5, 5, 5, 5, 5, 5, 5, 8, 8, 8, 8, 8, 8, 5, 5, 2, 2, 0, 0, 2, 2, 5, 5, 8, 8, 8, 8, 8, 8, 5, 5, 5, 5]
[5, 5, 5, 5, 8, 8, 8, 8, 8, 8, 5, 5, 2, 2, 0, 0, 0, 0, 5, 5, 9, 9, 9, 9, 9, 9, 5, 5, 5, 5, 5, 5, 5, 5, 5, 5, 5, 5, 8, 8, 8, 8, 8, 8, 5, 5, 2, 2, 0, 0, 2, 2, 5, 5, 8, 8, 8, 8, 8, 8, 5, 5, 5, 5]
[5, 5, 5, 5, 5, 5, 5, 5, 5, 5, 5, 5, 5, 5, 5, 5, 5, 5, 5, 5, 5, 5, 5, 5, 5, 5, 5, 5, 5, 5, 5, 5, 5, 5, 5, 5, 5, 5, 5, 5, 5, 5, 5, 5, 5, 5, 5, 5, 5, 5, 5, 5, 5, 5, 5, 5, 5, 5, 5, 5, 5, 5, 5, 5]
[5, 5, 5, 5, 5, 5, 5, 5, 5, 5, 5, 5, 5, 5, 5, 5, 5, 5, 5, 5, 5, 5, 5, 5, 5, 5, 5, 5, 5, 5, 5, 5, 5, 5, 5, 5, 5, 5, 5, 5, 5, 5, 5, 5, 5, 5, 5, 5, 5, 5, 5, 5, 5, 5, 5, 5, 5, 5, 5, 5, 5, 5, 5, 5]
[5, 5, 5, 5, 9, 9, 9, 9, 9, 9, 5, 5, 8, 8, 8, 8, 8, 8, 5, 5, 8, 8, 8, 8, 8, 8, 5, 5, 5, 5, 5, 5, 5, 5, 5, 5, 5, 5, 9, 9, 9, 9, 9, 9, 5, 5, 8, 8, 8, 8, 8, 8, 5, 5, 9, 9, 9, 9, 9, 9, 5, 5, 5, 5]
[5, 5, 5, 5, 9, 9, 9, 9, 9, 9, 5, 5, 8, 8, 8, 8, 8, 8, 5, 5, 8, 8, 8, 8, 8, 8, 5, 5, 5, 5, 5, 5, 5, 5, 5, 5, 5, 5, 9, 9, 9, 9, 9, 9, 5, 5, 8, 8, 8, 8, 8, 8, 5, 5, 9, 9, 9, 9, 9, 9, 5, 5, 5, 5]
[5, 5, 5, 5, 9, 9, 9, 9, 9, 9, 5, 5, 8, 8, 8, 8, 8, 8, 5, 5, 8, 8, 8, 8, 8, 8, 5, 5, 5, 5, 5, 5, 5, 5, 5, 5, 5, 5, 9, 9, 9, 9, 9, 9, 5, 5, 8, 8, 8, 8, 8, 8, 5, 5, 9, 9, 9, 9, 9, 9, 5, 5, 5, 5]
[5, 5, 5, 5, 9, 9, 9, 9, 9, 9, 5, 5, 8, 8, 8, 8, 8, 8, 5, 5, 8, 8, 8, 8, 8, 8, 5, 5, 5, 5, 5, 5, 5, 5, 5, 5, 5, 5, 9, 9, 9, 9, 9, 9, 5, 5, 8, 8, 8, 8, 8, 8, 5, 5, 9, 9, 9, 9, 9, 9, 5, 5, 5, 5]
[5, 5, 5, 5, 9, 9, 9, 9, 9, 9, 5, 5, 8, 8, 8, 8, 8, 8, 5, 5, 8, 8, 8, 8, 8, 8, 5, 5, 5, 5, 5, 5, 5, 5, 5, 5, 5, 5, 9, 9, 9, 9, 9, 9, 5, 5, 8, 8, 8, 8, 8, 8, 5, 5, 9, 9, 9, 9, 9, 9, 5, 5, 5, 5]
[5, 5, 5, 5, 9, 9, 9, 9, 9, 9, 5, 5, 8, 8, 8, 8, 8, 8, 5, 5, 8, 8, 8, 8, 8, 8, 5, 5, 5, 5, 5, 5, 5, 5, 5, 5, 5, 5, 9, 9, 9, 9, 9, 9, 5, 5, 8, 8, 8, 8, 8, 8, 5, 5, 9, 9, 9, 9, 9, 9, 5, 5, 5, 5]
[5, 5, 5, 5, 5, 5, 5, 5, 5, 5, 5, 5, 5, 5, 5, 5, 5, 5, 5, 5, 5, 5, 5, 5, 5, 5, 5, 5, 5, 5, 5, 5, 5, 5, 5, 5, 5, 5, 5, 5, 5, 5, 5, 5, 5, 5, 5, 5, 5, 5, 5, 5, 5, 5, 5, 5, 5, 5, 5, 5, 5, 5, 5, 5]
[5, 5, 5, 5, 5, 5, 5, 5, 5, 5, 5, 5, 5, 5, 5, 5, 5, 5, 5, 5, 5, 5, 5, 5, 5, 5, 5, 5, 5, 5, 5, 5, 5, 5, 5, 5, 5, 5, 5, 5, 5, 5, 5, 5, 5, 5, 5, 5, 5, 5, 5, 5, 5, 5, 5, 5, 5, 5, 5, 5, 5, 5, 5, 5]
[5, 5, 5, 5, 5, 5, 5, 5, 5, 5, 5, 5, 5, 5, 5, 5, 5, 5, 5, 5, 5, 5, 5, 5, 5, 5, 5, 5, 5, 5, 5, 5, 5, 5, 5, 5, 5, 5, 5, 5, 5, 5, 5, 5, 5, 5, 5, 5, 5, 5, 5, 5, 5, 5, 5, 5, 5, 5, 5, 5, 5, 5, 5, 5]
[5, 5, 5, 5, 5, 5, 5, 5, 5, 5, 5, 5, 5, 5, 5, 5, 5, 5, 5, 5, 5, 5, 5, 5, 5, 5, 5, 5, 5, 5, 5, 5, 5, 5, 5, 5, 5, 5, 5, 5, 5, 5, 5, 5, 5, 5, 5, 5, 5, 5, 5, 5, 5, 5, 5, 5, 5, 5, 5, 5, 5, 5, 5, 5]
[5, 5, 5, 5, 5, 5, 5, 5, 5, 5, 5, 5, 5, 5, 5, 5, 5, 5, 5, 5, 5, 5, 5, 5, 5, 5, 5, 5, 5, 5, 5, 5, 5, 5, 5, 5, 5, 5, 5, 5, 5, 5, 5, 5, 5, 5, 5, 5, 5, 5, 5, 5, 5, 5, 5, 5, 5, 5, 5, 5, 5, 5, 5, 5]
[5, 5, 5, 5, 5, 5, 5, 5, 5, 5, 5, 5, 5, 5, 5, 5, 5, 5, 5, 5, 5, 5, 5, 5, 5, 5, 5, 5, 5, 5, 5, 5, 5, 5, 5, 5, 5, 5, 5, 5, 5, 5, 5, 5, 5, 5, 5, 5, 5, 5, 5, 5, 5, 5, 5, 5, 5, 5, 5, 5, 5, 5, 5, 5]
[5, 5, 5, 5, 5, 5, 5, 5, 5, 5, 5, 5, 5, 5, 5, 5, 5, 5, 5, 5, 5, 5, 5, 5, 5, 5, 5, 5, 5, 5, 5, 5, 5, 5, 5, 5, 5, 5, 5, 5, 5, 5, 5, 5, 5, 5, 5, 5, 5, 5, 5, 5, 5, 5, 5, 5, 5, 5, 5, 5, 5, 5, 5, 5]
[5, 5, 5, 5, 5, 5, 5, 5, 5, 5, 5, 5, 5, 5, 5, 5, 5, 5, 5, 5, 5, 5, 5, 5, 5, 5, 5, 5, 5, 5, 5, 5, 5, 5, 5, 5, 5, 5, 5, 5, 5, 5, 5, 5, 5, 5, 5, 5, 5, 5, 5, 5, 5, 5, 5, 5, 5, 5, 5, 5, 5, 5, 5, 5]
[5, 5, 5, 5, 5, 5, 5, 5, 5, 5, 5, 5, 5, 5, 5, 5, 5, 5, 5, 5, 5, 5, 5, 5, 5, 5, 5, 5, 5, 5, 5, 5, 2, 2, 2, 2, 2, 2, 4, 4, 4, 4, 4, 4, 4, 4, 4, 4, 4, 4, 4, 4, 4, 4, 4, 4, 2, 2, 2, 2, 2, 2, 5, 5]
[5, 5, 5, 5, 5, 5, 5, 5, 5, 5, 5, 5, 5, 5, 5, 5, 5, 5, 5, 5, 5, 5, 5, 5, 5, 5, 5, 5, 5, 5, 5, 5, 2, 2, 2, 2, 2, 2, 4, 4, 4, 4, 4, 4, 4, 4, 4, 4, 4, 4, 4, 4, 4, 4, 4, 4, 2, 2, 2, 2, 2, 2, 5, 5]
[5, 5, 5, 5, 5, 5, 5, 5, 5, 5, 5, 5, 5, 5, 5, 5, 5, 5, 5, 5, 5, 5, 5, 5, 5, 5, 5, 5, 5, 5, 5, 5, 2, 2, 4, 4, 4, 4, 4, 4, 4, 4, 4, 4, 4, 4, 4, 4, 4, 4, 4, 4, 4, 4, 4, 4, 4, 4, 4, 4, 2, 2, 5, 5]
[5, 5, 5, 5, 5, 5, 5, 5, 5, 5, 5, 5, 5, 5, 5, 5, 5, 5, 5, 5, 5, 5, 5, 5, 5, 5, 5, 5, 5, 5, 5, 5, 2, 2, 4, 4, 4, 4, 4, 4, 4, 4, 4, 4, 4, 4, 4, 4, 4, 4, 4, 4, 4, 4, 4, 4, 4, 4, 4, 4, 2, 2, 5, 5]
[5, 5, 5, 5, 8, 8, 8, 8, 8, 8, 5, 5, 9, 9, 9, 9, 9, 9, 5, 5, 9, 9, 9, 9, 9, 9, 5, 5, 5, 5, 5, 5, 2, 2, 4, 4, 9, 9, 9, 9, 9, 9, 4, 4, 8, 8, 8, 8, 8, 8, 4, 4, 9, 9, 9, 9, 9, 9, 4, 4, 2, 2, 5, 5]
[5, 5, 5, 5, 8, 8, 8, 8, 8, 8, 5, 5, 9, 9, 9, 9, 9, 9, 5, 5, 9, 9, 9, 9, 9, 9, 5, 5, 5, 5, 5, 5, 2, 2, 4, 4, 9, 9, 9, 9, 9, 9, 4, 4, 8, 8, 8, 8, 8, 8, 4, 4, 9, 9, 9, 9, 9, 9, 4, 4, 2, 2, 5, 5]
[5, 5, 5, 5, 8, 8, 8, 8, 8, 8, 5, 5, 9, 9, 9, 9, 9, 9, 5, 5, 9, 9, 9, 9, 9, 9, 5, 5, 5, 5, 5, 5, 4, 4, 4, 4, 9, 9, 9, 9, 9, 9, 4, 4, 8, 8, 8, 8, 8, 8, 4, 4, 9, 9, 9, 9, 9, 9, 4, 4, 4, 4, 5, 5]
[5, 5, 5, 5, 8, 8, 8, 8, 8, 8, 5, 5, 9, 9, 9, 9, 9, 9, 5, 5, 9, 9, 9, 9, 9, 9, 5, 5, 5, 5, 5, 5, 4, 4, 4, 4, 9, 9, 9, 9, 9, 9, 4, 4, 8, 8, 8, 8, 8, 8, 4, 4, 9, 9, 9, 9, 9, 9, 4, 4, 4, 4, 5, 5]
[5, 5, 5, 5, 8, 8, 8, 8, 8, 8, 5, 5, 9, 9, 9, 9, 9, 9, 5, 5, 9, 9, 9, 9, 9, 9, 5, 5, 5, 5, 5, 5, 4, 4, 4, 4, 9, 9, 9, 9, 9, 9, 4, 4, 8, 8, 8, 8, 8, 8, 4, 4, 9, 9, 9, 9, 9, 9, 4, 4, 4, 4, 5, 5]
[5, 5, 5, 5, 8, 8, 8, 8, 8, 8, 5, 5, 9, 9, 9, 9, 9, 9, 5, 5, 9, 9, 9, 9, 9, 9, 5, 5, 5, 5, 5, 5, 4, 4, 4, 4, 9, 9, 9, 9, 9, 9, 4, 4, 8, 8, 8, 8, 8, 8, 4, 4, 9, 9, 9, 9, 9, 9, 4, 4, 4, 4, 5, 5]
[5, 5, 5, 5, 5, 5, 5, 5, 5, 5, 5, 5, 5, 5, 5, 5, 5, 5, 5, 5, 5, 5, 5, 5, 5, 5, 5, 5, 5, 5, 5, 5, 4, 4, 4, 4, 4, 4, 4, 4, 4, 4, 4, 4, 4, 4, 4, 4, 4, 4, 4, 4, 4, 4, 4, 4, 4, 4, 4, 4, 4, 4, 5, 5]
[5, 5, 5, 5, 5, 5, 5, 5, 5, 5, 5, 5, 5, 5, 5, 5, 5, 5, 5, 5, 5, 5, 5, 5, 5, 5, 5, 5, 5, 5, 5, 5, 4, 4, 4, 4, 4, 4, 4, 4, 4, 4, 4, 4, 4, 4, 4, 4, 4, 4, 4, 4, 4, 4, 4, 4, 4, 4, 4, 4, 4, 4, 5, 5]
[5, 5, 5, 5, 8, 8, 8, 8, 8, 8, 5, 5, 0, 0, 2, 2, 2, 2, 5, 5, 8, 8, 8, 8, 8, 8, 5, 5, 5, 5, 5, 5, 4, 4, 4, 4, 8, 8, 8, 8, 8, 8, 4, 4, 0, 0, 2, 2, 2, 2, 4, 4, 9, 9, 9, 9, 9, 9, 4, 4, 4, 4, 5, 5]
[5, 5, 5, 5, 8, 8, 8, 8, 8, 8, 5, 5, 0, 0, 2, 2, 2, 2, 5, 5, 8, 8, 8, 8, 8, 8, 5, 5, 5, 5, 5, 5, 4, 4, 4, 4, 8, 8, 8, 8, 8, 8, 4, 4, 0, 0, 2, 2, 2, 2, 4, 4, 9, 9, 9, 9, 9, 9, 4, 4, 4, 4, 5, 5]
[5, 5, 5, 5, 8, 8, 8, 8, 8, 8, 5, 5, 0, 0, 8, 8, 0, 0, 5, 5, 8, 8, 8, 8, 8, 8, 5, 5, 5, 5, 5, 5, 4, 4, 4, 4, 8, 8, 8, 8, 8, 8, 4, 4, 0, 0, 8, 8, 0, 0, 4, 4, 9, 9, 9, 9, 9, 9, 4, 4, 4, 4, 5, 5]
[5, 5, 5, 5, 8, 8, 8, 8, 8, 8, 5, 5, 0, 0, 8, 8, 0, 0, 5, 5, 8, 8, 8, 8, 8, 8, 5, 5, 5, 5, 5, 5, 4, 4, 4, 4, 8, 8, 8, 8, 8, 8, 4, 4, 0, 0, 8, 8, 0, 0, 4, 4, 9, 9, 9, 9, 9, 9, 4, 4, 4, 4, 5, 5]
[5, 5, 5, 5, 8, 8, 8, 8, 8, 8, 5, 5, 2, 2, 2, 2, 0, 0, 5, 5, 8, 8, 8, 8, 8, 8, 5, 5, 5, 5, 5, 5, 4, 4, 4, 4, 8, 8, 8, 8, 8, 8, 4, 4, 0, 0, 2, 2, 2, 2, 4, 4, 9, 9, 9, 9, 9, 9, 4, 4, 4, 4, 5, 5]
[5, 5, 5, 5, 8, 8, 8, 8, 8, 8, 5, 5, 2, 2, 2, 2, 0, 0, 5, 5, 8, 8, 8, 8, 8, 8, 5, 5, 5, 5, 5, 5, 4, 4, 4, 4, 8, 8, 8, 8, 8, 8, 4, 4, 0, 0, 2, 2, 2, 2, 4, 4, 9, 9, 9, 9, 9, 9, 4, 4, 4, 4, 5, 5]
[5, 5, 5, 5, 5, 5, 5, 5, 5, 5, 5, 5, 5, 5, 5, 5, 5, 5, 5, 5, 5, 5, 5, 5, 5, 5, 5, 5, 5, 5, 5, 5, 4, 4, 4, 4, 4, 4, 4, 4, 4, 4, 4, 4, 4, 4, 4, 4, 4, 4, 4, 4, 4, 4, 4, 4, 4, 4, 4, 4, 4, 4, 5, 5]
[5, 5, 5, 5, 5, 5, 5, 5, 5, 5, 5, 5, 5, 5, 5, 5, 5, 5, 5, 5, 5, 5, 5, 5, 5, 5, 5, 5, 5, 5, 5, 5, 4, 4, 4, 4, 4, 4, 4, 4, 4, 4, 4, 4, 4, 4, 4, 4, 4, 4, 4, 4, 4, 4, 4, 4, 4, 4, 4, 4, 4, 4, 5, 5]
[5, 5, 5, 5, 9, 9, 9, 9, 9, 9, 5, 5, 9, 9, 9, 9, 9, 9, 5, 5, 8, 8, 8, 8, 8, 8, 5, 5, 5, 5, 5, 5, 4, 4, 4, 4, 9, 9, 9, 9, 9, 9, 4, 4, 9, 9, 9, 9, 9, 9, 4, 4, 9, 9, 9, 9, 9, 9, 4, 4, 4, 4, 5, 5]
[5, 5, 5, 5, 9, 9, 9, 9, 9, 9, 5, 5, 9, 9, 9, 9, 9, 9, 5, 5, 8, 8, 8, 8, 8, 8, 5, 5, 5, 5, 5, 5, 4, 4, 4, 4, 9, 9, 9, 9, 9, 9, 4, 4, 9, 9, 9, 9, 9, 9, 4, 4, 9, 9, 9, 9, 9, 9, 4, 4, 4, 4, 5, 5]
[5, 5, 5, 5, 9, 9, 9, 9, 9, 9, 5, 5, 9, 9, 9, 9, 9, 9, 5, 5, 8, 8, 8, 8, 8, 8, 5, 5, 5, 5, 5, 5, 4, 4, 4, 4, 9, 9, 9, 9, 9, 9, 4, 4, 9, 9, 9, 9, 9, 9, 4, 4, 9, 9, 9, 9, 9, 9, 4, 4, 4, 4, 5, 5]
[5, 5, 5, 5, 9, 9, 9, 9, 9, 9, 5, 5, 9, 9, 9, 9, 9, 9, 5, 5, 8, 8, 8, 8, 8, 8, 5, 5, 5, 5, 5, 5, 4, 4, 4, 4, 9, 9, 9, 9, 9, 9, 4, 4, 9, 9, 9, 9, 9, 9, 4, 4, 9, 9, 9, 9, 9, 9, 4, 4, 4, 4, 5, 5]
[5, 5, 5, 5, 9, 9, 9, 9, 9, 9, 5, 5, 9, 9, 9, 9, 9, 9, 5, 5, 8, 8, 8, 8, 8, 8, 5, 5, 5, 5, 5, 5, 2, 2, 4, 4, 9, 9, 9, 9, 9, 9, 4, 4, 9, 9, 9, 9, 9, 9, 4, 4, 9, 9, 9, 9, 9, 9, 4, 4, 2, 2, 5, 5]
[5, 5, 5, 5, 9, 9, 9, 9, 9, 9, 5, 5, 9, 9, 9, 9, 9, 9, 5, 5, 8, 8, 8, 8, 8, 8, 5, 5, 5, 5, 5, 5, 2, 2, 4, 4, 9, 9, 9, 9, 9, 9, 4, 4, 9, 9, 9, 9, 9, 9, 4, 4, 9, 9, 9, 9, 9, 9, 4, 4, 2, 2, 5, 5]
[5, 5, 5, 5, 5, 5, 5, 5, 5, 5, 5, 5, 5, 5, 5, 5, 5, 5, 5, 5, 5, 5, 5, 5, 5, 5, 5, 5, 5, 5, 5, 5, 2, 2, 4, 4, 4, 4, 4, 4, 4, 4, 4, 4, 4, 4, 4, 4, 4, 4, 4, 4, 4, 4, 4, 4, 4, 4, 4, 4, 2, 2, 5, 5]
[5, 5, 5, 5, 5, 5, 5, 5, 5, 5, 5, 5, 5, 5, 5, 5, 5, 5, 5, 5, 5, 5, 5, 5, 5, 5, 5, 5, 5, 5, 5, 5, 2, 2, 4, 4, 4, 4, 4, 4, 4, 4, 4, 4, 4, 4, 4, 4, 4, 4, 4, 4, 4, 4, 4, 4, 4, 4, 4, 4, 2, 2, 5, 5]
[5, 5, 5, 5, 5, 5, 5, 5, 5, 5, 5, 5, 5, 5, 5, 5, 5, 5, 5, 5, 5, 5, 5, 5, 5, 5, 5, 5, 5, 5, 5, 5, 2, 2, 2, 2, 2, 2, 4, 4, 4, 4, 4, 4, 4, 4, 4, 4, 4, 4, 4, 4, 4, 4, 4, 4, 2, 2, 2, 2, 2, 2, 5, 5]
[5, 5, 5, 5, 5, 5, 5, 5, 5, 5, 5, 5, 5, 5, 5, 5, 5, 5, 5, 5, 5, 5, 5, 5, 5, 5, 5, 5, 5, 5, 5, 5, 2, 2, 2, 2, 2, 2, 4, 4, 4, 4, 4, 4, 4, 4, 4, 4, 4, 4, 4, 4, 4, 4, 4, 4, 2, 2, 2, 2, 2, 2, 5, 5]
[5, 5, 5, 5, 5, 5, 5, 5, 5, 5, 5, 5, 5, 5, 5, 5, 5, 5, 5, 5, 5, 5, 5, 5, 5, 5, 5, 5, 5, 5, 5, 5, 5, 5, 5, 5, 5, 5, 5, 5, 5, 5, 5, 5, 5, 5, 5, 5, 5, 5, 5, 5, 5, 5, 5, 5, 5, 5, 5, 5, 5, 5, 5, 5]
[12, 12, 12, 12, 12, 12, 12, 12, 12, 12, 12, 12, 12, 12, 12, 12, 12, 12, 12, 12, 12, 12, 12, 12, 12, 12, 12, 12, 12, 12, 12, 12, 12, 12, 12, 12, 12, 12, 12, 12, 12, 12, 12, 12, 12, 12, 12, 12, 12, 12, 12, 12, 11, 11, 11, 11, 11, 11, 11, 11, 11, 11, 11, 11]
</grid_0>
",,0.0,False
7,ACTION6 x=38 y=54,manual,"State: NOT_FINISHED
Levels completed: 0/6
Action count: 7

========== Start of Direct Observation ==========
<grid_0>
[5, 5, 5, 5, 5, 5, 5, 5, 5, 5, 5, 5, 5, 5, 5, 5, 5, 5, 5, 5, 5, 5, 5, 5, 5, 5, 5, 5, 5, 5, 5, 5, 5, 5, 5, 5, 5, 5, 5, 5, 5, 5, 5, 5, 5, 5, 5, 5, 5, 5, 5, 5, 5, 5, 5, 5, 5, 5, 5, 5, 5, 5, 5, 5]
[5, 5, 5, 5, 5, 5, 5, 5, 5, 5, 5, 5, 5, 5, 5, 5, 5, 5, 5, 5, 5, 5, 5, 5, 5, 5, 5, 5, 5, 5, 5, 5, 5, 5, 5, 5, 5, 5, 5, 5, 5, 5, 5, 5, 5, 5, 5, 5, 5, 5, 5, 5, 5, 5, 5, 5, 5, 5, 5, 5, 5, 5, 5, 5]
[5, 5, 5, 5, 9, 9, 9, 9, 9, 9, 5, 5, 8, 8, 8, 8, 8, 8, 5, 5, 9, 9, 9, 9, 9, 9, 5, 5, 5, 5, 5, 5, 5, 5, 5, 5, 5, 5, 9, 9, 9, 9, 9, 9, 5, 5, 8, 8, 8, 8, 8, 8, 5, 5, 9, 9, 9, 9, 9, 9, 5, 5, 5, 5]
[5, 5, 5, 5, 9, 9, 9, 9, 9, 9, 5, 5, 8, 8, 8, 8, 8, 8, 5, 5, 9, 9, 9, 9, 9, 9, 5, 5, 5, 5, 5, 5, 5, 5, 5, 5, 5, 5, 9, 9, 9, 9, 9, 9, 5, 5, 8, 8, 8, 8, 8, 8, 5, 5, 9, 9, 9, 9, 9, 9, 5, 5, 5, 5]
[5, 5, 5, 5, 9, 9, 9, 9, 9, 9, 5, 5, 8, 8, 8, 8, 8, 8, 5, 5, 9, 9, 9, 9, 9, 9, 5, 5, 5, 5, 5, 5, 5, 5, 5, 5, 5, 5, 9, 9, 9, 9, 9, 9, 5, 5, 8, 8, 8, 8, 8, 8, 5, 5, 9, 9, 9, 9, 9, 9, 5, 5, 5, 5]
[5, 5, 5, 5, 9, 9, 9, 9, 9, 9, 5, 5, 8, 8, 8, 8, 8, 8, 5, 5, 9, 9, 9, 9, 9, 9, 5, 5, 5, 5, 5, 5, 5, 5, 5, 5, 5, 5, 9, 9, 9, 9, 9, 9, 5, 5, 8, 8, 8, 8, 8, 8, 5, 5, 9, 9, 9, 9, 9, 9, 5, 5, 5, 5]
[5, 5, 5, 5, 9, 9, 9, 9, 9, 9, 5, 5, 8, 8, 8, 8, 8, 8, 5, 5, 9, 9, 9, 9, 9, 9, 5, 5, 5, 5, 5, 5, 5, 5, 5, 5, 5, 5, 9, 9, 9, 9, 9, 9, 5, 5, 8, 8, 8, 8, 8, 8, 5, 5, 9, 9, 9, 9, 9, 9, 5, 5, 5, 5]
[5, 5, 5, 5, 9, 9, 9, 9, 9, 9, 5, 5, 8, 8, 8, 8, 8, 8, 5, 5, 9, 9, 9, 9, 9, 9, 5, 5, 5, 5, 5, 5, 5, 5, 5, 5, 5, 5, 9, 9, 9, 9, 9, 9, 5, 5, 8, 8, 8, 8, 8, 8, 5, 5, 9, 9, 9, 9, 9, 9, 5, 5, 5, 5]
[5, 5, 5, 5, 5, 5, 5, 5, 5, 5, 5, 5, 5, 5, 5, 5, 5, 5, 5, 5, 5, 5, 5, 5, 5, 5, 5, 5, 5, 5, 5, 5, 5, 5, 5, 5, 5, 5, 5, 5, 5, 5, 5, 5, 5, 5, 5, 5, 5, 5, 5, 5, 5, 5, 5, 5, 5, 5, 5, 5, 5, 5, 5, 5]
[5, 5, 5, 5, 5, 5, 5, 5, 5, 5, 5, 5, 5, 5, 5, 5, 5, 5, 5, 5, 5, 5, 5, 5, 5, 5, 5, 5, 5, 5, 5, 5, 5, 5, 5, 5, 5, 5, 5, 5, 5, 5, 5, 5, 5, 5, 5, 5, 5, 5, 5, 5, 5, 5, 5, 5, 5, 5, 5, 5, 5, 5, 5, 5]
[5, 5, 5, 5, 8, 8, 8, 8, 8, 8, 5, 5, 2, 2, 0, 0, 2, 2, 5, 5, 9, 9, 9, 9, 9, 9, 5, 5, 5, 5, 5, 5, 5, 5, 5, 5, 5, 5, 8, 8, 8, 8, 8, 8, 5, 5, 2, 2, 0, 0, 2, 2, 5, 5, 8, 8, 8, 8, 8, 8, 5, 5, 5, 5]
[5, 5, 5, 5, 8, 8, 8, 8, 8, 8, 5, 5, 2, 2, 0, 0, 2, 2, 5, 5, 9, 9, 9, 9, 9, 9, 5, 5, 5, 5, 5, 5, 5, 5, 5, 5, 5, 5, 8, 8, 8, 8, 8, 8, 5, 5, 2, 2, 0, 0, 2, 2, 5, 5, 8, 8, 8, 8, 8, 8, 5, 5, 5, 5]
[5, 5, 5, 5, 8, 8, 8, 8, 8, 8, 5, 5, 0, 0, 8, 8, 2, 2, 5, 5, 9, 9, 9, 9, 9, 9, 5, 5, 5, 5, 5, 5, 5, 5, 5, 5, 5, 5, 8, 8, 8, 8, 8, 8, 5, 5, 0, 0, 8, 8, 0, 0, 5, 5, 8, 8, 8, 8, 8, 8, 5, 5, 5, 5]
[5, 5, 5, 5, 8, 8, 8, 8, 8, 8, 5, 5, 0, 0, 8, 8, 2, 2, 5, 5, 9, 9, 9, 9, 9, 9, 5, 5, 5, 5, 5, 5, 5, 5, 5, 5, 5, 5, 8, 8, 8, 8, 8, 8, 5, 5, 0, 0, 8, 8, 0, 0, 5, 5, 8, 8, 8, 8, 8, 8, 5, 5, 5, 5]
[5, 5, 5, 5, 8, 8, 8, 8, 8, 8, 5, 5, 2, 2, 0, 0, 0, 0, 5, 5, 9, 9, 9, 9, 9, 9, 5, 5, 5, 5, 5, 5, 5, 5, 5, 5, 5, 5, 8, 8, 8, 8, 8, 8, 5, 5, 2, 2, 0, 0, 2, 2, 5, 5, 8, 8, 8, 8, 8, 8, 5, 5, 5, 5]
[5, 5, 5, 5, 8, 8, 8, 8, 8, 8, 5, 5, 2, 2, 0, 0, 0, 0, 5, 5, 9, 9, 9, 9, 9, 9, 5, 5, 5, 5, 5, 5, 5, 5, 5, 5, 5, 5, 8, 8, 8, 8, 8, 8, 5, 5, 2, 2, 0, 0, 2, 2, 5, 5, 8, 8, 8, 8, 8, 8, 5, 5, 5, 5]
[5, 5, 5, 5, 5, 5, 5, 5, 5, 5, 5, 5, 5, 5, 5, 5, 5, 5, 5, 5, 5, 5, 5, 5, 5, 5, 5, 5, 5, 5, 5, 5, 5, 5, 5, 5, 5, 5, 5, 5, 5, 5, 5, 5, 5, 5, 5, 5, 5, 5, 5, 5, 5, 5, 5, 5, 5, 5, 5, 5, 5, 5, 5, 5]
[5, 5, 5, 5, 5, 5, 5, 5, 5, 5, 5, 5, 5, 5, 5, 5, 5, 5, 5, 5, 5, 5, 5, 5, 5, 5, 5, 5, 5, 5, 5, 5, 5, 5, 5, 5, 5, 5, 5, 5, 5, 5, 5, 5, 5, 5, 5, 5, 5, 5, 5, 5, 5, 5, 5, 5, 5, 5, 5, 5, 5, 5, 5, 5]
[5, 5, 5, 5, 9, 9, 9, 9, 9, 9, 5, 5, 8, 8, 8, 8, 8, 8, 5, 5, 8, 8, 8, 8, 8, 8, 5, 5, 5, 5, 5, 5, 5, 5, 5, 5, 5, 5, 9, 9, 9, 9, 9, 9, 5, 5, 8, 8, 8, 8, 8, 8, 5, 5, 9, 9, 9, 9, 9, 9, 5, 5, 5, 5]
[5, 5, 5, 5, 9, 9, 9, 9, 9, 9, 5, 5, 8, 8, 8, 8, 8, 8, 5, 5, 8, 8, 8, 8, 8, 8, 5, 5, 5, 5, 5, 5, 5, 5, 5, 5, 5, 5, 9, 9, 9, 9, 9, 9, 5, 5, 8, 8, 8, 8, 8, 8, 5, 5, 9, 9, 9, 9, 9, 9, 5, 5, 5, 5]
[5, 5, 5, 5, 9, 9, 9, 9, 9, 9, 5, 5, 8, 8, 8, 8, 8, 8, 5, 5, 8, 8, 8, 8, 8, 8, 5, 5, 5, 5, 5, 5, 5, 5, 5, 5, 5, 5, 9, 9, 9, 9, 9, 9, 5, 5, 8, 8, 8, 8, 8, 8, 5, 5, 9, 9, 9, 9, 9, 9, 5, 5, 5, 5]
[5, 5, 5, 5, 9, 9, 9, 9, 9, 9, 5, 5, 8, 8, 8, 8, 8, 8, 5, 5, 8, 8, 8, 8, 8, 8, 5, 5, 5, 5, 5, 5, 5, 5, 5, 5, 5, 5, 9, 9, 9, 9, 9, 9, 5, 5, 8, 8, 8, 8, 8, 8, 5, 5, 9, 9, 9, 9, 9, 9, 5, 5, 5, 5]
[5, 5, 5, 5, 9, 9, 9, 9, 9, 9, 5, 5, 8, 8, 8, 8, 8, 8, 5, 5, 8, 8, 8, 8, 8, 8, 5, 5, 5, 5, 5, 5, 5, 5, 5, 5, 5, 5, 9, 9, 9, 9, 9, 9, 5, 5, 8, 8, 8, 8, 8, 8, 5, 5, 9, 9, 9, 9, 9, 9, 5, 5, 5, 5]
[5, 5, 5, 5, 9, 9, 9, 9, 9, 9, 5, 5, 8, 8, 8, 8, 8, 8, 5, 5, 8, 8, 8, 8, 8, 8, 5, 5, 5, 5, 5, 5, 5, 5, 5, 5, 5, 5, 9, 9, 9, 9, 9, 9, 5, 5, 8, 8, 8, 8, 8, 8, 5, 5, 9, 9, 9, 9, 9, 9, 5, 5, 5, 5]
[5, 5, 5, 5, 5, 5, 5, 5, 5, 5, 5, 5, 5, 5, 5, 5, 5, 5, 5, 5, 5, 5, 5, 5, 5, 5, 5, 5, 5, 5, 5, 5, 5, 5, 5, 5, 5, 5, 5, 5, 5, 5, 5, 5, 5, 5, 5, 5, 5, 5, 5, 5, 5, 5, 5, 5, 5, 5, 5, 5, 5, 5, 5, 5]
[5, 5, 5, 5, 5, 5, 5, 5, 5, 5, 5, 5, 5, 5, 5, 5, 5, 5, 5, 5, 5, 5, 5, 5, 5, 5, 5, 5, 5, 5, 5, 5, 5, 5, 5, 5, 5, 5, 5, 5, 5, 5, 5, 5, 5, 5, 5, 5, 5, 5, 5, 5, 5, 5, 5, 5, 5, 5, 5, 5, 5, 5, 5, 5]
[5, 5, 5, 5, 5, 5, 5, 5, 5, 5, 5, 5, 5, 5, 5, 5, 5, 5, 5, 5, 5, 5, 5, 5, 5, 5, 5, 5, 5, 5, 5, 5, 5, 5, 5, 5, 5, 5, 5, 5, 5, 5, 5, 5, 5, 5, 5, 5, 5, 5, 5, 5, 5, 5, 5, 5, 5, 5, 5, 5, 5, 5, 5, 5]
[5, 5, 5, 5, 5, 5, 5, 5, 5, 5, 5, 5, 5, 5, 5, 5, 5, 5, 5, 5, 5, 5, 5, 5, 5, 5, 5, 5, 5, 5, 5, 5, 5, 5, 5, 5, 5, 5, 5, 5, 5, 5, 5, 5, 5, 5, 5, 5, 5, 5, 5, 5, 5, 5, 5, 5, 5, 5, 5, 5, 5, 5, 5, 5]
[5, 5, 5, 5, 5, 5, 5, 5, 5, 5, 5, 5, 5, 5, 5, 5, 5, 5, 5, 5, 5, 5, 5, 5, 5, 5, 5, 5, 5, 5, 5, 5, 5, 5, 5, 5, 5, 5, 5, 5, 5, 5, 5, 5, 5, 5, 5, 5, 5, 5, 5, 5, 5, 5, 5, 5, 5, 5, 5, 5, 5, 5, 5, 5]
[5, 5, 5, 5, 5, 5, 5, 5, 5, 5, 5, 5, 5, 5, 5, 5, 5, 5, 5, 5, 5, 5, 5, 5, 5, 5, 5, 5, 5, 5, 5, 5, 5, 5, 5, 5, 5, 5, 5, 5, 5, 5, 5, 5, 5, 5, 5, 5, 5, 5, 5, 5, 5, 5, 5, 5, 5, 5, 5, 5, 5, 5, 5, 5]
[5, 5, 5, 5, 5, 5, 5, 5, 5, 5, 5, 5, 5, 5, 5, 5, 5, 5, 5, 5, 5, 5, 5, 5, 5, 5, 5, 5, 5, 5, 5, 5, 5, 5, 5, 5, 5, 5, 5, 5, 5, 5, 5, 5, 5, 5, 5, 5, 5, 5, 5, 5, 5, 5, 5, 5, 5, 5, 5, 5, 5, 5, 5, 5]
[5, 5, 5, 5, 5, 5, 5, 5, 5, 5, 5, 5, 5, 5, 5, 5, 5, 5, 5, 5, 5, 5, 5, 5, 5, 5, 5, 5, 5, 5, 5, 5, 5, 5, 5, 5, 5, 5, 5, 5, 5, 5, 5, 5, 5, 5, 5, 5, 5, 5, 5, 5, 5, 5, 5, 5, 5, 5, 5, 5, 5, 5, 5, 5]
[5, 5, 5, 5, 5, 5, 5, 5, 5, 5, 5, 5, 5, 5, 5, 5, 5, 5, 5, 5, 5, 5, 5, 5, 5, 5, 5, 5, 5, 5, 5, 5, 2, 2, 2, 2, 2, 2, 4, 4, 4, 4, 4, 4, 4, 4, 4, 4, 4, 4, 4, 4, 4, 4, 4, 4, 2, 2, 2, 2, 2, 2, 5, 5]
[5, 5, 5, 5, 5, 5, 5, 5, 5, 5, 5, 5, 5, 5, 5, 5, 5, 5, 5, 5, 5, 5, 5, 5, 5, 5, 5, 5, 5, 5, 5, 5, 2, 2, 2, 2, 2, 2, 4, 4, 4, 4, 4, 4, 4, 4, 4, 4, 4, 4, 4, 4, 4, 4, 4, 4, 2, 2, 2, 2, 2, 2, 5, 5]
[5, 5, 5, 5, 5, 5, 5, 5, 5, 5, 5, 5, 5, 5, 5, 5, 5, 5, 5, 5, 5, 5, 5, 5, 5, 5, 5, 5, 5, 5, 5, 5, 2, 2, 4, 4, 4, 4, 4, 4, 4, 4, 4, 4, 4, 4, 4, 4, 4, 4, 4, 4, 4, 4, 4, 4, 4, 4, 4, 4, 2, 2, 5, 5]
[5, 5, 5, 5, 5, 5, 5, 5, 5, 5, 5, 5, 5, 5, 5, 5, 5, 5, 5, 5, 5, 5, 5, 5, 5, 5, 5, 5, 5, 5, 5, 5, 2, 2, 4, 4, 4, 4, 4, 4, 4, 4, 4, 4, 4, 4, 4, 4, 4, 4, 4, 4, 4, 4, 4, 4, 4, 4, 4, 4, 2, 2, 5, 5]
[5, 5, 5, 5, 8, 8, 8, 8, 8, 8, 5, 5, 9, 9, 9, 9, 9, 9, 5, 5, 9, 9, 9, 9, 9, 9, 5, 5, 5, 5, 5, 5, 2, 2, 4, 4, 9, 9, 9, 9, 9, 9, 4, 4, 8, 8, 8, 8, 8, 8, 4, 4, 9, 9, 9, 9, 9, 9, 4, 4, 2, 2, 5, 5]
[5, 5, 5, 5, 8, 8, 8, 8, 8, 8, 5, 5, 9, 9, 9, 9, 9, 9, 5, 5, 9, 9, 9, 9, 9, 9, 5, 5, 5, 5, 5, 5, 2, 2, 4, 4, 9, 9, 9, 9, 9, 9, 4, 4, 8, 8, 8, 8, 8, 8, 4, 4, 9, 9, 9, 9, 9, 9, 4, 4, 2, 2, 5, 5]
[5, 5, 5, 5, 8, 8, 8, 8, 8, 8, 5, 5, 9, 9, 9, 9, 9, 9, 5, 5, 9, 9, 9, 9, 9, 9, 5, 5, 5, 5, 5, 5, 4, 4, 4, 4, 9, 9, 9, 9, 9, 9, 4, 4, 8, 8, 8, 8, 8, 8, 4, 4, 9, 9, 9, 9, 9, 9, 4, 4, 4, 4, 5, 5]
[5, 5, 5, 5, 8, 8, 8, 8, 8, 8, 5, 5, 9, 9, 9, 9, 9, 9, 5, 5, 9, 9, 9, 9, 9, 9, 5, 5, 5, 5, 5, 5, 4, 4, 4, 4, 9, 9, 9, 9, 9, 9, 4, 4, 8, 8, 8, 8, 8, 8, 4, 4, 9, 9, 9, 9, 9, 9, 4, 4, 4, 4, 5, 5]
[5, 5, 5, 5, 8, 8, 8, 8, 8, 8, 5, 5, 9, 9, 9, 9, 9, 9, 5, 5, 9, 9, 9, 9, 9, 9, 5, 5, 5, 5, 5, 5, 4, 4, 4, 4, 9, 9, 9, 9, 9, 9, 4, 4, 8, 8, 8, 8, 8, 8, 4, 4, 9, 9, 9, 9, 9, 9, 4, 4, 4, 4, 5, 5]
[5, 5, 5, 5, 8, 8, 8, 8, 8, 8, 5, 5, 9, 9, 9, 9, 9, 9, 5, 5, 9, 9, 9, 9, 9, 9, 5, 5, 5, 5, 5, 5, 4, 4, 4, 4, 9, 9, 9, 9, 9, 9, 4, 4, 8, 8, 8, 8, 8, 8, 4, 4, 9, 9, 9, 9, 9, 9, 4, 4, 4, 4, 5, 5]
[5, 5, 5, 5, 5, 5, 5, 5, 5, 5, 5, 5, 5, 5, 5, 5, 5, 5, 5, 5, 5, 5, 5, 5, 5, 5, 5, 5, 5, 5, 5, 5, 4, 4, 4, 4, 4, 4, 4, 4, 4, 4, 4, 4, 4, 4, 4, 4, 4, 4, 4, 4, 4, 4, 4, 4, 4, 4, 4, 4, 4, 4, 5, 5]
[5, 5, 5, 5, 5, 5, 5, 5, 5, 5, 5, 5, 5, 5, 5, 5, 5, 5, 5, 5, 5, 5, 5, 5, 5, 5, 5, 5, 5, 5, 5, 5, 4, 4, 4, 4, 4, 4, 4, 4, 4, 4, 4, 4, 4, 4, 4, 4, 4, 4, 4, 4, 4, 4, 4, 4, 4, 4, 4, 4, 4, 4, 5, 5]
[5, 5, 5, 5, 8, 8, 8, 8, 8, 8, 5, 5, 0, 0, 2, 2, 2, 2, 5, 5, 8, 8, 8, 8, 8, 8, 5, 5, 5, 5, 5, 5, 4, 4, 4, 4, 8, 8, 8, 8, 8, 8, 4, 4, 0, 0, 2, 2, 2, 2, 4, 4, 8, 8, 8, 8, 8, 8, 4, 4, 4, 4, 5, 5]
[5, 5, 5, 5, 8, 8, 8, 8, 8, 8, 5, 5, 0, 0, 2, 2, 2, 2, 5, 5, 8, 8, 8, 8, 8, 8, 5, 5, 5, 5, 5, 5, 4, 4, 4, 4, 8, 8, 8, 8, 8, 8, 4, 4, 0, 0, 2, 2, 2, 2, 4, 4, 8, 8, 8, 8, 8, 8, 4, 4, 4, 4, 5, 5]
[5, 5, 5, 5, 8, 8, 8, 8, 8, 8, 5, 5, 0, 0, 8, 8, 0, 0, 5, 5, 8, 8, 8, 8, 8, 8, 5, 5, 5, 5, 5, 5, 4, 4, 4, 4, 8, 8, 8, 8, 8, 8, 4, 4, 0, 0, 8, 8, 0, 0, 4, 4, 8, 8, 8, 8, 8, 8, 4, 4, 4, 4, 5, 5]
[5, 5, 5, 5, 8, 8, 8, 8, 8, 8, 5, 5, 0, 0, 8, 8, 0, 0, 5, 5, 8, 8, 8, 8, 8, 8, 5, 5, 5, 5, 5, 5, 4, 4, 4, 4, 8, 8, 8, 8, 8, 8, 4, 4, 0, 0, 8, 8, 0, 0, 4, 4, 8, 8, 8, 8, 8, 8, 4, 4, 4, 4, 5, 5]
[5, 5, 5, 5, 8, 8, 8, 8, 8, 8, 5, 5, 2, 2, 2, 2, 0, 0, 5, 5, 8, 8, 8, 8, 8, 8, 5, 5, 5, 5, 5, 5, 4, 4, 4, 4, 8, 8, 8, 8, 8, 8, 4, 4, 0, 0, 2, 2, 2, 2, 4, 4, 8, 8, 8, 8, 8, 8, 4, 4, 4, 4, 5, 5]
[5, 5, 5, 5, 8, 8, 8, 8, 8, 8, 5, 5, 2, 2, 2, 2, 0, 0, 5, 5, 8, 8, 8, 8, 8, 8, 5, 5, 5, 5, 5, 5, 4, 4, 4, 4, 8, 8, 8, 8, 8, 8, 4, 4, 0, 0, 2, 2, 2, 2, 4, 4, 8, 8, 8, 8, 8, 8, 4, 4, 4, 4, 5, 5]
[5, 5, 5, 5, 5, 5, 5, 5, 5, 5, 5, 5, 5, 5, 5, 5, 5, 5, 5, 5, 5, 5, 5, 5, 5, 5, 5, 5, 5, 5, 5, 5, 4, 4, 4, 4, 4, 4, 4, 4, 4, 4, 4, 4, 4, 4, 4, 4, 4, 4, 4, 4, 4, 4, 4, 4, 4, 4, 4, 4, 4, 4, 5, 5]
[5, 5, 5, 5, 5, 5, 5, 5, 5, 5, 5, 5, 5, 5, 5, 5, 5, 5, 5, 5, 5, 5, 5, 5, 5, 5, 5, 5, 5, 5, 5, 5, 4, 4, 4, 4, 4, 4, 4, 4, 4, 4, 4, 4, 4, 4, 4, 4, 4, 4, 4, 4, 4, 4, 4, 4, 4, 4, 4, 4, 4, 4, 5, 5]
[5, 5, 5, 5, 9, 9, 9, 9, 9, 9, 5, 5, 9, 9, 9, 9, 9, 9, 5, 5, 8, 8, 8, 8, 8, 8, 5, 5, 5, 5, 5, 5, 4, 4, 4, 4, 9, 9, 9, 9, 9, 9, 4, 4, 9, 9, 9, 9, 9, 9, 4, 4, 9, 9, 9, 9, 9, 9, 4, 4, 4, 4, 5, 5]
[5, 5, 5, 5, 9, 9, 9, 9, 9, 9, 5, 5, 9, 9, 9, 9, 9, 9, 5, 5, 8, 8, 8, 8, 8, 8, 5, 5, 5, 5, 5, 5, 4, 4, 4, 4, 9, 9, 9, 9, 9, 9, 4, 4, 9, 9, 9, 9, 9, 9, 4, 4, 9, 9, 9, 9, 9, 9, 4, 4, 4, 4, 5, 5]
[5, 5, 5, 5, 9, 9, 9, 9, 9, 9, 5, 5, 9, 9, 9, 9, 9, 9, 5, 5, 8, 8, 8, 8, 8, 8, 5, 5, 5, 5, 5, 5, 4, 4, 4, 4, 9, 9, 9, 9, 9, 9, 4, 4, 9, 9, 9, 9, 9, 9, 4, 4, 9, 9, 9, 9, 9, 9, 4, 4, 4, 4, 5, 5]
[5, 5, 5, 5, 9, 9, 9, 9, 9, 9, 5, 5, 9, 9, 9, 9, 9, 9, 5, 5, 8, 8, 8, 8, 8, 8, 5, 5, 5, 5, 5, 5, 4, 4, 4, 4, 9, 9, 9, 9, 9, 9, 4, 4, 9, 9, 9, 9, 9, 9, 4, 4, 9, 9, 9, 9, 9, 9, 4, 4, 4, 4, 5, 5]
[5, 5, 5, 5, 9, 9, 9, 9, 9, 9, 5, 5, 9, 9, 9, 9, 9, 9, 5, 5, 8, 8, 8, 8, 8, 8, 5, 5, 5, 5, 5, 5, 2, 2, 4, 4, 9, 9, 9, 9, 9, 9, 4, 4, 9, 9, 9, 9, 9, 9, 4, 4, 9, 9, 9, 9, 9, 9, 4, 4, 2, 2, 5, 5]
[5, 5, 5, 5, 9, 9, 9, 9, 9, 9, 5, 5, 9, 9, 9, 9, 9, 9, 5, 5, 8, 8, 8, 8, 8, 8, 5, 5, 5, 5, 5, 5, 2, 2, 4, 4, 9, 9, 9, 9, 9, 9, 4, 4, 9, 9, 9, 9, 9, 9, 4, 4, 9, 9, 9, 9, 9, 9, 4, 4, 2, 2, 5, 5]
[5, 5, 5, 5, 5, 5, 5, 5, 5, 5, 5, 5, 5, 5, 5, 5, 5, 5, 5, 5, 5, 5, 5, 5, 5, 5, 5, 5, 5, 5, 5, 5, 2, 2, 4, 4, 4, 4, 4, 4, 4, 4, 4, 4, 4, 4, 4, 4, 4, 4, 4, 4, 4, 4, 4, 4, 4, 4, 4, 4, 2, 2, 5, 5]
[5, 5, 5, 5, 5, 5, 5, 5, 5, 5, 5, 5, 5, 5, 5, 5, 5, 5, 5, 5, 5, 5, 5, 5, 5, 5, 5, 5, 5, 5, 5, 5, 2, 2, 4, 4, 4, 4, 4, 4, 4, 4, 4, 4, 4, 4, 4, 4, 4, 4, 4, 4, 4, 4, 4, 4, 4, 4, 4, 4, 2, 2, 5, 5]
[5, 5, 5, 5, 5, 5, 5, 5, 5, 5, 5, 5, 5, 5, 5, 5, 5, 5, 5, 5, 5, 5, 5, 5, 5, 5, 5, 5, 5, 5, 5, 5, 2, 2, 2, 2, 2, 2, 4, 4, 4, 4, 4, 4, 4, 4, 4, 4, 4, 4, 4, 4, 4, 4, 4, 4, 2, 2, 2, 2, 2, 2, 5, 5]
[5, 5, 5, 5, 5, 5, 5, 5, 5, 5, 5, 5, 5, 5, 5, 5, 5, 5, 5, 5, 5, 5, 5, 5, 5, 5, 5, 5, 5, 5, 5, 5, 2, 2, 2, 2, 2, 2, 4, 4, 4, 4, 4, 4, 4, 4, 4, 4, 4, 4, 4, 4, 4, 4, 4, 4, 2, 2, 2, 2, 2, 2, 5, 5]
[5, 5, 5, 5, 5, 5, 5, 5, 5, 5, 5, 5, 5, 5, 5, 5, 5, 5, 5, 5, 5, 5, 5, 5, 5, 5, 5, 5, 5, 5, 5, 5, 5, 5, 5, 5, 5, 5, 5, 5, 5, 5, 5, 5, 5, 5, 5, 5, 5, 5, 5, 5, 5, 5, 5, 5, 5, 5, 5, 5, 5, 5, 5, 5]
[12, 12, 12, 12, 12, 12, 12, 12, 12, 12, 12, 12, 12, 12, 12, 12, 12, 12, 12, 12, 12, 12, 12, 12, 12, 12, 12, 12, 12, 12, 12, 12, 12, 12, 12, 12, 12, 12, 12, 12, 12, 12, 12, 12, 12, 12, 12, 12, 12, 12, 11, 11, 11, 11, 11, 11, 11, 11, 11, 11, 11, 11, 11, 11]
</grid_0>
",,0.0,False
8,ACTION6 x=48 y=54,manual,"State: NOT_FINISHED
Levels completed: 0/6
Action count: 8

========== Start of Direct Observation ==========
<grid_0>
[5, 5, 5, 5, 5, 5, 5, 5, 5, 5, 5, 5, 5, 5, 5, 5, 5, 5, 5, 5, 5, 5, 5, 5, 5, 5, 5, 5, 5, 5, 5, 5, 5, 5, 5, 5, 5, 5, 5, 5, 5, 5, 5, 5, 5, 5, 5, 5, 5, 5, 5, 5, 5, 5, 5, 5, 5, 5, 5, 5, 5, 5, 5, 5]
[5, 5, 5, 5, 5, 5, 5, 5, 5, 5, 5, 5, 5, 5, 5, 5, 5, 5, 5, 5, 5, 5, 5, 5, 5, 5, 5, 5, 5, 5, 5, 5, 5, 5, 5, 5, 5, 5, 5, 5, 5, 5, 5, 5, 5, 5, 5, 5, 5, 5, 5, 5, 5, 5, 5, 5, 5, 5, 5, 5, 5, 5, 5, 5]
[5, 5, 5, 5, 9, 9, 9, 9, 9, 9, 5, 5, 8, 8, 8, 8, 8, 8, 5, 5, 9, 9, 9, 9, 9, 9, 5, 5, 5, 5, 5, 5, 5, 5, 5, 5, 5, 5, 9, 9, 9, 9, 9, 9, 5, 5, 8, 8, 8, 8, 8, 8, 5, 5, 9, 9, 9, 9, 9, 9, 5, 5, 5, 5]
[5, 5, 5, 5, 9, 9, 9, 9, 9, 9, 5, 5, 8, 8, 8, 8, 8, 8, 5, 5, 9, 9, 9, 9, 9, 9, 5, 5, 5, 5, 5, 5, 5, 5, 5, 5, 5, 5, 9, 9, 9, 9, 9, 9, 5, 5, 8, 8, 8, 8, 8, 8, 5, 5, 9, 9, 9, 9, 9, 9, 5, 5, 5, 5]
[5, 5, 5, 5, 9, 9, 9, 9, 9, 9, 5, 5, 8, 8, 8, 8, 8, 8, 5, 5, 9, 9, 9, 9, 9, 9, 5, 5, 5, 5, 5, 5, 5, 5, 5, 5, 5, 5, 9, 9, 9, 9, 9, 9, 5, 5, 8, 8, 8, 8, 8, 8, 5, 5, 9, 9, 9, 9, 9, 9, 5, 5, 5, 5]
[5, 5, 5, 5, 9, 9, 9, 9, 9, 9, 5, 5, 8, 8, 8, 8, 8, 8, 5, 5, 9, 9, 9, 9, 9, 9, 5, 5, 5, 5, 5, 5, 5, 5, 5, 5, 5, 5, 9, 9, 9, 9, 9, 9, 5, 5, 8, 8, 8, 8, 8, 8, 5, 5, 9, 9, 9, 9, 9, 9, 5, 5, 5, 5]
[5, 5, 5, 5, 9, 9, 9, 9, 9, 9, 5, 5, 8, 8, 8, 8, 8, 8, 5, 5, 9, 9, 9, 9, 9, 9, 5, 5, 5, 5, 5, 5, 5, 5, 5, 5, 5, 5, 9, 9, 9, 9, 9, 9, 5, 5, 8, 8, 8, 8, 8, 8, 5, 5, 9, 9, 9, 9, 9, 9, 5, 5, 5, 5]
[5, 5, 5, 5, 9, 9, 9, 9, 9, 9, 5, 5, 8, 8, 8, 8, 8, 8, 5, 5, 9, 9, 9, 9, 9, 9, 5, 5, 5, 5, 5, 5, 5, 5, 5, 5, 5, 5, 9, 9, 9, 9, 9, 9, 5, 5, 8, 8, 8, 8, 8, 8, 5, 5, 9, 9, 9, 9, 9, 9, 5, 5, 5, 5]
[5, 5, 5, 5, 5, 5, 5, 5, 5, 5, 5, 5, 5, 5, 5, 5, 5, 5, 5, 5, 5, 5, 5, 5, 5, 5, 5, 5, 5, 5, 5, 5, 5, 5, 5, 5, 5, 5, 5, 5, 5, 5, 5, 5, 5, 5, 5, 5, 5, 5, 5, 5, 5, 5, 5, 5, 5, 5, 5, 5, 5, 5, 5, 5]
[5, 5, 5, 5, 5, 5, 5, 5, 5, 5, 5, 5, 5, 5, 5, 5, 5, 5, 5, 5, 5, 5, 5, 5, 5, 5, 5, 5, 5, 5, 5, 5, 5, 5, 5, 5, 5, 5, 5, 5, 5, 5, 5, 5, 5, 5, 5, 5, 5, 5, 5, 5, 5, 5, 5, 5, 5, 5, 5, 5, 5, 5, 5, 5]
[5, 5, 5, 5, 8, 8, 8, 8, 8, 8, 5, 5, 2, 2, 0, 0, 2, 2, 5, 5, 9, 9, 9, 9, 9, 9, 5, 5, 5, 5, 5, 5, 5, 5, 5, 5, 5, 5, 8, 8, 8, 8, 8, 8, 5, 5, 2, 2, 0, 0, 2, 2, 5, 5, 8, 8, 8, 8, 8, 8, 5, 5, 5, 5]
[5, 5, 5, 5, 8, 8, 8, 8, 8, 8, 5, 5, 2, 2, 0, 0, 2, 2, 5, 5, 9, 9, 9, 9, 9, 9, 5, 5, 5, 5, 5, 5, 5, 5, 5, 5, 5, 5, 8, 8, 8, 8, 8, 8, 5, 5, 2, 2, 0, 0, 2, 2, 5, 5, 8, 8, 8, 8, 8, 8, 5, 5, 5, 5]
[5, 5, 5, 5, 8, 8, 8, 8, 8, 8, 5, 5, 0, 0, 8, 8, 2, 2, 5, 5, 9, 9, 9, 9, 9, 9, 5, 5, 5, 5, 5, 5, 5, 5, 5, 5, 5, 5, 8, 8, 8, 8, 8, 8, 5, 5, 0, 0, 8, 8, 0, 0, 5, 5, 8, 8, 8, 8, 8, 8, 5, 5, 5, 5]
[5, 5, 5, 5, 8, 8, 8, 8, 8, 8, 5, 5, 0, 0, 8, 8, 2, 2, 5, 5, 9, 9, 9, 9, 9, 9, 5, 5, 5, 5, 5, 5, 5, 5, 5, 5, 5, 5, 8, 8, 8, 8, 8, 8, 5, 5, 0, 0, 8, 8, 0, 0, 5, 5, 8, 8, 8, 8, 8, 8, 5, 5, 5, 5]
[5, 5, 5, 5, 8, 8, 8, 8, 8, 8, 5, 5, 2, 2, 0, 0, 0, 0, 5, 5, 9, 9, 9, 9, 9, 9, 5, 5, 5, 5, 5, 5, 5, 5, 5, 5, 5, 5, 8, 8, 8, 8, 8, 8, 5, 5, 2, 2, 0, 0, 2, 2, 5, 5, 8, 8, 8, 8, 8, 8, 5, 5, 5, 5]
[5, 5, 5, 5, 8, 8, 8, 8, 8, 8, 5, 5, 2, 2, 0, 0, 0, 0, 5, 5, 9, 9, 9, 9, 9, 9, 5, 5, 5, 5, 5, 5, 5, 5, 5, 5, 5, 5, 8, 8, 8, 8, 8, 8, 5, 5, 2, 2, 0, 0, 2, 2, 5, 5, 8, 8, 8, 8, 8, 8, 5, 5, 5, 5]
[5, 5, 5, 5, 5, 5, 5, 5, 5, 5, 5, 5, 5, 5, 5, 5, 5, 5, 5, 5, 5, 5, 5, 5, 5, 5, 5, 5, 5, 5, 5, 5, 5, 5, 5, 5, 5, 5, 5, 5, 5, 5, 5, 5, 5, 5, 5, 5, 5, 5, 5, 5, 5, 5, 5, 5, 5, 5, 5, 5, 5, 5, 5, 5]
[5, 5, 5, 5, 5, 5, 5, 5, 5, 5, 5, 5, 5, 5, 5, 5, 5, 5, 5, 5, 5, 5, 5, 5, 5, 5, 5, 5, 5, 5, 5, 5, 5, 5, 5, 5, 5, 5, 5, 5, 5, 5, 5, 5, 5, 5, 5, 5, 5, 5, 5, 5, 5, 5, 5, 5, 5, 5, 5, 5, 5, 5, 5, 5]
[5, 5, 5, 5, 9, 9, 9, 9, 9, 9, 5, 5, 8, 8, 8, 8, 8, 8, 5, 5, 8, 8, 8, 8, 8, 8, 5, 5, 5, 5, 5, 5, 5, 5, 5, 5, 5, 5, 9, 9, 9, 9, 9, 9, 5, 5, 8, 8, 8, 8, 8, 8, 5, 5, 9, 9, 9, 9, 9, 9, 5, 5, 5, 5]
[5, 5, 5, 5, 9, 9, 9, 9, 9, 9, 5, 5, 8, 8, 8, 8, 8, 8, 5, 5, 8, 8, 8, 8, 8, 8, 5, 5, 5, 5, 5, 5, 5, 5, 5, 5, 5, 5, 9, 9, 9, 9, 9, 9, 5, 5, 8, 8, 8, 8, 8, 8, 5, 5, 9, 9, 9, 9, 9, 9, 5, 5, 5, 5]
[5, 5, 5, 5, 9, 9, 9, 9, 9, 9, 5, 5, 8, 8, 8, 8, 8, 8, 5, 5, 8, 8, 8, 8, 8, 8, 5, 5, 5, 5, 5, 5, 5, 5, 5, 5, 5, 5, 9, 9, 9, 9, 9, 9, 5, 5, 8, 8, 8, 8, 8, 8, 5, 5, 9, 9, 9, 9, 9, 9, 5, 5, 5, 5]
[5, 5, 5, 5, 9, 9, 9, 9, 9, 9, 5, 5, 8, 8, 8, 8, 8, 8, 5, 5, 8, 8, 8, 8, 8, 8, 5, 5, 5, 5, 5, 5, 5, 5, 5, 5, 5, 5, 9, 9, 9, 9, 9, 9, 5, 5, 8, 8, 8, 8, 8, 8, 5, 5, 9, 9, 9, 9, 9, 9, 5, 5, 5, 5]
[5, 5, 5, 5, 9, 9, 9, 9, 9, 9, 5, 5, 8, 8, 8, 8, 8, 8, 5, 5, 8, 8, 8, 8, 8, 8, 5, 5, 5, 5, 5, 5, 5, 5, 5, 5, 5, 5, 9, 9, 9, 9, 9, 9, 5, 5, 8, 8, 8, 8, 8, 8, 5, 5, 9, 9, 9, 9, 9, 9, 5, 5, 5, 5]
[5, 5, 5, 5, 9, 9, 9, 9, 9, 9, 5, 5, 8, 8, 8, 8, 8, 8, 5, 5, 8, 8, 8, 8, 8, 8, 5, 5, 5, 5, 5, 5, 5, 5, 5, 5, 5, 5, 9, 9, 9, 9, 9, 9, 5, 5, 8, 8, 8, 8, 8, 8, 5, 5, 9, 9, 9, 9, 9, 9, 5, 5, 5, 5]
[5, 5, 5, 5, 5, 5, 5, 5, 5, 5, 5, 5, 5, 5, 5, 5, 5, 5, 5, 5, 5, 5, 5, 5, 5, 5, 5, 5, 5, 5, 5, 5, 5, 5, 5, 5, 5, 5, 5, 5, 5, 5, 5, 5, 5, 5, 5, 5, 5, 5, 5, 5, 5, 5, 5, 5, 5, 5, 5, 5, 5, 5, 5, 5]
[5, 5, 5, 5, 5, 5, 5, 5, 5, 5, 5, 5, 5, 5, 5, 5, 5, 5, 5, 5, 5, 5, 5, 5, 5, 5, 5, 5, 5, 5, 5, 5, 5, 5, 5, 5, 5, 5, 5, 5, 5, 5, 5, 5, 5, 5, 5, 5, 5, 5, 5, 5, 5, 5, 5, 5, 5, 5, 5, 5, 5, 5, 5, 5]
[5, 5, 5, 5, 5, 5, 5, 5, 5, 5, 5, 5, 5, 5, 5, 5, 5, 5, 5, 5, 5, 5, 5, 5, 5, 5, 5, 5, 5, 5, 5, 5, 5, 5, 5, 5, 5, 5, 5, 5, 5, 5, 5, 5, 5, 5, 5, 5, 5, 5, 5, 5, 5, 5, 5, 5, 5, 5, 5, 5, 5, 5, 5, 5]
[5, 5, 5, 5, 5, 5, 5, 5, 5, 5, 5, 5, 5, 5, 5, 5, 5, 5, 5, 5, 5, 5, 5, 5, 5, 5, 5, 5, 5, 5, 5, 5, 5, 5, 5, 5, 5, 5, 5, 5, 5, 5, 5, 5, 5, 5, 5, 5, 5, 5, 5, 5, 5, 5, 5, 5, 5, 5, 5, 5, 5, 5, 5, 5]
[5, 5, 5, 5, 5, 5, 5, 5, 5, 5, 5, 5, 5, 5, 5, 5, 5, 5, 5, 5, 5, 5, 5, 5, 5, 5, 5, 5, 5, 5, 5, 5, 5, 5, 5, 5, 5, 5, 5, 5, 5, 5, 5, 5, 5, 5, 5, 5, 5, 5, 5, 5, 5, 5, 5, 5, 5, 5, 5, 5, 5, 5, 5, 5]
[5, 5, 5, 5, 5, 5, 5, 5, 5, 5, 5, 5, 5, 5, 5, 5, 5, 5, 5, 5, 5, 5, 5, 5, 5, 5, 5, 5, 5, 5, 5, 5, 5, 5, 5, 5, 5, 5, 5, 5, 5, 5, 5, 5, 5, 5, 5, 5, 5, 5, 5, 5, 5, 5, 5, 5, 5, 5, 5, 5, 5, 5, 5, 5]
[5, 5, 5, 5, 5, 5, 5, 5, 5, 5, 5, 5, 5, 5, 5, 5, 5, 5, 5, 5, 5, 5, 5, 5, 5, 5, 5, 5, 5, 5, 5, 5, 5, 5, 5, 5, 5, 5, 5, 5, 5, 5, 5, 5, 5, 5, 5, 5, 5, 5, 5, 5, 5, 5, 5, 5, 5, 5, 5, 5, 5, 5, 5, 5]
[5, 5, 5, 5, 5, 5, 5, 5, 5, 5, 5, 5, 5, 5, 5, 5, 5, 5, 5, 5, 5, 5, 5, 5, 5, 5, 5, 5, 5, 5, 5, 5, 5, 5, 5, 5, 5, 5, 5, 5, 5, 5, 5, 5, 5, 5, 5, 5, 5, 5, 5, 5, 5, 5, 5, 5, 5, 5, 5, 5, 5, 5, 5, 5]
[5, 5, 5, 5, 5, 5, 5, 5, 5, 5, 5, 5, 5, 5, 5, 5, 5, 5, 5, 5, 5, 5, 5, 5, 5, 5, 5, 5, 5, 5, 5, 5, 2, 2, 2, 2, 2, 2, 4, 4, 4, 4, 4, 4, 4, 4, 4, 4, 4, 4, 4, 4, 4, 4, 4, 4, 2, 2, 2, 2, 2, 2, 5, 5]
[5, 5, 5, 5, 5, 5, 5, 5, 5, 5, 5, 5, 5, 5, 5, 5, 5, 5, 5, 5, 5, 5, 5, 5, 5, 5, 5, 5, 5, 5, 5, 5, 2, 2, 2, 2, 2, 2, 4, 4, 4, 4, 4, 4, 4, 4, 4, 4, 4, 4, 4, 4, 4, 4, 4, 4, 2, 2, 2, 2, 2, 2, 5, 5]
[5, 5, 5, 5, 5, 5, 5, 5, 5, 5, 5, 5, 5, 5, 5, 5, 5, 5, 5, 5, 5, 5, 5, 5, 5, 5, 5, 5, 5, 5, 5, 5, 2, 2, 4, 4, 4, 4, 4, 4, 4, 4, 4, 4, 4, 4, 4, 4, 4, 4, 4, 4, 4, 4, 4, 4, 4, 4, 4, 4, 2, 2, 5, 5]
[5, 5, 5, 5, 5, 5, 5, 5, 5, 5, 5, 5, 5, 5, 5, 5, 5, 5, 5, 5, 5, 5, 5, 5, 5, 5, 5, 5, 5, 5, 5, 5, 2, 2, 4, 4, 4, 4, 4, 4, 4, 4, 4, 4, 4, 4, 4, 4, 4, 4, 4, 4, 4, 4, 4, 4, 4, 4, 4, 4, 2, 2, 5, 5]
[5, 5, 5, 5, 8, 8, 8, 8, 8, 8, 5, 5, 9, 9, 9, 9, 9, 9, 5, 5, 9, 9, 9, 9, 9, 9, 5, 5, 5, 5, 5, 5, 2, 2, 4, 4, 9, 9, 9, 9, 9, 9, 4, 4, 8, 8, 8, 8, 8, 8, 4, 4, 9, 9, 9, 9, 9, 9, 4, 4, 2, 2, 5, 5]
[5, 5, 5, 5, 8, 8, 8, 8, 8, 8, 5, 5, 9, 9, 9, 9, 9, 9, 5, 5, 9, 9, 9, 9, 9, 9, 5, 5, 5, 5, 5, 5, 2, 2, 4, 4, 9, 9, 9, 9, 9, 9, 4, 4, 8, 8, 8, 8, 8, 8, 4, 4, 9, 9, 9, 9, 9, 9, 4, 4, 2, 2, 5, 5]
[5, 5, 5, 5, 8, 8, 8, 8, 8, 8, 5, 5, 9, 9, 9, 9, 9, 9, 5, 5, 9, 9, 9, 9, 9, 9, 5, 5, 5, 5, 5, 5, 4, 4, 4, 4, 9, 9, 9, 9, 9, 9, 4, 4, 8, 8, 8, 8, 8, 8, 4, 4, 9, 9, 9, 9, 9, 9, 4, 4, 4, 4, 5, 5]
[5, 5, 5, 5, 8, 8, 8, 8, 8, 8, 5, 5, 9, 9, 9, 9, 9, 9, 5, 5, 9, 9, 9, 9, 9, 9, 5, 5, 5, 5, 5, 5, 4, 4, 4, 4, 9, 9, 9, 9, 9, 9, 4, 4, 8, 8, 8, 8, 8, 8, 4, 4, 9, 9, 9, 9, 9, 9, 4, 4, 4, 4, 5, 5]
[5, 5, 5, 5, 8, 8, 8, 8, 8, 8, 5, 5, 9, 9, 9, 9, 9, 9, 5, 5, 9, 9, 9, 9, 9, 9, 5, 5, 5, 5, 5, 5, 4, 4, 4, 4, 9, 9, 9, 9, 9, 9, 4, 4, 8, 8, 8, 8, 8, 8, 4, 4, 9, 9, 9, 9, 9, 9, 4, 4, 4, 4, 5, 5]
[5, 5, 5, 5, 8, 8, 8, 8, 8, 8, 5, 5, 9, 9, 9, 9, 9, 9, 5, 5, 9, 9, 9, 9, 9, 9, 5, 5, 5, 5, 5, 5, 4, 4, 4, 4, 9, 9, 9, 9, 9, 9, 4, 4, 8, 8, 8, 8, 8, 8, 4, 4, 9, 9, 9, 9, 9, 9, 4, 4, 4, 4, 5, 5]
[5, 5, 5, 5, 5, 5, 5, 5, 5, 5, 5, 5, 5, 5, 5, 5, 5, 5, 5, 5, 5, 5, 5, 5, 5, 5, 5, 5, 5, 5, 5, 5, 4, 4, 4, 4, 4, 4, 4, 4, 4, 4, 4, 4, 4, 4, 4, 4, 4, 4, 4, 4, 4, 4, 4, 4, 4, 4, 4, 4, 4, 4, 5, 5]
[5, 5, 5, 5, 5, 5, 5, 5, 5, 5, 5, 5, 5, 5, 5, 5, 5, 5, 5, 5, 5, 5, 5, 5, 5, 5, 5, 5, 5, 5, 5, 5, 4, 4, 4, 4, 4, 4, 4, 4, 4, 4, 4, 4, 4, 4, 4, 4, 4, 4, 4, 4, 4, 4, 4, 4, 4, 4, 4, 4, 4, 4, 5, 5]
[5, 5, 5, 5, 8, 8, 8, 8, 8, 8, 5, 5, 0, 0, 2, 2, 2, 2, 5, 5, 8, 8, 8, 8, 8, 8, 5, 5, 5, 5, 5, 5, 4, 4, 4, 4, 8, 8, 8, 8, 8, 8, 4, 4, 0, 0, 2, 2, 2, 2, 4, 4, 8, 8, 8, 8, 8, 8, 4, 4, 4, 4, 5, 5]
[5, 5, 5, 5, 8, 8, 8, 8, 8, 8, 5, 5, 0, 0, 2, 2, 2, 2, 5, 5, 8, 8, 8, 8, 8, 8, 5, 5, 5, 5, 5, 5, 4, 4, 4, 4, 8, 8, 8, 8, 8, 8, 4, 4, 0, 0, 2, 2, 2, 2, 4, 4, 8, 8, 8, 8, 8, 8, 4, 4, 4, 4, 5, 5]
[5, 5, 5, 5, 8, 8, 8, 8, 8, 8, 5, 5, 0, 0, 8, 8, 0, 0, 5, 5, 8, 8, 8, 8, 8, 8, 5, 5, 5, 5, 5, 5, 4, 4, 4, 4, 8, 8, 8, 8, 8, 8, 4, 4, 0, 0, 8, 8, 0, 0, 4, 4, 8, 8, 8, 8, 8, 8, 4, 4, 4, 4, 5, 5]
[5, 5, 5, 5, 8, 8, 8, 8, 8, 8, 5, 5, 0, 0, 8, 8, 0, 0, 5, 5, 8, 8, 8, 8, 8, 8, 5, 5, 5, 5, 5, 5, 4, 4, 4, 4, 8, 8, 8, 8, 8, 8, 4, 4, 0, 0, 8, 8, 0, 0, 4, 4, 8, 8, 8, 8, 8, 8, 4, 4, 4, 4, 5, 5]
[5, 5, 5, 5, 8, 8, 8, 8, 8, 8, 5, 5, 2, 2, 2, 2, 0, 0, 5, 5, 8, 8, 8, 8, 8, 8, 5, 5, 5, 5, 5, 5, 4, 4, 4, 4, 8, 8, 8, 8, 8, 8, 4, 4, 0, 0, 2, 2, 2, 2, 4, 4, 8, 8, 8, 8, 8, 8, 4, 4, 4, 4, 5, 5]
[5, 5, 5, 5, 8, 8, 8, 8, 8, 8, 5, 5, 2, 2, 2, 2, 0, 0, 5, 5, 8, 8, 8, 8, 8, 8, 5, 5, 5, 5, 5, 5, 4, 4, 4, 4, 8, 8, 8, 8, 8, 8, 4, 4, 0, 0, 2, 2, 2, 2, 4, 4, 8, 8, 8, 8, 8, 8, 4, 4, 4, 4, 5, 5]
[5, 5, 5, 5, 5, 5, 5, 5, 5, 5, 5, 5, 5, 5, 5, 5, 5, 5, 5, 5, 5, 5, 5, 5, 5, 5, 5, 5, 5, 5, 5, 5, 4, 4, 4, 4, 4, 4, 4, 4, 4, 4, 4, 4, 4, 4, 4, 4, 4, 4, 4, 4, 4, 4, 4, 4, 4, 4, 4, 4, 4, 4, 5, 5]
[5, 5, 5, 5, 5, 5, 5, 5, 5, 5, 5, 5, 5, 5, 5, 5, 5, 5, 5, 5, 5, 5, 5, 5, 5, 5, 5, 5, 5, 5, 5, 5, 4, 4, 4, 4, 4, 4, 4, 4, 4, 4, 4, 4, 4, 4, 4, 4, 4, 4, 4, 4, 4, 4, 4, 4, 4, 4, 4, 4, 4, 4, 5, 5]
[5, 5, 5, 5, 9, 9, 9, 9, 9, 9, 5, 5, 9, 9, 9, 9, 9, 9, 5, 5, 8, 8, 8, 8, 8, 8, 5, 5, 5, 5, 5, 5, 4, 4, 4, 4, 8, 8, 8, 8, 8, 8, 4, 4, 9, 9, 9, 9, 9, 9, 4, 4, 9, 9, 9, 9, 9, 9, 4, 4, 4, 4, 5, 5]
[5, 5, 5, 5, 9, 9, 9, 9, 9, 9, 5, 5, 9, 9, 9, 9, 9, 9, 5, 5, 8, 8, 8, 8, 8, 8, 5, 5, 5, 5, 5, 5, 4, 4, 4, 4, 8, 8, 8, 8, 8, 8, 4, 4, 9, 9, 9, 9, 9, 9, 4, 4, 9, 9, 9, 9, 9, 9, 4, 4, 4, 4, 5, 5]
[5, 5, 5, 5, 9, 9, 9, 9, 9, 9, 5, 5, 9, 9, 9, 9, 9, 9, 5, 5, 8, 8, 8, 8, 8, 8, 5, 5, 5, 5, 5, 5, 4, 4, 4, 4, 8, 8, 8, 8, 8, 8, 4, 4, 9, 9, 9, 9, 9, 9, 4, 4, 9, 9, 9, 9, 9, 9, 4, 4, 4, 4, 5, 5]
[5, 5, 5, 5, 9, 9, 9, 9, 9, 9, 5, 5, 9, 9, 9, 9, 9, 9, 5, 5, 8, 8, 8, 8, 8, 8, 5, 5, 5, 5, 5, 5, 4, 4, 4, 4, 8, 8, 8, 8, 8, 8, 4, 4, 9, 9, 9, 9, 9, 9, 4, 4, 9, 9, 9, 9, 9, 9, 4, 4, 4, 4, 5, 5]
[5, 5, 5, 5, 9, 9, 9, 9, 9, 9, 5, 5, 9, 9, 9, 9, 9, 9, 5, 5, 8, 8, 8, 8, 8, 8, 5, 5, 5, 5, 5, 5, 2, 2, 4, 4, 8, 8, 8, 8, 8, 8, 4, 4, 9, 9, 9, 9, 9, 9, 4, 4, 9, 9, 9, 9, 9, 9, 4, 4, 2, 2, 5, 5]
[5, 5, 5, 5, 9, 9, 9, 9, 9, 9, 5, 5, 9, 9, 9, 9, 9, 9, 5, 5, 8, 8, 8, 8, 8, 8, 5, 5, 5, 5, 5, 5, 2, 2, 4, 4, 8, 8, 8, 8, 8, 8, 4, 4, 9, 9, 9, 9, 9, 9, 4, 4, 9, 9, 9, 9, 9, 9, 4, 4, 2, 2, 5, 5]
[5, 5, 5, 5, 5, 5, 5, 5, 5, 5, 5, 5, 5, 5, 5, 5, 5, 5, 5, 5, 5, 5, 5, 5, 5, 5, 5, 5, 5, 5, 5, 5, 2, 2, 4, 4, 4, 4, 4, 4, 4, 4, 4, 4, 4, 4, 4, 4, 4, 4, 4, 4, 4, 4, 4, 4, 4, 4, 4, 4, 2, 2, 5, 5]
[5, 5, 5, 5, 5, 5, 5, 5, 5, 5, 5, 5, 5, 5, 5, 5, 5, 5, 5, 5, 5, 5, 5, 5, 5, 5, 5, 5, 5, 5, 5, 5, 2, 2, 4, 4, 4, 4, 4, 4, 4, 4, 4, 4, 4, 4, 4, 4, 4, 4, 4, 4, 4, 4, 4, 4, 4, 4, 4, 4, 2, 2, 5, 5]
[5, 5, 5, 5, 5, 5, 5, 5, 5, 5, 5, 5, 5, 5, 5, 5, 5, 5, 5, 5, 5, 5, 5, 5, 5, 5, 5, 5, 5, 5, 5, 5, 2, 2, 2, 2, 2, 2, 4, 4, 4, 4, 4, 4, 4, 4, 4, 4, 4, 4, 4, 4, 4, 4, 4, 4, 2, 2, 2, 2, 2, 2, 5, 5]
[5, 5, 5, 5, 5, 5, 5, 5, 5, 5, 5, 5, 5, 5, 5, 5, 5, 5, 5, 5, 5, 5, 5, 5, 5, 5, 5, 5, 5, 5, 5, 5, 2, 2, 2, 2, 2, 2, 4, 4, 4, 4, 4, 4, 4, 4, 4, 4, 4, 4, 4, 4, 4, 4, 4, 4, 2, 2, 2, 2, 2, 2, 5, 5]
[5, 5, 5, 5, 5, 5, 5, 5, 5, 5, 5, 5, 5, 5, 5, 5, 5, 5, 5, 5, 5, 5, 5, 5, 5, 5, 5, 5, 5, 5, 5, 5, 5, 5, 5, 5, 5, 5, 5, 5, 5, 5, 5, 5, 5, 5, 5, 5, 5, 5, 5, 5, 5, 5, 5, 5, 5, 5, 5, 5, 5, 5, 5, 5]
[12, 12, 12, 12, 12, 12, 12, 12, 12, 12, 12, 12, 12, 12, 12, 12, 12, 12, 12, 12, 12, 12, 12, 12, 12, 12, 12, 12, 12, 12, 12, 12, 12, 12, 12, 12, 12, 12, 12, 12, 12, 12, 12, 12, 12, 12, 12, 12, 11, 11, 11, 11, 11, 11, 11, 11, 11, 11, 11, 11, 11, 11, 11, 11]
</grid_0>
",,0.0,False
9,ACTION6 x=48 y=54,manual,"State: NOT_FINISHED
Levels completed: 0/6
Action count: 9

========== Start of Direct Observation ==========
<grid_0>
[5, 5, 5, 5, 5, 5, 5, 5, 5, 5, 5, 5, 5, 5, 5, 5, 5, 5, 5, 5, 5, 5, 5, 5, 5, 5, 5, 5, 5, 5, 5, 5, 5, 5, 5, 5, 5, 5, 5, 5, 5, 5, 5, 5, 5, 5, 5, 5, 5, 5, 5, 5, 5, 5, 5, 5, 5, 5, 5, 5, 5, 5, 5, 5]
[5, 5, 5, 5, 5, 5, 5, 5, 5, 5, 5, 5, 5, 5, 5, 5, 5, 5, 5, 5, 5, 5, 5, 5, 5, 5, 5, 5, 5, 5, 5, 5, 5, 5, 5, 5, 5, 5, 5, 5, 5, 5, 5, 5, 5, 5, 5, 5, 5, 5, 5, 5, 5, 5, 5, 5, 5, 5, 5, 5, 5, 5, 5, 5]
[5, 5, 5, 5, 9, 9, 9, 9, 9, 9, 5, 5, 8, 8, 8, 8, 8, 8, 5, 5, 9, 9, 9, 9, 9, 9, 5, 5, 5, 5, 5, 5, 5, 5, 5, 5, 5, 5, 9, 9, 9, 9, 9, 9, 5, 5, 8, 8, 8, 8, 8, 8, 5, 5, 9, 9, 9, 9, 9, 9, 5, 5, 5, 5]
[5, 5, 5, 5, 9, 9, 9, 9, 9, 9, 5, 5, 8, 8, 8, 8, 8, 8, 5, 5, 9, 9, 9, 9, 9, 9, 5, 5, 5, 5, 5, 5, 5, 5, 5, 5, 5, 5, 9, 9, 9, 9, 9, 9, 5, 5, 8, 8, 8, 8, 8, 8, 5, 5, 9, 9, 9, 9, 9, 9, 5, 5, 5, 5]
[5, 5, 5, 5, 9, 9, 9, 9, 9, 9, 5, 5, 8, 8, 8, 8, 8, 8, 5, 5, 9, 9, 9, 9, 9, 9, 5, 5, 5, 5, 5, 5, 5, 5, 5, 5, 5, 5, 9, 9, 9, 9, 9, 9, 5, 5, 8, 8, 8, 8, 8, 8, 5, 5, 9, 9, 9, 9, 9, 9, 5, 5, 5, 5]
[5, 5, 5, 5, 9, 9, 9, 9, 9, 9, 5, 5, 8, 8, 8, 8, 8, 8, 5, 5, 9, 9, 9, 9, 9, 9, 5, 5, 5, 5, 5, 5, 5, 5, 5, 5, 5, 5, 9, 9, 9, 9, 9, 9, 5, 5, 8, 8, 8, 8, 8, 8, 5, 5, 9, 9, 9, 9, 9, 9, 5, 5, 5, 5]
[5, 5, 5, 5, 9, 9, 9, 9, 9, 9, 5, 5, 8, 8, 8, 8, 8, 8, 5, 5, 9, 9, 9, 9, 9, 9, 5, 5, 5, 5, 5, 5, 5, 5, 5, 5, 5, 5, 9, 9, 9, 9, 9, 9, 5, 5, 8, 8, 8, 8, 8, 8, 5, 5, 9, 9, 9, 9, 9, 9, 5, 5, 5, 5]
[5, 5, 5, 5, 9, 9, 9, 9, 9, 9, 5, 5, 8, 8, 8, 8, 8, 8, 5, 5, 9, 9, 9, 9, 9, 9, 5, 5, 5, 5, 5, 5, 5, 5, 5, 5, 5, 5, 9, 9, 9, 9, 9, 9, 5, 5, 8, 8, 8, 8, 8, 8, 5, 5, 9, 9, 9, 9, 9, 9, 5, 5, 5, 5]
[5, 5, 5, 5, 5, 5, 5, 5, 5, 5, 5, 5, 5, 5, 5, 5, 5, 5, 5, 5, 5, 5, 5, 5, 5, 5, 5, 5, 5, 5, 5, 5, 5, 5, 5, 5, 5, 5, 5, 5, 5, 5, 5, 5, 5, 5, 5, 5, 5, 5, 5, 5, 5, 5, 5, 5, 5, 5, 5, 5, 5, 5, 5, 5]
[5, 5, 5, 5, 5, 5, 5, 5, 5, 5, 5, 5, 5, 5, 5, 5, 5, 5, 5, 5, 5, 5, 5, 5, 5, 5, 5, 5, 5, 5, 5, 5, 5, 5, 5, 5, 5, 5, 5, 5, 5, 5, 5, 5, 5, 5, 5, 5, 5, 5, 5, 5, 5, 5, 5, 5, 5, 5, 5, 5, 5, 5, 5, 5]
[5, 5, 5, 5, 8, 8, 8, 8, 8, 8, 5, 5, 2, 2, 0, 0, 2, 2, 5, 5, 9, 9, 9, 9, 9, 9, 5, 5, 5, 5, 5, 5, 5, 5, 5, 5, 5, 5, 8, 8, 8, 8, 8, 8, 5, 5, 2, 2, 0, 0, 2, 2, 5, 5, 8, 8, 8, 8, 8, 8, 5, 5, 5, 5]
[5, 5, 5, 5, 8, 8, 8, 8, 8, 8, 5, 5, 2, 2, 0, 0, 2, 2, 5, 5, 9, 9, 9, 9, 9, 9, 5, 5, 5, 5, 5, 5, 5, 5, 5, 5, 5, 5, 8, 8, 8, 8, 8, 8, 5, 5, 2, 2, 0, 0, 2, 2, 5, 5, 8, 8, 8, 8, 8, 8, 5, 5, 5, 5]
[5, 5, 5, 5, 8, 8, 8, 8, 8, 8, 5, 5, 0, 0, 8, 8, 2, 2, 5, 5, 9, 9, 9, 9, 9, 9, 5, 5, 5, 5, 5, 5, 5, 5, 5, 5, 5, 5, 8, 8, 8, 8, 8, 8, 5, 5, 0, 0, 8, 8, 0, 0, 5, 5, 8, 8, 8, 8, 8, 8, 5, 5, 5, 5]
[5, 5, 5, 5, 8, 8, 8, 8, 8, 8, 5, 5, 0, 0, 8, 8, 2, 2, 5, 5, 9, 9, 9, 9, 9, 9, 5, 5, 5, 5, 5, 5, 5, 5, 5, 5, 5, 5, 8, 8, 8, 8, 8, 8, 5, 5, 0, 0, 8, 8, 0, 0, 5, 5, 8, 8, 8, 8, 8, 8, 5, 5, 5, 5]
[5, 5, 5, 5, 8, 8, 8, 8, 8, 8, 5, 5, 2, 2, 0, 0, 0, 0, 5, 5, 9, 9, 9, 9, 9, 9, 5, 5, 5, 5, 5, 5, 5, 5, 5, 5, 5, 5, 8, 8, 8, 8, 8, 8, 5, 5, 2, 2, 0, 0, 2, 2, 5, 5, 8, 8, 8, 8, 8, 8, 5, 5, 5, 5]
[5, 5, 5, 5, 8, 8, 8, 8, 8, 8, 5, 5, 2, 2, 0, 0, 0, 0, 5, 5, 9, 9, 9, 9, 9, 9, 5, 5, 5, 5, 5, 5, 5, 5, 5, 5, 5, 5, 8, 8, 8, 8, 8, 8, 5, 5, 2, 2, 0, 0, 2, 2, 5, 5, 8, 8, 8, 8, 8, 8, 5, 5, 5, 5]
[5, 5, 5, 5, 5, 5, 5, 5, 5, 5, 5, 5, 5, 5, 5, 5, 5, 5, 5, 5, 5, 5, 5, 5, 5, 5, 5, 5, 5, 5, 5, 5, 5, 5, 5, 5, 5, 5, 5, 5, 5, 5, 5, 5, 5, 5, 5, 5, 5, 5, 5, 5, 5, 5, 5, 5, 5, 5, 5, 5, 5, 5, 5, 5]
[5, 5, 5, 5, 5, 5, 5, 5, 5, 5, 5, 5, 5, 5, 5, 5, 5, 5, 5, 5, 5, 5, 5, 5, 5, 5, 5, 5, 5, 5, 5, 5, 5, 5, 5, 5, 5, 5, 5, 5, 5, 5, 5, 5, 5, 5, 5, 5, 5, 5, 5, 5, 5, 5, 5, 5, 5, 5, 5, 5, 5, 5, 5, 5]
[5, 5, 5, 5, 9, 9, 9, 9, 9, 9, 5, 5, 8, 8, 8, 8, 8, 8, 5, 5, 8, 8, 8, 8, 8, 8, 5, 5, 5, 5, 5, 5, 5, 5, 5, 5, 5, 5, 9, 9, 9, 9, 9, 9, 5, 5, 8, 8, 8, 8, 8, 8, 5, 5, 9, 9, 9, 9, 9, 9, 5, 5, 5, 5]
[5, 5, 5, 5, 9, 9, 9, 9, 9, 9, 5, 5, 8, 8, 8, 8, 8, 8, 5, 5, 8, 8, 8, 8, 8, 8, 5, 5, 5, 5, 5, 5, 5, 5, 5, 5, 5, 5, 9, 9, 9, 9, 9, 9, 5, 5, 8, 8, 8, 8, 8, 8, 5, 5, 9, 9, 9, 9, 9, 9, 5, 5, 5, 5]
[5, 5, 5, 5, 9, 9, 9, 9, 9, 9, 5, 5, 8, 8, 8, 8, 8, 8, 5, 5, 8, 8, 8, 8, 8, 8, 5, 5, 5, 5, 5, 5, 5, 5, 5, 5, 5, 5, 9, 9, 9, 9, 9, 9, 5, 5, 8, 8, 8, 8, 8, 8, 5, 5, 9, 9, 9, 9, 9, 9, 5, 5, 5, 5]
[5, 5, 5, 5, 9, 9, 9, 9, 9, 9, 5, 5, 8, 8, 8, 8, 8, 8, 5, 5, 8, 8, 8, 8, 8, 8, 5, 5, 5, 5, 5, 5, 5, 5, 5, 5, 5, 5, 9, 9, 9, 9, 9, 9, 5, 5, 8, 8, 8, 8, 8, 8, 5, 5, 9, 9, 9, 9, 9, 9, 5, 5, 5, 5]
[5, 5, 5, 5, 9, 9, 9, 9, 9, 9, 5, 5, 8, 8, 8, 8, 8, 8, 5, 5, 8, 8, 8, 8, 8, 8, 5, 5, 5, 5, 5, 5, 5, 5, 5, 5, 5, 5, 9, 9, 9, 9, 9, 9, 5, 5, 8, 8, 8, 8, 8, 8, 5, 5, 9, 9, 9, 9, 9, 9, 5, 5, 5, 5]
[5, 5, 5, 5, 9, 9, 9, 9, 9, 9, 5, 5, 8, 8, 8, 8, 8, 8, 5, 5, 8, 8, 8, 8, 8, 8, 5, 5, 5, 5, 5, 5, 5, 5, 5, 5, 5, 5, 9, 9, 9, 9, 9, 9, 5, 5, 8, 8, 8, 8, 8, 8, 5, 5, 9, 9, 9, 9, 9, 9, 5, 5, 5, 5]
[5, 5, 5, 5, 5, 5, 5, 5, 5, 5, 5, 5, 5, 5, 5, 5, 5, 5, 5, 5, 5, 5, 5, 5, 5, 5, 5, 5, 5, 5, 5, 5, 5, 5, 5, 5, 5, 5, 5, 5, 5, 5, 5, 5, 5, 5, 5, 5, 5, 5, 5, 5, 5, 5, 5, 5, 5, 5, 5, 5, 5, 5, 5, 5]
[5, 5, 5, 5, 5, 5, 5, 5, 5, 5, 5, 5, 5, 5, 5, 5, 5, 5, 5, 5, 5, 5, 5, 5, 5, 5, 5, 5, 5, 5, 5, 5, 5, 5, 5, 5, 5, 5, 5, 5, 5, 5, 5, 5, 5, 5, 5, 5, 5, 5, 5, 5, 5, 5, 5, 5, 5, 5, 5, 5, 5, 5, 5, 5]
[5, 5, 5, 5, 5, 5, 5, 5, 5, 5, 5, 5, 5, 5, 5, 5, 5, 5, 5, 5, 5, 5, 5, 5, 5, 5, 5, 5, 5, 5, 5, 5, 5, 5, 5, 5, 5, 5, 5, 5, 5, 5, 5, 5, 5, 5, 5, 5, 5, 5, 5, 5, 5, 5, 5, 5, 5, 5, 5, 5, 5, 5, 5, 5]
[5, 5, 5, 5, 5, 5, 5, 5, 5, 5, 5, 5, 5, 5, 5, 5, 5, 5, 5, 5, 5, 5, 5, 5, 5, 5, 5, 5, 5, 5, 5, 5, 5, 5, 5, 5, 5, 5, 5, 5, 5, 5, 5, 5, 5, 5, 5, 5, 5, 5, 5, 5, 5, 5, 5, 5, 5, 5, 5, 5, 5, 5, 5, 5]
[5, 5, 5, 5, 5, 5, 5, 5, 5, 5, 5, 5, 5, 5, 5, 5, 5, 5, 5, 5, 5, 5, 5, 5, 5, 5, 5, 5, 5, 5, 5, 5, 5, 5, 5, 5, 5, 5, 5, 5, 5, 5, 5, 5, 5, 5, 5, 5, 5, 5, 5, 5, 5, 5, 5, 5, 5, 5, 5, 5, 5, 5, 5, 5]
[5, 5, 5, 5, 5, 5, 5, 5, 5, 5, 5, 5, 5, 5, 5, 5, 5, 5, 5, 5, 5, 5, 5, 5, 5, 5, 5, 5, 5, 5, 5, 5, 5, 5, 5, 5, 5, 5, 5, 5, 5, 5, 5, 5, 5, 5, 5, 5, 5, 5, 5, 5, 5, 5, 5, 5, 5, 5, 5, 5, 5, 5, 5, 5]
[5, 5, 5, 5, 5, 5, 5, 5, 5, 5, 5, 5, 5, 5, 5, 5, 5, 5, 5, 5, 5, 5, 5, 5, 5, 5, 5, 5, 5, 5, 5, 5, 5, 5, 5, 5, 5, 5, 5, 5, 5, 5, 5, 5, 5, 5, 5, 5, 5, 5, 5, 5, 5, 5, 5, 5, 5, 5, 5, 5, 5, 5, 5, 5]
[5, 5, 5, 5, 5, 5, 5, 5, 5, 5, 5, 5, 5, 5, 5, 5, 5, 5, 5, 5, 5, 5, 5, 5, 5, 5, 5, 5, 5, 5, 5, 5, 5, 5, 5, 5, 5, 5, 5, 5, 5, 5, 5, 5, 5, 5, 5, 5, 5, 5, 5, 5, 5, 5, 5, 5, 5, 5, 5, 5, 5, 5, 5, 5]
[5, 5, 5, 5, 5, 5, 5, 5, 5, 5, 5, 5, 5, 5, 5, 5, 5, 5, 5, 5, 5, 5, 5, 5, 5, 5, 5, 5, 5, 5, 5, 5, 2, 2, 2, 2, 2, 2, 4, 4, 4, 4, 4, 4, 4, 4, 4, 4, 4, 4, 4, 4, 4, 4, 4, 4, 2, 2, 2, 2, 2, 2, 5, 5]
[5, 5, 5, 5, 5, 5, 5, 5, 5, 5, 5, 5, 5, 5, 5, 5, 5, 5, 5, 5, 5, 5, 5, 5, 5, 5, 5, 5, 5, 5, 5, 5, 2, 2, 2, 2, 2, 2, 4, 4, 4, 4, 4, 4, 4, 4, 4, 4, 4, 4, 4, 4, 4, 4, 4, 4, 2, 2, 2, 2, 2, 2, 5, 5]
[5, 5, 5, 5, 5, 5, 5, 5, 5, 5, 5, 5, 5, 5, 5, 5, 5, 5, 5, 5, 5, 5, 5, 5, 5, 5, 5, 5, 5, 5, 5, 5, 2, 2, 4, 4, 4, 4, 4, 4, 4, 4, 4, 4, 4, 4, 4, 4, 4, 4, 4, 4, 4, 4, 4, 4, 4, 4, 4, 4, 2, 2, 5, 5]
[5, 5, 5, 5, 5, 5, 5, 5, 5, 5, 5, 5, 5, 5, 5, 5, 5, 5, 5, 5, 5, 5, 5, 5, 5, 5, 5, 5, 5, 5, 5, 5, 2, 2, 4, 4, 4, 4, 4, 4, 4, 4, 4, 4, 4, 4, 4, 4, 4, 4, 4, 4, 4, 4, 4, 4, 4, 4, 4, 4, 2, 2, 5, 5]
[5, 5, 5, 5, 8, 8, 8, 8, 8, 8, 5, 5, 9, 9, 9, 9, 9, 9, 5, 5, 9, 9, 9, 9, 9, 9, 5, 5, 5, 5, 5, 5, 2, 2, 4, 4, 9, 9, 9, 9, 9, 9, 4, 4, 8, 8, 8, 8, 8, 8, 4, 4, 9, 9, 9, 9, 9, 9, 4, 4, 2, 2, 5, 5]
[5, 5, 5, 5, 8, 8, 8, 8, 8, 8, 5, 5, 9, 9, 9, 9, 9, 9, 5, 5, 9, 9, 9, 9, 9, 9, 5, 5, 5, 5, 5, 5, 2, 2, 4, 4, 9, 9, 9, 9, 9, 9, 4, 4, 8, 8, 8, 8, 8, 8, 4, 4, 9, 9, 9, 9, 9, 9, 4, 4, 2, 2, 5, 5]
[5, 5, 5, 5, 8, 8, 8, 8, 8, 8, 5, 5, 9, 9, 9, 9, 9, 9, 5, 5, 9, 9, 9, 9, 9, 9, 5, 5, 5, 5, 5, 5, 4, 4, 4, 4, 9, 9, 9, 9, 9, 9, 4, 4, 8, 8, 8, 8, 8, 8, 4, 4, 9, 9, 9, 9, 9, 9, 4, 4, 4, 4, 5, 5]
[5, 5, 5, 5, 8, 8, 8, 8, 8, 8, 5, 5, 9, 9, 9, 9, 9, 9, 5, 5, 9, 9, 9, 9, 9, 9, 5, 5, 5, 5, 5, 5, 4, 4, 4, 4, 9, 9, 9, 9, 9, 9, 4, 4, 8, 8, 8, 8, 8, 8, 4, 4, 9, 9, 9, 9, 9, 9, 4, 4, 4, 4, 5, 5]
[5, 5, 5, 5, 8, 8, 8, 8, 8, 8, 5, 5, 9, 9, 9, 9, 9, 9, 5, 5, 9, 9, 9, 9, 9, 9, 5, 5, 5, 5, 5, 5, 4, 4, 4, 4, 9, 9, 9, 9, 9, 9, 4, 4, 8, 8, 8, 8, 8, 8, 4, 4, 9, 9, 9, 9, 9, 9, 4, 4, 4, 4, 5, 5]
[5, 5, 5, 5, 8, 8, 8, 8, 8, 8, 5, 5, 9, 9, 9, 9, 9, 9, 5, 5, 9, 9, 9, 9, 9, 9, 5, 5, 5, 5, 5, 5, 4, 4, 4, 4, 9, 9, 9, 9, 9, 9, 4, 4, 8, 8, 8, 8, 8, 8, 4, 4, 9, 9, 9, 9, 9, 9, 4, 4, 4, 4, 5, 5]
[5, 5, 5, 5, 5, 5, 5, 5, 5, 5, 5, 5, 5, 5, 5, 5, 5, 5, 5, 5, 5, 5, 5, 5, 5, 5, 5, 5, 5, 5, 5, 5, 4, 4, 4, 4, 4, 4, 4, 4, 4, 4, 4, 4, 4, 4, 4, 4, 4, 4, 4, 4, 4, 4, 4, 4, 4, 4, 4, 4, 4, 4, 5, 5]
[5, 5, 5, 5, 5, 5, 5, 5, 5, 5, 5, 5, 5, 5, 5, 5, 5, 5, 5, 5, 5, 5, 5, 5, 5, 5, 5, 5, 5, 5, 5, 5, 4, 4, 4, 4, 4, 4, 4, 4, 4, 4, 4, 4, 4, 4, 4, 4, 4, 4, 4, 4, 4, 4, 4, 4, 4, 4, 4, 4, 4, 4, 5, 5]
[5, 5, 5, 5, 8, 8, 8, 8, 8, 8, 5, 5, 0, 0, 2, 2, 2, 2, 5, 5, 8, 8, 8, 8, 8, 8, 5, 5, 5, 5, 5, 5, 4, 4, 4, 4, 8, 8, 8, 8, 8, 8, 4, 4, 0, 0, 2, 2, 2, 2, 4, 4, 8, 8, 8, 8, 8, 8, 4, 4, 4, 4, 5, 5]
[5, 5, 5, 5, 8, 8, 8, 8, 8, 8, 5, 5, 0, 0, 2, 2, 2, 2, 5, 5, 8, 8, 8, 8, 8, 8, 5, 5, 5, 5, 5, 5, 4, 4, 4, 4, 8, 8, 8, 8, 8, 8, 4, 4, 0, 0, 2, 2, 2, 2, 4, 4, 8, 8, 8, 8, 8, 8, 4, 4, 4, 4, 5, 5]
[5, 5, 5, 5, 8, 8, 8, 8, 8, 8, 5, 5, 0, 0, 8, 8, 0, 0, 5, 5, 8, 8, 8, 8, 8, 8, 5, 5, 5, 5, 5, 5, 4, 4, 4, 4, 8, 8, 8, 8, 8, 8, 4, 4, 0, 0, 8, 8, 0, 0, 4, 4, 8, 8, 8, 8, 8, 8, 4, 4, 4, 4, 5, 5]
[5, 5, 5, 5, 8, 8, 8, 8, 8, 8, 5, 5, 0, 0, 8, 8, 0, 0, 5, 5, 8, 8, 8, 8, 8, 8, 5, 5, 5, 5, 5, 5, 4, 4, 4, 4, 8, 8, 8, 8, 8, 8, 4, 4, 0, 0, 8, 8, 0, 0, 4, 4, 8, 8, 8, 8, 8, 8, 4, 4, 4, 4, 5, 5]
[5, 5, 5, 5, 8, 8, 8, 8, 8, 8, 5, 5, 2, 2, 2, 2, 0, 0, 5, 5, 8, 8, 8, 8, 8, 8, 5, 5, 5, 5, 5, 5, 4, 4, 4, 4, 8, 8, 8, 8, 8, 8, 4, 4, 0, 0, 2, 2, 2, 2, 4, 4, 8, 8, 8, 8, 8, 8, 4, 4, 4, 4, 5, 5]
[5, 5, 5, 5, 8, 8, 8, 8, 8, 8, 5, 5, 2, 2, 2, 2, 0, 0, 5, 5, 8, 8, 8, 8, 8, 8, 5, 5, 5, 5, 5, 5, 4, 4, 4, 4, 8, 8, 8, 8, 8, 8, 4, 4, 0, 0, 2, 2, 2, 2, 4, 4, 8, 8, 8, 8, 8, 8, 4, 4, 4, 4, 5, 5]
[5, 5, 5, 5, 5, 5, 5, 5, 5, 5, 5, 5, 5, 5, 5, 5, 5, 5, 5, 5, 5, 5, 5, 5, 5, 5, 5, 5, 5, 5, 5, 5, 4, 4, 4, 4, 4, 4, 4, 4, 4, 4, 4, 4, 4, 4, 4, 4, 4, 4, 4, 4, 4, 4, 4, 4, 4, 4, 4, 4, 4, 4, 5, 5]
[5, 5, 5, 5, 5, 5, 5, 5, 5, 5, 5, 5, 5, 5, 5, 5, 5, 5, 5, 5, 5, 5, 5, 5, 5, 5, 5, 5, 5, 5, 5, 5, 4, 4, 4, 4, 4, 4, 4, 4, 4, 4, 4, 4, 4, 4, 4, 4, 4, 4, 4, 4, 4, 4, 4, 4, 4, 4, 4, 4, 4, 4, 5, 5]
[5, 5, 5, 5, 9, 9, 9, 9, 9, 9, 5, 5, 9, 9, 9, 9, 9, 9, 5, 5, 8, 8, 8, 8, 8, 8, 5, 5, 5, 5, 5, 5, 4, 4, 4, 4, 8, 8, 8, 8, 8, 8, 4, 4, 8, 8, 8, 8, 8, 8, 4, 4, 9, 9, 9, 9, 9, 9, 4, 4, 4, 4, 5, 5]
[5, 5, 5, 5, 9, 9, 9, 9, 9, 9, 5, 5, 9, 9, 9, 9, 9, 9, 5, 5, 8, 8, 8, 8, 8, 8, 5, 5, 5, 5, 5, 5, 4, 4, 4, 4, 8, 8, 8, 8, 8, 8, 4, 4, 8, 8, 8, 8, 8, 8, 4, 4, 9, 9, 9, 9, 9, 9, 4, 4, 4, 4, 5, 5]
[5, 5, 5, 5, 9, 9, 9, 9, 9, 9, 5, 5, 9, 9, 9, 9, 9, 9, 5, 5, 8, 8, 8, 8, 8, 8, 5, 5, 5, 5, 5, 5, 4, 4, 4, 4, 8, 8, 8, 8, 8, 8, 4, 4, 8, 8, 8, 8, 8, 8, 4, 4, 9, 9, 9, 9, 9, 9, 4, 4, 4, 4, 5, 5]
[5, 5, 5, 5, 9, 9, 9, 9, 9, 9, 5, 5, 9, 9, 9, 9, 9, 9, 5, 5, 8, 8, 8, 8, 8, 8, 5, 5, 5, 5, 5, 5, 4, 4, 4, 4, 8, 8, 8, 8, 8, 8, 4, 4, 8, 8, 8, 8, 8, 8, 4, 4, 9, 9, 9, 9, 9, 9, 4, 4, 4, 4, 5, 5]
[5, 5, 5, 5, 9, 9, 9, 9, 9, 9, 5, 5, 9, 9, 9, 9, 9, 9, 5, 5, 8, 8, 8, 8, 8, 8, 5, 5, 5, 5, 5, 5, 2, 2, 4, 4, 8, 8, 8, 8, 8, 8, 4, 4, 8, 8, 8, 8, 8, 8, 4, 4, 9, 9, 9, 9, 9, 9, 4, 4, 2, 2, 5, 5]
[5, 5, 5, 5, 9, 9, 9, 9, 9, 9, 5, 5, 9, 9, 9, 9, 9, 9, 5, 5, 8, 8, 8, 8, 8, 8, 5, 5, 5, 5, 5, 5, 2, 2, 4, 4, 8, 8, 8, 8, 8, 8, 4, 4, 8, 8, 8, 8, 8, 8, 4, 4, 9, 9, 9, 9, 9, 9, 4, 4, 2, 2, 5, 5]
[5, 5, 5, 5, 5, 5, 5, 5, 5, 5, 5, 5, 5, 5, 5, 5, 5, 5, 5, 5, 5, 5, 5, 5, 5, 5, 5, 5, 5, 5, 5, 5, 2, 2, 4, 4, 4, 4, 4, 4, 4, 4, 4, 4, 4, 4, 4, 4, 4, 4, 4, 4, 4, 4, 4, 4, 4, 4, 4, 4, 2, 2, 5, 5]
[5, 5, 5, 5, 5, 5, 5, 5, 5, 5, 5, 5, 5, 5, 5, 5, 5, 5, 5, 5, 5, 5, 5, 5, 5, 5, 5, 5, 5, 5, 5, 5, 2, 2, 4, 4, 4, 4, 4, 4, 4, 4, 4, 4, 4, 4, 4, 4, 4, 4, 4, 4, 4, 4, 4, 4, 4, 4, 4, 4, 2, 2, 5, 5]
[5, 5, 5, 5, 5, 5, 5, 5, 5, 5, 5, 5, 5, 5, 5, 5, 5, 5, 5, 5, 5, 5, 5, 5, 5, 5, 5, 5, 5, 5, 5, 5, 2, 2, 2, 2, 2, 2, 4, 4, 4, 4, 4, 4, 4, 4, 4, 4, 4, 4, 4, 4, 4, 4, 4, 4, 2, 2, 2, 2, 2, 2, 5, 5]
[5, 5, 5, 5, 5, 5, 5, 5, 5, 5, 5, 5, 5, 5, 5, 5, 5, 5, 5, 5, 5, 5, 5, 5, 5, 5, 5, 5, 5, 5, 5, 5, 2, 2, 2, 2, 2, 2, 4, 4, 4, 4, 4, 4, 4, 4, 4, 4, 4, 4, 4, 4, 4, 4, 4, 4, 2, 2, 2, 2, 2, 2, 5, 5]
[5, 5, 5, 5, 5, 5, 5, 5, 5, 5, 5, 5, 5, 5, 5, 5, 5, 5, 5, 5, 5, 5, 5, 5, 5, 5, 5, 5, 5, 5, 5, 5, 5, 5, 5, 5, 5, 5, 5, 5, 5, 5, 5, 5, 5, 5, 5, 5, 5, 5, 5, 5, 5, 5, 5, 5, 5, 5, 5, 5, 5, 5, 5, 5]
[12, 12, 12, 12, 12, 12, 12, 12, 12, 12, 12, 12, 12, 12, 12, 12, 12, 12, 12, 12, 12, 12, 12, 12, 12, 12, 12, 12, 12, 12, 12, 12, 12, 12, 12, 12, 12, 12, 12, 12, 12, 12, 12, 12, 12, 12, 11, 11, 11, 11, 11, 11, 11, 11, 11, 11, 11, 11, 11, 11, 11, 11, 11, 11]
</grid_0>
",,0.0,False
10,ACTION6 x=56 y=54,manual,"State: NOT_FINISHED
Levels completed: 0/6
Action count: 10

========== Start of Direct Observation ==========
<grid_0>
[5, 5, 5, 5, 5, 5, 5, 5, 5, 5, 5, 5, 5, 5, 5, 5, 5, 5, 5, 5, 5, 5, 5, 5, 5, 5, 5, 5, 5, 5, 5, 5, 5, 5, 5, 5, 5, 5, 5, 5, 5, 5, 5, 5, 5, 5, 5, 5, 5, 5, 5, 5, 5, 5, 5, 5, 5, 5, 5, 5, 5, 5, 5, 5]
[5, 5, 5, 5, 5, 5, 5, 5, 5, 5, 5, 5, 5, 5, 5, 5, 5, 5, 5, 5, 5, 5, 5, 5, 5, 5, 5, 5, 5, 5, 5, 5, 5, 5, 5, 5, 5, 5, 5, 5, 5, 5, 5, 5, 5, 5, 5, 5, 5, 5, 5, 5, 5, 5, 5, 5, 5, 5, 5, 5, 5, 5, 5, 5]
[5, 5, 5, 5, 9, 9, 9, 9, 9, 9, 5, 5, 8, 8, 8, 8, 8, 8, 5, 5, 9, 9, 9, 9, 9, 9, 5, 5, 5, 5, 5, 5, 5, 5, 5, 5, 5, 5, 9, 9, 9, 9, 9, 9, 5, 5, 8, 8, 8, 8, 8, 8, 5, 5, 9, 9, 9, 9, 9, 9, 5, 5, 5, 5]
[5, 5, 5, 5, 9, 9, 9, 9, 9, 9, 5, 5, 8, 8, 8, 8, 8, 8, 5, 5, 9, 9, 9, 9, 9, 9, 5, 5, 5, 5, 5, 5, 5, 5, 5, 5, 5, 5, 9, 9, 9, 9, 9, 9, 5, 5, 8, 8, 8, 8, 8, 8, 5, 5, 9, 9, 9, 9, 9, 9, 5, 5, 5, 5]
[5, 5, 5, 5, 9, 9, 9, 9, 9, 9, 5, 5, 8, 8, 8, 8, 8, 8, 5, 5, 9, 9, 9, 9, 9, 9, 5, 5, 5, 5, 5, 5, 5, 5, 5, 5, 5, 5, 9, 9, 9, 9, 9, 9, 5, 5, 8, 8, 8, 8, 8, 8, 5, 5, 9, 9, 9, 9, 9, 9, 5, 5, 5, 5]
[5, 5, 5, 5, 9, 9, 9, 9, 9, 9, 5, 5, 8, 8, 8, 8, 8, 8, 5, 5, 9, 9, 9, 9, 9, 9, 5, 5, 5, 5, 5, 5, 5, 5, 5, 5, 5, 5, 9, 9, 9, 9, 9, 9, 5, 5, 8, 8, 8, 8, 8, 8, 5, 5, 9, 9, 9, 9, 9, 9, 5, 5, 5, 5]
[5, 5, 5, 5, 9, 9, 9, 9, 9, 9, 5, 5, 8, 8, 8, 8, 8, 8, 5, 5, 9, 9, 9, 9, 9, 9, 5, 5, 5, 5, 5, 5, 5, 5, 5, 5, 5, 5, 9, 9, 9, 9, 9, 9, 5, 5, 8, 8, 8, 8, 8, 8, 5, 5, 9, 9, 9, 9, 9, 9, 5, 5, 5, 5]
[5, 5, 5, 5, 9, 9, 9, 9, 9, 9, 5, 5, 8, 8, 8, 8, 8, 8, 5, 5, 9, 9, 9, 9, 9, 9, 5, 5, 5, 5, 5, 5, 5, 5, 5, 5, 5, 5, 9, 9, 9, 9, 9, 9, 5, 5, 8, 8, 8, 8, 8, 8, 5, 5, 9, 9, 9, 9, 9, 9, 5, 5, 5, 5]
[5, 5, 5, 5, 5, 5, 5, 5, 5, 5, 5, 5, 5, 5, 5, 5, 5, 5, 5, 5, 5, 5, 5, 5, 5, 5, 5, 5, 5, 5, 5, 5, 5, 5, 5, 5, 5, 5, 5, 5, 5, 5, 5, 5, 5, 5, 5, 5, 5, 5, 5, 5, 5, 5, 5, 5, 5, 5, 5, 5, 5, 5, 5, 5]
[5, 5, 5, 5, 5, 5, 5, 5, 5, 5, 5, 5, 5, 5, 5, 5, 5, 5, 5, 5, 5, 5, 5, 5, 5, 5, 5, 5, 5, 5, 5, 5, 5, 5, 5, 5, 5, 5, 5, 5, 5, 5, 5, 5, 5, 5, 5, 5, 5, 5, 5, 5, 5, 5, 5, 5, 5, 5, 5, 5, 5, 5, 5, 5]
[5, 5, 5, 5, 8, 8, 8, 8, 8, 8, 5, 5, 2, 2, 0, 0, 2, 2, 5, 5, 9, 9, 9, 9, 9, 9, 5, 5, 5, 5, 5, 5, 5, 5, 5, 5, 5, 5, 8, 8, 8, 8, 8, 8, 5, 5, 2, 2, 0, 0, 2, 2, 5, 5, 8, 8, 8, 8, 8, 8, 5, 5, 5, 5]
[5, 5, 5, 5, 8, 8, 8, 8, 8, 8, 5, 5, 2, 2, 0, 0, 2, 2, 5, 5, 9, 9, 9, 9, 9, 9, 5, 5, 5, 5, 5, 5, 5, 5, 5, 5, 5, 5, 8, 8, 8, 8, 8, 8, 5, 5, 2, 2, 0, 0, 2, 2, 5, 5, 8, 8, 8, 8, 8, 8, 5, 5, 5, 5]
[5, 5, 5, 5, 8, 8, 8, 8, 8, 8, 5, 5, 0, 0, 8, 8, 2, 2, 5, 5, 9, 9, 9, 9, 9, 9, 5, 5, 5, 5, 5, 5, 5, 5, 5, 5, 5, 5, 8, 8, 8, 8, 8, 8, 5, 5, 0, 0, 8, 8, 0, 0, 5, 5, 8, 8, 8, 8, 8, 8, 5, 5, 5, 5]
[5, 5, 5, 5, 8, 8, 8, 8, 8, 8, 5, 5, 0, 0, 8, 8, 2, 2, 5, 5, 9, 9, 9, 9, 9, 9, 5, 5, 5, 5, 5, 5, 5, 5, 5, 5, 5, 5, 8, 8, 8, 8, 8, 8, 5, 5, 0, 0, 8, 8, 0, 0, 5, 5, 8, 8, 8, 8, 8, 8, 5, 5, 5, 5]
[5, 5, 5, 5, 8, 8, 8, 8, 8, 8, 5, 5, 2, 2, 0, 0, 0, 0, 5, 5, 9, 9, 9, 9, 9, 9, 5, 5, 5, 5, 5, 5, 5, 5, 5, 5, 5, 5, 8, 8, 8, 8, 8, 8, 5, 5, 2, 2, 0, 0, 2, 2, 5, 5, 8, 8, 8, 8, 8, 8, 5, 5, 5, 5]
[5, 5, 5, 5, 8, 8, 8, 8, 8, 8, 5, 5, 2, 2, 0, 0, 0, 0, 5, 5, 9, 9, 9, 9, 9, 9, 5, 5, 5, 5, 5, 5, 5, 5, 5, 5, 5, 5, 8, 8, 8, 8, 8, 8, 5, 5, 2, 2, 0, 0, 2, 2, 5, 5, 8, 8, 8, 8, 8, 8, 5, 5, 5, 5]
[5, 5, 5, 5, 5, 5, 5, 5, 5, 5, 5, 5, 5, 5, 5, 5, 5, 5, 5, 5, 5, 5, 5, 5, 5, 5, 5, 5, 5, 5, 5, 5, 5, 5, 5, 5, 5, 5, 5, 5, 5, 5, 5, 5, 5, 5, 5, 5, 5, 5, 5, 5, 5, 5, 5, 5, 5, 5, 5, 5, 5, 5, 5, 5]
[5, 5, 5, 5, 5, 5, 5, 5, 5, 5, 5, 5, 5, 5, 5, 5, 5, 5, 5, 5, 5, 5, 5, 5, 5, 5, 5, 5, 5, 5, 5, 5, 5, 5, 5, 5, 5, 5, 5, 5, 5, 5, 5, 5, 5, 5, 5, 5, 5, 5, 5, 5, 5, 5, 5, 5, 5, 5, 5, 5, 5, 5, 5, 5]
[5, 5, 5, 5, 9, 9, 9, 9, 9, 9, 5, 5, 8, 8, 8, 8, 8, 8, 5, 5, 8, 8, 8, 8, 8, 8, 5, 5, 5, 5, 5, 5, 5, 5, 5, 5, 5, 5, 9, 9, 9, 9, 9, 9, 5, 5, 8, 8, 8, 8, 8, 8, 5, 5, 9, 9, 9, 9, 9, 9, 5, 5, 5, 5]
[5, 5, 5, 5, 9, 9, 9, 9, 9, 9, 5, 5, 8, 8, 8, 8, 8, 8, 5, 5, 8, 8, 8, 8, 8, 8, 5, 5, 5, 5, 5, 5, 5, 5, 5, 5, 5, 5, 9, 9, 9, 9, 9, 9, 5, 5, 8, 8, 8, 8, 8, 8, 5, 5, 9, 9, 9, 9, 9, 9, 5, 5, 5, 5]
[5, 5, 5, 5, 9, 9, 9, 9, 9, 9, 5, 5, 8, 8, 8, 8, 8, 8, 5, 5, 8, 8, 8, 8, 8, 8, 5, 5, 5, 5, 5, 5, 5, 5, 5, 5, 5, 5, 9, 9, 9, 9, 9, 9, 5, 5, 8, 8, 8, 8, 8, 8, 5, 5, 9, 9, 9, 9, 9, 9, 5, 5, 5, 5]
[5, 5, 5, 5, 9, 9, 9, 9, 9, 9, 5, 5, 8, 8, 8, 8, 8, 8, 5, 5, 8, 8, 8, 8, 8, 8, 5, 5, 5, 5, 5, 5, 5, 5, 5, 5, 5, 5, 9, 9, 9, 9, 9, 9, 5, 5, 8, 8, 8, 8, 8, 8, 5, 5, 9, 9, 9, 9, 9, 9, 5, 5, 5, 5]
[5, 5, 5, 5, 9, 9, 9, 9, 9, 9, 5, 5, 8, 8, 8, 8, 8, 8, 5, 5, 8, 8, 8, 8, 8, 8, 5, 5, 5, 5, 5, 5, 5, 5, 5, 5, 5, 5, 9, 9, 9, 9, 9, 9, 5, 5, 8, 8, 8, 8, 8, 8, 5, 5, 9, 9, 9, 9, 9, 9, 5, 5, 5, 5]
[5, 5, 5, 5, 9, 9, 9, 9, 9, 9, 5, 5, 8, 8, 8, 8, 8, 8, 5, 5, 8, 8, 8, 8, 8, 8, 5, 5, 5, 5, 5, 5, 5, 5, 5, 5, 5, 5, 9, 9, 9, 9, 9, 9, 5, 5, 8, 8, 8, 8, 8, 8, 5, 5, 9, 9, 9, 9, 9, 9, 5, 5, 5, 5]
[5, 5, 5, 5, 5, 5, 5, 5, 5, 5, 5, 5, 5, 5, 5, 5, 5, 5, 5, 5, 5, 5, 5, 5, 5, 5, 5, 5, 5, 5, 5, 5, 5, 5, 5, 5, 5, 5, 5, 5, 5, 5, 5, 5, 5, 5, 5, 5, 5, 5, 5, 5, 5, 5, 5, 5, 5, 5, 5, 5, 5, 5, 5, 5]
[5, 5, 5, 5, 5, 5, 5, 5, 5, 5, 5, 5, 5, 5, 5, 5, 5, 5, 5, 5, 5, 5, 5, 5, 5, 5, 5, 5, 5, 5, 5, 5, 5, 5, 5, 5, 5, 5, 5, 5, 5, 5, 5, 5, 5, 5, 5, 5, 5, 5, 5, 5, 5, 5, 5, 5, 5, 5, 5, 5, 5, 5, 5, 5]
[5, 5, 5, 5, 5, 5, 5, 5, 5, 5, 5, 5, 5, 5, 5, 5, 5, 5, 5, 5, 5, 5, 5, 5, 5, 5, 5, 5, 5, 5, 5, 5, 5, 5, 5, 5, 5, 5, 5, 5, 5, 5, 5, 5, 5, 5, 5, 5, 5, 5, 5, 5, 5, 5, 5, 5, 5, 5, 5, 5, 5, 5, 5, 5]
[5, 5, 5, 5, 5, 5, 5, 5, 5, 5, 5, 5, 5, 5, 5, 5, 5, 5, 5, 5, 5, 5, 5, 5, 5, 5, 5, 5, 5, 5, 5, 5, 5, 5, 5, 5, 5, 5, 5, 5, 5, 5, 5, 5, 5, 5, 5, 5, 5, 5, 5, 5, 5, 5, 5, 5, 5, 5, 5, 5, 5, 5, 5, 5]
[5, 5, 5, 5, 5, 5, 5, 5, 5, 5, 5, 5, 5, 5, 5, 5, 5, 5, 5, 5, 5, 5, 5, 5, 5, 5, 5, 5, 5, 5, 5, 5, 5, 5, 5, 5, 5, 5, 5, 5, 5, 5, 5, 5, 5, 5, 5, 5, 5, 5, 5, 5, 5, 5, 5, 5, 5, 5, 5, 5, 5, 5, 5, 5]
[5, 5, 5, 5, 5, 5, 5, 5, 5, 5, 5, 5, 5, 5, 5, 5, 5, 5, 5, 5, 5, 5, 5, 5, 5, 5, 5, 5, 5, 5, 5, 5, 5, 5, 5, 5, 5, 5, 5, 5, 5, 5, 5, 5, 5, 5, 5, 5, 5, 5, 5, 5, 5, 5, 5, 5, 5, 5, 5, 5, 5, 5, 5, 5]
[5, 5, 5, 5, 5, 5, 5, 5, 5, 5, 5, 5, 5, 5, 5, 5, 5, 5, 5, 5, 5, 5, 5, 5, 5, 5, 5, 5, 5, 5, 5, 5, 5, 5, 5, 5, 5, 5, 5, 5, 5, 5, 5, 5, 5, 5, 5, 5, 5, 5, 5, 5, 5, 5, 5, 5, 5, 5, 5, 5, 5, 5, 5, 5]
[5, 5, 5, 5, 5, 5, 5, 5, 5, 5, 5, 5, 5, 5, 5, 5, 5, 5, 5, 5, 5, 5, 5, 5, 5, 5, 5, 5, 5, 5, 5, 5, 5, 5, 5, 5, 5, 5, 5, 5, 5, 5, 5, 5, 5, 5, 5, 5, 5, 5, 5, 5, 5, 5, 5, 5, 5, 5, 5, 5, 5, 5, 5, 5]
[5, 5, 5, 5, 5, 5, 5, 5, 5, 5, 5, 5, 5, 5, 5, 5, 5, 5, 5, 5, 5, 5, 5, 5, 5, 5, 5, 5, 5, 5, 5, 5, 2, 2, 2, 2, 2, 2, 4, 4, 4, 4, 4, 4, 4, 4, 4, 4, 4, 4, 4, 4, 4, 4, 4, 4, 2, 2, 2, 2, 2, 2, 5, 5]
[5, 5, 5, 5, 5, 5, 5, 5, 5, 5, 5, 5, 5, 5, 5, 5, 5, 5, 5, 5, 5, 5, 5, 5, 5, 5, 5, 5, 5, 5, 5, 5, 2, 2, 2, 2, 2, 2, 4, 4, 4, 4, 4, 4, 4, 4, 4, 4, 4, 4, 4, 4, 4, 4, 4, 4, 2, 2, 2, 2, 2, 2, 5, 5]
[5, 5, 5, 5, 5, 5, 5, 5, 5, 5, 5, 5, 5, 5, 5, 5, 5, 5, 5, 5, 5, 5, 5, 5, 5, 5, 5, 5, 5, 5, 5, 5, 2, 2, 4, 4, 4, 4, 4, 4, 4, 4, 4, 4, 4, 4, 4, 4, 4, 4, 4, 4, 4, 4, 4, 4, 4, 4, 4, 4, 2, 2, 5, 5]
[5, 5, 5, 5, 5, 5, 5, 5, 5, 5, 5, 5, 5, 5, 5, 5, 5, 5, 5, 5, 5, 5, 5, 5, 5, 5, 5, 5, 5, 5, 5, 5, 2, 2, 4, 4, 4, 4, 4, 4, 4, 4, 4, 4, 4, 4, 4, 4, 4, 4, 4, 4, 4, 4, 4, 4, 4, 4, 4, 4, 2, 2, 5, 5]
[5, 5, 5, 5, 8, 8, 8, 8, 8, 8, 5, 5, 9, 9, 9, 9, 9, 9, 5, 5, 9, 9, 9, 9, 9, 9, 5, 5, 5, 5, 5, 5, 2, 2, 4, 4, 9, 9, 9, 9, 9, 9, 4, 4, 8, 8, 8, 8, 8, 8, 4, 4, 9, 9, 9, 9, 9, 9, 4, 4, 2, 2, 5, 5]
[5, 5, 5, 5, 8, 8, 8, 8, 8, 8, 5, 5, 9, 9, 9, 9, 9, 9, 5, 5, 9, 9, 9, 9, 9, 9, 5, 5, 5, 5, 5, 5, 2, 2, 4, 4, 9, 9, 9, 9, 9, 9, 4, 4, 8, 8, 8, 8, 8, 8, 4, 4, 9, 9, 9, 9, 9, 9, 4, 4, 2, 2, 5, 5]
[5, 5, 5, 5, 8, 8, 8, 8, 8, 8, 5, 5, 9, 9, 9, 9, 9, 9, 5, 5, 9, 9, 9, 9, 9, 9, 5, 5, 5, 5, 5, 5, 4, 4, 4, 4, 9, 9, 9, 9, 9, 9, 4, 4, 8, 8, 8, 8, 8, 8, 4, 4, 9, 9, 9, 9, 9, 9, 4, 4, 4, 4, 5, 5]
[5, 5, 5, 5, 8, 8, 8, 8, 8, 8, 5, 5, 9, 9, 9, 9, 9, 9, 5, 5, 9, 9, 9, 9, 9, 9, 5, 5, 5, 5, 5, 5, 4, 4, 4, 4, 9, 9, 9, 9, 9, 9, 4, 4, 8, 8, 8, 8, 8, 8, 4, 4, 9, 9, 9, 9, 9, 9, 4, 4, 4, 4, 5, 5]
[5, 5, 5, 5, 8, 8, 8, 8, 8, 8, 5, 5, 9, 9, 9, 9, 9, 9, 5, 5, 9, 9, 9, 9, 9, 9, 5, 5, 5, 5, 5, 5, 4, 4, 4, 4, 9, 9, 9, 9, 9, 9, 4, 4, 8, 8, 8, 8, 8, 8, 4, 4, 9, 9, 9, 9, 9, 9, 4, 4, 4, 4, 5, 5]
[5, 5, 5, 5, 8, 8, 8, 8, 8, 8, 5, 5, 9, 9, 9, 9, 9, 9, 5, 5, 9, 9, 9, 9, 9, 9, 5, 5, 5, 5, 5, 5, 4, 4, 4, 4, 9, 9, 9, 9, 9, 9, 4, 4, 8, 8, 8, 8, 8, 8, 4, 4, 9, 9, 9, 9, 9, 9, 4, 4, 4, 4, 5, 5]
[5, 5, 5, 5, 5, 5, 5, 5, 5, 5, 5, 5, 5, 5, 5, 5, 5, 5, 5, 5, 5, 5, 5, 5, 5, 5, 5, 5, 5, 5, 5, 5, 4, 4, 4, 4, 4, 4, 4, 4, 4, 4, 4, 4, 4, 4, 4, 4, 4, 4, 4, 4, 4, 4, 4, 4, 4, 4, 4, 4, 4, 4, 5, 5]
[5, 5, 5, 5, 5, 5, 5, 5, 5, 5, 5, 5, 5, 5, 5, 5, 5, 5, 5, 5, 5, 5, 5, 5, 5, 5, 5, 5, 5, 5, 5, 5, 4, 4, 4, 4, 4, 4, 4, 4, 4, 4, 4, 4, 4, 4, 4, 4, 4, 4, 4, 4, 4, 4, 4, 4, 4, 4, 4, 4, 4, 4, 5, 5]
[5, 5, 5, 5, 8, 8, 8, 8, 8, 8, 5, 5, 0, 0, 2, 2, 2, 2, 5, 5, 8, 8, 8, 8, 8, 8, 5, 5, 5, 5, 5, 5, 4, 4, 4, 4, 8, 8, 8, 8, 8, 8, 4, 4, 0, 0, 2, 2, 2, 2, 4, 4, 8, 8, 8, 8, 8, 8, 4, 4, 4, 4, 5, 5]
[5, 5, 5, 5, 8, 8, 8, 8, 8, 8, 5, 5, 0, 0, 2, 2, 2, 2, 5, 5, 8, 8, 8, 8, 8, 8, 5, 5, 5, 5, 5, 5, 4, 4, 4, 4, 8, 8, 8, 8, 8, 8, 4, 4, 0, 0, 2, 2, 2, 2, 4, 4, 8, 8, 8, 8, 8, 8, 4, 4, 4, 4, 5, 5]
[5, 5, 5, 5, 8, 8, 8, 8, 8, 8, 5, 5, 0, 0, 8, 8, 0, 0, 5, 5, 8, 8, 8, 8, 8, 8, 5, 5, 5, 5, 5, 5, 4, 4, 4, 4, 8, 8, 8, 8, 8, 8, 4, 4, 0, 0, 8, 8, 0, 0, 4, 4, 8, 8, 8, 8, 8, 8, 4, 4, 4, 4, 5, 5]
[5, 5, 5, 5, 8, 8, 8, 8, 8, 8, 5, 5, 0, 0, 8, 8, 0, 0, 5, 5, 8, 8, 8, 8, 8, 8, 5, 5, 5, 5, 5, 5, 4, 4, 4, 4, 8, 8, 8, 8, 8, 8, 4, 4, 0, 0, 8, 8, 0, 0, 4, 4, 8, 8, 8, 8, 8, 8, 4, 4, 4, 4, 5, 5]
[5, 5, 5, 5, 8, 8, 8, 8, 8, 8, 5, 5, 2, 2, 2, 2, 0, 0, 5, 5, 8, 8, 8, 8, 8, 8, 5, 5, 5, 5, 5, 5, 4, 4, 4, 4, 8, 8, 8, 8, 8, 8, 4, 4, 0, 0, 2, 2, 2, 2, 4, 4, 8, 8, 8, 8, 8, 8, 4, 4, 4, 4, 5, 5]
[5, 5, 5, 5, 8, 8, 8, 8, 8, 8, 5, 5, 2, 2, 2, 2, 0, 0, 5, 5, 8, 8, 8, 8, 8, 8, 5, 5, 5, 5, 5, 5, 4, 4, 4, 4, 8, 8, 8, 8, 8, 8, 4, 4, 0, 0, 2, 2, 2, 2, 4, 4, 8, 8, 8, 8, 8, 8, 4, 4, 4, 4, 5, 5]
[5, 5, 5, 5, 5, 5, 5, 5, 5, 5, 5, 5, 5, 5, 5, 5, 5, 5, 5, 5, 5, 5, 5, 5, 5, 5, 5, 5, 5, 5, 5, 5, 4, 4, 4, 4, 4, 4, 4, 4, 4, 4, 4, 4, 4, 4, 4, 4, 4, 4, 4, 4, 4, 4, 4, 4, 4, 4, 4, 4, 4, 4, 5, 5]
[5, 5, 5, 5, 5, 5, 5, 5, 5, 5, 5, 5, 5, 5, 5, 5, 5, 5, 5, 5, 5, 5, 5, 5, 5, 5, 5, 5, 5, 5, 5, 5, 4, 4, 4, 4, 4, 4, 4, 4, 4, 4, 4, 4, 4, 4, 4, 4, 4, 4, 4, 4, 4, 4, 4, 4, 4, 4, 4, 4, 4, 4, 5, 5]
[5, 5, 5, 5, 9, 9, 9, 9, 9, 9, 5, 5, 9, 9, 9, 9, 9, 9, 5, 5, 8, 8, 8, 8, 8, 8, 5, 5, 5, 5, 5, 5, 4, 4, 4, 4, 8, 8, 8, 8, 8, 8, 4, 4, 9, 9, 9, 9, 9, 9, 4, 4, 9, 9, 9, 9, 9, 9, 4, 4, 4, 4, 5, 5]
[5, 5, 5, 5, 9, 9, 9, 9, 9, 9, 5, 5, 9, 9, 9, 9, 9, 9, 5, 5, 8, 8, 8, 8, 8, 8, 5, 5, 5, 5, 5, 5, 4, 4, 4, 4, 8, 8, 8, 8, 8, 8, 4, 4, 9, 9, 9, 9, 9, 9, 4, 4, 9, 9, 9, 9, 9, 9, 4, 4, 4, 4, 5, 5]
[5, 5, 5, 5, 9, 9, 9, 9, 9, 9, 5, 5, 9, 9, 9, 9, 9, 9, 5, 5, 8, 8, 8, 8, 8, 8, 5, 5, 5, 5, 5, 5, 4, 4, 4, 4, 8, 8, 8, 8, 8, 8, 4, 4, 9, 9, 9, 9, 9, 9, 4, 4, 9, 9, 9, 9, 9, 9, 4, 4, 4, 4, 5, 5]
[5, 5, 5, 5, 9, 9, 9, 9, 9, 9, 5, 5, 9, 9, 9, 9, 9, 9, 5, 5, 8, 8, 8, 8, 8, 8, 5, 5, 5, 5, 5, 5, 4, 4, 4, 4, 8, 8, 8, 8, 8, 8, 4, 4, 9, 9, 9, 9, 9, 9, 4, 4, 9, 9, 9, 9, 9, 9, 4, 4, 4, 4, 5, 5]
[5, 5, 5, 5, 9, 9, 9, 9, 9, 9, 5, 5, 9, 9, 9, 9, 9, 9, 5, 5, 8, 8, 8, 8, 8, 8, 5, 5, 5, 5, 5, 5, 2, 2, 4, 4, 8, 8, 8, 8, 8, 8, 4, 4, 9, 9, 9, 9, 9, 9, 4, 4, 9, 9, 9, 9, 9, 9, 4, 4, 2, 2, 5, 5]
[5, 5, 5, 5, 9, 9, 9, 9, 9, 9, 5, 5, 9, 9, 9, 9, 9, 9, 5, 5, 8, 8, 8, 8, 8, 8, 5, 5, 5, 5, 5, 5, 2, 2, 4, 4, 8, 8, 8, 8, 8, 8, 4, 4, 9, 9, 9, 9, 9, 9, 4, 4, 9, 9, 9, 9, 9, 9, 4, 4, 2, 2, 5, 5]
[5, 5, 5, 5, 5, 5, 5, 5, 5, 5, 5, 5, 5, 5, 5, 5, 5, 5, 5, 5, 5, 5, 5, 5, 5, 5, 5, 5, 5, 5, 5, 5, 2, 2, 4, 4, 4, 4, 4, 4, 4, 4, 4, 4, 4, 4, 4, 4, 4, 4, 4, 4, 4, 4, 4, 4, 4, 4, 4, 4, 2, 2, 5, 5]
[5, 5, 5, 5, 5, 5, 5, 5, 5, 5, 5, 5, 5, 5, 5, 5, 5, 5, 5, 5, 5, 5, 5, 5, 5, 5, 5, 5, 5, 5, 5, 5, 2, 2, 4, 4, 4, 4, 4, 4, 4, 4, 4, 4, 4, 4, 4, 4, 4, 4, 4, 4, 4, 4, 4, 4, 4, 4, 4, 4, 2, 2, 5, 5]
[5, 5, 5, 5, 5, 5, 5, 5, 5, 5, 5, 5, 5, 5, 5, 5, 5, 5, 5, 5, 5, 5, 5, 5, 5, 5, 5, 5, 5, 5, 5, 5, 2, 2, 2, 2, 2, 2, 4, 4, 4, 4, 4, 4, 4, 4, 4, 4, 4, 4, 4, 4, 4, 4, 4, 4, 2, 2, 2, 2, 2, 2, 5, 5]
[5, 5, 5, 5, 5, 5, 5, 5, 5, 5, 5, 5, 5, 5, 5, 5, 5, 5, 5, 5, 5, 5, 5, 5, 5, 5, 5, 5, 5, 5, 5, 5, 2, 2, 2, 2, 2, 2, 4, 4, 4, 4, 4, 4, 4, 4, 4, 4, 4, 4, 4, 4, 4, 4, 4, 4, 2, 2, 2, 2, 2, 2, 5, 5]
[5, 5, 5, 5, 5, 5, 5, 5, 5, 5, 5, 5, 5, 5, 5, 5, 5, 5, 5, 5, 5, 5, 5, 5, 5, 5, 5, 5, 5, 5, 5, 5, 5, 5, 5, 5, 5, 5, 5, 5, 5, 5, 5, 5, 5, 5, 5, 5, 5, 5, 5, 5, 5, 5, 5, 5, 5, 5, 5, 5, 5, 5, 5, 5]
[12, 12, 12, 12, 12, 12, 12, 12, 12, 12, 12, 12, 12, 12, 12, 12, 12, 12, 12, 12, 12, 12, 12, 12, 12, 12, 12, 12, 12, 12, 12, 12, 12, 12, 12, 12, 12, 12, 12, 12, 12, 12, 12, 12, 11, 11, 11, 11, 11, 11, 11, 11, 11, 11, 11, 11, 11, 11, 11, 11, 11, 11, 11, 11]
</grid_0>
",,0.0,False
11,ACTION6 x=38 y=38,manual,"State: NOT_FINISHED
Levels completed: 0/6
Action count: 11

========== Start of Direct Observation ==========
<grid_0>
[5, 5, 5, 5, 5, 5, 5, 5, 5, 5, 5, 5, 5, 5, 5, 5, 5, 5, 5, 5, 5, 5, 5, 5, 5, 5, 5, 5, 5, 5, 5, 5, 5, 5, 5, 5, 5, 5, 5, 5, 5, 5, 5, 5, 5, 5, 5, 5, 5, 5, 5, 5, 5, 5, 5, 5, 5, 5, 5, 5, 5, 5, 5, 5]
[5, 5, 5, 5, 5, 5, 5, 5, 5, 5, 5, 5, 5, 5, 5, 5, 5, 5, 5, 5, 5, 5, 5, 5, 5, 5, 5, 5, 5, 5, 5, 5, 5, 5, 5, 5, 5, 5, 5, 5, 5, 5, 5, 5, 5, 5, 5, 5, 5, 5, 5, 5, 5, 5, 5, 5, 5, 5, 5, 5, 5, 5, 5, 5]
[5, 5, 5, 5, 9, 9, 9, 9, 9, 9, 5, 5, 8, 8, 8, 8, 8, 8, 5, 5, 9, 9, 9, 9, 9, 9, 5, 5, 5, 5, 5, 5, 5, 5, 5, 5, 5, 5, 9, 9, 9, 9, 9, 9, 5, 5, 8, 8, 8, 8, 8, 8, 5, 5, 9, 9, 9, 9, 9, 9, 5, 5, 5, 5]
[5, 5, 5, 5, 9, 9, 9, 9, 9, 9, 5, 5, 8, 8, 8, 8, 8, 8, 5, 5, 9, 9, 9, 9, 9, 9, 5, 5, 5, 5, 5, 5, 5, 5, 5, 5, 5, 5, 9, 9, 9, 9, 9, 9, 5, 5, 8, 8, 8, 8, 8, 8, 5, 5, 9, 9, 9, 9, 9, 9, 5, 5, 5, 5]
[5, 5, 5, 5, 9, 9, 9, 9, 9, 9, 5, 5, 8, 8, 8, 8, 8, 8, 5, 5, 9, 9, 9, 9, 9, 9, 5, 5, 5, 5, 5, 5, 5, 5, 5, 5, 5, 5, 9, 9, 9, 9, 9, 9, 5, 5, 8, 8, 8, 8, 8, 8, 5, 5, 9, 9, 9, 9, 9, 9, 5, 5, 5, 5]
[5, 5, 5, 5, 9, 9, 9, 9, 9, 9, 5, 5, 8, 8, 8, 8, 8, 8, 5, 5, 9, 9, 9, 9, 9, 9, 5, 5, 5, 5, 5, 5, 5, 5, 5, 5, 5, 5, 9, 9, 9, 9, 9, 9, 5, 5, 8, 8, 8, 8, 8, 8, 5, 5, 9, 9, 9, 9, 9, 9, 5, 5, 5, 5]
[5, 5, 5, 5, 9, 9, 9, 9, 9, 9, 5, 5, 8, 8, 8, 8, 8, 8, 5, 5, 9, 9, 9, 9, 9, 9, 5, 5, 5, 5, 5, 5, 5, 5, 5, 5, 5, 5, 9, 9, 9, 9, 9, 9, 5, 5, 8, 8, 8, 8, 8, 8, 5, 5, 9, 9, 9, 9, 9, 9, 5, 5, 5, 5]
[5, 5, 5, 5, 9, 9, 9, 9, 9, 9, 5, 5, 8, 8, 8, 8, 8, 8, 5, 5, 9, 9, 9, 9, 9, 9, 5, 5, 5, 5, 5, 5, 5, 5, 5, 5, 5, 5, 9, 9, 9, 9, 9, 9, 5, 5, 8, 8, 8, 8, 8, 8, 5, 5, 9, 9, 9, 9, 9, 9, 5, 5, 5, 5]
[5, 5, 5, 5, 5, 5, 5, 5, 5, 5, 5, 5, 5, 5, 5, 5, 5, 5, 5, 5, 5, 5, 5, 5, 5, 5, 5, 5, 5, 5, 5, 5, 5, 5, 5, 5, 5, 5, 5, 5, 5, 5, 5, 5, 5, 5, 5, 5, 5, 5, 5, 5, 5, 5, 5, 5, 5, 5, 5, 5, 5, 5, 5, 5]
[5, 5, 5, 5, 5, 5, 5, 5, 5, 5, 5, 5, 5, 5, 5, 5, 5, 5, 5, 5, 5, 5, 5, 5, 5, 5, 5, 5, 5, 5, 5, 5, 5, 5, 5, 5, 5, 5, 5, 5, 5, 5, 5, 5, 5, 5, 5, 5, 5, 5, 5, 5, 5, 5, 5, 5, 5, 5, 5, 5, 5, 5, 5, 5]
[5, 5, 5, 5, 8, 8, 8, 8, 8, 8, 5, 5, 2, 2, 0, 0, 2, 2, 5, 5, 9, 9, 9, 9, 9, 9, 5, 5, 5, 5, 5, 5, 5, 5, 5, 5, 5, 5, 8, 8, 8, 8, 8, 8, 5, 5, 2, 2, 0, 0, 2, 2, 5, 5, 8, 8, 8, 8, 8, 8, 5, 5, 5, 5]
[5, 5, 5, 5, 8, 8, 8, 8, 8, 8, 5, 5, 2, 2, 0, 0, 2, 2, 5, 5, 9, 9, 9, 9, 9, 9, 5, 5, 5, 5, 5, 5, 5, 5, 5, 5, 5, 5, 8, 8, 8, 8, 8, 8, 5, 5, 2, 2, 0, 0, 2, 2, 5, 5, 8, 8, 8, 8, 8, 8, 5, 5, 5, 5]
[5, 5, 5, 5, 8, 8, 8, 8, 8, 8, 5, 5, 0, 0, 8, 8, 2, 2, 5, 5, 9, 9, 9, 9, 9, 9, 5, 5, 5, 5, 5, 5, 5, 5, 5, 5, 5, 5, 8, 8, 8, 8, 8, 8, 5, 5, 0, 0, 8, 8, 0, 0, 5, 5, 8, 8, 8, 8, 8, 8, 5, 5, 5, 5]
[5, 5, 5, 5, 8, 8, 8, 8, 8, 8, 5, 5, 0, 0, 8, 8, 2, 2, 5, 5, 9, 9, 9, 9, 9, 9, 5, 5, 5, 5, 5, 5, 5, 5, 5, 5, 5, 5, 8, 8, 8, 8, 8, 8, 5, 5, 0, 0, 8, 8, 0, 0, 5, 5, 8, 8, 8, 8, 8, 8, 5, 5, 5, 5]
[5, 5, 5, 5, 8, 8, 8, 8, 8, 8, 5, 5, 2, 2, 0, 0, 0, 0, 5, 5, 9, 9, 9, 9, 9, 9, 5, 5, 5, 5, 5, 5, 5, 5, 5, 5, 5, 5, 8, 8, 8, 8, 8, 8, 5, 5, 2, 2, 0, 0, 2, 2, 5, 5, 8, 8, 8, 8, 8, 8, 5, 5, 5, 5]
[5, 5, 5, 5, 8, 8, 8, 8, 8, 8, 5, 5, 2, 2, 0, 0, 0, 0, 5, 5, 9, 9, 9, 9, 9, 9, 5, 5, 5, 5, 5, 5, 5, 5, 5, 5, 5, 5, 8, 8, 8, 8, 8, 8, 5, 5, 2, 2, 0, 0, 2, 2, 5, 5, 8, 8, 8, 8, 8, 8, 5, 5, 5, 5]
[5, 5, 5, 5, 5, 5, 5, 5, 5, 5, 5, 5, 5, 5, 5, 5, 5, 5, 5, 5, 5, 5, 5, 5, 5, 5, 5, 5, 5, 5, 5, 5, 5, 5, 5, 5, 5, 5, 5, 5, 5, 5, 5, 5, 5, 5, 5, 5, 5, 5, 5, 5, 5, 5, 5, 5, 5, 5, 5, 5, 5, 5, 5, 5]
[5, 5, 5, 5, 5, 5, 5, 5, 5, 5, 5, 5, 5, 5, 5, 5, 5, 5, 5, 5, 5, 5, 5, 5, 5, 5, 5, 5, 5, 5, 5, 5, 5, 5, 5, 5, 5, 5, 5, 5, 5, 5, 5, 5, 5, 5, 5, 5, 5, 5, 5, 5, 5, 5, 5, 5, 5, 5, 5, 5, 5, 5, 5, 5]
[5, 5, 5, 5, 9, 9, 9, 9, 9, 9, 5, 5, 8, 8, 8, 8, 8, 8, 5, 5, 8, 8, 8, 8, 8, 8, 5, 5, 5, 5, 5, 5, 5, 5, 5, 5, 5, 5, 9, 9, 9, 9, 9, 9, 5, 5, 8, 8, 8, 8, 8, 8, 5, 5, 9, 9, 9, 9, 9, 9, 5, 5, 5, 5]
[5, 5, 5, 5, 9, 9, 9, 9, 9, 9, 5, 5, 8, 8, 8, 8, 8, 8, 5, 5, 8, 8, 8, 8, 8, 8, 5, 5, 5, 5, 5, 5, 5, 5, 5, 5, 5, 5, 9, 9, 9, 9, 9, 9, 5, 5, 8, 8, 8, 8, 8, 8, 5, 5, 9, 9, 9, 9, 9, 9, 5, 5, 5, 5]
[5, 5, 5, 5, 9, 9, 9, 9, 9, 9, 5, 5, 8, 8, 8, 8, 8, 8, 5, 5, 8, 8, 8, 8, 8, 8, 5, 5, 5, 5, 5, 5, 5, 5, 5, 5, 5, 5, 9, 9, 9, 9, 9, 9, 5, 5, 8, 8, 8, 8, 8, 8, 5, 5, 9, 9, 9, 9, 9, 9, 5, 5, 5, 5]
[5, 5, 5, 5, 9, 9, 9, 9, 9, 9, 5, 5, 8, 8, 8, 8, 8, 8, 5, 5, 8, 8, 8, 8, 8, 8, 5, 5, 5, 5, 5, 5, 5, 5, 5, 5, 5, 5, 9, 9, 9, 9, 9, 9, 5, 5, 8, 8, 8, 8, 8, 8, 5, 5, 9, 9, 9, 9, 9, 9, 5, 5, 5, 5]
[5, 5, 5, 5, 9, 9, 9, 9, 9, 9, 5, 5, 8, 8, 8, 8, 8, 8, 5, 5, 8, 8, 8, 8, 8, 8, 5, 5, 5, 5, 5, 5, 5, 5, 5, 5, 5, 5, 9, 9, 9, 9, 9, 9, 5, 5, 8, 8, 8, 8, 8, 8, 5, 5, 9, 9, 9, 9, 9, 9, 5, 5, 5, 5]
[5, 5, 5, 5, 9, 9, 9, 9, 9, 9, 5, 5, 8, 8, 8, 8, 8, 8, 5, 5, 8, 8, 8, 8, 8, 8, 5, 5, 5, 5, 5, 5, 5, 5, 5, 5, 5, 5, 9, 9, 9, 9, 9, 9, 5, 5, 8, 8, 8, 8, 8, 8, 5, 5, 9, 9, 9, 9, 9, 9, 5, 5, 5, 5]
[5, 5, 5, 5, 5, 5, 5, 5, 5, 5, 5, 5, 5, 5, 5, 5, 5, 5, 5, 5, 5, 5, 5, 5, 5, 5, 5, 5, 5, 5, 5, 5, 5, 5, 5, 5, 5, 5, 5, 5, 5, 5, 5, 5, 5, 5, 5, 5, 5, 5, 5, 5, 5, 5, 5, 5, 5, 5, 5, 5, 5, 5, 5, 5]
[5, 5, 5, 5, 5, 5, 5, 5, 5, 5, 5, 5, 5, 5, 5, 5, 5, 5, 5, 5, 5, 5, 5, 5, 5, 5, 5, 5, 5, 5, 5, 5, 5, 5, 5, 5, 5, 5, 5, 5, 5, 5, 5, 5, 5, 5, 5, 5, 5, 5, 5, 5, 5, 5, 5, 5, 5, 5, 5, 5, 5, 5, 5, 5]
[5, 5, 5, 5, 5, 5, 5, 5, 5, 5, 5, 5, 5, 5, 5, 5, 5, 5, 5, 5, 5, 5, 5, 5, 5, 5, 5, 5, 5, 5, 5, 5, 5, 5, 5, 5, 5, 5, 5, 5, 5, 5, 5, 5, 5, 5, 5, 5, 5, 5, 5, 5, 5, 5, 5, 5, 5, 5, 5, 5, 5, 5, 5, 5]
[5, 5, 5, 5, 5, 5, 5, 5, 5, 5, 5, 5, 5, 5, 5, 5, 5, 5, 5, 5, 5, 5, 5, 5, 5, 5, 5, 5, 5, 5, 5, 5, 5, 5, 5, 5, 5, 5, 5, 5, 5, 5, 5, 5, 5, 5, 5, 5, 5, 5, 5, 5, 5, 5, 5, 5, 5, 5, 5, 5, 5, 5, 5, 5]
[5, 5, 5, 5, 5, 5, 5, 5, 5, 5, 5, 5, 5, 5, 5, 5, 5, 5, 5, 5, 5, 5, 5, 5, 5, 5, 5, 5, 5, 5, 5, 5, 5, 5, 5, 5, 5, 5, 5, 5, 5, 5, 5, 5, 5, 5, 5, 5, 5, 5, 5, 5, 5, 5, 5, 5, 5, 5, 5, 5, 5, 5, 5, 5]
[5, 5, 5, 5, 5, 5, 5, 5, 5, 5, 5, 5, 5, 5, 5, 5, 5, 5, 5, 5, 5, 5, 5, 5, 5, 5, 5, 5, 5, 5, 5, 5, 5, 5, 5, 5, 5, 5, 5, 5, 5, 5, 5, 5, 5, 5, 5, 5, 5, 5, 5, 5, 5, 5, 5, 5, 5, 5, 5, 5, 5, 5, 5, 5]
[5, 5, 5, 5, 5, 5, 5, 5, 5, 5, 5, 5, 5, 5, 5, 5, 5, 5, 5, 5, 5, 5, 5, 5, 5, 5, 5, 5, 5, 5, 5, 5, 5, 5, 5, 5, 5, 5, 5, 5, 5, 5, 5, 5, 5, 5, 5, 5, 5, 5, 5, 5, 5, 5, 5, 5, 5, 5, 5, 5, 5, 5, 5, 5]
[5, 5, 5, 5, 5, 5, 5, 5, 5, 5, 5, 5, 5, 5, 5, 5, 5, 5, 5, 5, 5, 5, 5, 5, 5, 5, 5, 5, 5, 5, 5, 5, 5, 5, 5, 5, 5, 5, 5, 5, 5, 5, 5, 5, 5, 5, 5, 5, 5, 5, 5, 5, 5, 5, 5, 5, 5, 5, 5, 5, 5, 5, 5, 5]
[5, 5, 5, 5, 5, 5, 5, 5, 5, 5, 5, 5, 5, 5, 5, 5, 5, 5, 5, 5, 5, 5, 5, 5, 5, 5, 5, 5, 5, 5, 5, 5, 2, 2, 2, 2, 2, 2, 4, 4, 4, 4, 4, 4, 4, 4, 4, 4, 4, 4, 4, 4, 4, 4, 4, 4, 2, 2, 2, 2, 2, 2, 5, 5]
[5, 5, 5, 5, 5, 5, 5, 5, 5, 5, 5, 5, 5, 5, 5, 5, 5, 5, 5, 5, 5, 5, 5, 5, 5, 5, 5, 5, 5, 5, 5, 5, 2, 2, 2, 2, 2, 2, 4, 4, 4, 4, 4, 4, 4, 4, 4, 4, 4, 4, 4, 4, 4, 4, 4, 4, 2, 2, 2, 2, 2, 2, 5, 5]
[5, 5, 5, 5, 5, 5, 5, 5, 5, 5, 5, 5, 5, 5, 5, 5, 5, 5, 5, 5, 5, 5, 5, 5, 5, 5, 5, 5, 5, 5, 5, 5, 2, 2, 4, 4, 4, 4, 4, 4, 4, 4, 4, 4, 4, 4, 4, 4, 4, 4, 4, 4, 4, 4, 4, 4, 4, 4, 4, 4, 2, 2, 5, 5]
[5, 5, 5, 5, 5, 5, 5, 5, 5, 5, 5, 5, 5, 5, 5, 5, 5, 5, 5, 5, 5, 5, 5, 5, 5, 5, 5, 5, 5, 5, 5, 5, 2, 2, 4, 4, 4, 4, 4, 4, 4, 4, 4, 4, 4, 4, 4, 4, 4, 4, 4, 4, 4, 4, 4, 4, 4, 4, 4, 4, 2, 2, 5, 5]
[5, 5, 5, 5, 8, 8, 8, 8, 8, 8, 5, 5, 9, 9, 9, 9, 9, 9, 5, 5, 9, 9, 9, 9, 9, 9, 5, 5, 5, 5, 5, 5, 2, 2, 4, 4, 9, 9, 9, 9, 9, 9, 4, 4, 8, 8, 8, 8, 8, 8, 4, 4, 9, 9, 9, 9, 9, 9, 4, 4, 2, 2, 5, 5]
[5, 5, 5, 5, 8, 8, 8, 8, 8, 8, 5, 5, 9, 9, 9, 9, 9, 9, 5, 5, 9, 9, 9, 9, 9, 9, 5, 5, 5, 5, 5, 5, 2, 2, 4, 4, 9, 9, 9, 9, 9, 9, 4, 4, 8, 8, 8, 8, 8, 8, 4, 4, 9, 9, 9, 9, 9, 9, 4, 4, 2, 2, 5, 5]
[5, 5, 5, 5, 8, 8, 8, 8, 8, 8, 5, 5, 9, 9, 9, 9, 9, 9, 5, 5, 9, 9, 9, 9, 9, 9, 5, 5, 5, 5, 5, 5, 4, 4, 4, 4, 9, 9, 9, 9, 9, 9, 4, 4, 8, 8, 8, 8, 8, 8, 4, 4, 9, 9, 9, 9, 9, 9, 4, 4, 4, 4, 5, 5]
[5, 5, 5, 5, 8, 8, 8, 8, 8, 8, 5, 5, 9, 9, 9, 9, 9, 9, 5, 5, 9, 9, 9, 9, 9, 9, 5, 5, 5, 5, 5, 5, 4, 4, 4, 4, 9, 9, 9, 9, 9, 9, 4, 4, 8, 8, 8, 8, 8, 8, 4, 4, 9, 9, 9, 9, 9, 9, 4, 4, 4, 4, 5, 5]
[5, 5, 5, 5, 8, 8, 8, 8, 8, 8, 5, 5, 9, 9, 9, 9, 9, 9, 5, 5, 9, 9, 9, 9, 9, 9, 5, 5, 5, 5, 5, 5, 4, 4, 4, 4, 9, 9, 9, 9, 9, 9, 4, 4, 8, 8, 8, 8, 8, 8, 4, 4, 9, 9, 9, 9, 9, 9, 4, 4, 4, 4, 5, 5]
[5, 5, 5, 5, 8, 8, 8, 8, 8, 8, 5, 5, 9, 9, 9, 9, 9, 9, 5, 5, 9, 9, 9, 9, 9, 9, 5, 5, 5, 5, 5, 5, 4, 4, 4, 4, 9, 9, 9, 9, 9, 9, 4, 4, 8, 8, 8, 8, 8, 8, 4, 4, 9, 9, 9, 9, 9, 9, 4, 4, 4, 4, 5, 5]
[5, 5, 5, 5, 5, 5, 5, 5, 5, 5, 5, 5, 5, 5, 5, 5, 5, 5, 5, 5, 5, 5, 5, 5, 5, 5, 5, 5, 5, 5, 5, 5, 4, 4, 4, 4, 4, 4, 4, 4, 4, 4, 4, 4, 4, 4, 4, 4, 4, 4, 4, 4, 4, 4, 4, 4, 4, 4, 4, 4, 4, 4, 5, 5]
[5, 5, 5, 5, 5, 5, 5, 5, 5, 5, 5, 5, 5, 5, 5, 5, 5, 5, 5, 5, 5, 5, 5, 5, 5, 5, 5, 5, 5, 5, 5, 5, 4, 4, 4, 4, 4, 4, 4, 4, 4, 4, 4, 4, 4, 4, 4, 4, 4, 4, 4, 4, 4, 4, 4, 4, 4, 4, 4, 4, 4, 4, 5, 5]
[5, 5, 5, 5, 8, 8, 8, 8, 8, 8, 5, 5, 0, 0, 2, 2, 2, 2, 5, 5, 8, 8, 8, 8, 8, 8, 5, 5, 5, 5, 5, 5, 4, 4, 4, 4, 8, 8, 8, 8, 8, 8, 4, 4, 0, 0, 2, 2, 2, 2, 4, 4, 8, 8, 8, 8, 8, 8, 4, 4, 4, 4, 5, 5]
[5, 5, 5, 5, 8, 8, 8, 8, 8, 8, 5, 5, 0, 0, 2, 2, 2, 2, 5, 5, 8, 8, 8, 8, 8, 8, 5, 5, 5, 5, 5, 5, 4, 4, 4, 4, 8, 8, 8, 8, 8, 8, 4, 4, 0, 0, 2, 2, 2, 2, 4, 4, 8, 8, 8, 8, 8, 8, 4, 4, 4, 4, 5, 5]
[5, 5, 5, 5, 8, 8, 8, 8, 8, 8, 5, 5, 0, 0, 8, 8, 0, 0, 5, 5, 8, 8, 8, 8, 8, 8, 5, 5, 5, 5, 5, 5, 4, 4, 4, 4, 8, 8, 8, 8, 8, 8, 4, 4, 0, 0, 8, 8, 0, 0, 4, 4, 8, 8, 8, 8, 8, 8, 4, 4, 4, 4, 5, 5]
[5, 5, 5, 5, 8, 8, 8, 8, 8, 8, 5, 5, 0, 0, 8, 8, 0, 0, 5, 5, 8, 8, 8, 8, 8, 8, 5, 5, 5, 5, 5, 5, 4, 4, 4, 4, 8, 8, 8, 8, 8, 8, 4, 4, 0, 0, 8, 8, 0, 0, 4, 4, 8, 8, 8, 8, 8, 8, 4, 4, 4, 4, 5, 5]
[5, 5, 5, 5, 8, 8, 8, 8, 8, 8, 5, 5, 2, 2, 2, 2, 0, 0, 5, 5, 8, 8, 8, 8, 8, 8, 5, 5, 5, 5, 5, 5, 4, 4, 4, 4, 8, 8, 8, 8, 8, 8, 4, 4, 0, 0, 2, 2, 2, 2, 4, 4, 8, 8, 8, 8, 8, 8, 4, 4, 4, 4, 5, 5]
[5, 5, 5, 5, 8, 8, 8, 8, 8, 8, 5, 5, 2, 2, 2, 2, 0, 0, 5, 5, 8, 8, 8, 8, 8, 8, 5, 5, 5, 5, 5, 5, 4, 4, 4, 4, 8, 8, 8, 8, 8, 8, 4, 4, 0, 0, 2, 2, 2, 2, 4, 4, 8, 8, 8, 8, 8, 8, 4, 4, 4, 4, 5, 5]
[5, 5, 5, 5, 5, 5, 5, 5, 5, 5, 5, 5, 5, 5, 5, 5, 5, 5, 5, 5, 5, 5, 5, 5, 5, 5, 5, 5, 5, 5, 5, 5, 4, 4, 4, 4, 4, 4, 4, 4, 4, 4, 4, 4, 4, 4, 4, 4, 4, 4, 4, 4, 4, 4, 4, 4, 4, 4, 4, 4, 4, 4, 5, 5]
[5, 5, 5, 5, 5, 5, 5, 5, 5, 5, 5, 5, 5, 5, 5, 5, 5, 5, 5, 5, 5, 5, 5, 5, 5, 5, 5, 5, 5, 5, 5, 5, 4, 4, 4, 4, 4, 4, 4, 4, 4, 4, 4, 4, 4, 4, 4, 4, 4, 4, 4, 4, 4, 4, 4, 4, 4, 4, 4, 4, 4, 4, 5, 5]
[5, 5, 5, 5, 9, 9, 9, 9, 9, 9, 5, 5, 9, 9, 9, 9, 9, 9, 5, 5, 8, 8, 8, 8, 8, 8, 5, 5, 5, 5, 5, 5, 4, 4, 4, 4, 8, 8, 8, 8, 8, 8, 4, 4, 9, 9, 9, 9, 9, 9, 4, 4, 8, 8, 8, 8, 8, 8, 4, 4, 4, 4, 5, 5]
[5, 5, 5, 5, 9, 9, 9, 9, 9, 9, 5, 5, 9, 9, 9, 9, 9, 9, 5, 5, 8, 8, 8, 8, 8, 8, 5, 5, 5, 5, 5, 5, 4, 4, 4, 4, 8, 8, 8, 8, 8, 8, 4, 4, 9, 9, 9, 9, 9, 9, 4, 4, 8, 8, 8, 8, 8, 8, 4, 4, 4, 4, 5, 5]
[5, 5, 5, 5, 9, 9, 9, 9, 9, 9, 5, 5, 9, 9, 9, 9, 9, 9, 5, 5, 8, 8, 8, 8, 8, 8, 5, 5, 5, 5, 5, 5, 4, 4, 4, 4, 8, 8, 8, 8, 8, 8, 4, 4, 9, 9, 9, 9, 9, 9, 4, 4, 8, 8, 8, 8, 8, 8, 4, 4, 4, 4, 5, 5]
[5, 5, 5, 5, 9, 9, 9, 9, 9, 9, 5, 5, 9, 9, 9, 9, 9, 9, 5, 5, 8, 8, 8, 8, 8, 8, 5, 5, 5, 5, 5, 5, 4, 4, 4, 4, 8, 8, 8, 8, 8, 8, 4, 4, 9, 9, 9, 9, 9, 9, 4, 4, 8, 8, 8, 8, 8, 8, 4, 4, 4, 4, 5, 5]
[5, 5, 5, 5, 9, 9, 9, 9, 9, 9, 5, 5, 9, 9, 9, 9, 9, 9, 5, 5, 8, 8, 8, 8, 8, 8, 5, 5, 5, 5, 5, 5, 2, 2, 4, 4, 8, 8, 8, 8, 8, 8, 4, 4, 9, 9, 9, 9, 9, 9, 4, 4, 8, 8, 8, 8, 8, 8, 4, 4, 2, 2, 5, 5]
[5, 5, 5, 5, 9, 9, 9, 9, 9, 9, 5, 5, 9, 9, 9, 9, 9, 9, 5, 5, 8, 8, 8, 8, 8, 8, 5, 5, 5, 5, 5, 5, 2, 2, 4, 4, 8, 8, 8, 8, 8, 8, 4, 4, 9, 9, 9, 9, 9, 9, 4, 4, 8, 8, 8, 8, 8, 8, 4, 4, 2, 2, 5, 5]
[5, 5, 5, 5, 5, 5, 5, 5, 5, 5, 5, 5, 5, 5, 5, 5, 5, 5, 5, 5, 5, 5, 5, 5, 5, 5, 5, 5, 5, 5, 5, 5, 2, 2, 4, 4, 4, 4, 4, 4, 4, 4, 4, 4, 4, 4, 4, 4, 4, 4, 4, 4, 4, 4, 4, 4, 4, 4, 4, 4, 2, 2, 5, 5]
[5, 5, 5, 5, 5, 5, 5, 5, 5, 5, 5, 5, 5, 5, 5, 5, 5, 5, 5, 5, 5, 5, 5, 5, 5, 5, 5, 5, 5, 5, 5, 5, 2, 2, 4, 4, 4, 4, 4, 4, 4, 4, 4, 4, 4, 4, 4, 4, 4, 4, 4, 4, 4, 4, 4, 4, 4, 4, 4, 4, 2, 2, 5, 5]
[5, 5, 5, 5, 5, 5, 5, 5, 5, 5, 5, 5, 5, 5, 5, 5, 5, 5, 5, 5, 5, 5, 5, 5, 5, 5, 5, 5, 5, 5, 5, 5, 2, 2, 2, 2, 2, 2, 4, 4, 4, 4, 4, 4, 4, 4, 4, 4, 4, 4, 4, 4, 4, 4, 4, 4, 2, 2, 2, 2, 2, 2, 5, 5]
[5, 5, 5, 5, 5, 5, 5, 5, 5, 5, 5, 5, 5, 5, 5, 5, 5, 5, 5, 5, 5, 5, 5, 5, 5, 5, 5, 5, 5, 5, 5, 5, 2, 2, 2, 2, 2, 2, 4, 4, 4, 4, 4, 4, 4, 4, 4, 4, 4, 4, 4, 4, 4, 4, 4, 4, 2, 2, 2, 2, 2, 2, 5, 5]
[5, 5, 5, 5, 5, 5, 5, 5, 5, 5, 5, 5, 5, 5, 5, 5, 5, 5, 5, 5, 5, 5, 5, 5, 5, 5, 5, 5, 5, 5, 5, 5, 5, 5, 5, 5, 5, 5, 5, 5, 5, 5, 5, 5, 5, 5, 5, 5, 5, 5, 5, 5, 5, 5, 5, 5, 5, 5, 5, 5, 5, 5, 5, 5]
[12, 12, 12, 12, 12, 12, 12, 12, 12, 12, 12, 12, 12, 12, 12, 12, 12, 12, 12, 12, 12, 12, 12, 12, 12, 12, 12, 12, 12, 12, 12, 12, 12, 12, 12, 12, 12, 12, 12, 12, 12, 12, 11, 11, 11, 11, 11, 11, 11, 11, 11, 11, 11, 11, 11, 11, 11, 11, 11, 11, 11, 11, 11, 11]
</grid_0>
",,0.0,False
12,ACTION6 x=48 y=38,manual,"State: NOT_FINISHED
Levels completed: 0/6
Action count: 12

========== Start of Direct Observation ==========
<grid_0>
[5, 5, 5, 5, 5, 5, 5, 5, 5, 5, 5, 5, 5, 5, 5, 5, 5, 5, 5, 5, 5, 5, 5, 5, 5, 5, 5, 5, 5, 5, 5, 5, 5, 5, 5, 5, 5, 5, 5, 5, 5, 5, 5, 5, 5, 5, 5, 5, 5, 5, 5, 5, 5, 5, 5, 5, 5, 5, 5, 5, 5, 5, 5, 5]
[5, 5, 5, 5, 5, 5, 5, 5, 5, 5, 5, 5, 5, 5, 5, 5, 5, 5, 5, 5, 5, 5, 5, 5, 5, 5, 5, 5, 5, 5, 5, 5, 5, 5, 5, 5, 5, 5, 5, 5, 5, 5, 5, 5, 5, 5, 5, 5, 5, 5, 5, 5, 5, 5, 5, 5, 5, 5, 5, 5, 5, 5, 5, 5]
[5, 5, 5, 5, 9, 9, 9, 9, 9, 9, 5, 5, 8, 8, 8, 8, 8, 8, 5, 5, 9, 9, 9, 9, 9, 9, 5, 5, 5, 5, 5, 5, 5, 5, 5, 5, 5, 5, 9, 9, 9, 9, 9, 9, 5, 5, 8, 8, 8, 8, 8, 8, 5, 5, 9, 9, 9, 9, 9, 9, 5, 5, 5, 5]
[5, 5, 5, 5, 9, 9, 9, 9, 9, 9, 5, 5, 8, 8, 8, 8, 8, 8, 5, 5, 9, 9, 9, 9, 9, 9, 5, 5, 5, 5, 5, 5, 5, 5, 5, 5, 5, 5, 9, 9, 9, 9, 9, 9, 5, 5, 8, 8, 8, 8, 8, 8, 5, 5, 9, 9, 9, 9, 9, 9, 5, 5, 5, 5]
[5, 5, 5, 5, 9, 9, 9, 9, 9, 9, 5, 5, 8, 8, 8, 8, 8, 8, 5, 5, 9, 9, 9, 9, 9, 9, 5, 5, 5, 5, 5, 5, 5, 5, 5, 5, 5, 5, 9, 9, 9, 9, 9, 9, 5, 5, 8, 8, 8, 8, 8, 8, 5, 5, 9, 9, 9, 9, 9, 9, 5, 5, 5, 5]
[5, 5, 5, 5, 9, 9, 9, 9, 9, 9, 5, 5, 8, 8, 8, 8, 8, 8, 5, 5, 9, 9, 9, 9, 9, 9, 5, 5, 5, 5, 5, 5, 5, 5, 5, 5, 5, 5, 9, 9, 9, 9, 9, 9, 5, 5, 8, 8, 8, 8, 8, 8, 5, 5, 9, 9, 9, 9, 9, 9, 5, 5, 5, 5]
[5, 5, 5, 5, 9, 9, 9, 9, 9, 9, 5, 5, 8, 8, 8, 8, 8, 8, 5, 5, 9, 9, 9, 9, 9, 9, 5, 5, 5, 5, 5, 5, 5, 5, 5, 5, 5, 5, 9, 9, 9, 9, 9, 9, 5, 5, 8, 8, 8, 8, 8, 8, 5, 5, 9, 9, 9, 9, 9, 9, 5, 5, 5, 5]
[5, 5, 5, 5, 9, 9, 9, 9, 9, 9, 5, 5, 8, 8, 8, 8, 8, 8, 5, 5, 9, 9, 9, 9, 9, 9, 5, 5, 5, 5, 5, 5, 5, 5, 5, 5, 5, 5, 9, 9, 9, 9, 9, 9, 5, 5, 8, 8, 8, 8, 8, 8, 5, 5, 9, 9, 9, 9, 9, 9, 5, 5, 5, 5]
[5, 5, 5, 5, 5, 5, 5, 5, 5, 5, 5, 5, 5, 5, 5, 5, 5, 5, 5, 5, 5, 5, 5, 5, 5, 5, 5, 5, 5, 5, 5, 5, 5, 5, 5, 5, 5, 5, 5, 5, 5, 5, 5, 5, 5, 5, 5, 5, 5, 5, 5, 5, 5, 5, 5, 5, 5, 5, 5, 5, 5, 5, 5, 5]
[5, 5, 5, 5, 5, 5, 5, 5, 5, 5, 5, 5, 5, 5, 5, 5, 5, 5, 5, 5, 5, 5, 5, 5, 5, 5, 5, 5, 5, 5, 5, 5, 5, 5, 5, 5, 5, 5, 5, 5, 5, 5, 5, 5, 5, 5, 5, 5, 5, 5, 5, 5, 5, 5, 5, 5, 5, 5, 5, 5, 5, 5, 5, 5]
[5, 5, 5, 5, 8, 8, 8, 8, 8, 8, 5, 5, 2, 2, 0, 0, 2, 2, 5, 5, 9, 9, 9, 9, 9, 9, 5, 5, 5, 5, 5, 5, 5, 5, 5, 5, 5, 5, 8, 8, 8, 8, 8, 8, 5, 5, 2, 2, 0, 0, 2, 2, 5, 5, 8, 8, 8, 8, 8, 8, 5, 5, 5, 5]
[5, 5, 5, 5, 8, 8, 8, 8, 8, 8, 5, 5, 2, 2, 0, 0, 2, 2, 5, 5, 9, 9, 9, 9, 9, 9, 5, 5, 5, 5, 5, 5, 5, 5, 5, 5, 5, 5, 8, 8, 8, 8, 8, 8, 5, 5, 2, 2, 0, 0, 2, 2, 5, 5, 8, 8, 8, 8, 8, 8, 5, 5, 5, 5]
[5, 5, 5, 5, 8, 8, 8, 8, 8, 8, 5, 5, 0, 0, 8, 8, 2, 2, 5, 5, 9, 9, 9, 9, 9, 9, 5, 5, 5, 5, 5, 5, 5, 5, 5, 5, 5, 5, 8, 8, 8, 8, 8, 8, 5, 5, 0, 0, 8, 8, 0, 0, 5, 5, 8, 8, 8, 8, 8, 8, 5, 5, 5, 5]
[5, 5, 5, 5, 8, 8, 8, 8, 8, 8, 5, 5, 0, 0, 8, 8, 2, 2, 5, 5, 9, 9, 9, 9, 9, 9, 5, 5, 5, 5, 5, 5, 5, 5, 5, 5, 5, 5, 8, 8, 8, 8, 8, 8, 5, 5, 0, 0, 8, 8, 0, 0, 5, 5, 8, 8, 8, 8, 8, 8, 5, 5, 5, 5]
[5, 5, 5, 5, 8, 8, 8, 8, 8, 8, 5, 5, 2, 2, 0, 0, 0, 0, 5, 5, 9, 9, 9, 9, 9, 9, 5, 5, 5, 5, 5, 5, 5, 5, 5, 5, 5, 5, 8, 8, 8, 8, 8, 8, 5, 5, 2, 2, 0, 0, 2, 2, 5, 5, 8, 8, 8, 8, 8, 8, 5, 5, 5, 5]
[5, 5, 5, 5, 8, 8, 8, 8, 8, 8, 5, 5, 2, 2, 0, 0, 0, 0, 5, 5, 9, 9, 9, 9, 9, 9, 5, 5, 5, 5, 5, 5, 5, 5, 5, 5, 5, 5, 8, 8, 8, 8, 8, 8, 5, 5, 2, 2, 0, 0, 2, 2, 5, 5, 8, 8, 8, 8, 8, 8, 5, 5, 5, 5]
[5, 5, 5, 5, 5, 5, 5, 5, 5, 5, 5, 5, 5, 5, 5, 5, 5, 5, 5, 5, 5, 5, 5, 5, 5, 5, 5, 5, 5, 5, 5, 5, 5, 5, 5, 5, 5, 5, 5, 5, 5, 5, 5, 5, 5, 5, 5, 5, 5, 5, 5, 5, 5, 5, 5, 5, 5, 5, 5, 5, 5, 5, 5, 5]
[5, 5, 5, 5, 5, 5, 5, 5, 5, 5, 5, 5, 5, 5, 5, 5, 5, 5, 5, 5, 5, 5, 5, 5, 5, 5, 5, 5, 5, 5, 5, 5, 5, 5, 5, 5, 5, 5, 5, 5, 5, 5, 5, 5, 5, 5, 5, 5, 5, 5, 5, 5, 5, 5, 5, 5, 5, 5, 5, 5, 5, 5, 5, 5]
[5, 5, 5, 5, 9, 9, 9, 9, 9, 9, 5, 5, 8, 8, 8, 8, 8, 8, 5, 5, 8, 8, 8, 8, 8, 8, 5, 5, 5, 5, 5, 5, 5, 5, 5, 5, 5, 5, 9, 9, 9, 9, 9, 9, 5, 5, 8, 8, 8, 8, 8, 8, 5, 5, 9, 9, 9, 9, 9, 9, 5, 5, 5, 5]
[5, 5, 5, 5, 9, 9, 9, 9, 9, 9, 5, 5, 8, 8, 8, 8, 8, 8, 5, 5, 8, 8, 8, 8, 8, 8, 5, 5, 5, 5, 5, 5, 5, 5, 5, 5, 5, 5, 9, 9, 9, 9, 9, 9, 5, 5, 8, 8, 8, 8, 8, 8, 5, 5, 9, 9, 9, 9, 9, 9, 5, 5, 5, 5]
[5, 5, 5, 5, 9, 9, 9, 9, 9, 9, 5, 5, 8, 8, 8, 8, 8, 8, 5, 5, 8, 8, 8, 8, 8, 8, 5, 5, 5, 5, 5, 5, 5, 5, 5, 5, 5, 5, 9, 9, 9, 9, 9, 9, 5, 5, 8, 8, 8, 8, 8, 8, 5, 5, 9, 9, 9, 9, 9, 9, 5, 5, 5, 5]
[5, 5, 5, 5, 9, 9, 9, 9, 9, 9, 5, 5, 8, 8, 8, 8, 8, 8, 5, 5, 8, 8, 8, 8, 8, 8, 5, 5, 5, 5, 5, 5, 5, 5, 5, 5, 5, 5, 9, 9, 9, 9, 9, 9, 5, 5, 8, 8, 8, 8, 8, 8, 5, 5, 9, 9, 9, 9, 9, 9, 5, 5, 5, 5]
[5, 5, 5, 5, 9, 9, 9, 9, 9, 9, 5, 5, 8, 8, 8, 8, 8, 8, 5, 5, 8, 8, 8, 8, 8, 8, 5, 5, 5, 5, 5, 5, 5, 5, 5, 5, 5, 5, 9, 9, 9, 9, 9, 9, 5, 5, 8, 8, 8, 8, 8, 8, 5, 5, 9, 9, 9, 9, 9, 9, 5, 5, 5, 5]
[5, 5, 5, 5, 9, 9, 9, 9, 9, 9, 5, 5, 8, 8, 8, 8, 8, 8, 5, 5, 8, 8, 8, 8, 8, 8, 5, 5, 5, 5, 5, 5, 5, 5, 5, 5, 5, 5, 9, 9, 9, 9, 9, 9, 5, 5, 8, 8, 8, 8, 8, 8, 5, 5, 9, 9, 9, 9, 9, 9, 5, 5, 5, 5]
[5, 5, 5, 5, 5, 5, 5, 5, 5, 5, 5, 5, 5, 5, 5, 5, 5, 5, 5, 5, 5, 5, 5, 5, 5, 5, 5, 5, 5, 5, 5, 5, 5, 5, 5, 5, 5, 5, 5, 5, 5, 5, 5, 5, 5, 5, 5, 5, 5, 5, 5, 5, 5, 5, 5, 5, 5, 5, 5, 5, 5, 5, 5, 5]
[5, 5, 5, 5, 5, 5, 5, 5, 5, 5, 5, 5, 5, 5, 5, 5, 5, 5, 5, 5, 5, 5, 5, 5, 5, 5, 5, 5, 5, 5, 5, 5, 5, 5, 5, 5, 5, 5, 5, 5, 5, 5, 5, 5, 5, 5, 5, 5, 5, 5, 5, 5, 5, 5, 5, 5, 5, 5, 5, 5, 5, 5, 5, 5]
[5, 5, 5, 5, 5, 5, 5, 5, 5, 5, 5, 5, 5, 5, 5, 5, 5, 5, 5, 5, 5, 5, 5, 5, 5, 5, 5, 5, 5, 5, 5, 5, 5, 5, 5, 5, 5, 5, 5, 5, 5, 5, 5, 5, 5, 5, 5, 5, 5, 5, 5, 5, 5, 5, 5, 5, 5, 5, 5, 5, 5, 5, 5, 5]
[5, 5, 5, 5, 5, 5, 5, 5, 5, 5, 5, 5, 5, 5, 5, 5, 5, 5, 5, 5, 5, 5, 5, 5, 5, 5, 5, 5, 5, 5, 5, 5, 5, 5, 5, 5, 5, 5, 5, 5, 5, 5, 5, 5, 5, 5, 5, 5, 5, 5, 5, 5, 5, 5, 5, 5, 5, 5, 5, 5, 5, 5, 5, 5]
[5, 5, 5, 5, 5, 5, 5, 5, 5, 5, 5, 5, 5, 5, 5, 5, 5, 5, 5, 5, 5, 5, 5, 5, 5, 5, 5, 5, 5, 5, 5, 5, 5, 5, 5, 5, 5, 5, 5, 5, 5, 5, 5, 5, 5, 5, 5, 5, 5, 5, 5, 5, 5, 5, 5, 5, 5, 5, 5, 5, 5, 5, 5, 5]
[5, 5, 5, 5, 5, 5, 5, 5, 5, 5, 5, 5, 5, 5, 5, 5, 5, 5, 5, 5, 5, 5, 5, 5, 5, 5, 5, 5, 5, 5, 5, 5, 5, 5, 5, 5, 5, 5, 5, 5, 5, 5, 5, 5, 5, 5, 5, 5, 5, 5, 5, 5, 5, 5, 5, 5, 5, 5, 5, 5, 5, 5, 5, 5]
[5, 5, 5, 5, 5, 5, 5, 5, 5, 5, 5, 5, 5, 5, 5, 5, 5, 5, 5, 5, 5, 5, 5, 5, 5, 5, 5, 5, 5, 5, 5, 5, 5, 5, 5, 5, 5, 5, 5, 5, 5, 5, 5, 5, 5, 5, 5, 5, 5, 5, 5, 5, 5, 5, 5, 5, 5, 5, 5, 5, 5, 5, 5, 5]
[5, 5, 5, 5, 5, 5, 5, 5, 5, 5, 5, 5, 5, 5, 5, 5, 5, 5, 5, 5, 5, 5, 5, 5, 5, 5, 5, 5, 5, 5, 5, 5, 5, 5, 5, 5, 5, 5, 5, 5, 5, 5, 5, 5, 5, 5, 5, 5, 5, 5, 5, 5, 5, 5, 5, 5, 5, 5, 5, 5, 5, 5, 5, 5]
[5, 5, 5, 5, 5, 5, 5, 5, 5, 5, 5, 5, 5, 5, 5, 5, 5, 5, 5, 5, 5, 5, 5, 5, 5, 5, 5, 5, 5, 5, 5, 5, 2, 2, 2, 2, 2, 2, 4, 4, 4, 4, 4, 4, 4, 4, 4, 4, 4, 4, 4, 4, 4, 4, 4, 4, 2, 2, 2, 2, 2, 2, 5, 5]
[5, 5, 5, 5, 5, 5, 5, 5, 5, 5, 5, 5, 5, 5, 5, 5, 5, 5, 5, 5, 5, 5, 5, 5, 5, 5, 5, 5, 5, 5, 5, 5, 2, 2, 2, 2, 2, 2, 4, 4, 4, 4, 4, 4, 4, 4, 4, 4, 4, 4, 4, 4, 4, 4, 4, 4, 2, 2, 2, 2, 2, 2, 5, 5]
[5, 5, 5, 5, 5, 5, 5, 5, 5, 5, 5, 5, 5, 5, 5, 5, 5, 5, 5, 5, 5, 5, 5, 5, 5, 5, 5, 5, 5, 5, 5, 5, 2, 2, 4, 4, 4, 4, 4, 4, 4, 4, 4, 4, 4, 4, 4, 4, 4, 4, 4, 4, 4, 4, 4, 4, 4, 4, 4, 4, 2, 2, 5, 5]
[5, 5, 5, 5, 5, 5, 5, 5, 5, 5, 5, 5, 5, 5, 5, 5, 5, 5, 5, 5, 5, 5, 5, 5, 5, 5, 5, 5, 5, 5, 5, 5, 2, 2, 4, 4, 4, 4, 4, 4, 4, 4, 4, 4, 4, 4, 4, 4, 4, 4, 4, 4, 4, 4, 4, 4, 4, 4, 4, 4, 2, 2, 5, 5]
[5, 5, 5, 5, 8, 8, 8, 8, 8, 8, 5, 5, 9, 9, 9, 9, 9, 9, 5, 5, 9, 9, 9, 9, 9, 9, 5, 5, 5, 5, 5, 5, 2, 2, 4, 4, 8, 8, 8, 8, 8, 8, 4, 4, 8, 8, 8, 8, 8, 8, 4, 4, 9, 9, 9, 9, 9, 9, 4, 4, 2, 2, 5, 5]
[5, 5, 5, 5, 8, 8, 8, 8, 8, 8, 5, 5, 9, 9, 9, 9, 9, 9, 5, 5, 9, 9, 9, 9, 9, 9, 5, 5, 5, 5, 5, 5, 2, 2, 4, 4, 8, 8, 8, 8, 8, 8, 4, 4, 8, 8, 8, 8, 8, 8, 4, 4, 9, 9, 9, 9, 9, 9, 4, 4, 2, 2, 5, 5]
[5, 5, 5, 5, 8, 8, 8, 8, 8, 8, 5, 5, 9, 9, 9, 9, 9, 9, 5, 5, 9, 9, 9, 9, 9, 9, 5, 5, 5, 5, 5, 5, 4, 4, 4, 4, 8, 8, 8, 8, 8, 8, 4, 4, 8, 8, 8, 8, 8, 8, 4, 4, 9, 9, 9, 9, 9, 9, 4, 4, 4, 4, 5, 5]
[5, 5, 5, 5, 8, 8, 8, 8, 8, 8, 5, 5, 9, 9, 9, 9, 9, 9, 5, 5, 9, 9, 9, 9, 9, 9, 5, 5, 5, 5, 5, 5, 4, 4, 4, 4, 8, 8, 8, 8, 8, 8, 4, 4, 8, 8, 8, 8, 8, 8, 4, 4, 9, 9, 9, 9, 9, 9, 4, 4, 4, 4, 5, 5]
[5, 5, 5, 5, 8, 8, 8, 8, 8, 8, 5, 5, 9, 9, 9, 9, 9, 9, 5, 5, 9, 9, 9, 9, 9, 9, 5, 5, 5, 5, 5, 5, 4, 4, 4, 4, 8, 8, 8, 8, 8, 8, 4, 4, 8, 8, 8, 8, 8, 8, 4, 4, 9, 9, 9, 9, 9, 9, 4, 4, 4, 4, 5, 5]
[5, 5, 5, 5, 8, 8, 8, 8, 8, 8, 5, 5, 9, 9, 9, 9, 9, 9, 5, 5, 9, 9, 9, 9, 9, 9, 5, 5, 5, 5, 5, 5, 4, 4, 4, 4, 8, 8, 8, 8, 8, 8, 4, 4, 8, 8, 8, 8, 8, 8, 4, 4, 9, 9, 9, 9, 9, 9, 4, 4, 4, 4, 5, 5]
[5, 5, 5, 5, 5, 5, 5, 5, 5, 5, 5, 5, 5, 5, 5, 5, 5, 5, 5, 5, 5, 5, 5, 5, 5, 5, 5, 5, 5, 5, 5, 5, 4, 4, 4, 4, 4, 4, 4, 4, 4, 4, 4, 4, 4, 4, 4, 4, 4, 4, 4, 4, 4, 4, 4, 4, 4, 4, 4, 4, 4, 4, 5, 5]
[5, 5, 5, 5, 5, 5, 5, 5, 5, 5, 5, 5, 5, 5, 5, 5, 5, 5, 5, 5, 5, 5, 5, 5, 5, 5, 5, 5, 5, 5, 5, 5, 4, 4, 4, 4, 4, 4, 4, 4, 4, 4, 4, 4, 4, 4, 4, 4, 4, 4, 4, 4, 4, 4, 4, 4, 4, 4, 4, 4, 4, 4, 5, 5]
[5, 5, 5, 5, 8, 8, 8, 8, 8, 8, 5, 5, 0, 0, 2, 2, 2, 2, 5, 5, 8, 8, 8, 8, 8, 8, 5, 5, 5, 5, 5, 5, 4, 4, 4, 4, 8, 8, 8, 8, 8, 8, 4, 4, 0, 0, 2, 2, 2, 2, 4, 4, 8, 8, 8, 8, 8, 8, 4, 4, 4, 4, 5, 5]
[5, 5, 5, 5, 8, 8, 8, 8, 8, 8, 5, 5, 0, 0, 2, 2, 2, 2, 5, 5, 8, 8, 8, 8, 8, 8, 5, 5, 5, 5, 5, 5, 4, 4, 4, 4, 8, 8, 8, 8, 8, 8, 4, 4, 0, 0, 2, 2, 2, 2, 4, 4, 8, 8, 8, 8, 8, 8, 4, 4, 4, 4, 5, 5]
[5, 5, 5, 5, 8, 8, 8, 8, 8, 8, 5, 5, 0, 0, 8, 8, 0, 0, 5, 5, 8, 8, 8, 8, 8, 8, 5, 5, 5, 5, 5, 5, 4, 4, 4, 4, 8, 8, 8, 8, 8, 8, 4, 4, 0, 0, 8, 8, 0, 0, 4, 4, 8, 8, 8, 8, 8, 8, 4, 4, 4, 4, 5, 5]
[5, 5, 5, 5, 8, 8, 8, 8, 8, 8, 5, 5, 0, 0, 8, 8, 0, 0, 5, 5, 8, 8, 8, 8, 8, 8, 5, 5, 5, 5, 5, 5, 4, 4, 4, 4, 8, 8, 8, 8, 8, 8, 4, 4, 0, 0, 8, 8, 0, 0, 4, 4, 8, 8, 8, 8, 8, 8, 4, 4, 4, 4, 5, 5]
[5, 5, 5, 5, 8, 8, 8, 8, 8, 8, 5, 5, 2, 2, 2, 2, 0, 0, 5, 5, 8, 8, 8, 8, 8, 8, 5, 5, 5, 5, 5, 5, 4, 4, 4, 4, 8, 8, 8, 8, 8, 8, 4, 4, 0, 0, 2, 2, 2, 2, 4, 4, 8, 8, 8, 8, 8, 8, 4, 4, 4, 4, 5, 5]
[5, 5, 5, 5, 8, 8, 8, 8, 8, 8, 5, 5, 2, 2, 2, 2, 0, 0, 5, 5, 8, 8, 8, 8, 8, 8, 5, 5, 5, 5, 5, 5, 4, 4, 4, 4, 8, 8, 8, 8, 8, 8, 4, 4, 0, 0, 2, 2, 2, 2, 4, 4, 8, 8, 8, 8, 8, 8, 4, 4, 4, 4, 5, 5]
[5, 5, 5, 5, 5, 5, 5, 5, 5, 5, 5, 5, 5, 5, 5, 5, 5, 5, 5, 5, 5, 5, 5, 5, 5, 5, 5, 5, 5, 5, 5, 5, 4, 4, 4, 4, 4, 4, 4, 4, 4, 4, 4, 4, 4, 4, 4, 4, 4, 4, 4, 4, 4, 4, 4, 4, 4, 4, 4, 4, 4, 4, 5, 5]
[5, 5, 5, 5, 5, 5, 5, 5, 5, 5, 5, 5, 5, 5, 5, 5, 5, 5, 5, 5, 5, 5, 5, 5, 5, 5, 5, 5, 5, 5, 5, 5, 4, 4, 4, 4, 4, 4, 4, 4, 4, 4, 4, 4, 4, 4, 4, 4, 4, 4, 4, 4, 4, 4, 4, 4, 4, 4, 4, 4, 4, 4, 5, 5]
[5, 5, 5, 5, 9, 9, 9, 9, 9, 9, 5, 5, 9, 9, 9, 9, 9, 9, 5, 5, 8, 8, 8, 8, 8, 8, 5, 5, 5, 5, 5, 5, 4, 4, 4, 4, 8, 8, 8, 8, 8, 8, 4, 4, 9, 9, 9, 9, 9, 9, 4, 4, 8, 8, 8, 8, 8, 8, 4, 4, 4, 4, 5, 5]
[5, 5, 5, 5, 9, 9, 9, 9, 9, 9, 5, 5, 9, 9, 9, 9, 9, 9, 5, 5, 8, 8, 8, 8, 8, 8, 5, 5, 5, 5, 5, 5, 4, 4, 4, 4, 8, 8, 8, 8, 8, 8, 4, 4, 9, 9, 9, 9, 9, 9, 4, 4, 8, 8, 8, 8, 8, 8, 4, 4, 4, 4, 5, 5]
[5, 5, 5, 5, 9, 9, 9, 9, 9, 9, 5, 5, 9, 9, 9, 9, 9, 9, 5, 5, 8, 8, 8, 8, 8, 8, 5, 5, 5, 5, 5, 5, 4, 4, 4, 4, 8, 8, 8, 8, 8, 8, 4, 4, 9, 9, 9, 9, 9, 9, 4, 4, 8, 8, 8, 8, 8, 8, 4, 4, 4, 4, 5, 5]
[5, 5, 5, 5, 9, 9, 9, 9, 9, 9, 5, 5, 9, 9, 9, 9, 9, 9, 5, 5, 8, 8, 8, 8, 8, 8, 5, 5, 5, 5, 5, 5, 4, 4, 4, 4, 8, 8, 8, 8, 8, 8, 4, 4, 9, 9, 9, 9, 9, 9, 4, 4, 8, 8, 8, 8, 8, 8, 4, 4, 4, 4, 5, 5]
[5, 5, 5, 5, 9, 9, 9, 9, 9, 9, 5, 5, 9, 9, 9, 9, 9, 9, 5, 5, 8, 8, 8, 8, 8, 8, 5, 5, 5, 5, 5, 5, 2, 2, 4, 4, 8, 8, 8, 8, 8, 8, 4, 4, 9, 9, 9, 9, 9, 9, 4, 4, 8, 8, 8, 8, 8, 8, 4, 4, 2, 2, 5, 5]
[5, 5, 5, 5, 9, 9, 9, 9, 9, 9, 5, 5, 9, 9, 9, 9, 9, 9, 5, 5, 8, 8, 8, 8, 8, 8, 5, 5, 5, 5, 5, 5, 2, 2, 4, 4, 8, 8, 8, 8, 8, 8, 4, 4, 9, 9, 9, 9, 9, 9, 4, 4, 8, 8, 8, 8, 8, 8, 4, 4, 2, 2, 5, 5]
[5, 5, 5, 5, 5, 5, 5, 5, 5, 5, 5, 5, 5, 5, 5, 5, 5, 5, 5, 5, 5, 5, 5, 5, 5, 5, 5, 5, 5, 5, 5, 5, 2, 2, 4, 4, 4, 4, 4, 4, 4, 4, 4, 4, 4, 4, 4, 4, 4, 4, 4, 4, 4, 4, 4, 4, 4, 4, 4, 4, 2, 2, 5, 5]
[5, 5, 5, 5, 5, 5, 5, 5, 5, 5, 5, 5, 5, 5, 5, 5, 5, 5, 5, 5, 5, 5, 5, 5, 5, 5, 5, 5, 5, 5, 5, 5, 2, 2, 4, 4, 4, 4, 4, 4, 4, 4, 4, 4, 4, 4, 4, 4, 4, 4, 4, 4, 4, 4, 4, 4, 4, 4, 4, 4, 2, 2, 5, 5]
[5, 5, 5, 5, 5, 5, 5, 5, 5, 5, 5, 5, 5, 5, 5, 5, 5, 5, 5, 5, 5, 5, 5, 5, 5, 5, 5, 5, 5, 5, 5, 5, 2, 2, 2, 2, 2, 2, 4, 4, 4, 4, 4, 4, 4, 4, 4, 4, 4, 4, 4, 4, 4, 4, 4, 4, 2, 2, 2, 2, 2, 2, 5, 5]
[5, 5, 5, 5, 5, 5, 5, 5, 5, 5, 5, 5, 5, 5, 5, 5, 5, 5, 5, 5, 5, 5, 5, 5, 5, 5, 5, 5, 5, 5, 5, 5, 2, 2, 2, 2, 2, 2, 4, 4, 4, 4, 4, 4, 4, 4, 4, 4, 4, 4, 4, 4, 4, 4, 4, 4, 2, 2, 2, 2, 2, 2, 5, 5]
[5, 5, 5, 5, 5, 5, 5, 5, 5, 5, 5, 5, 5, 5, 5, 5, 5, 5, 5, 5, 5, 5, 5, 5, 5, 5, 5, 5, 5, 5, 5, 5, 5, 5, 5, 5, 5, 5, 5, 5, 5, 5, 5, 5, 5, 5, 5, 5, 5, 5, 5, 5, 5, 5, 5, 5, 5, 5, 5, 5, 5, 5, 5, 5]
[12, 12, 12, 12, 12, 12, 12, 12, 12, 12, 12, 12, 12, 12, 12, 12, 12, 12, 12, 12, 12, 12, 12, 12, 12, 12, 12, 12, 12, 12, 12, 12, 12, 12, 12, 12, 12, 12, 12, 12, 11, 11, 11, 11, 11, 11, 11, 11, 11, 11, 11, 11, 11, 11, 11, 11, 11, 11, 11, 11, 11, 11, 11, 11]
</grid_0>
",,0.0,False
13,ACTION6 x=48 y=38,manual,"State: NOT_FINISHED
Levels completed: 0/6
Action count: 13

========== Start of Direct Observation ==========
<grid_0>
[5, 5, 5, 5, 5, 5, 5, 5, 5, 5, 5, 5, 5, 5, 5, 5, 5, 5, 5, 5, 5, 5, 5, 5, 5, 5, 5, 5, 5, 5, 5, 5, 5, 5, 5, 5, 5, 5, 5, 5, 5, 5, 5, 5, 5, 5, 5, 5, 5, 5, 5, 5, 5, 5, 5, 5, 5, 5, 5, 5, 5, 5, 5, 5]
[5, 5, 5, 5, 5, 5, 5, 5, 5, 5, 5, 5, 5, 5, 5, 5, 5, 5, 5, 5, 5, 5, 5, 5, 5, 5, 5, 5, 5, 5, 5, 5, 5, 5, 5, 5, 5, 5, 5, 5, 5, 5, 5, 5, 5, 5, 5, 5, 5, 5, 5, 5, 5, 5, 5, 5, 5, 5, 5, 5, 5, 5, 5, 5]
[5, 5, 5, 5, 9, 9, 9, 9, 9, 9, 5, 5, 8, 8, 8, 8, 8, 8, 5, 5, 9, 9, 9, 9, 9, 9, 5, 5, 5, 5, 5, 5, 5, 5, 5, 5, 5, 5, 9, 9, 9, 9, 9, 9, 5, 5, 8, 8, 8, 8, 8, 8, 5, 5, 9, 9, 9, 9, 9, 9, 5, 5, 5, 5]
[5, 5, 5, 5, 9, 9, 9, 9, 9, 9, 5, 5, 8, 8, 8, 8, 8, 8, 5, 5, 9, 9, 9, 9, 9, 9, 5, 5, 5, 5, 5, 5, 5, 5, 5, 5, 5, 5, 9, 9, 9, 9, 9, 9, 5, 5, 8, 8, 8, 8, 8, 8, 5, 5, 9, 9, 9, 9, 9, 9, 5, 5, 5, 5]
[5, 5, 5, 5, 9, 9, 9, 9, 9, 9, 5, 5, 8, 8, 8, 8, 8, 8, 5, 5, 9, 9, 9, 9, 9, 9, 5, 5, 5, 5, 5, 5, 5, 5, 5, 5, 5, 5, 9, 9, 9, 9, 9, 9, 5, 5, 8, 8, 8, 8, 8, 8, 5, 5, 9, 9, 9, 9, 9, 9, 5, 5, 5, 5]
[5, 5, 5, 5, 9, 9, 9, 9, 9, 9, 5, 5, 8, 8, 8, 8, 8, 8, 5, 5, 9, 9, 9, 9, 9, 9, 5, 5, 5, 5, 5, 5, 5, 5, 5, 5, 5, 5, 9, 9, 9, 9, 9, 9, 5, 5, 8, 8, 8, 8, 8, 8, 5, 5, 9, 9, 9, 9, 9, 9, 5, 5, 5, 5]
[5, 5, 5, 5, 9, 9, 9, 9, 9, 9, 5, 5, 8, 8, 8, 8, 8, 8, 5, 5, 9, 9, 9, 9, 9, 9, 5, 5, 5, 5, 5, 5, 5, 5, 5, 5, 5, 5, 9, 9, 9, 9, 9, 9, 5, 5, 8, 8, 8, 8, 8, 8, 5, 5, 9, 9, 9, 9, 9, 9, 5, 5, 5, 5]
[5, 5, 5, 5, 9, 9, 9, 9, 9, 9, 5, 5, 8, 8, 8, 8, 8, 8, 5, 5, 9, 9, 9, 9, 9, 9, 5, 5, 5, 5, 5, 5, 5, 5, 5, 5, 5, 5, 9, 9, 9, 9, 9, 9, 5, 5, 8, 8, 8, 8, 8, 8, 5, 5, 9, 9, 9, 9, 9, 9, 5, 5, 5, 5]
[5, 5, 5, 5, 5, 5, 5, 5, 5, 5, 5, 5, 5, 5, 5, 5, 5, 5, 5, 5, 5, 5, 5, 5, 5, 5, 5, 5, 5, 5, 5, 5, 5, 5, 5, 5, 5, 5, 5, 5, 5, 5, 5, 5, 5, 5, 5, 5, 5, 5, 5, 5, 5, 5, 5, 5, 5, 5, 5, 5, 5, 5, 5, 5]
[5, 5, 5, 5, 5, 5, 5, 5, 5, 5, 5, 5, 5, 5, 5, 5, 5, 5, 5, 5, 5, 5, 5, 5, 5, 5, 5, 5, 5, 5, 5, 5, 5, 5, 5, 5, 5, 5, 5, 5, 5, 5, 5, 5, 5, 5, 5, 5, 5, 5, 5, 5, 5, 5, 5, 5, 5, 5, 5, 5, 5, 5, 5, 5]
[5, 5, 5, 5, 8, 8, 8, 8, 8, 8, 5, 5, 2, 2, 0, 0, 2, 2, 5, 5, 9, 9, 9, 9, 9, 9, 5, 5, 5, 5, 5, 5, 5, 5, 5, 5, 5, 5, 8, 8, 8, 8, 8, 8, 5, 5, 2, 2, 0, 0, 2, 2, 5, 5, 8, 8, 8, 8, 8, 8, 5, 5, 5, 5]
[5, 5, 5, 5, 8, 8, 8, 8, 8, 8, 5, 5, 2, 2, 0, 0, 2, 2, 5, 5, 9, 9, 9, 9, 9, 9, 5, 5, 5, 5, 5, 5, 5, 5, 5, 5, 5, 5, 8, 8, 8, 8, 8, 8, 5, 5, 2, 2, 0, 0, 2, 2, 5, 5, 8, 8, 8, 8, 8, 8, 5, 5, 5, 5]
[5, 5, 5, 5, 8, 8, 8, 8, 8, 8, 5, 5, 0, 0, 8, 8, 2, 2, 5, 5, 9, 9, 9, 9, 9, 9, 5, 5, 5, 5, 5, 5, 5, 5, 5, 5, 5, 5, 8, 8, 8, 8, 8, 8, 5, 5, 0, 0, 8, 8, 0, 0, 5, 5, 8, 8, 8, 8, 8, 8, 5, 5, 5, 5]
[5, 5, 5, 5, 8, 8, 8, 8, 8, 8, 5, 5, 0, 0, 8, 8, 2, 2, 5, 5, 9, 9, 9, 9, 9, 9, 5, 5, 5, 5, 5, 5, 5, 5, 5, 5, 5, 5, 8, 8, 8, 8, 8, 8, 5, 5, 0, 0, 8, 8, 0, 0, 5, 5, 8, 8, 8, 8, 8, 8, 5, 5, 5, 5]
[5, 5, 5, 5, 8, 8, 8, 8, 8, 8, 5, 5, 2, 2, 0, 0, 0, 0, 5, 5, 9, 9, 9, 9, 9, 9, 5, 5, 5, 5, 5, 5, 5, 5, 5, 5, 5, 5, 8, 8, 8, 8, 8, 8, 5, 5, 2, 2, 0, 0, 2, 2, 5, 5, 8, 8, 8, 8, 8, 8, 5, 5, 5, 5]
[5, 5, 5, 5, 8, 8, 8, 8, 8, 8, 5, 5, 2, 2, 0, 0, 0, 0, 5, 5, 9, 9, 9, 9, 9, 9, 5, 5, 5, 5, 5, 5, 5, 5, 5, 5, 5, 5, 8, 8, 8, 8, 8, 8, 5, 5, 2, 2, 0, 0, 2, 2, 5, 5, 8, 8, 8, 8, 8, 8, 5, 5, 5, 5]
[5, 5, 5, 5, 5, 5, 5, 5, 5, 5, 5, 5, 5, 5, 5, 5, 5, 5, 5, 5, 5, 5, 5, 5, 5, 5, 5, 5, 5, 5, 5, 5, 5, 5, 5, 5, 5, 5, 5, 5, 5, 5, 5, 5, 5, 5, 5, 5, 5, 5, 5, 5, 5, 5, 5, 5, 5, 5, 5, 5, 5, 5, 5, 5]
[5, 5, 5, 5, 5, 5, 5, 5, 5, 5, 5, 5, 5, 5, 5, 5, 5, 5, 5, 5, 5, 5, 5, 5, 5, 5, 5, 5, 5, 5, 5, 5, 5, 5, 5, 5, 5, 5, 5, 5, 5, 5, 5, 5, 5, 5, 5, 5, 5, 5, 5, 5, 5, 5, 5, 5, 5, 5, 5, 5, 5, 5, 5, 5]
[5, 5, 5, 5, 9, 9, 9, 9, 9, 9, 5, 5, 8, 8, 8, 8, 8, 8, 5, 5, 8, 8, 8, 8, 8, 8, 5, 5, 5, 5, 5, 5, 5, 5, 5, 5, 5, 5, 9, 9, 9, 9, 9, 9, 5, 5, 8, 8, 8, 8, 8, 8, 5, 5, 9, 9, 9, 9, 9, 9, 5, 5, 5, 5]
[5, 5, 5, 5, 9, 9, 9, 9, 9, 9, 5, 5, 8, 8, 8, 8, 8, 8, 5, 5, 8, 8, 8, 8, 8, 8, 5, 5, 5, 5, 5, 5, 5, 5, 5, 5, 5, 5, 9, 9, 9, 9, 9, 9, 5, 5, 8, 8, 8, 8, 8, 8, 5, 5, 9, 9, 9, 9, 9, 9, 5, 5, 5, 5]
[5, 5, 5, 5, 9, 9, 9, 9, 9, 9, 5, 5, 8, 8, 8, 8, 8, 8, 5, 5, 8, 8, 8, 8, 8, 8, 5, 5, 5, 5, 5, 5, 5, 5, 5, 5, 5, 5, 9, 9, 9, 9, 9, 9, 5, 5, 8, 8, 8, 8, 8, 8, 5, 5, 9, 9, 9, 9, 9, 9, 5, 5, 5, 5]
[5, 5, 5, 5, 9, 9, 9, 9, 9, 9, 5, 5, 8, 8, 8, 8, 8, 8, 5, 5, 8, 8, 8, 8, 8, 8, 5, 5, 5, 5, 5, 5, 5, 5, 5, 5, 5, 5, 9, 9, 9, 9, 9, 9, 5, 5, 8, 8, 8, 8, 8, 8, 5, 5, 9, 9, 9, 9, 9, 9, 5, 5, 5, 5]
[5, 5, 5, 5, 9, 9, 9, 9, 9, 9, 5, 5, 8, 8, 8, 8, 8, 8, 5, 5, 8, 8, 8, 8, 8, 8, 5, 5, 5, 5, 5, 5, 5, 5, 5, 5, 5, 5, 9, 9, 9, 9, 9, 9, 5, 5, 8, 8, 8, 8, 8, 8, 5, 5, 9, 9, 9, 9, 9, 9, 5, 5, 5, 5]
[5, 5, 5, 5, 9, 9, 9, 9, 9, 9, 5, 5, 8, 8, 8, 8, 8, 8, 5, 5, 8, 8, 8, 8, 8, 8, 5, 5, 5, 5, 5, 5, 5, 5, 5, 5, 5, 5, 9, 9, 9, 9, 9, 9, 5, 5, 8, 8, 8, 8, 8, 8, 5, 5, 9, 9, 9, 9, 9, 9, 5, 5, 5, 5]
[5, 5, 5, 5, 5, 5, 5, 5, 5, 5, 5, 5, 5, 5, 5, 5, 5, 5, 5, 5, 5, 5, 5, 5, 5, 5, 5, 5, 5, 5, 5, 5, 5, 5, 5, 5, 5, 5, 5, 5, 5, 5, 5, 5, 5, 5, 5, 5, 5, 5, 5, 5, 5, 5, 5, 5, 5, 5, 5, 5, 5, 5, 5, 5]
[5, 5, 5, 5, 5, 5, 5, 5, 5, 5, 5, 5, 5, 5, 5, 5, 5, 5, 5, 5, 5, 5, 5, 5, 5, 5, 5, 5, 5, 5, 5, 5, 5, 5, 5, 5, 5, 5, 5, 5, 5, 5, 5, 5, 5, 5, 5, 5, 5, 5, 5, 5, 5, 5, 5, 5, 5, 5, 5, 5, 5, 5, 5, 5]
[5, 5, 5, 5, 5, 5, 5, 5, 5, 5, 5, 5, 5, 5, 5, 5, 5, 5, 5, 5, 5, 5, 5, 5, 5, 5, 5, 5, 5, 5, 5, 5, 5, 5, 5, 5, 5, 5, 5, 5, 5, 5, 5, 5, 5, 5, 5, 5, 5, 5, 5, 5, 5, 5, 5, 5, 5, 5, 5, 5, 5, 5, 5, 5]
[5, 5, 5, 5, 5, 5, 5, 5, 5, 5, 5, 5, 5, 5, 5, 5, 5, 5, 5, 5, 5, 5, 5, 5, 5, 5, 5, 5, 5, 5, 5, 5, 5, 5, 5, 5, 5, 5, 5, 5, 5, 5, 5, 5, 5, 5, 5, 5, 5, 5, 5, 5, 5, 5, 5, 5, 5, 5, 5, 5, 5, 5, 5, 5]
[5, 5, 5, 5, 5, 5, 5, 5, 5, 5, 5, 5, 5, 5, 5, 5, 5, 5, 5, 5, 5, 5, 5, 5, 5, 5, 5, 5, 5, 5, 5, 5, 5, 5, 5, 5, 5, 5, 5, 5, 5, 5, 5, 5, 5, 5, 5, 5, 5, 5, 5, 5, 5, 5, 5, 5, 5, 5, 5, 5, 5, 5, 5, 5]
[5, 5, 5, 5, 5, 5, 5, 5, 5, 5, 5, 5, 5, 5, 5, 5, 5, 5, 5, 5, 5, 5, 5, 5, 5, 5, 5, 5, 5, 5, 5, 5, 5, 5, 5, 5, 5, 5, 5, 5, 5, 5, 5, 5, 5, 5, 5, 5, 5, 5, 5, 5, 5, 5, 5, 5, 5, 5, 5, 5, 5, 5, 5, 5]
[5, 5, 5, 5, 5, 5, 5, 5, 5, 5, 5, 5, 5, 5, 5, 5, 5, 5, 5, 5, 5, 5, 5, 5, 5, 5, 5, 5, 5, 5, 5, 5, 5, 5, 5, 5, 5, 5, 5, 5, 5, 5, 5, 5, 5, 5, 5, 5, 5, 5, 5, 5, 5, 5, 5, 5, 5, 5, 5, 5, 5, 5, 5, 5]
[5, 5, 5, 5, 5, 5, 5, 5, 5, 5, 5, 5, 5, 5, 5, 5, 5, 5, 5, 5, 5, 5, 5, 5, 5, 5, 5, 5, 5, 5, 5, 5, 5, 5, 5, 5, 5, 5, 5, 5, 5, 5, 5, 5, 5, 5, 5, 5, 5, 5, 5, 5, 5, 5, 5, 5, 5, 5, 5, 5, 5, 5, 5, 5]
[5, 5, 5, 5, 5, 5, 5, 5, 5, 5, 5, 5, 5, 5, 5, 5, 5, 5, 5, 5, 5, 5, 5, 5, 5, 5, 5, 5, 5, 5, 5, 5, 2, 2, 2, 2, 2, 2, 4, 4, 4, 4, 4, 4, 4, 4, 4, 4, 4, 4, 4, 4, 4, 4, 4, 4, 2, 2, 2, 2, 2, 2, 5, 5]
[5, 5, 5, 5, 5, 5, 5, 5, 5, 5, 5, 5, 5, 5, 5, 5, 5, 5, 5, 5, 5, 5, 5, 5, 5, 5, 5, 5, 5, 5, 5, 5, 2, 2, 2, 2, 2, 2, 4, 4, 4, 4, 4, 4, 4, 4, 4, 4, 4, 4, 4, 4, 4, 4, 4, 4, 2, 2, 2, 2, 2, 2, 5, 5]
[5, 5, 5, 5, 5, 5, 5, 5, 5, 5, 5, 5, 5, 5, 5, 5, 5, 5, 5, 5, 5, 5, 5, 5, 5, 5, 5, 5, 5, 5, 5, 5, 2, 2, 4, 4, 4, 4, 4, 4, 4, 4, 4, 4, 4, 4, 4, 4, 4, 4, 4, 4, 4, 4, 4, 4, 4, 4, 4, 4, 2, 2, 5, 5]
[5, 5, 5, 5, 5, 5, 5, 5, 5, 5, 5, 5, 5, 5, 5, 5, 5, 5, 5, 5, 5, 5, 5, 5, 5, 5, 5, 5, 5, 5, 5, 5, 2, 2, 4, 4, 4, 4, 4, 4, 4, 4, 4, 4, 4, 4, 4, 4, 4, 4, 4, 4, 4, 4, 4, 4, 4, 4, 4, 4, 2, 2, 5, 5]
[5, 5, 5, 5, 8, 8, 8, 8, 8, 8, 5, 5, 9, 9, 9, 9, 9, 9, 5, 5, 9, 9, 9, 9, 9, 9, 5, 5, 5, 5, 5, 5, 2, 2, 4, 4, 8, 8, 8, 8, 8, 8, 4, 4, 9, 9, 9, 9, 9, 9, 4, 4, 9, 9, 9, 9, 9, 9, 4, 4, 2, 2, 5, 5]
[5, 5, 5, 5, 8, 8, 8, 8, 8, 8, 5, 5, 9, 9, 9, 9, 9, 9, 5, 5, 9, 9, 9, 9, 9, 9, 5, 5, 5, 5, 5, 5, 2, 2, 4, 4, 8, 8, 8, 8, 8, 8, 4, 4, 9, 9, 9, 9, 9, 9, 4, 4, 9, 9, 9, 9, 9, 9, 4, 4, 2, 2, 5, 5]
[5, 5, 5, 5, 8, 8, 8, 8, 8, 8, 5, 5, 9, 9, 9, 9, 9, 9, 5, 5, 9, 9, 9, 9, 9, 9, 5, 5, 5, 5, 5, 5, 4, 4, 4, 4, 8, 8, 8, 8, 8, 8, 4, 4, 9, 9, 9, 9, 9, 9, 4, 4, 9, 9, 9, 9, 9, 9, 4, 4, 4, 4, 5, 5]
[5, 5, 5, 5, 8, 8, 8, 8, 8, 8, 5, 5, 9, 9, 9, 9, 9, 9, 5, 5, 9, 9, 9, 9, 9, 9, 5, 5, 5, 5, 5, 5, 4, 4, 4, 4, 8, 8, 8, 8, 8, 8, 4, 4, 9, 9, 9, 9, 9, 9, 4, 4, 9, 9, 9, 9, 9, 9, 4, 4, 4, 4, 5, 5]
[5, 5, 5, 5, 8, 8, 8, 8, 8, 8, 5, 5, 9, 9, 9, 9, 9, 9, 5, 5, 9, 9, 9, 9, 9, 9, 5, 5, 5, 5, 5, 5, 4, 4, 4, 4, 8, 8, 8, 8, 8, 8, 4, 4, 9, 9, 9, 9, 9, 9, 4, 4, 9, 9, 9, 9, 9, 9, 4, 4, 4, 4, 5, 5]
[5, 5, 5, 5, 8, 8, 8, 8, 8, 8, 5, 5, 9, 9, 9, 9, 9, 9, 5, 5, 9, 9, 9, 9, 9, 9, 5, 5, 5, 5, 5, 5, 4, 4, 4, 4, 8, 8, 8, 8, 8, 8, 4, 4, 9, 9, 9, 9, 9, 9, 4, 4, 9, 9, 9, 9, 9, 9, 4, 4, 4, 4, 5, 5]
[5, 5, 5, 5, 5, 5, 5, 5, 5, 5, 5, 5, 5, 5, 5, 5, 5, 5, 5, 5, 5, 5, 5, 5, 5, 5, 5, 5, 5, 5, 5, 5, 4, 4, 4, 4, 4, 4, 4, 4, 4, 4, 4, 4, 4, 4, 4, 4, 4, 4, 4, 4, 4, 4, 4, 4, 4, 4, 4, 4, 4, 4, 5, 5]
[5, 5, 5, 5, 5, 5, 5, 5, 5, 5, 5, 5, 5, 5, 5, 5, 5, 5, 5, 5, 5, 5, 5, 5, 5, 5, 5, 5, 5, 5, 5, 5, 4, 4, 4, 4, 4, 4, 4, 4, 4, 4, 4, 4, 4, 4, 4, 4, 4, 4, 4, 4, 4, 4, 4, 4, 4, 4, 4, 4, 4, 4, 5, 5]
[5, 5, 5, 5, 8, 8, 8, 8, 8, 8, 5, 5, 0, 0, 2, 2, 2, 2, 5, 5, 8, 8, 8, 8, 8, 8, 5, 5, 5, 5, 5, 5, 4, 4, 4, 4, 8, 8, 8, 8, 8, 8, 4, 4, 0, 0, 2, 2, 2, 2, 4, 4, 8, 8, 8, 8, 8, 8, 4, 4, 4, 4, 5, 5]
[5, 5, 5, 5, 8, 8, 8, 8, 8, 8, 5, 5, 0, 0, 2, 2, 2, 2, 5, 5, 8, 8, 8, 8, 8, 8, 5, 5, 5, 5, 5, 5, 4, 4, 4, 4, 8, 8, 8, 8, 8, 8, 4, 4, 0, 0, 2, 2, 2, 2, 4, 4, 8, 8, 8, 8, 8, 8, 4, 4, 4, 4, 5, 5]
[5, 5, 5, 5, 8, 8, 8, 8, 8, 8, 5, 5, 0, 0, 8, 8, 0, 0, 5, 5, 8, 8, 8, 8, 8, 8, 5, 5, 5, 5, 5, 5, 4, 4, 4, 4, 8, 8, 8, 8, 8, 8, 4, 4, 0, 0, 8, 8, 0, 0, 4, 4, 8, 8, 8, 8, 8, 8, 4, 4, 4, 4, 5, 5]
[5, 5, 5, 5, 8, 8, 8, 8, 8, 8, 5, 5, 0, 0, 8, 8, 0, 0, 5, 5, 8, 8, 8, 8, 8, 8, 5, 5, 5, 5, 5, 5, 4, 4, 4, 4, 8, 8, 8, 8, 8, 8, 4, 4, 0, 0, 8, 8, 0, 0, 4, 4, 8, 8, 8, 8, 8, 8, 4, 4, 4, 4, 5, 5]
[5, 5, 5, 5, 8, 8, 8, 8, 8, 8, 5, 5, 2, 2, 2, 2, 0, 0, 5, 5, 8, 8, 8, 8, 8, 8, 5, 5, 5, 5, 5, 5, 4, 4, 4, 4, 8, 8, 8, 8, 8, 8, 4, 4, 0, 0, 2, 2, 2, 2, 4, 4, 8, 8, 8, 8, 8, 8, 4, 4, 4, 4, 5, 5]
[5, 5, 5, 5, 8, 8, 8, 8, 8, 8, 5, 5, 2, 2, 2, 2, 0, 0, 5, 5, 8, 8, 8, 8, 8, 8, 5, 5, 5, 5, 5, 5, 4, 4, 4, 4, 8, 8, 8, 8, 8, 8, 4, 4, 0, 0, 2, 2, 2, 2, 4, 4, 8, 8, 8, 8, 8, 8, 4, 4, 4, 4, 5, 5]
[5, 5, 5, 5, 5, 5, 5, 5, 5, 5, 5, 5, 5, 5, 5, 5, 5, 5, 5, 5, 5, 5, 5, 5, 5, 5, 5, 5, 5, 5, 5, 5, 4, 4, 4, 4, 4, 4, 4, 4, 4, 4, 4, 4, 4, 4, 4, 4, 4, 4, 4, 4, 4, 4, 4, 4, 4, 4, 4, 4, 4, 4, 5, 5]
[5, 5, 5, 5, 5, 5, 5, 5, 5, 5, 5, 5, 5, 5, 5, 5, 5, 5, 5, 5, 5, 5, 5, 5, 5, 5, 5, 5, 5, 5, 5, 5, 4, 4, 4, 4, 4, 4, 4, 4, 4, 4, 4, 4, 4, 4, 4, 4, 4, 4, 4, 4, 4, 4, 4, 4, 4, 4, 4, 4, 4, 4, 5, 5]
[5, 5, 5, 5, 9, 9, 9, 9, 9, 9, 5, 5, 9, 9, 9, 9, 9, 9, 5, 5, 8, 8, 8, 8, 8, 8, 5, 5, 5, 5, 5, 5, 4, 4, 4, 4, 8, 8, 8, 8, 8, 8, 4, 4, 9, 9, 9, 9, 9, 9, 4, 4, 8, 8, 8, 8, 8, 8, 4, 4, 4, 4, 5, 5]
[5, 5, 5, 5, 9, 9, 9, 9, 9, 9, 5, 5, 9, 9, 9, 9, 9, 9, 5, 5, 8, 8, 8, 8, 8, 8, 5, 5, 5, 5, 5, 5, 4, 4, 4, 4, 8, 8, 8, 8, 8, 8, 4, 4, 9, 9, 9, 9, 9, 9, 4, 4, 8, 8, 8, 8, 8, 8, 4, 4, 4, 4, 5, 5]
[5, 5, 5, 5, 9, 9, 9, 9, 9, 9, 5, 5, 9, 9, 9, 9, 9, 9, 5, 5, 8, 8, 8, 8, 8, 8, 5, 5, 5, 5, 5, 5, 4, 4, 4, 4, 8, 8, 8, 8, 8, 8, 4, 4, 9, 9, 9, 9, 9, 9, 4, 4, 8, 8, 8, 8, 8, 8, 4, 4, 4, 4, 5, 5]
[5, 5, 5, 5, 9, 9, 9, 9, 9, 9, 5, 5, 9, 9, 9, 9, 9, 9, 5, 5, 8, 8, 8, 8, 8, 8, 5, 5, 5, 5, 5, 5, 4, 4, 4, 4, 8, 8, 8, 8, 8, 8, 4, 4, 9, 9, 9, 9, 9, 9, 4, 4, 8, 8, 8, 8, 8, 8, 4, 4, 4, 4, 5, 5]
[5, 5, 5, 5, 9, 9, 9, 9, 9, 9, 5, 5, 9, 9, 9, 9, 9, 9, 5, 5, 8, 8, 8, 8, 8, 8, 5, 5, 5, 5, 5, 5, 2, 2, 4, 4, 8, 8, 8, 8, 8, 8, 4, 4, 9, 9, 9, 9, 9, 9, 4, 4, 8, 8, 8, 8, 8, 8, 4, 4, 2, 2, 5, 5]
[5, 5, 5, 5, 9, 9, 9, 9, 9, 9, 5, 5, 9, 9, 9, 9, 9, 9, 5, 5, 8, 8, 8, 8, 8, 8, 5, 5, 5, 5, 5, 5, 2, 2, 4, 4, 8, 8, 8, 8, 8, 8, 4, 4, 9, 9, 9, 9, 9, 9, 4, 4, 8, 8, 8, 8, 8, 8, 4, 4, 2, 2, 5, 5]
[5, 5, 5, 5, 5, 5, 5, 5, 5, 5, 5, 5, 5, 5, 5, 5, 5, 5, 5, 5, 5, 5, 5, 5, 5, 5, 5, 5, 5, 5, 5, 5, 2, 2, 4, 4, 4, 4, 4, 4, 4, 4, 4, 4, 4, 4, 4, 4, 4, 4, 4, 4, 4, 4, 4, 4, 4, 4, 4, 4, 2, 2, 5, 5]
[5, 5, 5, 5, 5, 5, 5, 5, 5, 5, 5, 5, 5, 5, 5, 5, 5, 5, 5, 5, 5, 5, 5, 5, 5, 5, 5, 5, 5, 5, 5, 5, 2, 2, 4, 4, 4, 4, 4, 4, 4, 4, 4, 4, 4, 4, 4, 4, 4, 4, 4, 4, 4, 4, 4, 4, 4, 4, 4, 4, 2, 2, 5, 5]
[5, 5, 5, 5, 5, 5, 5, 5, 5, 5, 5, 5, 5, 5, 5, 5, 5, 5, 5, 5, 5, 5, 5, 5, 5, 5, 5, 5, 5, 5, 5, 5, 2, 2, 2, 2, 2, 2, 4, 4, 4, 4, 4, 4, 4, 4, 4, 4, 4, 4, 4, 4, 4, 4, 4, 4, 2, 2, 2, 2, 2, 2, 5, 5]
[5, 5, 5, 5, 5, 5, 5, 5, 5, 5, 5, 5, 5, 5, 5, 5, 5, 5, 5, 5, 5, 5, 5, 5, 5, 5, 5, 5, 5, 5, 5, 5, 2, 2, 2, 2, 2, 2, 4, 4, 4, 4, 4, 4, 4, 4, 4, 4, 4, 4, 4, 4, 4, 4, 4, 4, 2, 2, 2, 2, 2, 2, 5, 5]
[5, 5, 5, 5, 5, 5, 5, 5, 5, 5, 5, 5, 5, 5, 5, 5, 5, 5, 5, 5, 5, 5, 5, 5, 5, 5, 5, 5, 5, 5, 5, 5, 5, 5, 5, 5, 5, 5, 5, 5, 5, 5, 5, 5, 5, 5, 5, 5, 5, 5, 5, 5, 5, 5, 5, 5, 5, 5, 5, 5, 5, 5, 5, 5]
[12, 12, 12, 12, 12, 12, 12, 12, 12, 12, 12, 12, 12, 12, 12, 12, 12, 12, 12, 12, 12, 12, 12, 12, 12, 12, 12, 12, 12, 12, 12, 12, 12, 12, 12, 12, 12, 12, 11, 11, 11, 11, 11, 11, 11, 11, 11, 11, 11, 11, 11, 11, 11, 11, 11, 11, 11, 11, 11, 11, 11, 11, 11, 11]
</grid_0>
",,0.0,False
14,ACTION6 x=56 y=38,manual,"State: NOT_FINISHED
Levels completed: 0/6
Action count: 14

========== Start of Direct Observation ==========
<grid_0>
[5, 5, 5, 5, 5, 5, 5, 5, 5, 5, 5, 5, 5, 5, 5, 5, 5, 5, 5, 5, 5, 5, 5, 5, 5, 5, 5, 5, 5, 5, 5, 5, 5, 5, 5, 5, 5, 5, 5, 5, 5, 5, 5, 5, 5, 5, 5, 5, 5, 5, 5, 5, 5, 5, 5, 5, 5, 5, 5, 5, 5, 5, 5, 5]
[5, 5, 5, 5, 5, 5, 5, 5, 5, 5, 5, 5, 5, 5, 5, 5, 5, 5, 5, 5, 5, 5, 5, 5, 5, 5, 5, 5, 5, 5, 5, 5, 5, 5, 5, 5, 5, 5, 5, 5, 5, 5, 5, 5, 5, 5, 5, 5, 5, 5, 5, 5, 5, 5, 5, 5, 5, 5, 5, 5, 5, 5, 5, 5]
[5, 5, 5, 5, 9, 9, 9, 9, 9, 9, 5, 5, 8, 8, 8, 8, 8, 8, 5, 5, 9, 9, 9, 9, 9, 9, 5, 5, 5, 5, 5, 5, 5, 5, 5, 5, 5, 5, 9, 9, 9, 9, 9, 9, 5, 5, 8, 8, 8, 8, 8, 8, 5, 5, 9, 9, 9, 9, 9, 9, 5, 5, 5, 5]
[5, 5, 5, 5, 9, 9, 9, 9, 9, 9, 5, 5, 8, 8, 8, 8, 8, 8, 5, 5, 9, 9, 9, 9, 9, 9, 5, 5, 5, 5, 5, 5, 5, 5, 5, 5, 5, 5, 9, 9, 9, 9, 9, 9, 5, 5, 8, 8, 8, 8, 8, 8, 5, 5, 9, 9, 9, 9, 9, 9, 5, 5, 5, 5]
[5, 5, 5, 5, 9, 9, 9, 9, 9, 9, 5, 5, 8, 8, 8, 8, 8, 8, 5, 5, 9, 9, 9, 9, 9, 9, 5, 5, 5, 5, 5, 5, 5, 5, 5, 5, 5, 5, 9, 9, 9, 9, 9, 9, 5, 5, 8, 8, 8, 8, 8, 8, 5, 5, 9, 9, 9, 9, 9, 9, 5, 5, 5, 5]
[5, 5, 5, 5, 9, 9, 9, 9, 9, 9, 5, 5, 8, 8, 8, 8, 8, 8, 5, 5, 9, 9, 9, 9, 9, 9, 5, 5, 5, 5, 5, 5, 5, 5, 5, 5, 5, 5, 9, 9, 9, 9, 9, 9, 5, 5, 8, 8, 8, 8, 8, 8, 5, 5, 9, 9, 9, 9, 9, 9, 5, 5, 5, 5]
[5, 5, 5, 5, 9, 9, 9, 9, 9, 9, 5, 5, 8, 8, 8, 8, 8, 8, 5, 5, 9, 9, 9, 9, 9, 9, 5, 5, 5, 5, 5, 5, 5, 5, 5, 5, 5, 5, 9, 9, 9, 9, 9, 9, 5, 5, 8, 8, 8, 8, 8, 8, 5, 5, 9, 9, 9, 9, 9, 9, 5, 5, 5, 5]
[5, 5, 5, 5, 9, 9, 9, 9, 9, 9, 5, 5, 8, 8, 8, 8, 8, 8, 5, 5, 9, 9, 9, 9, 9, 9, 5, 5, 5, 5, 5, 5, 5, 5, 5, 5, 5, 5, 9, 9, 9, 9, 9, 9, 5, 5, 8, 8, 8, 8, 8, 8, 5, 5, 9, 9, 9, 9, 9, 9, 5, 5, 5, 5]
[5, 5, 5, 5, 5, 5, 5, 5, 5, 5, 5, 5, 5, 5, 5, 5, 5, 5, 5, 5, 5, 5, 5, 5, 5, 5, 5, 5, 5, 5, 5, 5, 5, 5, 5, 5, 5, 5, 5, 5, 5, 5, 5, 5, 5, 5, 5, 5, 5, 5, 5, 5, 5, 5, 5, 5, 5, 5, 5, 5, 5, 5, 5, 5]
[5, 5, 5, 5, 5, 5, 5, 5, 5, 5, 5, 5, 5, 5, 5, 5, 5, 5, 5, 5, 5, 5, 5, 5, 5, 5, 5, 5, 5, 5, 5, 5, 5, 5, 5, 5, 5, 5, 5, 5, 5, 5, 5, 5, 5, 5, 5, 5, 5, 5, 5, 5, 5, 5, 5, 5, 5, 5, 5, 5, 5, 5, 5, 5]
[5, 5, 5, 5, 8, 8, 8, 8, 8, 8, 5, 5, 2, 2, 0, 0, 2, 2, 5, 5, 9, 9, 9, 9, 9, 9, 5, 5, 5, 5, 5, 5, 5, 5, 5, 5, 5, 5, 8, 8, 8, 8, 8, 8, 5, 5, 2, 2, 0, 0, 2, 2, 5, 5, 8, 8, 8, 8, 8, 8, 5, 5, 5, 5]
[5, 5, 5, 5, 8, 8, 8, 8, 8, 8, 5, 5, 2, 2, 0, 0, 2, 2, 5, 5, 9, 9, 9, 9, 9, 9, 5, 5, 5, 5, 5, 5, 5, 5, 5, 5, 5, 5, 8, 8, 8, 8, 8, 8, 5, 5, 2, 2, 0, 0, 2, 2, 5, 5, 8, 8, 8, 8, 8, 8, 5, 5, 5, 5]
[5, 5, 5, 5, 8, 8, 8, 8, 8, 8, 5, 5, 0, 0, 8, 8, 2, 2, 5, 5, 9, 9, 9, 9, 9, 9, 5, 5, 5, 5, 5, 5, 5, 5, 5, 5, 5, 5, 8, 8, 8, 8, 8, 8, 5, 5, 0, 0, 8, 8, 0, 0, 5, 5, 8, 8, 8, 8, 8, 8, 5, 5, 5, 5]
[5, 5, 5, 5, 8, 8, 8, 8, 8, 8, 5, 5, 0, 0, 8, 8, 2, 2, 5, 5, 9, 9, 9, 9, 9, 9, 5, 5, 5, 5, 5, 5, 5, 5, 5, 5, 5, 5, 8, 8, 8, 8, 8, 8, 5, 5, 0, 0, 8, 8, 0, 0, 5, 5, 8, 8, 8, 8, 8, 8, 5, 5, 5, 5]
[5, 5, 5, 5, 8, 8, 8, 8, 8, 8, 5, 5, 2, 2, 0, 0, 0, 0, 5, 5, 9, 9, 9, 9, 9, 9, 5, 5, 5, 5, 5, 5, 5, 5, 5, 5, 5, 5, 8, 8, 8, 8, 8, 8, 5, 5, 2, 2, 0, 0, 2, 2, 5, 5, 8, 8, 8, 8, 8, 8, 5, 5, 5, 5]
[5, 5, 5, 5, 8, 8, 8, 8, 8, 8, 5, 5, 2, 2, 0, 0, 0, 0, 5, 5, 9, 9, 9, 9, 9, 9, 5, 5, 5, 5, 5, 5, 5, 5, 5, 5, 5, 5, 8, 8, 8, 8, 8, 8, 5, 5, 2, 2, 0, 0, 2, 2, 5, 5, 8, 8, 8, 8, 8, 8, 5, 5, 5, 5]
[5, 5, 5, 5, 5, 5, 5, 5, 5, 5, 5, 5, 5, 5, 5, 5, 5, 5, 5, 5, 5, 5, 5, 5, 5, 5, 5, 5, 5, 5, 5, 5, 5, 5, 5, 5, 5, 5, 5, 5, 5, 5, 5, 5, 5, 5, 5, 5, 5, 5, 5, 5, 5, 5, 5, 5, 5, 5, 5, 5, 5, 5, 5, 5]
[5, 5, 5, 5, 5, 5, 5, 5, 5, 5, 5, 5, 5, 5, 5, 5, 5, 5, 5, 5, 5, 5, 5, 5, 5, 5, 5, 5, 5, 5, 5, 5, 5, 5, 5, 5, 5, 5, 5, 5, 5, 5, 5, 5, 5, 5, 5, 5, 5, 5, 5, 5, 5, 5, 5, 5, 5, 5, 5, 5, 5, 5, 5, 5]
[5, 5, 5, 5, 9, 9, 9, 9, 9, 9, 5, 5, 8, 8, 8, 8, 8, 8, 5, 5, 8, 8, 8, 8, 8, 8, 5, 5, 5, 5, 5, 5, 5, 5, 5, 5, 5, 5, 9, 9, 9, 9, 9, 9, 5, 5, 8, 8, 8, 8, 8, 8, 5, 5, 9, 9, 9, 9, 9, 9, 5, 5, 5, 5]
[5, 5, 5, 5, 9, 9, 9, 9, 9, 9, 5, 5, 8, 8, 8, 8, 8, 8, 5, 5, 8, 8, 8, 8, 8, 8, 5, 5, 5, 5, 5, 5, 5, 5, 5, 5, 5, 5, 9, 9, 9, 9, 9, 9, 5, 5, 8, 8, 8, 8, 8, 8, 5, 5, 9, 9, 9, 9, 9, 9, 5, 5, 5, 5]
[5, 5, 5, 5, 9, 9, 9, 9, 9, 9, 5, 5, 8, 8, 8, 8, 8, 8, 5, 5, 8, 8, 8, 8, 8, 8, 5, 5, 5, 5, 5, 5, 5, 5, 5, 5, 5, 5, 9, 9, 9, 9, 9, 9, 5, 5, 8, 8, 8, 8, 8, 8, 5, 5, 9, 9, 9, 9, 9, 9, 5, 5, 5, 5]
[5, 5, 5, 5, 9, 9, 9, 9, 9, 9, 5, 5, 8, 8, 8, 8, 8, 8, 5, 5, 8, 8, 8, 8, 8, 8, 5, 5, 5, 5, 5, 5, 5, 5, 5, 5, 5, 5, 9, 9, 9, 9, 9, 9, 5, 5, 8, 8, 8, 8, 8, 8, 5, 5, 9, 9, 9, 9, 9, 9, 5, 5, 5, 5]
[5, 5, 5, 5, 9, 9, 9, 9, 9, 9, 5, 5, 8, 8, 8, 8, 8, 8, 5, 5, 8, 8, 8, 8, 8, 8, 5, 5, 5, 5, 5, 5, 5, 5, 5, 5, 5, 5, 9, 9, 9, 9, 9, 9, 5, 5, 8, 8, 8, 8, 8, 8, 5, 5, 9, 9, 9, 9, 9, 9, 5, 5, 5, 5]
[5, 5, 5, 5, 9, 9, 9, 9, 9, 9, 5, 5, 8, 8, 8, 8, 8, 8, 5, 5, 8, 8, 8, 8, 8, 8, 5, 5, 5, 5, 5, 5, 5, 5, 5, 5, 5, 5, 9, 9, 9, 9, 9, 9, 5, 5, 8, 8, 8, 8, 8, 8, 5, 5, 9, 9, 9, 9, 9, 9, 5, 5, 5, 5]
[5, 5, 5, 5, 5, 5, 5, 5, 5, 5, 5, 5, 5, 5, 5, 5, 5, 5, 5, 5, 5, 5, 5, 5, 5, 5, 5, 5, 5, 5, 5, 5, 5, 5, 5, 5, 5, 5, 5, 5, 5, 5, 5, 5, 5, 5, 5, 5, 5, 5, 5, 5, 5, 5, 5, 5, 5, 5, 5, 5, 5, 5, 5, 5]
[5, 5, 5, 5, 5, 5, 5, 5, 5, 5, 5, 5, 5, 5, 5, 5, 5, 5, 5, 5, 5, 5, 5, 5, 5, 5, 5, 5, 5, 5, 5, 5, 5, 5, 5, 5, 5, 5, 5, 5, 5, 5, 5, 5, 5, 5, 5, 5, 5, 5, 5, 5, 5, 5, 5, 5, 5, 5, 5, 5, 5, 5, 5, 5]
[5, 5, 5, 5, 5, 5, 5, 5, 5, 5, 5, 5, 5, 5, 5, 5, 5, 5, 5, 5, 5, 5, 5, 5, 5, 5, 5, 5, 5, 5, 5, 5, 5, 5, 5, 5, 5, 5, 5, 5, 5, 5, 5, 5, 5, 5, 5, 5, 5, 5, 5, 5, 5, 5, 5, 5, 5, 5, 5, 5, 5, 5, 5, 5]
[5, 5, 5, 5, 5, 5, 5, 5, 5, 5, 5, 5, 5, 5, 5, 5, 5, 5, 5, 5, 5, 5, 5, 5, 5, 5, 5, 5, 5, 5, 5, 5, 5, 5, 5, 5, 5, 5, 5, 5, 5, 5, 5, 5, 5, 5, 5, 5, 5, 5, 5, 5, 5, 5, 5, 5, 5, 5, 5, 5, 5, 5, 5, 5]
[5, 5, 5, 5, 5, 5, 5, 5, 5, 5, 5, 5, 5, 5, 5, 5, 5, 5, 5, 5, 5, 5, 5, 5, 5, 5, 5, 5, 5, 5, 5, 5, 5, 5, 5, 5, 5, 5, 5, 5, 5, 5, 5, 5, 5, 5, 5, 5, 5, 5, 5, 5, 5, 5, 5, 5, 5, 5, 5, 5, 5, 5, 5, 5]
[5, 5, 5, 5, 5, 5, 5, 5, 5, 5, 5, 5, 5, 5, 5, 5, 5, 5, 5, 5, 5, 5, 5, 5, 5, 5, 5, 5, 5, 5, 5, 5, 5, 5, 5, 5, 5, 5, 5, 5, 5, 5, 5, 5, 5, 5, 5, 5, 5, 5, 5, 5, 5, 5, 5, 5, 5, 5, 5, 5, 5, 5, 5, 5]
[5, 5, 5, 5, 5, 5, 5, 5, 5, 5, 5, 5, 5, 5, 5, 5, 5, 5, 5, 5, 5, 5, 5, 5, 5, 5, 5, 5, 5, 5, 5, 5, 5, 5, 5, 5, 5, 5, 5, 5, 5, 5, 5, 5, 5, 5, 5, 5, 5, 5, 5, 5, 5, 5, 5, 5, 5, 5, 5, 5, 5, 5, 5, 5]
[5, 5, 5, 5, 5, 5, 5, 5, 5, 5, 5, 5, 5, 5, 5, 5, 5, 5, 5, 5, 5, 5, 5, 5, 5, 5, 5, 5, 5, 5, 5, 5, 5, 5, 5, 5, 5, 5, 5, 5, 5, 5, 5, 5, 5, 5, 5, 5, 5, 5, 5, 5, 5, 5, 5, 5, 5, 5, 5, 5, 5, 5, 5, 5]
[5, 5, 5, 5, 5, 5, 5, 5, 5, 5, 5, 5, 5, 5, 5, 5, 5, 5, 5, 5, 5, 5, 5, 5, 5, 5, 5, 5, 5, 5, 5, 5, 2, 2, 2, 2, 2, 2, 4, 4, 4, 4, 4, 4, 4, 4, 4, 4, 4, 4, 4, 4, 4, 4, 4, 4, 2, 2, 2, 2, 2, 2, 5, 5]
[5, 5, 5, 5, 5, 5, 5, 5, 5, 5, 5, 5, 5, 5, 5, 5, 5, 5, 5, 5, 5, 5, 5, 5, 5, 5, 5, 5, 5, 5, 5, 5, 2, 2, 2, 2, 2, 2, 4, 4, 4, 4, 4, 4, 4, 4, 4, 4, 4, 4, 4, 4, 4, 4, 4, 4, 2, 2, 2, 2, 2, 2, 5, 5]
[5, 5, 5, 5, 5, 5, 5, 5, 5, 5, 5, 5, 5, 5, 5, 5, 5, 5, 5, 5, 5, 5, 5, 5, 5, 5, 5, 5, 5, 5, 5, 5, 2, 2, 4, 4, 4, 4, 4, 4, 4, 4, 4, 4, 4, 4, 4, 4, 4, 4, 4, 4, 4, 4, 4, 4, 4, 4, 4, 4, 2, 2, 5, 5]
[5, 5, 5, 5, 5, 5, 5, 5, 5, 5, 5, 5, 5, 5, 5, 5, 5, 5, 5, 5, 5, 5, 5, 5, 5, 5, 5, 5, 5, 5, 5, 5, 2, 2, 4, 4, 4, 4, 4, 4, 4, 4, 4, 4, 4, 4, 4, 4, 4, 4, 4, 4, 4, 4, 4, 4, 4, 4, 4, 4, 2, 2, 5, 5]
[5, 5, 5, 5, 8, 8, 8, 8, 8, 8, 5, 5, 9, 9, 9, 9, 9, 9, 5, 5, 9, 9, 9, 9, 9, 9, 5, 5, 5, 5, 5, 5, 2, 2, 4, 4, 8, 8, 8, 8, 8, 8, 4, 4, 8, 8, 8, 8, 8, 8, 4, 4, 9, 9, 9, 9, 9, 9, 4, 4, 2, 2, 5, 5]
[5, 5, 5, 5, 8, 8, 8, 8, 8, 8, 5, 5, 9, 9, 9, 9, 9, 9, 5, 5, 9, 9, 9, 9, 9, 9, 5, 5, 5, 5, 5, 5, 2, 2, 4, 4, 8, 8, 8, 8, 8, 8, 4, 4, 8, 8, 8, 8, 8, 8, 4, 4, 9, 9, 9, 9, 9, 9, 4, 4, 2, 2, 5, 5]
[5, 5, 5, 5, 8, 8, 8, 8, 8, 8, 5, 5, 9, 9, 9, 9, 9, 9, 5, 5, 9, 9, 9, 9, 9, 9, 5, 5, 5, 5, 5, 5, 4, 4, 4, 4, 8, 8, 8, 8, 8, 8, 4, 4, 8, 8, 8, 8, 8, 8, 4, 4, 9, 9, 9, 9, 9, 9, 4, 4, 4, 4, 5, 5]
[5, 5, 5, 5, 8, 8, 8, 8, 8, 8, 5, 5, 9, 9, 9, 9, 9, 9, 5, 5, 9, 9, 9, 9, 9, 9, 5, 5, 5, 5, 5, 5, 4, 4, 4, 4, 8, 8, 8, 8, 8, 8, 4, 4, 8, 8, 8, 8, 8, 8, 4, 4, 9, 9, 9, 9, 9, 9, 4, 4, 4, 4, 5, 5]
[5, 5, 5, 5, 8, 8, 8, 8, 8, 8, 5, 5, 9, 9, 9, 9, 9, 9, 5, 5, 9, 9, 9, 9, 9, 9, 5, 5, 5, 5, 5, 5, 4, 4, 4, 4, 8, 8, 8, 8, 8, 8, 4, 4, 8, 8, 8, 8, 8, 8, 4, 4, 9, 9, 9, 9, 9, 9, 4, 4, 4, 4, 5, 5]
[5, 5, 5, 5, 8, 8, 8, 8, 8, 8, 5, 5, 9, 9, 9, 9, 9, 9, 5, 5, 9, 9, 9, 9, 9, 9, 5, 5, 5, 5, 5, 5, 4, 4, 4, 4, 8, 8, 8, 8, 8, 8, 4, 4, 8, 8, 8, 8, 8, 8, 4, 4, 9, 9, 9, 9, 9, 9, 4, 4, 4, 4, 5, 5]
[5, 5, 5, 5, 5, 5, 5, 5, 5, 5, 5, 5, 5, 5, 5, 5, 5, 5, 5, 5, 5, 5, 5, 5, 5, 5, 5, 5, 5, 5, 5, 5, 4, 4, 4, 4, 4, 4, 4, 4, 4, 4, 4, 4, 4, 4, 4, 4, 4, 4, 4, 4, 4, 4, 4, 4, 4, 4, 4, 4, 4, 4, 5, 5]
[5, 5, 5, 5, 5, 5, 5, 5, 5, 5, 5, 5, 5, 5, 5, 5, 5, 5, 5, 5, 5, 5, 5, 5, 5, 5, 5, 5, 5, 5, 5, 5, 4, 4, 4, 4, 4, 4, 4, 4, 4, 4, 4, 4, 4, 4, 4, 4, 4, 4, 4, 4, 4, 4, 4, 4, 4, 4, 4, 4, 4, 4, 5, 5]
[5, 5, 5, 5, 8, 8, 8, 8, 8, 8, 5, 5, 0, 0, 2, 2, 2, 2, 5, 5, 8, 8, 8, 8, 8, 8, 5, 5, 5, 5, 5, 5, 4, 4, 4, 4, 8, 8, 8, 8, 8, 8, 4, 4, 0, 0, 2, 2, 2, 2, 4, 4, 8, 8, 8, 8, 8, 8, 4, 4, 4, 4, 5, 5]
[5, 5, 5, 5, 8, 8, 8, 8, 8, 8, 5, 5, 0, 0, 2, 2, 2, 2, 5, 5, 8, 8, 8, 8, 8, 8, 5, 5, 5, 5, 5, 5, 4, 4, 4, 4, 8, 8, 8, 8, 8, 8, 4, 4, 0, 0, 2, 2, 2, 2, 4, 4, 8, 8, 8, 8, 8, 8, 4, 4, 4, 4, 5, 5]
[5, 5, 5, 5, 8, 8, 8, 8, 8, 8, 5, 5, 0, 0, 8, 8, 0, 0, 5, 5, 8, 8, 8, 8, 8, 8, 5, 5, 5, 5, 5, 5, 4, 4, 4, 4, 8, 8, 8, 8, 8, 8, 4, 4, 0, 0, 8, 8, 0, 0, 4, 4, 8, 8, 8, 8, 8, 8, 4, 4, 4, 4, 5, 5]
[5, 5, 5, 5, 8, 8, 8, 8, 8, 8, 5, 5, 0, 0, 8, 8, 0, 0, 5, 5, 8, 8, 8, 8, 8, 8, 5, 5, 5, 5, 5, 5, 4, 4, 4, 4, 8, 8, 8, 8, 8, 8, 4, 4, 0, 0, 8, 8, 0, 0, 4, 4, 8, 8, 8, 8, 8, 8, 4, 4, 4, 4, 5, 5]
[5, 5, 5, 5, 8, 8, 8, 8, 8, 8, 5, 5, 2, 2, 2, 2, 0, 0, 5, 5, 8, 8, 8, 8, 8, 8, 5, 5, 5, 5, 5, 5, 4, 4, 4, 4, 8, 8, 8, 8, 8, 8, 4, 4, 0, 0, 2, 2, 2, 2, 4, 4, 8, 8, 8, 8, 8, 8, 4, 4, 4, 4, 5, 5]
[5, 5, 5, 5, 8, 8, 8, 8, 8, 8, 5, 5, 2, 2, 2, 2, 0, 0, 5, 5, 8, 8, 8, 8, 8, 8, 5, 5, 5, 5, 5, 5, 4, 4, 4, 4, 8, 8, 8, 8, 8, 8, 4, 4, 0, 0, 2, 2, 2, 2, 4, 4, 8, 8, 8, 8, 8, 8, 4, 4, 4, 4, 5, 5]
[5, 5, 5, 5, 5, 5, 5, 5, 5, 5, 5, 5, 5, 5, 5, 5, 5, 5, 5, 5, 5, 5, 5, 5, 5, 5, 5, 5, 5, 5, 5, 5, 4, 4, 4, 4, 4, 4, 4, 4, 4, 4, 4, 4, 4, 4, 4, 4, 4, 4, 4, 4, 4, 4, 4, 4, 4, 4, 4, 4, 4, 4, 5, 5]
[5, 5, 5, 5, 5, 5, 5, 5, 5, 5, 5, 5, 5, 5, 5, 5, 5, 5, 5, 5, 5, 5, 5, 5, 5, 5, 5, 5, 5, 5, 5, 5, 4, 4, 4, 4, 4, 4, 4, 4, 4, 4, 4, 4, 4, 4, 4, 4, 4, 4, 4, 4, 4, 4, 4, 4, 4, 4, 4, 4, 4, 4, 5, 5]
[5, 5, 5, 5, 9, 9, 9, 9, 9, 9, 5, 5, 9, 9, 9, 9, 9, 9, 5, 5, 8, 8, 8, 8, 8, 8, 5, 5, 5, 5, 5, 5, 4, 4, 4, 4, 8, 8, 8, 8, 8, 8, 4, 4, 9, 9, 9, 9, 9, 9, 4, 4, 8, 8, 8, 8, 8, 8, 4, 4, 4, 4, 5, 5]
[5, 5, 5, 5, 9, 9, 9, 9, 9, 9, 5, 5, 9, 9, 9, 9, 9, 9, 5, 5, 8, 8, 8, 8, 8, 8, 5, 5, 5, 5, 5, 5, 4, 4, 4, 4, 8, 8, 8, 8, 8, 8, 4, 4, 9, 9, 9, 9, 9, 9, 4, 4, 8, 8, 8, 8, 8, 8, 4, 4, 4, 4, 5, 5]
[5, 5, 5, 5, 9, 9, 9, 9, 9, 9, 5, 5, 9, 9, 9, 9, 9, 9, 5, 5, 8, 8, 8, 8, 8, 8, 5, 5, 5, 5, 5, 5, 4, 4, 4, 4, 8, 8, 8, 8, 8, 8, 4, 4, 9, 9, 9, 9, 9, 9, 4, 4, 8, 8, 8, 8, 8, 8, 4, 4, 4, 4, 5, 5]
[5, 5, 5, 5, 9, 9, 9, 9, 9, 9, 5, 5, 9, 9, 9, 9, 9, 9, 5, 5, 8, 8, 8, 8, 8, 8, 5, 5, 5, 5, 5, 5, 4, 4, 4, 4, 8, 8, 8, 8, 8, 8, 4, 4, 9, 9, 9, 9, 9, 9, 4, 4, 8, 8, 8, 8, 8, 8, 4, 4, 4, 4, 5, 5]
[5, 5, 5, 5, 9, 9, 9, 9, 9, 9, 5, 5, 9, 9, 9, 9, 9, 9, 5, 5, 8, 8, 8, 8, 8, 8, 5, 5, 5, 5, 5, 5, 2, 2, 4, 4, 8, 8, 8, 8, 8, 8, 4, 4, 9, 9, 9, 9, 9, 9, 4, 4, 8, 8, 8, 8, 8, 8, 4, 4, 2, 2, 5, 5]
[5, 5, 5, 5, 9, 9, 9, 9, 9, 9, 5, 5, 9, 9, 9, 9, 9, 9, 5, 5, 8, 8, 8, 8, 8, 8, 5, 5, 5, 5, 5, 5, 2, 2, 4, 4, 8, 8, 8, 8, 8, 8, 4, 4, 9, 9, 9, 9, 9, 9, 4, 4, 8, 8, 8, 8, 8, 8, 4, 4, 2, 2, 5, 5]
[5, 5, 5, 5, 5, 5, 5, 5, 5, 5, 5, 5, 5, 5, 5, 5, 5, 5, 5, 5, 5, 5, 5, 5, 5, 5, 5, 5, 5, 5, 5, 5, 2, 2, 4, 4, 4, 4, 4, 4, 4, 4, 4, 4, 4, 4, 4, 4, 4, 4, 4, 4, 4, 4, 4, 4, 4, 4, 4, 4, 2, 2, 5, 5]
[5, 5, 5, 5, 5, 5, 5, 5, 5, 5, 5, 5, 5, 5, 5, 5, 5, 5, 5, 5, 5, 5, 5, 5, 5, 5, 5, 5, 5, 5, 5, 5, 2, 2, 4, 4, 4, 4, 4, 4, 4, 4, 4, 4, 4, 4, 4, 4, 4, 4, 4, 4, 4, 4, 4, 4, 4, 4, 4, 4, 2, 2, 5, 5]
[5, 5, 5, 5, 5, 5, 5, 5, 5, 5, 5, 5, 5, 5, 5, 5, 5, 5, 5, 5, 5, 5, 5, 5, 5, 5, 5, 5, 5, 5, 5, 5, 2, 2, 2, 2, 2, 2, 4, 4, 4, 4, 4, 4, 4, 4, 4, 4, 4, 4, 4, 4, 4, 4, 4, 4, 2, 2, 2, 2, 2, 2, 5, 5]
[5, 5, 5, 5, 5, 5, 5, 5, 5, 5, 5, 5, 5, 5, 5, 5, 5, 5, 5, 5, 5, 5, 5, 5, 5, 5, 5, 5, 5, 5, 5, 5, 2, 2, 2, 2, 2, 2, 4, 4, 4, 4, 4, 4, 4, 4, 4, 4, 4, 4, 4, 4, 4, 4, 4, 4, 2, 2, 2, 2, 2, 2, 5, 5]
[5, 5, 5, 5, 5, 5, 5, 5, 5, 5, 5, 5, 5, 5, 5, 5, 5, 5, 5, 5, 5, 5, 5, 5, 5, 5, 5, 5, 5, 5, 5, 5, 5, 5, 5, 5, 5, 5, 5, 5, 5, 5, 5, 5, 5, 5, 5, 5, 5, 5, 5, 5, 5, 5, 5, 5, 5, 5, 5, 5, 5, 5, 5, 5]
[12, 12, 12, 12, 12, 12, 12, 12, 12, 12, 12, 12, 12, 12, 12, 12, 12, 12, 12, 12, 12, 12, 12, 12, 12, 12, 12, 12, 12, 12, 12, 12, 12, 12, 12, 12, 11, 11, 11, 11, 11, 11, 11, 11, 11, 11, 11, 11, 11, 11, 11, 11, 11, 11, 11, 11, 11, 11, 11, 11, 11, 11, 11, 11]
</grid_0>
",,0.0,False
15,ACTION6 x=38 y=46,manual,"State: NOT_FINISHED
Levels completed: 0/6
Action count: 15

========== Start of Direct Observation ==========
<grid_0>
[5, 5, 5, 5, 5, 5, 5, 5, 5, 5, 5, 5, 5, 5, 5, 5, 5, 5, 5, 5, 5, 5, 5, 5, 5, 5, 5, 5, 5, 5, 5, 5, 5, 5, 5, 5, 5, 5, 5, 5, 5, 5, 5, 5, 5, 5, 5, 5, 5, 5, 5, 5, 5, 5, 5, 5, 5, 5, 5, 5, 5, 5, 5, 5]
[5, 5, 5, 5, 5, 5, 5, 5, 5, 5, 5, 5, 5, 5, 5, 5, 5, 5, 5, 5, 5, 5, 5, 5, 5, 5, 5, 5, 5, 5, 5, 5, 5, 5, 5, 5, 5, 5, 5, 5, 5, 5, 5, 5, 5, 5, 5, 5, 5, 5, 5, 5, 5, 5, 5, 5, 5, 5, 5, 5, 5, 5, 5, 5]
[5, 5, 5, 5, 9, 9, 9, 9, 9, 9, 5, 5, 8, 8, 8, 8, 8, 8, 5, 5, 9, 9, 9, 9, 9, 9, 5, 5, 5, 5, 5, 5, 5, 5, 5, 5, 5, 5, 9, 9, 9, 9, 9, 9, 5, 5, 8, 8, 8, 8, 8, 8, 5, 5, 9, 9, 9, 9, 9, 9, 5, 5, 5, 5]
[5, 5, 5, 5, 9, 9, 9, 9, 9, 9, 5, 5, 8, 8, 8, 8, 8, 8, 5, 5, 9, 9, 9, 9, 9, 9, 5, 5, 5, 5, 5, 5, 5, 5, 5, 5, 5, 5, 9, 9, 9, 9, 9, 9, 5, 5, 8, 8, 8, 8, 8, 8, 5, 5, 9, 9, 9, 9, 9, 9, 5, 5, 5, 5]
[5, 5, 5, 5, 9, 9, 9, 9, 9, 9, 5, 5, 8, 8, 8, 8, 8, 8, 5, 5, 9, 9, 9, 9, 9, 9, 5, 5, 5, 5, 5, 5, 5, 5, 5, 5, 5, 5, 9, 9, 9, 9, 9, 9, 5, 5, 8, 8, 8, 8, 8, 8, 5, 5, 9, 9, 9, 9, 9, 9, 5, 5, 5, 5]
[5, 5, 5, 5, 9, 9, 9, 9, 9, 9, 5, 5, 8, 8, 8, 8, 8, 8, 5, 5, 9, 9, 9, 9, 9, 9, 5, 5, 5, 5, 5, 5, 5, 5, 5, 5, 5, 5, 9, 9, 9, 9, 9, 9, 5, 5, 8, 8, 8, 8, 8, 8, 5, 5, 9, 9, 9, 9, 9, 9, 5, 5, 5, 5]
[5, 5, 5, 5, 9, 9, 9, 9, 9, 9, 5, 5, 8, 8, 8, 8, 8, 8, 5, 5, 9, 9, 9, 9, 9, 9, 5, 5, 5, 5, 5, 5, 5, 5, 5, 5, 5, 5, 9, 9, 9, 9, 9, 9, 5, 5, 8, 8, 8, 8, 8, 8, 5, 5, 9, 9, 9, 9, 9, 9, 5, 5, 5, 5]
[5, 5, 5, 5, 9, 9, 9, 9, 9, 9, 5, 5, 8, 8, 8, 8, 8, 8, 5, 5, 9, 9, 9, 9, 9, 9, 5, 5, 5, 5, 5, 5, 5, 5, 5, 5, 5, 5, 9, 9, 9, 9, 9, 9, 5, 5, 8, 8, 8, 8, 8, 8, 5, 5, 9, 9, 9, 9, 9, 9, 5, 5, 5, 5]
[5, 5, 5, 5, 5, 5, 5, 5, 5, 5, 5, 5, 5, 5, 5, 5, 5, 5, 5, 5, 5, 5, 5, 5, 5, 5, 5, 5, 5, 5, 5, 5, 5, 5, 5, 5, 5, 5, 5, 5, 5, 5, 5, 5, 5, 5, 5, 5, 5, 5, 5, 5, 5, 5, 5, 5, 5, 5, 5, 5, 5, 5, 5, 5]
[5, 5, 5, 5, 5, 5, 5, 5, 5, 5, 5, 5, 5, 5, 5, 5, 5, 5, 5, 5, 5, 5, 5, 5, 5, 5, 5, 5, 5, 5, 5, 5, 5, 5, 5, 5, 5, 5, 5, 5, 5, 5, 5, 5, 5, 5, 5, 5, 5, 5, 5, 5, 5, 5, 5, 5, 5, 5, 5, 5, 5, 5, 5, 5]
[5, 5, 5, 5, 8, 8, 8, 8, 8, 8, 5, 5, 2, 2, 0, 0, 2, 2, 5, 5, 9, 9, 9, 9, 9, 9, 5, 5, 5, 5, 5, 5, 5, 5, 5, 5, 5, 5, 8, 8, 8, 8, 8, 8, 5, 5, 2, 2, 0, 0, 2, 2, 5, 5, 8, 8, 8, 8, 8, 8, 5, 5, 5, 5]
[5, 5, 5, 5, 8, 8, 8, 8, 8, 8, 5, 5, 2, 2, 0, 0, 2, 2, 5, 5, 9, 9, 9, 9, 9, 9, 5, 5, 5, 5, 5, 5, 5, 5, 5, 5, 5, 5, 8, 8, 8, 8, 8, 8, 5, 5, 2, 2, 0, 0, 2, 2, 5, 5, 8, 8, 8, 8, 8, 8, 5, 5, 5, 5]
[5, 5, 5, 5, 8, 8, 8, 8, 8, 8, 5, 5, 0, 0, 8, 8, 2, 2, 5, 5, 9, 9, 9, 9, 9, 9, 5, 5, 5, 5, 5, 5, 5, 5, 5, 5, 5, 5, 8, 8, 8, 8, 8, 8, 5, 5, 0, 0, 8, 8, 0, 0, 5, 5, 8, 8, 8, 8, 8, 8, 5, 5, 5, 5]
[5, 5, 5, 5, 8, 8, 8, 8, 8, 8, 5, 5, 0, 0, 8, 8, 2, 2, 5, 5, 9, 9, 9, 9, 9, 9, 5, 5, 5, 5, 5, 5, 5, 5, 5, 5, 5, 5, 8, 8, 8, 8, 8, 8, 5, 5, 0, 0, 8, 8, 0, 0, 5, 5, 8, 8, 8, 8, 8, 8, 5, 5, 5, 5]
[5, 5, 5, 5, 8, 8, 8, 8, 8, 8, 5, 5, 2, 2, 0, 0, 0, 0, 5, 5, 9, 9, 9, 9, 9, 9, 5, 5, 5, 5, 5, 5, 5, 5, 5, 5, 5, 5, 8, 8, 8, 8, 8, 8, 5, 5, 2, 2, 0, 0, 2, 2, 5, 5, 8, 8, 8, 8, 8, 8, 5, 5, 5, 5]
[5, 5, 5, 5, 8, 8, 8, 8, 8, 8, 5, 5, 2, 2, 0, 0, 0, 0, 5, 5, 9, 9, 9, 9, 9, 9, 5, 5, 5, 5, 5, 5, 5, 5, 5, 5, 5, 5, 8, 8, 8, 8, 8, 8, 5, 5, 2, 2, 0, 0, 2, 2, 5, 5, 8, 8, 8, 8, 8, 8, 5, 5, 5, 5]
[5, 5, 5, 5, 5, 5, 5, 5, 5, 5, 5, 5, 5, 5, 5, 5, 5, 5, 5, 5, 5, 5, 5, 5, 5, 5, 5, 5, 5, 5, 5, 5, 5, 5, 5, 5, 5, 5, 5, 5, 5, 5, 5, 5, 5, 5, 5, 5, 5, 5, 5, 5, 5, 5, 5, 5, 5, 5, 5, 5, 5, 5, 5, 5]
[5, 5, 5, 5, 5, 5, 5, 5, 5, 5, 5, 5, 5, 5, 5, 5, 5, 5, 5, 5, 5, 5, 5, 5, 5, 5, 5, 5, 5, 5, 5, 5, 5, 5, 5, 5, 5, 5, 5, 5, 5, 5, 5, 5, 5, 5, 5, 5, 5, 5, 5, 5, 5, 5, 5, 5, 5, 5, 5, 5, 5, 5, 5, 5]
[5, 5, 5, 5, 9, 9, 9, 9, 9, 9, 5, 5, 8, 8, 8, 8, 8, 8, 5, 5, 8, 8, 8, 8, 8, 8, 5, 5, 5, 5, 5, 5, 5, 5, 5, 5, 5, 5, 9, 9, 9, 9, 9, 9, 5, 5, 8, 8, 8, 8, 8, 8, 5, 5, 9, 9, 9, 9, 9, 9, 5, 5, 5, 5]
[5, 5, 5, 5, 9, 9, 9, 9, 9, 9, 5, 5, 8, 8, 8, 8, 8, 8, 5, 5, 8, 8, 8, 8, 8, 8, 5, 5, 5, 5, 5, 5, 5, 5, 5, 5, 5, 5, 9, 9, 9, 9, 9, 9, 5, 5, 8, 8, 8, 8, 8, 8, 5, 5, 9, 9, 9, 9, 9, 9, 5, 5, 5, 5]
[5, 5, 5, 5, 9, 9, 9, 9, 9, 9, 5, 5, 8, 8, 8, 8, 8, 8, 5, 5, 8, 8, 8, 8, 8, 8, 5, 5, 5, 5, 5, 5, 5, 5, 5, 5, 5, 5, 9, 9, 9, 9, 9, 9, 5, 5, 8, 8, 8, 8, 8, 8, 5, 5, 9, 9, 9, 9, 9, 9, 5, 5, 5, 5]
[5, 5, 5, 5, 9, 9, 9, 9, 9, 9, 5, 5, 8, 8, 8, 8, 8, 8, 5, 5, 8, 8, 8, 8, 8, 8, 5, 5, 5, 5, 5, 5, 5, 5, 5, 5, 5, 5, 9, 9, 9, 9, 9, 9, 5, 5, 8, 8, 8, 8, 8, 8, 5, 5, 9, 9, 9, 9, 9, 9, 5, 5, 5, 5]
[5, 5, 5, 5, 9, 9, 9, 9, 9, 9, 5, 5, 8, 8, 8, 8, 8, 8, 5, 5, 8, 8, 8, 8, 8, 8, 5, 5, 5, 5, 5, 5, 5, 5, 5, 5, 5, 5, 9, 9, 9, 9, 9, 9, 5, 5, 8, 8, 8, 8, 8, 8, 5, 5, 9, 9, 9, 9, 9, 9, 5, 5, 5, 5]
[5, 5, 5, 5, 9, 9, 9, 9, 9, 9, 5, 5, 8, 8, 8, 8, 8, 8, 5, 5, 8, 8, 8, 8, 8, 8, 5, 5, 5, 5, 5, 5, 5, 5, 5, 5, 5, 5, 9, 9, 9, 9, 9, 9, 5, 5, 8, 8, 8, 8, 8, 8, 5, 5, 9, 9, 9, 9, 9, 9, 5, 5, 5, 5]
[5, 5, 5, 5, 5, 5, 5, 5, 5, 5, 5, 5, 5, 5, 5, 5, 5, 5, 5, 5, 5, 5, 5, 5, 5, 5, 5, 5, 5, 5, 5, 5, 5, 5, 5, 5, 5, 5, 5, 5, 5, 5, 5, 5, 5, 5, 5, 5, 5, 5, 5, 5, 5, 5, 5, 5, 5, 5, 5, 5, 5, 5, 5, 5]
[5, 5, 5, 5, 5, 5, 5, 5, 5, 5, 5, 5, 5, 5, 5, 5, 5, 5, 5, 5, 5, 5, 5, 5, 5, 5, 5, 5, 5, 5, 5, 5, 5, 5, 5, 5, 5, 5, 5, 5, 5, 5, 5, 5, 5, 5, 5, 5, 5, 5, 5, 5, 5, 5, 5, 5, 5, 5, 5, 5, 5, 5, 5, 5]
[5, 5, 5, 5, 5, 5, 5, 5, 5, 5, 5, 5, 5, 5, 5, 5, 5, 5, 5, 5, 5, 5, 5, 5, 5, 5, 5, 5, 5, 5, 5, 5, 5, 5, 5, 5, 5, 5, 5, 5, 5, 5, 5, 5, 5, 5, 5, 5, 5, 5, 5, 5, 5, 5, 5, 5, 5, 5, 5, 5, 5, 5, 5, 5]
[5, 5, 5, 5, 5, 5, 5, 5, 5, 5, 5, 5, 5, 5, 5, 5, 5, 5, 5, 5, 5, 5, 5, 5, 5, 5, 5, 5, 5, 5, 5, 5, 5, 5, 5, 5, 5, 5, 5, 5, 5, 5, 5, 5, 5, 5, 5, 5, 5, 5, 5, 5, 5, 5, 5, 5, 5, 5, 5, 5, 5, 5, 5, 5]
[5, 5, 5, 5, 5, 5, 5, 5, 5, 5, 5, 5, 5, 5, 5, 5, 5, 5, 5, 5, 5, 5, 5, 5, 5, 5, 5, 5, 5, 5, 5, 5, 5, 5, 5, 5, 5, 5, 5, 5, 5, 5, 5, 5, 5, 5, 5, 5, 5, 5, 5, 5, 5, 5, 5, 5, 5, 5, 5, 5, 5, 5, 5, 5]
[5, 5, 5, 5, 5, 5, 5, 5, 5, 5, 5, 5, 5, 5, 5, 5, 5, 5, 5, 5, 5, 5, 5, 5, 5, 5, 5, 5, 5, 5, 5, 5, 5, 5, 5, 5, 5, 5, 5, 5, 5, 5, 5, 5, 5, 5, 5, 5, 5, 5, 5, 5, 5, 5, 5, 5, 5, 5, 5, 5, 5, 5, 5, 5]
[5, 5, 5, 5, 5, 5, 5, 5, 5, 5, 5, 5, 5, 5, 5, 5, 5, 5, 5, 5, 5, 5, 5, 5, 5, 5, 5, 5, 5, 5, 5, 5, 5, 5, 5, 5, 5, 5, 5, 5, 5, 5, 5, 5, 5, 5, 5, 5, 5, 5, 5, 5, 5, 5, 5, 5, 5, 5, 5, 5, 5, 5, 5, 5]
[5, 5, 5, 5, 5, 5, 5, 5, 5, 5, 5, 5, 5, 5, 5, 5, 5, 5, 5, 5, 5, 5, 5, 5, 5, 5, 5, 5, 5, 5, 5, 5, 5, 5, 5, 5, 5, 5, 5, 5, 5, 5, 5, 5, 5, 5, 5, 5, 5, 5, 5, 5, 5, 5, 5, 5, 5, 5, 5, 5, 5, 5, 5, 5]
[5, 5, 5, 5, 5, 5, 5, 5, 5, 5, 5, 5, 5, 5, 5, 5, 5, 5, 5, 5, 5, 5, 5, 5, 5, 5, 5, 5, 5, 5, 5, 5, 2, 2, 2, 2, 2, 2, 4, 4, 4, 4, 4, 4, 4, 4, 4, 4, 4, 4, 4, 4, 4, 4, 4, 4, 2, 2, 2, 2, 2, 2, 5, 5]
[5, 5, 5, 5, 5, 5, 5, 5, 5, 5, 5, 5, 5, 5, 5, 5, 5, 5, 5, 5, 5, 5, 5, 5, 5, 5, 5, 5, 5, 5, 5, 5, 2, 2, 2, 2, 2, 2, 4, 4, 4, 4, 4, 4, 4, 4, 4, 4, 4, 4, 4, 4, 4, 4, 4, 4, 2, 2, 2, 2, 2, 2, 5, 5]
[5, 5, 5, 5, 5, 5, 5, 5, 5, 5, 5, 5, 5, 5, 5, 5, 5, 5, 5, 5, 5, 5, 5, 5, 5, 5, 5, 5, 5, 5, 5, 5, 2, 2, 4, 4, 4, 4, 4, 4, 4, 4, 4, 4, 4, 4, 4, 4, 4, 4, 4, 4, 4, 4, 4, 4, 4, 4, 4, 4, 2, 2, 5, 5]
[5, 5, 5, 5, 5, 5, 5, 5, 5, 5, 5, 5, 5, 5, 5, 5, 5, 5, 5, 5, 5, 5, 5, 5, 5, 5, 5, 5, 5, 5, 5, 5, 2, 2, 4, 4, 4, 4, 4, 4, 4, 4, 4, 4, 4, 4, 4, 4, 4, 4, 4, 4, 4, 4, 4, 4, 4, 4, 4, 4, 2, 2, 5, 5]
[5, 5, 5, 5, 8, 8, 8, 8, 8, 8, 5, 5, 9, 9, 9, 9, 9, 9, 5, 5, 9, 9, 9, 9, 9, 9, 5, 5, 5, 5, 5, 5, 2, 2, 4, 4, 8, 8, 8, 8, 8, 8, 4, 4, 8, 8, 8, 8, 8, 8, 4, 4, 8, 8, 8, 8, 8, 8, 4, 4, 2, 2, 5, 5]
[5, 5, 5, 5, 8, 8, 8, 8, 8, 8, 5, 5, 9, 9, 9, 9, 9, 9, 5, 5, 9, 9, 9, 9, 9, 9, 5, 5, 5, 5, 5, 5, 2, 2, 4, 4, 8, 8, 8, 8, 8, 8, 4, 4, 8, 8, 8, 8, 8, 8, 4, 4, 8, 8, 8, 8, 8, 8, 4, 4, 2, 2, 5, 5]
[5, 5, 5, 5, 8, 8, 8, 8, 8, 8, 5, 5, 9, 9, 9, 9, 9, 9, 5, 5, 9, 9, 9, 9, 9, 9, 5, 5, 5, 5, 5, 5, 4, 4, 4, 4, 8, 8, 8, 8, 8, 8, 4, 4, 8, 8, 8, 8, 8, 8, 4, 4, 8, 8, 8, 8, 8, 8, 4, 4, 4, 4, 5, 5]
[5, 5, 5, 5, 8, 8, 8, 8, 8, 8, 5, 5, 9, 9, 9, 9, 9, 9, 5, 5, 9, 9, 9, 9, 9, 9, 5, 5, 5, 5, 5, 5, 4, 4, 4, 4, 8, 8, 8, 8, 8, 8, 4, 4, 8, 8, 8, 8, 8, 8, 4, 4, 8, 8, 8, 8, 8, 8, 4, 4, 4, 4, 5, 5]
[5, 5, 5, 5, 8, 8, 8, 8, 8, 8, 5, 5, 9, 9, 9, 9, 9, 9, 5, 5, 9, 9, 9, 9, 9, 9, 5, 5, 5, 5, 5, 5, 4, 4, 4, 4, 8, 8, 8, 8, 8, 8, 4, 4, 8, 8, 8, 8, 8, 8, 4, 4, 8, 8, 8, 8, 8, 8, 4, 4, 4, 4, 5, 5]
[5, 5, 5, 5, 8, 8, 8, 8, 8, 8, 5, 5, 9, 9, 9, 9, 9, 9, 5, 5, 9, 9, 9, 9, 9, 9, 5, 5, 5, 5, 5, 5, 4, 4, 4, 4, 8, 8, 8, 8, 8, 8, 4, 4, 8, 8, 8, 8, 8, 8, 4, 4, 8, 8, 8, 8, 8, 8, 4, 4, 4, 4, 5, 5]
[5, 5, 5, 5, 5, 5, 5, 5, 5, 5, 5, 5, 5, 5, 5, 5, 5, 5, 5, 5, 5, 5, 5, 5, 5, 5, 5, 5, 5, 5, 5, 5, 4, 4, 4, 4, 4, 4, 4, 4, 4, 4, 4, 4, 4, 4, 4, 4, 4, 4, 4, 4, 4, 4, 4, 4, 4, 4, 4, 4, 4, 4, 5, 5]
[5, 5, 5, 5, 5, 5, 5, 5, 5, 5, 5, 5, 5, 5, 5, 5, 5, 5, 5, 5, 5, 5, 5, 5, 5, 5, 5, 5, 5, 5, 5, 5, 4, 4, 4, 4, 4, 4, 4, 4, 4, 4, 4, 4, 4, 4, 4, 4, 4, 4, 4, 4, 4, 4, 4, 4, 4, 4, 4, 4, 4, 4, 5, 5]
[5, 5, 5, 5, 8, 8, 8, 8, 8, 8, 5, 5, 0, 0, 2, 2, 2, 2, 5, 5, 8, 8, 8, 8, 8, 8, 5, 5, 5, 5, 5, 5, 4, 4, 4, 4, 8, 8, 8, 8, 8, 8, 4, 4, 0, 0, 2, 2, 2, 2, 4, 4, 8, 8, 8, 8, 8, 8, 4, 4, 4, 4, 5, 5]
[5, 5, 5, 5, 8, 8, 8, 8, 8, 8, 5, 5, 0, 0, 2, 2, 2, 2, 5, 5, 8, 8, 8, 8, 8, 8, 5, 5, 5, 5, 5, 5, 4, 4, 4, 4, 8, 8, 8, 8, 8, 8, 4, 4, 0, 0, 2, 2, 2, 2, 4, 4, 8, 8, 8, 8, 8, 8, 4, 4, 4, 4, 5, 5]
[5, 5, 5, 5, 8, 8, 8, 8, 8, 8, 5, 5, 0, 0, 8, 8, 0, 0, 5, 5, 8, 8, 8, 8, 8, 8, 5, 5, 5, 5, 5, 5, 4, 4, 4, 4, 8, 8, 8, 8, 8, 8, 4, 4, 0, 0, 8, 8, 0, 0, 4, 4, 8, 8, 8, 8, 8, 8, 4, 4, 4, 4, 5, 5]
[5, 5, 5, 5, 8, 8, 8, 8, 8, 8, 5, 5, 0, 0, 8, 8, 0, 0, 5, 5, 8, 8, 8, 8, 8, 8, 5, 5, 5, 5, 5, 5, 4, 4, 4, 4, 8, 8, 8, 8, 8, 8, 4, 4, 0, 0, 8, 8, 0, 0, 4, 4, 8, 8, 8, 8, 8, 8, 4, 4, 4, 4, 5, 5]
[5, 5, 5, 5, 8, 8, 8, 8, 8, 8, 5, 5, 2, 2, 2, 2, 0, 0, 5, 5, 8, 8, 8, 8, 8, 8, 5, 5, 5, 5, 5, 5, 4, 4, 4, 4, 8, 8, 8, 8, 8, 8, 4, 4, 0, 0, 2, 2, 2, 2, 4, 4, 8, 8, 8, 8, 8, 8, 4, 4, 4, 4, 5, 5]
[5, 5, 5, 5, 8, 8, 8, 8, 8, 8, 5, 5, 2, 2, 2, 2, 0, 0, 5, 5, 8, 8, 8, 8, 8, 8, 5, 5, 5, 5, 5, 5, 4, 4, 4, 4, 8, 8, 8, 8, 8, 8, 4, 4, 0, 0, 2, 2, 2, 2, 4, 4, 8, 8, 8, 8, 8, 8, 4, 4, 4, 4, 5, 5]
[5, 5, 5, 5, 5, 5, 5, 5, 5, 5, 5, 5, 5, 5, 5, 5, 5, 5, 5, 5, 5, 5, 5, 5, 5, 5, 5, 5, 5, 5, 5, 5, 4, 4, 4, 4, 4, 4, 4, 4, 4, 4, 4, 4, 4, 4, 4, 4, 4, 4, 4, 4, 4, 4, 4, 4, 4, 4, 4, 4, 4, 4, 5, 5]
[5, 5, 5, 5, 5, 5, 5, 5, 5, 5, 5, 5, 5, 5, 5, 5, 5, 5, 5, 5, 5, 5, 5, 5, 5, 5, 5, 5, 5, 5, 5, 5, 4, 4, 4, 4, 4, 4, 4, 4, 4, 4, 4, 4, 4, 4, 4, 4, 4, 4, 4, 4, 4, 4, 4, 4, 4, 4, 4, 4, 4, 4, 5, 5]
[5, 5, 5, 5, 9, 9, 9, 9, 9, 9, 5, 5, 9, 9, 9, 9, 9, 9, 5, 5, 8, 8, 8, 8, 8, 8, 5, 5, 5, 5, 5, 5, 4, 4, 4, 4, 8, 8, 8, 8, 8, 8, 4, 4, 9, 9, 9, 9, 9, 9, 4, 4, 8, 8, 8, 8, 8, 8, 4, 4, 4, 4, 5, 5]
[5, 5, 5, 5, 9, 9, 9, 9, 9, 9, 5, 5, 9, 9, 9, 9, 9, 9, 5, 5, 8, 8, 8, 8, 8, 8, 5, 5, 5, 5, 5, 5, 4, 4, 4, 4, 8, 8, 8, 8, 8, 8, 4, 4, 9, 9, 9, 9, 9, 9, 4, 4, 8, 8, 8, 8, 8, 8, 4, 4, 4, 4, 5, 5]
[5, 5, 5, 5, 9, 9, 9, 9, 9, 9, 5, 5, 9, 9, 9, 9, 9, 9, 5, 5, 8, 8, 8, 8, 8, 8, 5, 5, 5, 5, 5, 5, 4, 4, 4, 4, 8, 8, 8, 8, 8, 8, 4, 4, 9, 9, 9, 9, 9, 9, 4, 4, 8, 8, 8, 8, 8, 8, 4, 4, 4, 4, 5, 5]
[5, 5, 5, 5, 9, 9, 9, 9, 9, 9, 5, 5, 9, 9, 9, 9, 9, 9, 5, 5, 8, 8, 8, 8, 8, 8, 5, 5, 5, 5, 5, 5, 4, 4, 4, 4, 8, 8, 8, 8, 8, 8, 4, 4, 9, 9, 9, 9, 9, 9, 4, 4, 8, 8, 8, 8, 8, 8, 4, 4, 4, 4, 5, 5]
[5, 5, 5, 5, 9, 9, 9, 9, 9, 9, 5, 5, 9, 9, 9, 9, 9, 9, 5, 5, 8, 8, 8, 8, 8, 8, 5, 5, 5, 5, 5, 5, 2, 2, 4, 4, 8, 8, 8, 8, 8, 8, 4, 4, 9, 9, 9, 9, 9, 9, 4, 4, 8, 8, 8, 8, 8, 8, 4, 4, 2, 2, 5, 5]
[5, 5, 5, 5, 9, 9, 9, 9, 9, 9, 5, 5, 9, 9, 9, 9, 9, 9, 5, 5, 8, 8, 8, 8, 8, 8, 5, 5, 5, 5, 5, 5, 2, 2, 4, 4, 8, 8, 8, 8, 8, 8, 4, 4, 9, 9, 9, 9, 9, 9, 4, 4, 8, 8, 8, 8, 8, 8, 4, 4, 2, 2, 5, 5]
[5, 5, 5, 5, 5, 5, 5, 5, 5, 5, 5, 5, 5, 5, 5, 5, 5, 5, 5, 5, 5, 5, 5, 5, 5, 5, 5, 5, 5, 5, 5, 5, 2, 2, 4, 4, 4, 4, 4, 4, 4, 4, 4, 4, 4, 4, 4, 4, 4, 4, 4, 4, 4, 4, 4, 4, 4, 4, 4, 4, 2, 2, 5, 5]
[5, 5, 5, 5, 5, 5, 5, 5, 5, 5, 5, 5, 5, 5, 5, 5, 5, 5, 5, 5, 5, 5, 5, 5, 5, 5, 5, 5, 5, 5, 5, 5, 2, 2, 4, 4, 4, 4, 4, 4, 4, 4, 4, 4, 4, 4, 4, 4, 4, 4, 4, 4, 4, 4, 4, 4, 4, 4, 4, 4, 2, 2, 5, 5]
[5, 5, 5, 5, 5, 5, 5, 5, 5, 5, 5, 5, 5, 5, 5, 5, 5, 5, 5, 5, 5, 5, 5, 5, 5, 5, 5, 5, 5, 5, 5, 5, 2, 2, 2, 2, 2, 2, 4, 4, 4, 4, 4, 4, 4, 4, 4, 4, 4, 4, 4, 4, 4, 4, 4, 4, 2, 2, 2, 2, 2, 2, 5, 5]
[5, 5, 5, 5, 5, 5, 5, 5, 5, 5, 5, 5, 5, 5, 5, 5, 5, 5, 5, 5, 5, 5, 5, 5, 5, 5, 5, 5, 5, 5, 5, 5, 2, 2, 2, 2, 2, 2, 4, 4, 4, 4, 4, 4, 4, 4, 4, 4, 4, 4, 4, 4, 4, 4, 4, 4, 2, 2, 2, 2, 2, 2, 5, 5]
[5, 5, 5, 5, 5, 5, 5, 5, 5, 5, 5, 5, 5, 5, 5, 5, 5, 5, 5, 5, 5, 5, 5, 5, 5, 5, 5, 5, 5, 5, 5, 5, 5, 5, 5, 5, 5, 5, 5, 5, 5, 5, 5, 5, 5, 5, 5, 5, 5, 5, 5, 5, 5, 5, 5, 5, 5, 5, 5, 5, 5, 5, 5, 5]
[12, 12, 12, 12, 12, 12, 12, 12, 12, 12, 12, 12, 12, 12, 12, 12, 12, 12, 12, 12, 12, 12, 12, 12, 12, 12, 12, 12, 12, 12, 12, 12, 12, 12, 11, 11, 11, 11, 11, 11, 11, 11, 11, 11, 11, 11, 11, 11, 11, 11, 11, 11, 11, 11, 11, 11, 11, 11, 11, 11, 11, 11, 11, 11]
</grid_0>
",,0.0,False
16,ACTION6 x=38 y=46,manual,"State: NOT_FINISHED
Levels completed: 0/6
Action count: 16

========== Start of Direct Observation ==========
<grid_0>
[5, 5, 5, 5, 5, 5, 5, 5, 5, 5, 5, 5, 5, 5, 5, 5, 5, 5, 5, 5, 5, 5, 5, 5, 5, 5, 5, 5, 5, 5, 5, 5, 5, 5, 5, 5, 5, 5, 5, 5, 5, 5, 5, 5, 5, 5, 5, 5, 5, 5, 5, 5, 5, 5, 5, 5, 5, 5, 5, 5, 5, 5, 5, 5]
[5, 5, 5, 5, 5, 5, 5, 5, 5, 5, 5, 5, 5, 5, 5, 5, 5, 5, 5, 5, 5, 5, 5, 5, 5, 5, 5, 5, 5, 5, 5, 5, 5, 5, 5, 5, 5, 5, 5, 5, 5, 5, 5, 5, 5, 5, 5, 5, 5, 5, 5, 5, 5, 5, 5, 5, 5, 5, 5, 5, 5, 5, 5, 5]
[5, 5, 5, 5, 9, 9, 9, 9, 9, 9, 5, 5, 8, 8, 8, 8, 8, 8, 5, 5, 9, 9, 9, 9, 9, 9, 5, 5, 5, 5, 5, 5, 5, 5, 5, 5, 5, 5, 9, 9, 9, 9, 9, 9, 5, 5, 8, 8, 8, 8, 8, 8, 5, 5, 9, 9, 9, 9, 9, 9, 5, 5, 5, 5]
[5, 5, 5, 5, 9, 9, 9, 9, 9, 9, 5, 5, 8, 8, 8, 8, 8, 8, 5, 5, 9, 9, 9, 9, 9, 9, 5, 5, 5, 5, 5, 5, 5, 5, 5, 5, 5, 5, 9, 9, 9, 9, 9, 9, 5, 5, 8, 8, 8, 8, 8, 8, 5, 5, 9, 9, 9, 9, 9, 9, 5, 5, 5, 5]
[5, 5, 5, 5, 9, 9, 9, 9, 9, 9, 5, 5, 8, 8, 8, 8, 8, 8, 5, 5, 9, 9, 9, 9, 9, 9, 5, 5, 5, 5, 5, 5, 5, 5, 5, 5, 5, 5, 9, 9, 9, 9, 9, 9, 5, 5, 8, 8, 8, 8, 8, 8, 5, 5, 9, 9, 9, 9, 9, 9, 5, 5, 5, 5]
[5, 5, 5, 5, 9, 9, 9, 9, 9, 9, 5, 5, 8, 8, 8, 8, 8, 8, 5, 5, 9, 9, 9, 9, 9, 9, 5, 5, 5, 5, 5, 5, 5, 5, 5, 5, 5, 5, 9, 9, 9, 9, 9, 9, 5, 5, 8, 8, 8, 8, 8, 8, 5, 5, 9, 9, 9, 9, 9, 9, 5, 5, 5, 5]
[5, 5, 5, 5, 9, 9, 9, 9, 9, 9, 5, 5, 8, 8, 8, 8, 8, 8, 5, 5, 9, 9, 9, 9, 9, 9, 5, 5, 5, 5, 5, 5, 5, 5, 5, 5, 5, 5, 9, 9, 9, 9, 9, 9, 5, 5, 8, 8, 8, 8, 8, 8, 5, 5, 9, 9, 9, 9, 9, 9, 5, 5, 5, 5]
[5, 5, 5, 5, 9, 9, 9, 9, 9, 9, 5, 5, 8, 8, 8, 8, 8, 8, 5, 5, 9, 9, 9, 9, 9, 9, 5, 5, 5, 5, 5, 5, 5, 5, 5, 5, 5, 5, 9, 9, 9, 9, 9, 9, 5, 5, 8, 8, 8, 8, 8, 8, 5, 5, 9, 9, 9, 9, 9, 9, 5, 5, 5, 5]
[5, 5, 5, 5, 5, 5, 5, 5, 5, 5, 5, 5, 5, 5, 5, 5, 5, 5, 5, 5, 5, 5, 5, 5, 5, 5, 5, 5, 5, 5, 5, 5, 5, 5, 5, 5, 5, 5, 5, 5, 5, 5, 5, 5, 5, 5, 5, 5, 5, 5, 5, 5, 5, 5, 5, 5, 5, 5, 5, 5, 5, 5, 5, 5]
[5, 5, 5, 5, 5, 5, 5, 5, 5, 5, 5, 5, 5, 5, 5, 5, 5, 5, 5, 5, 5, 5, 5, 5, 5, 5, 5, 5, 5, 5, 5, 5, 5, 5, 5, 5, 5, 5, 5, 5, 5, 5, 5, 5, 5, 5, 5, 5, 5, 5, 5, 5, 5, 5, 5, 5, 5, 5, 5, 5, 5, 5, 5, 5]
[5, 5, 5, 5, 8, 8, 8, 8, 8, 8, 5, 5, 2, 2, 0, 0, 2, 2, 5, 5, 9, 9, 9, 9, 9, 9, 5, 5, 5, 5, 5, 5, 5, 5, 5, 5, 5, 5, 8, 8, 8, 8, 8, 8, 5, 5, 2, 2, 0, 0, 2, 2, 5, 5, 8, 8, 8, 8, 8, 8, 5, 5, 5, 5]
[5, 5, 5, 5, 8, 8, 8, 8, 8, 8, 5, 5, 2, 2, 0, 0, 2, 2, 5, 5, 9, 9, 9, 9, 9, 9, 5, 5, 5, 5, 5, 5, 5, 5, 5, 5, 5, 5, 8, 8, 8, 8, 8, 8, 5, 5, 2, 2, 0, 0, 2, 2, 5, 5, 8, 8, 8, 8, 8, 8, 5, 5, 5, 5]
[5, 5, 5, 5, 8, 8, 8, 8, 8, 8, 5, 5, 0, 0, 8, 8, 2, 2, 5, 5, 9, 9, 9, 9, 9, 9, 5, 5, 5, 5, 5, 5, 5, 5, 5, 5, 5, 5, 8, 8, 8, 8, 8, 8, 5, 5, 0, 0, 8, 8, 0, 0, 5, 5, 8, 8, 8, 8, 8, 8, 5, 5, 5, 5]
[5, 5, 5, 5, 8, 8, 8, 8, 8, 8, 5, 5, 0, 0, 8, 8, 2, 2, 5, 5, 9, 9, 9, 9, 9, 9, 5, 5, 5, 5, 5, 5, 5, 5, 5, 5, 5, 5, 8, 8, 8, 8, 8, 8, 5, 5, 0, 0, 8, 8, 0, 0, 5, 5, 8, 8, 8, 8, 8, 8, 5, 5, 5, 5]
[5, 5, 5, 5, 8, 8, 8, 8, 8, 8, 5, 5, 2, 2, 0, 0, 0, 0, 5, 5, 9, 9, 9, 9, 9, 9, 5, 5, 5, 5, 5, 5, 5, 5, 5, 5, 5, 5, 8, 8, 8, 8, 8, 8, 5, 5, 2, 2, 0, 0, 2, 2, 5, 5, 8, 8, 8, 8, 8, 8, 5, 5, 5, 5]
[5, 5, 5, 5, 8, 8, 8, 8, 8, 8, 5, 5, 2, 2, 0, 0, 0, 0, 5, 5, 9, 9, 9, 9, 9, 9, 5, 5, 5, 5, 5, 5, 5, 5, 5, 5, 5, 5, 8, 8, 8, 8, 8, 8, 5, 5, 2, 2, 0, 0, 2, 2, 5, 5, 8, 8, 8, 8, 8, 8, 5, 5, 5, 5]
[5, 5, 5, 5, 5, 5, 5, 5, 5, 5, 5, 5, 5, 5, 5, 5, 5, 5, 5, 5, 5, 5, 5, 5, 5, 5, 5, 5, 5, 5, 5, 5, 5, 5, 5, 5, 5, 5, 5, 5, 5, 5, 5, 5, 5, 5, 5, 5, 5, 5, 5, 5, 5, 5, 5, 5, 5, 5, 5, 5, 5, 5, 5, 5]
[5, 5, 5, 5, 5, 5, 5, 5, 5, 5, 5, 5, 5, 5, 5, 5, 5, 5, 5, 5, 5, 5, 5, 5, 5, 5, 5, 5, 5, 5, 5, 5, 5, 5, 5, 5, 5, 5, 5, 5, 5, 5, 5, 5, 5, 5, 5, 5, 5, 5, 5, 5, 5, 5, 5, 5, 5, 5, 5, 5, 5, 5, 5, 5]
[5, 5, 5, 5, 9, 9, 9, 9, 9, 9, 5, 5, 8, 8, 8, 8, 8, 8, 5, 5, 8, 8, 8, 8, 8, 8, 5, 5, 5, 5, 5, 5, 5, 5, 5, 5, 5, 5, 9, 9, 9, 9, 9, 9, 5, 5, 8, 8, 8, 8, 8, 8, 5, 5, 9, 9, 9, 9, 9, 9, 5, 5, 5, 5]
[5, 5, 5, 5, 9, 9, 9, 9, 9, 9, 5, 5, 8, 8, 8, 8, 8, 8, 5, 5, 8, 8, 8, 8, 8, 8, 5, 5, 5, 5, 5, 5, 5, 5, 5, 5, 5, 5, 9, 9, 9, 9, 9, 9, 5, 5, 8, 8, 8, 8, 8, 8, 5, 5, 9, 9, 9, 9, 9, 9, 5, 5, 5, 5]
[5, 5, 5, 5, 9, 9, 9, 9, 9, 9, 5, 5, 8, 8, 8, 8, 8, 8, 5, 5, 8, 8, 8, 8, 8, 8, 5, 5, 5, 5, 5, 5, 5, 5, 5, 5, 5, 5, 9, 9, 9, 9, 9, 9, 5, 5, 8, 8, 8, 8, 8, 8, 5, 5, 9, 9, 9, 9, 9, 9, 5, 5, 5, 5]
[5, 5, 5, 5, 9, 9, 9, 9, 9, 9, 5, 5, 8, 8, 8, 8, 8, 8, 5, 5, 8, 8, 8, 8, 8, 8, 5, 5, 5, 5, 5, 5, 5, 5, 5, 5, 5, 5, 9, 9, 9, 9, 9, 9, 5, 5, 8, 8, 8, 8, 8, 8, 5, 5, 9, 9, 9, 9, 9, 9, 5, 5, 5, 5]
[5, 5, 5, 5, 9, 9, 9, 9, 9, 9, 5, 5, 8, 8, 8, 8, 8, 8, 5, 5, 8, 8, 8, 8, 8, 8, 5, 5, 5, 5, 5, 5, 5, 5, 5, 5, 5, 5, 9, 9, 9, 9, 9, 9, 5, 5, 8, 8, 8, 8, 8, 8, 5, 5, 9, 9, 9, 9, 9, 9, 5, 5, 5, 5]
[5, 5, 5, 5, 9, 9, 9, 9, 9, 9, 5, 5, 8, 8, 8, 8, 8, 8, 5, 5, 8, 8, 8, 8, 8, 8, 5, 5, 5, 5, 5, 5, 5, 5, 5, 5, 5, 5, 9, 9, 9, 9, 9, 9, 5, 5, 8, 8, 8, 8, 8, 8, 5, 5, 9, 9, 9, 9, 9, 9, 5, 5, 5, 5]
[5, 5, 5, 5, 5, 5, 5, 5, 5, 5, 5, 5, 5, 5, 5, 5, 5, 5, 5, 5, 5, 5, 5, 5, 5, 5, 5, 5, 5, 5, 5, 5, 5, 5, 5, 5, 5, 5, 5, 5, 5, 5, 5, 5, 5, 5, 5, 5, 5, 5, 5, 5, 5, 5, 5, 5, 5, 5, 5, 5, 5, 5, 5, 5]
[5, 5, 5, 5, 5, 5, 5, 5, 5, 5, 5, 5, 5, 5, 5, 5, 5, 5, 5, 5, 5, 5, 5, 5, 5, 5, 5, 5, 5, 5, 5, 5, 5, 5, 5, 5, 5, 5, 5, 5, 5, 5, 5, 5, 5, 5, 5, 5, 5, 5, 5, 5, 5, 5, 5, 5, 5, 5, 5, 5, 5, 5, 5, 5]
[5, 5, 5, 5, 5, 5, 5, 5, 5, 5, 5, 5, 5, 5, 5, 5, 5, 5, 5, 5, 5, 5, 5, 5, 5, 5, 5, 5, 5, 5, 5, 5, 5, 5, 5, 5, 5, 5, 5, 5, 5, 5, 5, 5, 5, 5, 5, 5, 5, 5, 5, 5, 5, 5, 5, 5, 5, 5, 5, 5, 5, 5, 5, 5]
[5, 5, 5, 5, 5, 5, 5, 5, 5, 5, 5, 5, 5, 5, 5, 5, 5, 5, 5, 5, 5, 5, 5, 5, 5, 5, 5, 5, 5, 5, 5, 5, 5, 5, 5, 5, 5, 5, 5, 5, 5, 5, 5, 5, 5, 5, 5, 5, 5, 5, 5, 5, 5, 5, 5, 5, 5, 5, 5, 5, 5, 5, 5, 5]
[5, 5, 5, 5, 5, 5, 5, 5, 5, 5, 5, 5, 5, 5, 5, 5, 5, 5, 5, 5, 5, 5, 5, 5, 5, 5, 5, 5, 5, 5, 5, 5, 5, 5, 5, 5, 5, 5, 5, 5, 5, 5, 5, 5, 5, 5, 5, 5, 5, 5, 5, 5, 5, 5, 5, 5, 5, 5, 5, 5, 5, 5, 5, 5]
[5, 5, 5, 5, 5, 5, 5, 5, 5, 5, 5, 5, 5, 5, 5, 5, 5, 5, 5, 5, 5, 5, 5, 5, 5, 5, 5, 5, 5, 5, 5, 5, 5, 5, 5, 5, 5, 5, 5, 5, 5, 5, 5, 5, 5, 5, 5, 5, 5, 5, 5, 5, 5, 5, 5, 5, 5, 5, 5, 5, 5, 5, 5, 5]
[5, 5, 5, 5, 5, 5, 5, 5, 5, 5, 5, 5, 5, 5, 5, 5, 5, 5, 5, 5, 5, 5, 5, 5, 5, 5, 5, 5, 5, 5, 5, 5, 5, 5, 5, 5, 5, 5, 5, 5, 5, 5, 5, 5, 5, 5, 5, 5, 5, 5, 5, 5, 5, 5, 5, 5, 5, 5, 5, 5, 5, 5, 5, 5]
[5, 5, 5, 5, 5, 5, 5, 5, 5, 5, 5, 5, 5, 5, 5, 5, 5, 5, 5, 5, 5, 5, 5, 5, 5, 5, 5, 5, 5, 5, 5, 5, 5, 5, 5, 5, 5, 5, 5, 5, 5, 5, 5, 5, 5, 5, 5, 5, 5, 5, 5, 5, 5, 5, 5, 5, 5, 5, 5, 5, 5, 5, 5, 5]
[5, 5, 5, 5, 5, 5, 5, 5, 5, 5, 5, 5, 5, 5, 5, 5, 5, 5, 5, 5, 5, 5, 5, 5, 5, 5, 5, 5, 5, 5, 5, 5, 2, 2, 2, 2, 2, 2, 4, 4, 4, 4, 4, 4, 4, 4, 4, 4, 4, 4, 4, 4, 4, 4, 4, 4, 2, 2, 2, 2, 2, 2, 5, 5]
[5, 5, 5, 5, 5, 5, 5, 5, 5, 5, 5, 5, 5, 5, 5, 5, 5, 5, 5, 5, 5, 5, 5, 5, 5, 5, 5, 5, 5, 5, 5, 5, 2, 2, 2, 2, 2, 2, 4, 4, 4, 4, 4, 4, 4, 4, 4, 4, 4, 4, 4, 4, 4, 4, 4, 4, 2, 2, 2, 2, 2, 2, 5, 5]
[5, 5, 5, 5, 5, 5, 5, 5, 5, 5, 5, 5, 5, 5, 5, 5, 5, 5, 5, 5, 5, 5, 5, 5, 5, 5, 5, 5, 5, 5, 5, 5, 2, 2, 4, 4, 4, 4, 4, 4, 4, 4, 4, 4, 4, 4, 4, 4, 4, 4, 4, 4, 4, 4, 4, 4, 4, 4, 4, 4, 2, 2, 5, 5]
[5, 5, 5, 5, 5, 5, 5, 5, 5, 5, 5, 5, 5, 5, 5, 5, 5, 5, 5, 5, 5, 5, 5, 5, 5, 5, 5, 5, 5, 5, 5, 5, 2, 2, 4, 4, 4, 4, 4, 4, 4, 4, 4, 4, 4, 4, 4, 4, 4, 4, 4, 4, 4, 4, 4, 4, 4, 4, 4, 4, 2, 2, 5, 5]
[5, 5, 5, 5, 8, 8, 8, 8, 8, 8, 5, 5, 9, 9, 9, 9, 9, 9, 5, 5, 9, 9, 9, 9, 9, 9, 5, 5, 5, 5, 5, 5, 2, 2, 4, 4, 8, 8, 8, 8, 8, 8, 4, 4, 8, 8, 8, 8, 8, 8, 4, 4, 8, 8, 8, 8, 8, 8, 4, 4, 2, 2, 5, 5]
[5, 5, 5, 5, 8, 8, 8, 8, 8, 8, 5, 5, 9, 9, 9, 9, 9, 9, 5, 5, 9, 9, 9, 9, 9, 9, 5, 5, 5, 5, 5, 5, 2, 2, 4, 4, 8, 8, 8, 8, 8, 8, 4, 4, 8, 8, 8, 8, 8, 8, 4, 4, 8, 8, 8, 8, 8, 8, 4, 4, 2, 2, 5, 5]
[5, 5, 5, 5, 8, 8, 8, 8, 8, 8, 5, 5, 9, 9, 9, 9, 9, 9, 5, 5, 9, 9, 9, 9, 9, 9, 5, 5, 5, 5, 5, 5, 4, 4, 4, 4, 8, 8, 8, 8, 8, 8, 4, 4, 8, 8, 8, 8, 8, 8, 4, 4, 8, 8, 8, 8, 8, 8, 4, 4, 4, 4, 5, 5]
[5, 5, 5, 5, 8, 8, 8, 8, 8, 8, 5, 5, 9, 9, 9, 9, 9, 9, 5, 5, 9, 9, 9, 9, 9, 9, 5, 5, 5, 5, 5, 5, 4, 4, 4, 4, 8, 8, 8, 8, 8, 8, 4, 4, 8, 8, 8, 8, 8, 8, 4, 4, 8, 8, 8, 8, 8, 8, 4, 4, 4, 4, 5, 5]
[5, 5, 5, 5, 8, 8, 8, 8, 8, 8, 5, 5, 9, 9, 9, 9, 9, 9, 5, 5, 9, 9, 9, 9, 9, 9, 5, 5, 5, 5, 5, 5, 4, 4, 4, 4, 8, 8, 8, 8, 8, 8, 4, 4, 8, 8, 8, 8, 8, 8, 4, 4, 8, 8, 8, 8, 8, 8, 4, 4, 4, 4, 5, 5]
[5, 5, 5, 5, 8, 8, 8, 8, 8, 8, 5, 5, 9, 9, 9, 9, 9, 9, 5, 5, 9, 9, 9, 9, 9, 9, 5, 5, 5, 5, 5, 5, 4, 4, 4, 4, 8, 8, 8, 8, 8, 8, 4, 4, 8, 8, 8, 8, 8, 8, 4, 4, 8, 8, 8, 8, 8, 8, 4, 4, 4, 4, 5, 5]
[5, 5, 5, 5, 5, 5, 5, 5, 5, 5, 5, 5, 5, 5, 5, 5, 5, 5, 5, 5, 5, 5, 5, 5, 5, 5, 5, 5, 5, 5, 5, 5, 4, 4, 4, 4, 4, 4, 4, 4, 4, 4, 4, 4, 4, 4, 4, 4, 4, 4, 4, 4, 4, 4, 4, 4, 4, 4, 4, 4, 4, 4, 5, 5]
[5, 5, 5, 5, 5, 5, 5, 5, 5, 5, 5, 5, 5, 5, 5, 5, 5, 5, 5, 5, 5, 5, 5, 5, 5, 5, 5, 5, 5, 5, 5, 5, 4, 4, 4, 4, 4, 4, 4, 4, 4, 4, 4, 4, 4, 4, 4, 4, 4, 4, 4, 4, 4, 4, 4, 4, 4, 4, 4, 4, 4, 4, 5, 5]
[5, 5, 5, 5, 8, 8, 8, 8, 8, 8, 5, 5, 0, 0, 2, 2, 2, 2, 5, 5, 8, 8, 8, 8, 8, 8, 5, 5, 5, 5, 5, 5, 4, 4, 4, 4, 9, 9, 9, 9, 9, 9, 4, 4, 0, 0, 2, 2, 2, 2, 4, 4, 8, 8, 8, 8, 8, 8, 4, 4, 4, 4, 5, 5]
[5, 5, 5, 5, 8, 8, 8, 8, 8, 8, 5, 5, 0, 0, 2, 2, 2, 2, 5, 5, 8, 8, 8, 8, 8, 8, 5, 5, 5, 5, 5, 5, 4, 4, 4, 4, 9, 9, 9, 9, 9, 9, 4, 4, 0, 0, 2, 2, 2, 2, 4, 4, 8, 8, 8, 8, 8, 8, 4, 4, 4, 4, 5, 5]
[5, 5, 5, 5, 8, 8, 8, 8, 8, 8, 5, 5, 0, 0, 8, 8, 0, 0, 5, 5, 8, 8, 8, 8, 8, 8, 5, 5, 5, 5, 5, 5, 4, 4, 4, 4, 9, 9, 9, 9, 9, 9, 4, 4, 0, 0, 8, 8, 0, 0, 4, 4, 8, 8, 8, 8, 8, 8, 4, 4, 4, 4, 5, 5]
[5, 5, 5, 5, 8, 8, 8, 8, 8, 8, 5, 5, 0, 0, 8, 8, 0, 0, 5, 5, 8, 8, 8, 8, 8, 8, 5, 5, 5, 5, 5, 5, 4, 4, 4, 4, 9, 9, 9, 9, 9, 9, 4, 4, 0, 0, 8, 8, 0, 0, 4, 4, 8, 8, 8, 8, 8, 8, 4, 4, 4, 4, 5, 5]
[5, 5, 5, 5, 8, 8, 8, 8, 8, 8, 5, 5, 2, 2, 2, 2, 0, 0, 5, 5, 8, 8, 8, 8, 8, 8, 5, 5, 5, 5, 5, 5, 4, 4, 4, 4, 9, 9, 9, 9, 9, 9, 4, 4, 0, 0, 2, 2, 2, 2, 4, 4, 8, 8, 8, 8, 8, 8, 4, 4, 4, 4, 5, 5]
[5, 5, 5, 5, 8, 8, 8, 8, 8, 8, 5, 5, 2, 2, 2, 2, 0, 0, 5, 5, 8, 8, 8, 8, 8, 8, 5, 5, 5, 5, 5, 5, 4, 4, 4, 4, 9, 9, 9, 9, 9, 9, 4, 4, 0, 0, 2, 2, 2, 2, 4, 4, 8, 8, 8, 8, 8, 8, 4, 4, 4, 4, 5, 5]
[5, 5, 5, 5, 5, 5, 5, 5, 5, 5, 5, 5, 5, 5, 5, 5, 5, 5, 5, 5, 5, 5, 5, 5, 5, 5, 5, 5, 5, 5, 5, 5, 4, 4, 4, 4, 4, 4, 4, 4, 4, 4, 4, 4, 4, 4, 4, 4, 4, 4, 4, 4, 4, 4, 4, 4, 4, 4, 4, 4, 4, 4, 5, 5]
[5, 5, 5, 5, 5, 5, 5, 5, 5, 5, 5, 5, 5, 5, 5, 5, 5, 5, 5, 5, 5, 5, 5, 5, 5, 5, 5, 5, 5, 5, 5, 5, 4, 4, 4, 4, 4, 4, 4, 4, 4, 4, 4, 4, 4, 4, 4, 4, 4, 4, 4, 4, 4, 4, 4, 4, 4, 4, 4, 4, 4, 4, 5, 5]
[5, 5, 5, 5, 9, 9, 9, 9, 9, 9, 5, 5, 9, 9, 9, 9, 9, 9, 5, 5, 8, 8, 8, 8, 8, 8, 5, 5, 5, 5, 5, 5, 4, 4, 4, 4, 8, 8, 8, 8, 8, 8, 4, 4, 9, 9, 9, 9, 9, 9, 4, 4, 8, 8, 8, 8, 8, 8, 4, 4, 4, 4, 5, 5]
[5, 5, 5, 5, 9, 9, 9, 9, 9, 9, 5, 5, 9, 9, 9, 9, 9, 9, 5, 5, 8, 8, 8, 8, 8, 8, 5, 5, 5, 5, 5, 5, 4, 4, 4, 4, 8, 8, 8, 8, 8, 8, 4, 4, 9, 9, 9, 9, 9, 9, 4, 4, 8, 8, 8, 8, 8, 8, 4, 4, 4, 4, 5, 5]
[5, 5, 5, 5, 9, 9, 9, 9, 9, 9, 5, 5, 9, 9, 9, 9, 9, 9, 5, 5, 8, 8, 8, 8, 8, 8, 5, 5, 5, 5, 5, 5, 4, 4, 4, 4, 8, 8, 8, 8, 8, 8, 4, 4, 9, 9, 9, 9, 9, 9, 4, 4, 8, 8, 8, 8, 8, 8, 4, 4, 4, 4, 5, 5]
[5, 5, 5, 5, 9, 9, 9, 9, 9, 9, 5, 5, 9, 9, 9, 9, 9, 9, 5, 5, 8, 8, 8, 8, 8, 8, 5, 5, 5, 5, 5, 5, 4, 4, 4, 4, 8, 8, 8, 8, 8, 8, 4, 4, 9, 9, 9, 9, 9, 9, 4, 4, 8, 8, 8, 8, 8, 8, 4, 4, 4, 4, 5, 5]
[5, 5, 5, 5, 9, 9, 9, 9, 9, 9, 5, 5, 9, 9, 9, 9, 9, 9, 5, 5, 8, 8, 8, 8, 8, 8, 5, 5, 5, 5, 5, 5, 2, 2, 4, 4, 8, 8, 8, 8, 8, 8, 4, 4, 9, 9, 9, 9, 9, 9, 4, 4, 8, 8, 8, 8, 8, 8, 4, 4, 2, 2, 5, 5]
[5, 5, 5, 5, 9, 9, 9, 9, 9, 9, 5, 5, 9, 9, 9, 9, 9, 9, 5, 5, 8, 8, 8, 8, 8, 8, 5, 5, 5, 5, 5, 5, 2, 2, 4, 4, 8, 8, 8, 8, 8, 8, 4, 4, 9, 9, 9, 9, 9, 9, 4, 4, 8, 8, 8, 8, 8, 8, 4, 4, 2, 2, 5, 5]
[5, 5, 5, 5, 5, 5, 5, 5, 5, 5, 5, 5, 5, 5, 5, 5, 5, 5, 5, 5, 5, 5, 5, 5, 5, 5, 5, 5, 5, 5, 5, 5, 2, 2, 4, 4, 4, 4, 4, 4, 4, 4, 4, 4, 4, 4, 4, 4, 4, 4, 4, 4, 4, 4, 4, 4, 4, 4, 4, 4, 2, 2, 5, 5]
[5, 5, 5, 5, 5, 5, 5, 5, 5, 5, 5, 5, 5, 5, 5, 5, 5, 5, 5, 5, 5, 5, 5, 5, 5, 5, 5, 5, 5, 5, 5, 5, 2, 2, 4, 4, 4, 4, 4, 4, 4, 4, 4, 4, 4, 4, 4, 4, 4, 4, 4, 4, 4, 4, 4, 4, 4, 4, 4, 4, 2, 2, 5, 5]
[5, 5, 5, 5, 5, 5, 5, 5, 5, 5, 5, 5, 5, 5, 5, 5, 5, 5, 5, 5, 5, 5, 5, 5, 5, 5, 5, 5, 5, 5, 5, 5, 2, 2, 2, 2, 2, 2, 4, 4, 4, 4, 4, 4, 4, 4, 4, 4, 4, 4, 4, 4, 4, 4, 4, 4, 2, 2, 2, 2, 2, 2, 5, 5]
[5, 5, 5, 5, 5, 5, 5, 5, 5, 5, 5, 5, 5, 5, 5, 5, 5, 5, 5, 5, 5, 5, 5, 5, 5, 5, 5, 5, 5, 5, 5, 5, 2, 2, 2, 2, 2, 2, 4, 4, 4, 4, 4, 4, 4, 4, 4, 4, 4, 4, 4, 4, 4, 4, 4, 4, 2, 2, 2, 2, 2, 2, 5, 5]
[5, 5, 5, 5, 5, 5, 5, 5, 5, 5, 5, 5, 5, 5, 5, 5, 5, 5, 5, 5, 5, 5, 5, 5, 5, 5, 5, 5, 5, 5, 5, 5, 5, 5, 5, 5, 5, 5, 5, 5, 5, 5, 5, 5, 5, 5, 5, 5, 5, 5, 5, 5, 5, 5, 5, 5, 5, 5, 5, 5, 5, 5, 5, 5]
[12, 12, 12, 12, 12, 12, 12, 12, 12, 12, 12, 12, 12, 12, 12, 12, 12, 12, 12, 12, 12, 12, 12, 12, 12, 12, 12, 12, 12, 12, 12, 12, 11, 11, 11, 11, 11, 11, 11, 11, 11, 11, 11, 11, 11, 11, 11, 11, 11, 11, 11, 11, 11, 11, 11, 11, 11, 11, 11, 11, 11, 11, 11, 11]
</grid_0>
",,0.0,False
17,ACTION6 x=56 y=46,manual,"State: NOT_FINISHED
Levels completed: 0/6
Action count: 17

========== Start of Direct Observation ==========
<grid_0>
[5, 5, 5, 5, 5, 5, 5, 5, 5, 5, 5, 5, 5, 5, 5, 5, 5, 5, 5, 5, 5, 5, 5, 5, 5, 5, 5, 5, 5, 5, 5, 5, 5, 5, 5, 5, 5, 5, 5, 5, 5, 5, 5, 5, 5, 5, 5, 5, 5, 5, 5, 5, 5, 5, 5, 5, 5, 5, 5, 5, 5, 5, 5, 5]
[5, 5, 5, 5, 5, 5, 5, 5, 5, 5, 5, 5, 5, 5, 5, 5, 5, 5, 5, 5, 5, 5, 5, 5, 5, 5, 5, 5, 5, 5, 5, 5, 5, 5, 5, 5, 5, 5, 5, 5, 5, 5, 5, 5, 5, 5, 5, 5, 5, 5, 5, 5, 5, 5, 5, 5, 5, 5, 5, 5, 5, 5, 5, 5]
[5, 5, 5, 5, 9, 9, 9, 9, 9, 9, 5, 5, 8, 8, 8, 8, 8, 8, 5, 5, 9, 9, 9, 9, 9, 9, 5, 5, 5, 5, 5, 5, 5, 5, 5, 5, 5, 5, 9, 9, 9, 9, 9, 9, 5, 5, 8, 8, 8, 8, 8, 8, 5, 5, 9, 9, 9, 9, 9, 9, 5, 5, 5, 5]
[5, 5, 5, 5, 9, 9, 9, 9, 9, 9, 5, 5, 8, 8, 8, 8, 8, 8, 5, 5, 9, 9, 9, 9, 9, 9, 5, 5, 5, 5, 5, 5, 5, 5, 5, 5, 5, 5, 9, 9, 9, 9, 9, 9, 5, 5, 8, 8, 8, 8, 8, 8, 5, 5, 9, 9, 9, 9, 9, 9, 5, 5, 5, 5]
[5, 5, 5, 5, 9, 9, 9, 9, 9, 9, 5, 5, 8, 8, 8, 8, 8, 8, 5, 5, 9, 9, 9, 9, 9, 9, 5, 5, 5, 5, 5, 5, 5, 5, 5, 5, 5, 5, 9, 9, 9, 9, 9, 9, 5, 5, 8, 8, 8, 8, 8, 8, 5, 5, 9, 9, 9, 9, 9, 9, 5, 5, 5, 5]
[5, 5, 5, 5, 9, 9, 9, 9, 9, 9, 5, 5, 8, 8, 8, 8, 8, 8, 5, 5, 9, 9, 9, 9, 9, 9, 5, 5, 5, 5, 5, 5, 5, 5, 5, 5, 5, 5, 9, 9, 9, 9, 9, 9, 5, 5, 8, 8, 8, 8, 8, 8, 5, 5, 9, 9, 9, 9, 9, 9, 5, 5, 5, 5]
[5, 5, 5, 5, 9, 9, 9, 9, 9, 9, 5, 5, 8, 8, 8, 8, 8, 8, 5, 5, 9, 9, 9, 9, 9, 9, 5, 5, 5, 5, 5, 5, 5, 5, 5, 5, 5, 5, 9, 9, 9, 9, 9, 9, 5, 5, 8, 8, 8, 8, 8, 8, 5, 5, 9, 9, 9, 9, 9, 9, 5, 5, 5, 5]
[5, 5, 5, 5, 9, 9, 9, 9, 9, 9, 5, 5, 8, 8, 8, 8, 8, 8, 5, 5, 9, 9, 9, 9, 9, 9, 5, 5, 5, 5, 5, 5, 5, 5, 5, 5, 5, 5, 9, 9, 9, 9, 9, 9, 5, 5, 8, 8, 8, 8, 8, 8, 5, 5, 9, 9, 9, 9, 9, 9, 5, 5, 5, 5]
[5, 5, 5, 5, 5, 5, 5, 5, 5, 5, 5, 5, 5, 5, 5, 5, 5, 5, 5, 5, 5, 5, 5, 5, 5, 5, 5, 5, 5, 5, 5, 5, 5, 5, 5, 5, 5, 5, 5, 5, 5, 5, 5, 5, 5, 5, 5, 5, 5, 5, 5, 5, 5, 5, 5, 5, 5, 5, 5, 5, 5, 5, 5, 5]
[5, 5, 5, 5, 5, 5, 5, 5, 5, 5, 5, 5, 5, 5, 5, 5, 5, 5, 5, 5, 5, 5, 5, 5, 5, 5, 5, 5, 5, 5, 5, 5, 5, 5, 5, 5, 5, 5, 5, 5, 5, 5, 5, 5, 5, 5, 5, 5, 5, 5, 5, 5, 5, 5, 5, 5, 5, 5, 5, 5, 5, 5, 5, 5]
[5, 5, 5, 5, 8, 8, 8, 8, 8, 8, 5, 5, 2, 2, 0, 0, 2, 2, 5, 5, 9, 9, 9, 9, 9, 9, 5, 5, 5, 5, 5, 5, 5, 5, 5, 5, 5, 5, 8, 8, 8, 8, 8, 8, 5, 5, 2, 2, 0, 0, 2, 2, 5, 5, 8, 8, 8, 8, 8, 8, 5, 5, 5, 5]
[5, 5, 5, 5, 8, 8, 8, 8, 8, 8, 5, 5, 2, 2, 0, 0, 2, 2, 5, 5, 9, 9, 9, 9, 9, 9, 5, 5, 5, 5, 5, 5, 5, 5, 5, 5, 5, 5, 8, 8, 8, 8, 8, 8, 5, 5, 2, 2, 0, 0, 2, 2, 5, 5, 8, 8, 8, 8, 8, 8, 5, 5, 5, 5]
[5, 5, 5, 5, 8, 8, 8, 8, 8, 8, 5, 5, 0, 0, 8, 8, 2, 2, 5, 5, 9, 9, 9, 9, 9, 9, 5, 5, 5, 5, 5, 5, 5, 5, 5, 5, 5, 5, 8, 8, 8, 8, 8, 8, 5, 5, 0, 0, 8, 8, 0, 0, 5, 5, 8, 8, 8, 8, 8, 8, 5, 5, 5, 5]
[5, 5, 5, 5, 8, 8, 8, 8, 8, 8, 5, 5, 0, 0, 8, 8, 2, 2, 5, 5, 9, 9, 9, 9, 9, 9, 5, 5, 5, 5, 5, 5, 5, 5, 5, 5, 5, 5, 8, 8, 8, 8, 8, 8, 5, 5, 0, 0, 8, 8, 0, 0, 5, 5, 8, 8, 8, 8, 8, 8, 5, 5, 5, 5]
[5, 5, 5, 5, 8, 8, 8, 8, 8, 8, 5, 5, 2, 2, 0, 0, 0, 0, 5, 5, 9, 9, 9, 9, 9, 9, 5, 5, 5, 5, 5, 5, 5, 5, 5, 5, 5, 5, 8, 8, 8, 8, 8, 8, 5, 5, 2, 2, 0, 0, 2, 2, 5, 5, 8, 8, 8, 8, 8, 8, 5, 5, 5, 5]
[5, 5, 5, 5, 8, 8, 8, 8, 8, 8, 5, 5, 2, 2, 0, 0, 0, 0, 5, 5, 9, 9, 9, 9, 9, 9, 5, 5, 5, 5, 5, 5, 5, 5, 5, 5, 5, 5, 8, 8, 8, 8, 8, 8, 5, 5, 2, 2, 0, 0, 2, 2, 5, 5, 8, 8, 8, 8, 8, 8, 5, 5, 5, 5]
[5, 5, 5, 5, 5, 5, 5, 5, 5, 5, 5, 5, 5, 5, 5, 5, 5, 5, 5, 5, 5, 5, 5, 5, 5, 5, 5, 5, 5, 5, 5, 5, 5, 5, 5, 5, 5, 5, 5, 5, 5, 5, 5, 5, 5, 5, 5, 5, 5, 5, 5, 5, 5, 5, 5, 5, 5, 5, 5, 5, 5, 5, 5, 5]
[5, 5, 5, 5, 5, 5, 5, 5, 5, 5, 5, 5, 5, 5, 5, 5, 5, 5, 5, 5, 5, 5, 5, 5, 5, 5, 5, 5, 5, 5, 5, 5, 5, 5, 5, 5, 5, 5, 5, 5, 5, 5, 5, 5, 5, 5, 5, 5, 5, 5, 5, 5, 5, 5, 5, 5, 5, 5, 5, 5, 5, 5, 5, 5]
[5, 5, 5, 5, 9, 9, 9, 9, 9, 9, 5, 5, 8, 8, 8, 8, 8, 8, 5, 5, 8, 8, 8, 8, 8, 8, 5, 5, 5, 5, 5, 5, 5, 5, 5, 5, 5, 5, 9, 9, 9, 9, 9, 9, 5, 5, 8, 8, 8, 8, 8, 8, 5, 5, 9, 9, 9, 9, 9, 9, 5, 5, 5, 5]
[5, 5, 5, 5, 9, 9, 9, 9, 9, 9, 5, 5, 8, 8, 8, 8, 8, 8, 5, 5, 8, 8, 8, 8, 8, 8, 5, 5, 5, 5, 5, 5, 5, 5, 5, 5, 5, 5, 9, 9, 9, 9, 9, 9, 5, 5, 8, 8, 8, 8, 8, 8, 5, 5, 9, 9, 9, 9, 9, 9, 5, 5, 5, 5]
[5, 5, 5, 5, 9, 9, 9, 9, 9, 9, 5, 5, 8, 8, 8, 8, 8, 8, 5, 5, 8, 8, 8, 8, 8, 8, 5, 5, 5, 5, 5, 5, 5, 5, 5, 5, 5, 5, 9, 9, 9, 9, 9, 9, 5, 5, 8, 8, 8, 8, 8, 8, 5, 5, 9, 9, 9, 9, 9, 9, 5, 5, 5, 5]
[5, 5, 5, 5, 9, 9, 9, 9, 9, 9, 5, 5, 8, 8, 8, 8, 8, 8, 5, 5, 8, 8, 8, 8, 8, 8, 5, 5, 5, 5, 5, 5, 5, 5, 5, 5, 5, 5, 9, 9, 9, 9, 9, 9, 5, 5, 8, 8, 8, 8, 8, 8, 5, 5, 9, 9, 9, 9, 9, 9, 5, 5, 5, 5]
[5, 5, 5, 5, 9, 9, 9, 9, 9, 9, 5, 5, 8, 8, 8, 8, 8, 8, 5, 5, 8, 8, 8, 8, 8, 8, 5, 5, 5, 5, 5, 5, 5, 5, 5, 5, 5, 5, 9, 9, 9, 9, 9, 9, 5, 5, 8, 8, 8, 8, 8, 8, 5, 5, 9, 9, 9, 9, 9, 9, 5, 5, 5, 5]
[5, 5, 5, 5, 9, 9, 9, 9, 9, 9, 5, 5, 8, 8, 8, 8, 8, 8, 5, 5, 8, 8, 8, 8, 8, 8, 5, 5, 5, 5, 5, 5, 5, 5, 5, 5, 5, 5, 9, 9, 9, 9, 9, 9, 5, 5, 8, 8, 8, 8, 8, 8, 5, 5, 9, 9, 9, 9, 9, 9, 5, 5, 5, 5]
[5, 5, 5, 5, 5, 5, 5, 5, 5, 5, 5, 5, 5, 5, 5, 5, 5, 5, 5, 5, 5, 5, 5, 5, 5, 5, 5, 5, 5, 5, 5, 5, 5, 5, 5, 5, 5, 5, 5, 5, 5, 5, 5, 5, 5, 5, 5, 5, 5, 5, 5, 5, 5, 5, 5, 5, 5, 5, 5, 5, 5, 5, 5, 5]
[5, 5, 5, 5, 5, 5, 5, 5, 5, 5, 5, 5, 5, 5, 5, 5, 5, 5, 5, 5, 5, 5, 5, 5, 5, 5, 5, 5, 5, 5, 5, 5, 5, 5, 5, 5, 5, 5, 5, 5, 5, 5, 5, 5, 5, 5, 5, 5, 5, 5, 5, 5, 5, 5, 5, 5, 5, 5, 5, 5, 5, 5, 5, 5]
[5, 5, 5, 5, 5, 5, 5, 5, 5, 5, 5, 5, 5, 5, 5, 5, 5, 5, 5, 5, 5, 5, 5, 5, 5, 5, 5, 5, 5, 5, 5, 5, 5, 5, 5, 5, 5, 5, 5, 5, 5, 5, 5, 5, 5, 5, 5, 5, 5, 5, 5, 5, 5, 5, 5, 5, 5, 5, 5, 5, 5, 5, 5, 5]
[5, 5, 5, 5, 5, 5, 5, 5, 5, 5, 5, 5, 5, 5, 5, 5, 5, 5, 5, 5, 5, 5, 5, 5, 5, 5, 5, 5, 5, 5, 5, 5, 5, 5, 5, 5, 5, 5, 5, 5, 5, 5, 5, 5, 5, 5, 5, 5, 5, 5, 5, 5, 5, 5, 5, 5, 5, 5, 5, 5, 5, 5, 5, 5]
[5, 5, 5, 5, 5, 5, 5, 5, 5, 5, 5, 5, 5, 5, 5, 5, 5, 5, 5, 5, 5, 5, 5, 5, 5, 5, 5, 5, 5, 5, 5, 5, 5, 5, 5, 5, 5, 5, 5, 5, 5, 5, 5, 5, 5, 5, 5, 5, 5, 5, 5, 5, 5, 5, 5, 5, 5, 5, 5, 5, 5, 5, 5, 5]
[5, 5, 5, 5, 5, 5, 5, 5, 5, 5, 5, 5, 5, 5, 5, 5, 5, 5, 5, 5, 5, 5, 5, 5, 5, 5, 5, 5, 5, 5, 5, 5, 5, 5, 5, 5, 5, 5, 5, 5, 5, 5, 5, 5, 5, 5, 5, 5, 5, 5, 5, 5, 5, 5, 5, 5, 5, 5, 5, 5, 5, 5, 5, 5]
[5, 5, 5, 5, 5, 5, 5, 5, 5, 5, 5, 5, 5, 5, 5, 5, 5, 5, 5, 5, 5, 5, 5, 5, 5, 5, 5, 5, 5, 5, 5, 5, 5, 5, 5, 5, 5, 5, 5, 5, 5, 5, 5, 5, 5, 5, 5, 5, 5, 5, 5, 5, 5, 5, 5, 5, 5, 5, 5, 5, 5, 5, 5, 5]
[5, 5, 5, 5, 5, 5, 5, 5, 5, 5, 5, 5, 5, 5, 5, 5, 5, 5, 5, 5, 5, 5, 5, 5, 5, 5, 5, 5, 5, 5, 5, 5, 5, 5, 5, 5, 5, 5, 5, 5, 5, 5, 5, 5, 5, 5, 5, 5, 5, 5, 5, 5, 5, 5, 5, 5, 5, 5, 5, 5, 5, 5, 5, 5]
[5, 5, 5, 5, 5, 5, 5, 5, 5, 5, 5, 5, 5, 5, 5, 5, 5, 5, 5, 5, 5, 5, 5, 5, 5, 5, 5, 5, 5, 5, 5, 5, 2, 2, 2, 2, 2, 2, 4, 4, 4, 4, 4, 4, 4, 4, 4, 4, 4, 4, 4, 4, 4, 4, 4, 4, 2, 2, 2, 2, 2, 2, 5, 5]
[5, 5, 5, 5, 5, 5, 5, 5, 5, 5, 5, 5, 5, 5, 5, 5, 5, 5, 5, 5, 5, 5, 5, 5, 5, 5, 5, 5, 5, 5, 5, 5, 2, 2, 2, 2, 2, 2, 4, 4, 4, 4, 4, 4, 4, 4, 4, 4, 4, 4, 4, 4, 4, 4, 4, 4, 2, 2, 2, 2, 2, 2, 5, 5]
[5, 5, 5, 5, 5, 5, 5, 5, 5, 5, 5, 5, 5, 5, 5, 5, 5, 5, 5, 5, 5, 5, 5, 5, 5, 5, 5, 5, 5, 5, 5, 5, 2, 2, 4, 4, 4, 4, 4, 4, 4, 4, 4, 4, 4, 4, 4, 4, 4, 4, 4, 4, 4, 4, 4, 4, 4, 4, 4, 4, 2, 2, 5, 5]
[5, 5, 5, 5, 5, 5, 5, 5, 5, 5, 5, 5, 5, 5, 5, 5, 5, 5, 5, 5, 5, 5, 5, 5, 5, 5, 5, 5, 5, 5, 5, 5, 2, 2, 4, 4, 4, 4, 4, 4, 4, 4, 4, 4, 4, 4, 4, 4, 4, 4, 4, 4, 4, 4, 4, 4, 4, 4, 4, 4, 2, 2, 5, 5]
[5, 5, 5, 5, 8, 8, 8, 8, 8, 8, 5, 5, 9, 9, 9, 9, 9, 9, 5, 5, 9, 9, 9, 9, 9, 9, 5, 5, 5, 5, 5, 5, 2, 2, 4, 4, 8, 8, 8, 8, 8, 8, 4, 4, 8, 8, 8, 8, 8, 8, 4, 4, 8, 8, 8, 8, 8, 8, 4, 4, 2, 2, 5, 5]
[5, 5, 5, 5, 8, 8, 8, 8, 8, 8, 5, 5, 9, 9, 9, 9, 9, 9, 5, 5, 9, 9, 9, 9, 9, 9, 5, 5, 5, 5, 5, 5, 2, 2, 4, 4, 8, 8, 8, 8, 8, 8, 4, 4, 8, 8, 8, 8, 8, 8, 4, 4, 8, 8, 8, 8, 8, 8, 4, 4, 2, 2, 5, 5]
[5, 5, 5, 5, 8, 8, 8, 8, 8, 8, 5, 5, 9, 9, 9, 9, 9, 9, 5, 5, 9, 9, 9, 9, 9, 9, 5, 5, 5, 5, 5, 5, 4, 4, 4, 4, 8, 8, 8, 8, 8, 8, 4, 4, 8, 8, 8, 8, 8, 8, 4, 4, 8, 8, 8, 8, 8, 8, 4, 4, 4, 4, 5, 5]
[5, 5, 5, 5, 8, 8, 8, 8, 8, 8, 5, 5, 9, 9, 9, 9, 9, 9, 5, 5, 9, 9, 9, 9, 9, 9, 5, 5, 5, 5, 5, 5, 4, 4, 4, 4, 8, 8, 8, 8, 8, 8, 4, 4, 8, 8, 8, 8, 8, 8, 4, 4, 8, 8, 8, 8, 8, 8, 4, 4, 4, 4, 5, 5]
[5, 5, 5, 5, 8, 8, 8, 8, 8, 8, 5, 5, 9, 9, 9, 9, 9, 9, 5, 5, 9, 9, 9, 9, 9, 9, 5, 5, 5, 5, 5, 5, 4, 4, 4, 4, 8, 8, 8, 8, 8, 8, 4, 4, 8, 8, 8, 8, 8, 8, 4, 4, 8, 8, 8, 8, 8, 8, 4, 4, 4, 4, 5, 5]
[5, 5, 5, 5, 8, 8, 8, 8, 8, 8, 5, 5, 9, 9, 9, 9, 9, 9, 5, 5, 9, 9, 9, 9, 9, 9, 5, 5, 5, 5, 5, 5, 4, 4, 4, 4, 8, 8, 8, 8, 8, 8, 4, 4, 8, 8, 8, 8, 8, 8, 4, 4, 8, 8, 8, 8, 8, 8, 4, 4, 4, 4, 5, 5]
[5, 5, 5, 5, 5, 5, 5, 5, 5, 5, 5, 5, 5, 5, 5, 5, 5, 5, 5, 5, 5, 5, 5, 5, 5, 5, 5, 5, 5, 5, 5, 5, 4, 4, 4, 4, 4, 4, 4, 4, 4, 4, 4, 4, 4, 4, 4, 4, 4, 4, 4, 4, 4, 4, 4, 4, 4, 4, 4, 4, 4, 4, 5, 5]
[5, 5, 5, 5, 5, 5, 5, 5, 5, 5, 5, 5, 5, 5, 5, 5, 5, 5, 5, 5, 5, 5, 5, 5, 5, 5, 5, 5, 5, 5, 5, 5, 4, 4, 4, 4, 4, 4, 4, 4, 4, 4, 4, 4, 4, 4, 4, 4, 4, 4, 4, 4, 4, 4, 4, 4, 4, 4, 4, 4, 4, 4, 5, 5]
[5, 5, 5, 5, 8, 8, 8, 8, 8, 8, 5, 5, 0, 0, 2, 2, 2, 2, 5, 5, 8, 8, 8, 8, 8, 8, 5, 5, 5, 5, 5, 5, 4, 4, 4, 4, 8, 8, 8, 8, 8, 8, 4, 4, 0, 0, 2, 2, 2, 2, 4, 4, 8, 8, 8, 8, 8, 8, 4, 4, 4, 4, 5, 5]
[5, 5, 5, 5, 8, 8, 8, 8, 8, 8, 5, 5, 0, 0, 2, 2, 2, 2, 5, 5, 8, 8, 8, 8, 8, 8, 5, 5, 5, 5, 5, 5, 4, 4, 4, 4, 8, 8, 8, 8, 8, 8, 4, 4, 0, 0, 2, 2, 2, 2, 4, 4, 8, 8, 8, 8, 8, 8, 4, 4, 4, 4, 5, 5]
[5, 5, 5, 5, 8, 8, 8, 8, 8, 8, 5, 5, 0, 0, 8, 8, 0, 0, 5, 5, 8, 8, 8, 8, 8, 8, 5, 5, 5, 5, 5, 5, 4, 4, 4, 4, 8, 8, 8, 8, 8, 8, 4, 4, 0, 0, 8, 8, 0, 0, 4, 4, 8, 8, 8, 8, 8, 8, 4, 4, 4, 4, 5, 5]
[5, 5, 5, 5, 8, 8, 8, 8, 8, 8, 5, 5, 0, 0, 8, 8, 0, 0, 5, 5, 8, 8, 8, 8, 8, 8, 5, 5, 5, 5, 5, 5, 4, 4, 4, 4, 8, 8, 8, 8, 8, 8, 4, 4, 0, 0, 8, 8, 0, 0, 4, 4, 8, 8, 8, 8, 8, 8, 4, 4, 4, 4, 5, 5]
[5, 5, 5, 5, 8, 8, 8, 8, 8, 8, 5, 5, 2, 2, 2, 2, 0, 0, 5, 5, 8, 8, 8, 8, 8, 8, 5, 5, 5, 5, 5, 5, 4, 4, 4, 4, 8, 8, 8, 8, 8, 8, 4, 4, 0, 0, 2, 2, 2, 2, 4, 4, 8, 8, 8, 8, 8, 8, 4, 4, 4, 4, 5, 5]
[5, 5, 5, 5, 8, 8, 8, 8, 8, 8, 5, 5, 2, 2, 2, 2, 0, 0, 5, 5, 8, 8, 8, 8, 8, 8, 5, 5, 5, 5, 5, 5, 4, 4, 4, 4, 8, 8, 8, 8, 8, 8, 4, 4, 0, 0, 2, 2, 2, 2, 4, 4, 8, 8, 8, 8, 8, 8, 4, 4, 4, 4, 5, 5]
[5, 5, 5, 5, 5, 5, 5, 5, 5, 5, 5, 5, 5, 5, 5, 5, 5, 5, 5, 5, 5, 5, 5, 5, 5, 5, 5, 5, 5, 5, 5, 5, 4, 4, 4, 4, 4, 4, 4, 4, 4, 4, 4, 4, 4, 4, 4, 4, 4, 4, 4, 4, 4, 4, 4, 4, 4, 4, 4, 4, 4, 4, 5, 5]
[5, 5, 5, 5, 5, 5, 5, 5, 5, 5, 5, 5, 5, 5, 5, 5, 5, 5, 5, 5, 5, 5, 5, 5, 5, 5, 5, 5, 5, 5, 5, 5, 4, 4, 4, 4, 4, 4, 4, 4, 4, 4, 4, 4, 4, 4, 4, 4, 4, 4, 4, 4, 4, 4, 4, 4, 4, 4, 4, 4, 4, 4, 5, 5]
[5, 5, 5, 5, 9, 9, 9, 9, 9, 9, 5, 5, 9, 9, 9, 9, 9, 9, 5, 5, 8, 8, 8, 8, 8, 8, 5, 5, 5, 5, 5, 5, 4, 4, 4, 4, 8, 8, 8, 8, 8, 8, 4, 4, 9, 9, 9, 9, 9, 9, 4, 4, 8, 8, 8, 8, 8, 8, 4, 4, 4, 4, 5, 5]
[5, 5, 5, 5, 9, 9, 9, 9, 9, 9, 5, 5, 9, 9, 9, 9, 9, 9, 5, 5, 8, 8, 8, 8, 8, 8, 5, 5, 5, 5, 5, 5, 4, 4, 4, 4, 8, 8, 8, 8, 8, 8, 4, 4, 9, 9, 9, 9, 9, 9, 4, 4, 8, 8, 8, 8, 8, 8, 4, 4, 4, 4, 5, 5]
[5, 5, 5, 5, 9, 9, 9, 9, 9, 9, 5, 5, 9, 9, 9, 9, 9, 9, 5, 5, 8, 8, 8, 8, 8, 8, 5, 5, 5, 5, 5, 5, 4, 4, 4, 4, 8, 8, 8, 8, 8, 8, 4, 4, 9, 9, 9, 9, 9, 9, 4, 4, 8, 8, 8, 8, 8, 8, 4, 4, 4, 4, 5, 5]
[5, 5, 5, 5, 9, 9, 9, 9, 9, 9, 5, 5, 9, 9, 9, 9, 9, 9, 5, 5, 8, 8, 8, 8, 8, 8, 5, 5, 5, 5, 5, 5, 4, 4, 4, 4, 8, 8, 8, 8, 8, 8, 4, 4, 9, 9, 9, 9, 9, 9, 4, 4, 8, 8, 8, 8, 8, 8, 4, 4, 4, 4, 5, 5]
[5, 5, 5, 5, 9, 9, 9, 9, 9, 9, 5, 5, 9, 9, 9, 9, 9, 9, 5, 5, 8, 8, 8, 8, 8, 8, 5, 5, 5, 5, 5, 5, 2, 2, 4, 4, 8, 8, 8, 8, 8, 8, 4, 4, 9, 9, 9, 9, 9, 9, 4, 4, 8, 8, 8, 8, 8, 8, 4, 4, 2, 2, 5, 5]
[5, 5, 5, 5, 9, 9, 9, 9, 9, 9, 5, 5, 9, 9, 9, 9, 9, 9, 5, 5, 8, 8, 8, 8, 8, 8, 5, 5, 5, 5, 5, 5, 2, 2, 4, 4, 8, 8, 8, 8, 8, 8, 4, 4, 9, 9, 9, 9, 9, 9, 4, 4, 8, 8, 8, 8, 8, 8, 4, 4, 2, 2, 5, 5]
[5, 5, 5, 5, 5, 5, 5, 5, 5, 5, 5, 5, 5, 5, 5, 5, 5, 5, 5, 5, 5, 5, 5, 5, 5, 5, 5, 5, 5, 5, 5, 5, 2, 2, 4, 4, 4, 4, 4, 4, 4, 4, 4, 4, 4, 4, 4, 4, 4, 4, 4, 4, 4, 4, 4, 4, 4, 4, 4, 4, 2, 2, 5, 5]
[5, 5, 5, 5, 5, 5, 5, 5, 5, 5, 5, 5, 5, 5, 5, 5, 5, 5, 5, 5, 5, 5, 5, 5, 5, 5, 5, 5, 5, 5, 5, 5, 2, 2, 4, 4, 4, 4, 4, 4, 4, 4, 4, 4, 4, 4, 4, 4, 4, 4, 4, 4, 4, 4, 4, 4, 4, 4, 4, 4, 2, 2, 5, 5]
[5, 5, 5, 5, 5, 5, 5, 5, 5, 5, 5, 5, 5, 5, 5, 5, 5, 5, 5, 5, 5, 5, 5, 5, 5, 5, 5, 5, 5, 5, 5, 5, 2, 2, 2, 2, 2, 2, 4, 4, 4, 4, 4, 4, 4, 4, 4, 4, 4, 4, 4, 4, 4, 4, 4, 4, 2, 2, 2, 2, 2, 2, 5, 5]
[5, 5, 5, 5, 5, 5, 5, 5, 5, 5, 5, 5, 5, 5, 5, 5, 5, 5, 5, 5, 5, 5, 5, 5, 5, 5, 5, 5, 5, 5, 5, 5, 2, 2, 2, 2, 2, 2, 4, 4, 4, 4, 4, 4, 4, 4, 4, 4, 4, 4, 4, 4, 4, 4, 4, 4, 2, 2, 2, 2, 2, 2, 5, 5]
[5, 5, 5, 5, 5, 5, 5, 5, 5, 5, 5, 5, 5, 5, 5, 5, 5, 5, 5, 5, 5, 5, 5, 5, 5, 5, 5, 5, 5, 5, 5, 5, 5, 5, 5, 5, 5, 5, 5, 5, 5, 5, 5, 5, 5, 5, 5, 5, 5, 5, 5, 5, 5, 5, 5, 5, 5, 5, 5, 5, 5, 5, 5, 5]
[12, 12, 12, 12, 12, 12, 12, 12, 12, 12, 12, 12, 12, 12, 12, 12, 12, 12, 12, 12, 12, 12, 12, 12, 12, 12, 12, 12, 12, 12, 11, 11, 11, 11, 11, 11, 11, 11, 11, 11, 11, 11, 11, 11, 11, 11, 11, 11, 11, 11, 11, 11, 11, 11, 11, 11, 11, 11, 11, 11, 11, 11, 11, 11]
</grid_0>
",,0.0,False
18,ACTION6 x=56 y=46,manual,"State: NOT_FINISHED
Levels completed: 0/6
Action count: 18

========== Start of Direct Observation ==========
<grid_0>
[5, 5, 5, 5, 5, 5, 5, 5, 5, 5, 5, 5, 5, 5, 5, 5, 5, 5, 5, 5, 5, 5, 5, 5, 5, 5, 5, 5, 5, 5, 5, 5, 5, 5, 5, 5, 5, 5, 5, 5, 5, 5, 5, 5, 5, 5, 5, 5, 5, 5, 5, 5, 5, 5, 5, 5, 5, 5, 5, 5, 5, 5, 5, 5]
[5, 5, 5, 5, 5, 5, 5, 5, 5, 5, 5, 5, 5, 5, 5, 5, 5, 5, 5, 5, 5, 5, 5, 5, 5, 5, 5, 5, 5, 5, 5, 5, 5, 5, 5, 5, 5, 5, 5, 5, 5, 5, 5, 5, 5, 5, 5, 5, 5, 5, 5, 5, 5, 5, 5, 5, 5, 5, 5, 5, 5, 5, 5, 5]
[5, 5, 5, 5, 9, 9, 9, 9, 9, 9, 5, 5, 8, 8, 8, 8, 8, 8, 5, 5, 9, 9, 9, 9, 9, 9, 5, 5, 5, 5, 5, 5, 5, 5, 5, 5, 5, 5, 9, 9, 9, 9, 9, 9, 5, 5, 8, 8, 8, 8, 8, 8, 5, 5, 9, 9, 9, 9, 9, 9, 5, 5, 5, 5]
[5, 5, 5, 5, 9, 9, 9, 9, 9, 9, 5, 5, 8, 8, 8, 8, 8, 8, 5, 5, 9, 9, 9, 9, 9, 9, 5, 5, 5, 5, 5, 5, 5, 5, 5, 5, 5, 5, 9, 9, 9, 9, 9, 9, 5, 5, 8, 8, 8, 8, 8, 8, 5, 5, 9, 9, 9, 9, 9, 9, 5, 5, 5, 5]
[5, 5, 5, 5, 9, 9, 9, 9, 9, 9, 5, 5, 8, 8, 8, 8, 8, 8, 5, 5, 9, 9, 9, 9, 9, 9, 5, 5, 5, 5, 5, 5, 5, 5, 5, 5, 5, 5, 9, 9, 9, 9, 9, 9, 5, 5, 8, 8, 8, 8, 8, 8, 5, 5, 9, 9, 9, 9, 9, 9, 5, 5, 5, 5]
[5, 5, 5, 5, 9, 9, 9, 9, 9, 9, 5, 5, 8, 8, 8, 8, 8, 8, 5, 5, 9, 9, 9, 9, 9, 9, 5, 5, 5, 5, 5, 5, 5, 5, 5, 5, 5, 5, 9, 9, 9, 9, 9, 9, 5, 5, 8, 8, 8, 8, 8, 8, 5, 5, 9, 9, 9, 9, 9, 9, 5, 5, 5, 5]
[5, 5, 5, 5, 9, 9, 9, 9, 9, 9, 5, 5, 8, 8, 8, 8, 8, 8, 5, 5, 9, 9, 9, 9, 9, 9, 5, 5, 5, 5, 5, 5, 5, 5, 5, 5, 5, 5, 9, 9, 9, 9, 9, 9, 5, 5, 8, 8, 8, 8, 8, 8, 5, 5, 9, 9, 9, 9, 9, 9, 5, 5, 5, 5]
[5, 5, 5, 5, 9, 9, 9, 9, 9, 9, 5, 5, 8, 8, 8, 8, 8, 8, 5, 5, 9, 9, 9, 9, 9, 9, 5, 5, 5, 5, 5, 5, 5, 5, 5, 5, 5, 5, 9, 9, 9, 9, 9, 9, 5, 5, 8, 8, 8, 8, 8, 8, 5, 5, 9, 9, 9, 9, 9, 9, 5, 5, 5, 5]
[5, 5, 5, 5, 5, 5, 5, 5, 5, 5, 5, 5, 5, 5, 5, 5, 5, 5, 5, 5, 5, 5, 5, 5, 5, 5, 5, 5, 5, 5, 5, 5, 5, 5, 5, 5, 5, 5, 5, 5, 5, 5, 5, 5, 5, 5, 5, 5, 5, 5, 5, 5, 5, 5, 5, 5, 5, 5, 5, 5, 5, 5, 5, 5]
[5, 5, 5, 5, 5, 5, 5, 5, 5, 5, 5, 5, 5, 5, 5, 5, 5, 5, 5, 5, 5, 5, 5, 5, 5, 5, 5, 5, 5, 5, 5, 5, 5, 5, 5, 5, 5, 5, 5, 5, 5, 5, 5, 5, 5, 5, 5, 5, 5, 5, 5, 5, 5, 5, 5, 5, 5, 5, 5, 5, 5, 5, 5, 5]
[5, 5, 5, 5, 8, 8, 8, 8, 8, 8, 5, 5, 2, 2, 0, 0, 2, 2, 5, 5, 9, 9, 9, 9, 9, 9, 5, 5, 5, 5, 5, 5, 5, 5, 5, 5, 5, 5, 8, 8, 8, 8, 8, 8, 5, 5, 2, 2, 0, 0, 2, 2, 5, 5, 8, 8, 8, 8, 8, 8, 5, 5, 5, 5]
[5, 5, 5, 5, 8, 8, 8, 8, 8, 8, 5, 5, 2, 2, 0, 0, 2, 2, 5, 5, 9, 9, 9, 9, 9, 9, 5, 5, 5, 5, 5, 5, 5, 5, 5, 5, 5, 5, 8, 8, 8, 8, 8, 8, 5, 5, 2, 2, 0, 0, 2, 2, 5, 5, 8, 8, 8, 8, 8, 8, 5, 5, 5, 5]
[5, 5, 5, 5, 8, 8, 8, 8, 8, 8, 5, 5, 0, 0, 8, 8, 2, 2, 5, 5, 9, 9, 9, 9, 9, 9, 5, 5, 5, 5, 5, 5, 5, 5, 5, 5, 5, 5, 8, 8, 8, 8, 8, 8, 5, 5, 0, 0, 8, 8, 0, 0, 5, 5, 8, 8, 8, 8, 8, 8, 5, 5, 5, 5]
[5, 5, 5, 5, 8, 8, 8, 8, 8, 8, 5, 5, 0, 0, 8, 8, 2, 2, 5, 5, 9, 9, 9, 9, 9, 9, 5, 5, 5, 5, 5, 5, 5, 5, 5, 5, 5, 5, 8, 8, 8, 8, 8, 8, 5, 5, 0, 0, 8, 8, 0, 0, 5, 5, 8, 8, 8, 8, 8, 8, 5, 5, 5, 5]
[5, 5, 5, 5, 8, 8, 8, 8, 8, 8, 5, 5, 2, 2, 0, 0, 0, 0, 5, 5, 9, 9, 9, 9, 9, 9, 5, 5, 5, 5, 5, 5, 5, 5, 5, 5, 5, 5, 8, 8, 8, 8, 8, 8, 5, 5, 2, 2, 0, 0, 2, 2, 5, 5, 8, 8, 8, 8, 8, 8, 5, 5, 5, 5]
[5, 5, 5, 5, 8, 8, 8, 8, 8, 8, 5, 5, 2, 2, 0, 0, 0, 0, 5, 5, 9, 9, 9, 9, 9, 9, 5, 5, 5, 5, 5, 5, 5, 5, 5, 5, 5, 5, 8, 8, 8, 8, 8, 8, 5, 5, 2, 2, 0, 0, 2, 2, 5, 5, 8, 8, 8, 8, 8, 8, 5, 5, 5, 5]
[5, 5, 5, 5, 5, 5, 5, 5, 5, 5, 5, 5, 5, 5, 5, 5, 5, 5, 5, 5, 5, 5, 5, 5, 5, 5, 5, 5, 5, 5, 5, 5, 5, 5, 5, 5, 5, 5, 5, 5, 5, 5, 5, 5, 5, 5, 5, 5, 5, 5, 5, 5, 5, 5, 5, 5, 5, 5, 5, 5, 5, 5, 5, 5]
[5, 5, 5, 5, 5, 5, 5, 5, 5, 5, 5, 5, 5, 5, 5, 5, 5, 5, 5, 5, 5, 5, 5, 5, 5, 5, 5, 5, 5, 5, 5, 5, 5, 5, 5, 5, 5, 5, 5, 5, 5, 5, 5, 5, 5, 5, 5, 5, 5, 5, 5, 5, 5, 5, 5, 5, 5, 5, 5, 5, 5, 5, 5, 5]
[5, 5, 5, 5, 9, 9, 9, 9, 9, 9, 5, 5, 8, 8, 8, 8, 8, 8, 5, 5, 8, 8, 8, 8, 8, 8, 5, 5, 5, 5, 5, 5, 5, 5, 5, 5, 5, 5, 9, 9, 9, 9, 9, 9, 5, 5, 8, 8, 8, 8, 8, 8, 5, 5, 9, 9, 9, 9, 9, 9, 5, 5, 5, 5]
[5, 5, 5, 5, 9, 9, 9, 9, 9, 9, 5, 5, 8, 8, 8, 8, 8, 8, 5, 5, 8, 8, 8, 8, 8, 8, 5, 5, 5, 5, 5, 5, 5, 5, 5, 5, 5, 5, 9, 9, 9, 9, 9, 9, 5, 5, 8, 8, 8, 8, 8, 8, 5, 5, 9, 9, 9, 9, 9, 9, 5, 5, 5, 5]
[5, 5, 5, 5, 9, 9, 9, 9, 9, 9, 5, 5, 8, 8, 8, 8, 8, 8, 5, 5, 8, 8, 8, 8, 8, 8, 5, 5, 5, 5, 5, 5, 5, 5, 5, 5, 5, 5, 9, 9, 9, 9, 9, 9, 5, 5, 8, 8, 8, 8, 8, 8, 5, 5, 9, 9, 9, 9, 9, 9, 5, 5, 5, 5]
[5, 5, 5, 5, 9, 9, 9, 9, 9, 9, 5, 5, 8, 8, 8, 8, 8, 8, 5, 5, 8, 8, 8, 8, 8, 8, 5, 5, 5, 5, 5, 5, 5, 5, 5, 5, 5, 5, 9, 9, 9, 9, 9, 9, 5, 5, 8, 8, 8, 8, 8, 8, 5, 5, 9, 9, 9, 9, 9, 9, 5, 5, 5, 5]
[5, 5, 5, 5, 9, 9, 9, 9, 9, 9, 5, 5, 8, 8, 8, 8, 8, 8, 5, 5, 8, 8, 8, 8, 8, 8, 5, 5, 5, 5, 5, 5, 5, 5, 5, 5, 5, 5, 9, 9, 9, 9, 9, 9, 5, 5, 8, 8, 8, 8, 8, 8, 5, 5, 9, 9, 9, 9, 9, 9, 5, 5, 5, 5]
[5, 5, 5, 5, 9, 9, 9, 9, 9, 9, 5, 5, 8, 8, 8, 8, 8, 8, 5, 5, 8, 8, 8, 8, 8, 8, 5, 5, 5, 5, 5, 5, 5, 5, 5, 5, 5, 5, 9, 9, 9, 9, 9, 9, 5, 5, 8, 8, 8, 8, 8, 8, 5, 5, 9, 9, 9, 9, 9, 9, 5, 5, 5, 5]
[5, 5, 5, 5, 5, 5, 5, 5, 5, 5, 5, 5, 5, 5, 5, 5, 5, 5, 5, 5, 5, 5, 5, 5, 5, 5, 5, 5, 5, 5, 5, 5, 5, 5, 5, 5, 5, 5, 5, 5, 5, 5, 5, 5, 5, 5, 5, 5, 5, 5, 5, 5, 5, 5, 5, 5, 5, 5, 5, 5, 5, 5, 5, 5]
[5, 5, 5, 5, 5, 5, 5, 5, 5, 5, 5, 5, 5, 5, 5, 5, 5, 5, 5, 5, 5, 5, 5, 5, 5, 5, 5, 5, 5, 5, 5, 5, 5, 5, 5, 5, 5, 5, 5, 5, 5, 5, 5, 5, 5, 5, 5, 5, 5, 5, 5, 5, 5, 5, 5, 5, 5, 5, 5, 5, 5, 5, 5, 5]
[5, 5, 5, 5, 5, 5, 5, 5, 5, 5, 5, 5, 5, 5, 5, 5, 5, 5, 5, 5, 5, 5, 5, 5, 5, 5, 5, 5, 5, 5, 5, 5, 5, 5, 5, 5, 5, 5, 5, 5, 5, 5, 5, 5, 5, 5, 5, 5, 5, 5, 5, 5, 5, 5, 5, 5, 5, 5, 5, 5, 5, 5, 5, 5]
[5, 5, 5, 5, 5, 5, 5, 5, 5, 5, 5, 5, 5, 5, 5, 5, 5, 5, 5, 5, 5, 5, 5, 5, 5, 5, 5, 5, 5, 5, 5, 5, 5, 5, 5, 5, 5, 5, 5, 5, 5, 5, 5, 5, 5, 5, 5, 5, 5, 5, 5, 5, 5, 5, 5, 5, 5, 5, 5, 5, 5, 5, 5, 5]
[5, 5, 5, 5, 5, 5, 5, 5, 5, 5, 5, 5, 5, 5, 5, 5, 5, 5, 5, 5, 5, 5, 5, 5, 5, 5, 5, 5, 5, 5, 5, 5, 5, 5, 5, 5, 5, 5, 5, 5, 5, 5, 5, 5, 5, 5, 5, 5, 5, 5, 5, 5, 5, 5, 5, 5, 5, 5, 5, 5, 5, 5, 5, 5]
[5, 5, 5, 5, 5, 5, 5, 5, 5, 5, 5, 5, 5, 5, 5, 5, 5, 5, 5, 5, 5, 5, 5, 5, 5, 5, 5, 5, 5, 5, 5, 5, 5, 5, 5, 5, 5, 5, 5, 5, 5, 5, 5, 5, 5, 5, 5, 5, 5, 5, 5, 5, 5, 5, 5, 5, 5, 5, 5, 5, 5, 5, 5, 5]
[5, 5, 5, 5, 5, 5, 5, 5, 5, 5, 5, 5, 5, 5, 5, 5, 5, 5, 5, 5, 5, 5, 5, 5, 5, 5, 5, 5, 5, 5, 5, 5, 5, 5, 5, 5, 5, 5, 5, 5, 5, 5, 5, 5, 5, 5, 5, 5, 5, 5, 5, 5, 5, 5, 5, 5, 5, 5, 5, 5, 5, 5, 5, 5]
[5, 5, 5, 5, 5, 5, 5, 5, 5, 5, 5, 5, 5, 5, 5, 5, 5, 5, 5, 5, 5, 5, 5, 5, 5, 5, 5, 5, 5, 5, 5, 5, 5, 5, 5, 5, 5, 5, 5, 5, 5, 5, 5, 5, 5, 5, 5, 5, 5, 5, 5, 5, 5, 5, 5, 5, 5, 5, 5, 5, 5, 5, 5, 5]
[5, 5, 5, 5, 5, 5, 5, 5, 5, 5, 5, 5, 5, 5, 5, 5, 5, 5, 5, 5, 5, 5, 5, 5, 5, 5, 5, 5, 5, 5, 5, 5, 2, 2, 2, 2, 2, 2, 4, 4, 4, 4, 4, 4, 4, 4, 4, 4, 4, 4, 4, 4, 4, 4, 4, 4, 2, 2, 2, 2, 2, 2, 5, 5]
[5, 5, 5, 5, 5, 5, 5, 5, 5, 5, 5, 5, 5, 5, 5, 5, 5, 5, 5, 5, 5, 5, 5, 5, 5, 5, 5, 5, 5, 5, 5, 5, 2, 2, 2, 2, 2, 2, 4, 4, 4, 4, 4, 4, 4, 4, 4, 4, 4, 4, 4, 4, 4, 4, 4, 4, 2, 2, 2, 2, 2, 2, 5, 5]
[5, 5, 5, 5, 5, 5, 5, 5, 5, 5, 5, 5, 5, 5, 5, 5, 5, 5, 5, 5, 5, 5, 5, 5, 5, 5, 5, 5, 5, 5, 5, 5, 2, 2, 4, 4, 4, 4, 4, 4, 4, 4, 4, 4, 4, 4, 4, 4, 4, 4, 4, 4, 4, 4, 4, 4, 4, 4, 4, 4, 2, 2, 5, 5]
[5, 5, 5, 5, 5, 5, 5, 5, 5, 5, 5, 5, 5, 5, 5, 5, 5, 5, 5, 5, 5, 5, 5, 5, 5, 5, 5, 5, 5, 5, 5, 5, 2, 2, 4, 4, 4, 4, 4, 4, 4, 4, 4, 4, 4, 4, 4, 4, 4, 4, 4, 4, 4, 4, 4, 4, 4, 4, 4, 4, 2, 2, 5, 5]
[5, 5, 5, 5, 8, 8, 8, 8, 8, 8, 5, 5, 9, 9, 9, 9, 9, 9, 5, 5, 9, 9, 9, 9, 9, 9, 5, 5, 5, 5, 5, 5, 2, 2, 4, 4, 8, 8, 8, 8, 8, 8, 4, 4, 8, 8, 8, 8, 8, 8, 4, 4, 8, 8, 8, 8, 8, 8, 4, 4, 2, 2, 5, 5]
[5, 5, 5, 5, 8, 8, 8, 8, 8, 8, 5, 5, 9, 9, 9, 9, 9, 9, 5, 5, 9, 9, 9, 9, 9, 9, 5, 5, 5, 5, 5, 5, 2, 2, 4, 4, 8, 8, 8, 8, 8, 8, 4, 4, 8, 8, 8, 8, 8, 8, 4, 4, 8, 8, 8, 8, 8, 8, 4, 4, 2, 2, 5, 5]
[5, 5, 5, 5, 8, 8, 8, 8, 8, 8, 5, 5, 9, 9, 9, 9, 9, 9, 5, 5, 9, 9, 9, 9, 9, 9, 5, 5, 5, 5, 5, 5, 4, 4, 4, 4, 8, 8, 8, 8, 8, 8, 4, 4, 8, 8, 8, 8, 8, 8, 4, 4, 8, 8, 8, 8, 8, 8, 4, 4, 4, 4, 5, 5]
[5, 5, 5, 5, 8, 8, 8, 8, 8, 8, 5, 5, 9, 9, 9, 9, 9, 9, 5, 5, 9, 9, 9, 9, 9, 9, 5, 5, 5, 5, 5, 5, 4, 4, 4, 4, 8, 8, 8, 8, 8, 8, 4, 4, 8, 8, 8, 8, 8, 8, 4, 4, 8, 8, 8, 8, 8, 8, 4, 4, 4, 4, 5, 5]
[5, 5, 5, 5, 8, 8, 8, 8, 8, 8, 5, 5, 9, 9, 9, 9, 9, 9, 5, 5, 9, 9, 9, 9, 9, 9, 5, 5, 5, 5, 5, 5, 4, 4, 4, 4, 8, 8, 8, 8, 8, 8, 4, 4, 8, 8, 8, 8, 8, 8, 4, 4, 8, 8, 8, 8, 8, 8, 4, 4, 4, 4, 5, 5]
[5, 5, 5, 5, 8, 8, 8, 8, 8, 8, 5, 5, 9, 9, 9, 9, 9, 9, 5, 5, 9, 9, 9, 9, 9, 9, 5, 5, 5, 5, 5, 5, 4, 4, 4, 4, 8, 8, 8, 8, 8, 8, 4, 4, 8, 8, 8, 8, 8, 8, 4, 4, 8, 8, 8, 8, 8, 8, 4, 4, 4, 4, 5, 5]
[5, 5, 5, 5, 5, 5, 5, 5, 5, 5, 5, 5, 5, 5, 5, 5, 5, 5, 5, 5, 5, 5, 5, 5, 5, 5, 5, 5, 5, 5, 5, 5, 4, 4, 4, 4, 4, 4, 4, 4, 4, 4, 4, 4, 4, 4, 4, 4, 4, 4, 4, 4, 4, 4, 4, 4, 4, 4, 4, 4, 4, 4, 5, 5]
[5, 5, 5, 5, 5, 5, 5, 5, 5, 5, 5, 5, 5, 5, 5, 5, 5, 5, 5, 5, 5, 5, 5, 5, 5, 5, 5, 5, 5, 5, 5, 5, 4, 4, 4, 4, 4, 4, 4, 4, 4, 4, 4, 4, 4, 4, 4, 4, 4, 4, 4, 4, 4, 4, 4, 4, 4, 4, 4, 4, 4, 4, 5, 5]
[5, 5, 5, 5, 8, 8, 8, 8, 8, 8, 5, 5, 0, 0, 2, 2, 2, 2, 5, 5, 8, 8, 8, 8, 8, 8, 5, 5, 5, 5, 5, 5, 4, 4, 4, 4, 8, 8, 8, 8, 8, 8, 4, 4, 0, 0, 2, 2, 2, 2, 4, 4, 9, 9, 9, 9, 9, 9, 4, 4, 4, 4, 5, 5]
[5, 5, 5, 5, 8, 8, 8, 8, 8, 8, 5, 5, 0, 0, 2, 2, 2, 2, 5, 5, 8, 8, 8, 8, 8, 8, 5, 5, 5, 5, 5, 5, 4, 4, 4, 4, 8, 8, 8, 8, 8, 8, 4, 4, 0, 0, 2, 2, 2, 2, 4, 4, 9, 9, 9, 9, 9, 9, 4, 4, 4, 4, 5, 5]
[5, 5, 5, 5, 8, 8, 8, 8, 8, 8, 5, 5, 0, 0, 8, 8, 0, 0, 5, 5, 8, 8, 8, 8, 8, 8, 5, 5, 5, 5, 5, 5, 4, 4, 4, 4, 8, 8, 8, 8, 8, 8, 4, 4, 0, 0, 8, 8, 0, 0, 4, 4, 9, 9, 9, 9, 9, 9, 4, 4, 4, 4, 5, 5]
[5, 5, 5, 5, 8, 8, 8, 8, 8, 8, 5, 5, 0, 0, 8, 8, 0, 0, 5, 5, 8, 8, 8, 8, 8, 8, 5, 5, 5, 5, 5, 5, 4, 4, 4, 4, 8, 8, 8, 8, 8, 8, 4, 4, 0, 0, 8, 8, 0, 0, 4, 4, 9, 9, 9, 9, 9, 9, 4, 4, 4, 4, 5, 5]
[5, 5, 5, 5, 8, 8, 8, 8, 8, 8, 5, 5, 2, 2, 2, 2, 0, 0, 5, 5, 8, 8, 8, 8, 8, 8, 5, 5, 5, 5, 5, 5, 4, 4, 4, 4, 8, 8, 8, 8, 8, 8, 4, 4, 0, 0, 2, 2, 2, 2, 4, 4, 9, 9, 9, 9, 9, 9, 4, 4, 4, 4, 5, 5]
[5, 5, 5, 5, 8, 8, 8, 8, 8, 8, 5, 5, 2, 2, 2, 2, 0, 0, 5, 5, 8, 8, 8, 8, 8, 8, 5, 5, 5, 5, 5, 5, 4, 4, 4, 4, 8, 8, 8, 8, 8, 8, 4, 4, 0, 0, 2, 2, 2, 2, 4, 4, 9, 9, 9, 9, 9, 9, 4, 4, 4, 4, 5, 5]
[5, 5, 5, 5, 5, 5, 5, 5, 5, 5, 5, 5, 5, 5, 5, 5, 5, 5, 5, 5, 5, 5, 5, 5, 5, 5, 5, 5, 5, 5, 5, 5, 4, 4, 4, 4, 4, 4, 4, 4, 4, 4, 4, 4, 4, 4, 4, 4, 4, 4, 4, 4, 4, 4, 4, 4, 4, 4, 4, 4, 4, 4, 5, 5]
[5, 5, 5, 5, 5, 5, 5, 5, 5, 5, 5, 5, 5, 5, 5, 5, 5, 5, 5, 5, 5, 5, 5, 5, 5, 5, 5, 5, 5, 5, 5, 5, 4, 4, 4, 4, 4, 4, 4, 4, 4, 4, 4, 4, 4, 4, 4, 4, 4, 4, 4, 4, 4, 4, 4, 4, 4, 4, 4, 4, 4, 4, 5, 5]
[5, 5, 5, 5, 9, 9, 9, 9, 9, 9, 5, 5, 9, 9, 9, 9, 9, 9, 5, 5, 8, 8, 8, 8, 8, 8, 5, 5, 5, 5, 5, 5, 4, 4, 4, 4, 8, 8, 8, 8, 8, 8, 4, 4, 9, 9, 9, 9, 9, 9, 4, 4, 8, 8, 8, 8, 8, 8, 4, 4, 4, 4, 5, 5]
[5, 5, 5, 5, 9, 9, 9, 9, 9, 9, 5, 5, 9, 9, 9, 9, 9, 9, 5, 5, 8, 8, 8, 8, 8, 8, 5, 5, 5, 5, 5, 5, 4, 4, 4, 4, 8, 8, 8, 8, 8, 8, 4, 4, 9, 9, 9, 9, 9, 9, 4, 4, 8, 8, 8, 8, 8, 8, 4, 4, 4, 4, 5, 5]
[5, 5, 5, 5, 9, 9, 9, 9, 9, 9, 5, 5, 9, 9, 9, 9, 9, 9, 5, 5, 8, 8, 8, 8, 8, 8, 5, 5, 5, 5, 5, 5, 4, 4, 4, 4, 8, 8, 8, 8, 8, 8, 4, 4, 9, 9, 9, 9, 9, 9, 4, 4, 8, 8, 8, 8, 8, 8, 4, 4, 4, 4, 5, 5]
[5, 5, 5, 5, 9, 9, 9, 9, 9, 9, 5, 5, 9, 9, 9, 9, 9, 9, 5, 5, 8, 8, 8, 8, 8, 8, 5, 5, 5, 5, 5, 5, 4, 4, 4, 4, 8, 8, 8, 8, 8, 8, 4, 4, 9, 9, 9, 9, 9, 9, 4, 4, 8, 8, 8, 8, 8, 8, 4, 4, 4, 4, 5, 5]
[5, 5, 5, 5, 9, 9, 9, 9, 9, 9, 5, 5, 9, 9, 9, 9, 9, 9, 5, 5, 8, 8, 8, 8, 8, 8, 5, 5, 5, 5, 5, 5, 2, 2, 4, 4, 8, 8, 8, 8, 8, 8, 4, 4, 9, 9, 9, 9, 9, 9, 4, 4, 8, 8, 8, 8, 8, 8, 4, 4, 2, 2, 5, 5]
[5, 5, 5, 5, 9, 9, 9, 9, 9, 9, 5, 5, 9, 9, 9, 9, 9, 9, 5, 5, 8, 8, 8, 8, 8, 8, 5, 5, 5, 5, 5, 5, 2, 2, 4, 4, 8, 8, 8, 8, 8, 8, 4, 4, 9, 9, 9, 9, 9, 9, 4, 4, 8, 8, 8, 8, 8, 8, 4, 4, 2, 2, 5, 5]
[5, 5, 5, 5, 5, 5, 5, 5, 5, 5, 5, 5, 5, 5, 5, 5, 5, 5, 5, 5, 5, 5, 5, 5, 5, 5, 5, 5, 5, 5, 5, 5, 2, 2, 4, 4, 4, 4, 4, 4, 4, 4, 4, 4, 4, 4, 4, 4, 4, 4, 4, 4, 4, 4, 4, 4, 4, 4, 4, 4, 2, 2, 5, 5]
[5, 5, 5, 5, 5, 5, 5, 5, 5, 5, 5, 5, 5, 5, 5, 5, 5, 5, 5, 5, 5, 5, 5, 5, 5, 5, 5, 5, 5, 5, 5, 5, 2, 2, 4, 4, 4, 4, 4, 4, 4, 4, 4, 4, 4, 4, 4, 4, 4, 4, 4, 4, 4, 4, 4, 4, 4, 4, 4, 4, 2, 2, 5, 5]
[5, 5, 5, 5, 5, 5, 5, 5, 5, 5, 5, 5, 5, 5, 5, 5, 5, 5, 5, 5, 5, 5, 5, 5, 5, 5, 5, 5, 5, 5, 5, 5, 2, 2, 2, 2, 2, 2, 4, 4, 4, 4, 4, 4, 4, 4, 4, 4, 4, 4, 4, 4, 4, 4, 4, 4, 2, 2, 2, 2, 2, 2, 5, 5]
[5, 5, 5, 5, 5, 5, 5, 5, 5, 5, 5, 5, 5, 5, 5, 5, 5, 5, 5, 5, 5, 5, 5, 5, 5, 5, 5, 5, 5, 5, 5, 5, 2, 2, 2, 2, 2, 2, 4, 4, 4, 4, 4, 4, 4, 4, 4, 4, 4, 4, 4, 4, 4, 4, 4, 4, 2, 2, 2, 2, 2, 2, 5, 5]
[5, 5, 5, 5, 5, 5, 5, 5, 5, 5, 5, 5, 5, 5, 5, 5, 5, 5, 5, 5, 5, 5, 5, 5, 5, 5, 5, 5, 5, 5, 5, 5, 5, 5, 5, 5, 5, 5, 5, 5, 5, 5, 5, 5, 5, 5, 5, 5, 5, 5, 5, 5, 5, 5, 5, 5, 5, 5, 5, 5, 5, 5, 5, 5]
[12, 12, 12, 12, 12, 12, 12, 12, 12, 12, 12, 12, 12, 12, 12, 12, 12, 12, 12, 12, 12, 12, 12, 12, 12, 12, 12, 12, 11, 11, 11, 11, 11, 11, 11, 11, 11, 11, 11, 11, 11, 11, 11, 11, 11, 11, 11, 11, 11, 11, 11, 11, 11, 11, 11, 11, 11, 11, 11, 11, 11, 11, 11, 11]
</grid_0>
",,0.0,False
19,ACTION6 x=38 y=54,manual,"State: NOT_FINISHED
Levels completed: 0/6
Action count: 19

========== Start of Direct Observation ==========
<grid_0>
[5, 5, 5, 5, 5, 5, 5, 5, 5, 5, 5, 5, 5, 5, 5, 5, 5, 5, 5, 5, 5, 5, 5, 5, 5, 5, 5, 5, 5, 5, 5, 5, 5, 5, 5, 5, 5, 5, 5, 5, 5, 5, 5, 5, 5, 5, 5, 5, 5, 5, 5, 5, 5, 5, 5, 5, 5, 5, 5, 5, 5, 5, 5, 5]
[5, 5, 5, 5, 5, 5, 5, 5, 5, 5, 5, 5, 5, 5, 5, 5, 5, 5, 5, 5, 5, 5, 5, 5, 5, 5, 5, 5, 5, 5, 5, 5, 5, 5, 5, 5, 5, 5, 5, 5, 5, 5, 5, 5, 5, 5, 5, 5, 5, 5, 5, 5, 5, 5, 5, 5, 5, 5, 5, 5, 5, 5, 5, 5]
[5, 5, 5, 5, 9, 9, 9, 9, 9, 9, 5, 5, 8, 8, 8, 8, 8, 8, 5, 5, 9, 9, 9, 9, 9, 9, 5, 5, 5, 5, 5, 5, 5, 5, 5, 5, 5, 5, 9, 9, 9, 9, 9, 9, 5, 5, 8, 8, 8, 8, 8, 8, 5, 5, 9, 9, 9, 9, 9, 9, 5, 5, 5, 5]
[5, 5, 5, 5, 9, 9, 9, 9, 9, 9, 5, 5, 8, 8, 8, 8, 8, 8, 5, 5, 9, 9, 9, 9, 9, 9, 5, 5, 5, 5, 5, 5, 5, 5, 5, 5, 5, 5, 9, 9, 9, 9, 9, 9, 5, 5, 8, 8, 8, 8, 8, 8, 5, 5, 9, 9, 9, 9, 9, 9, 5, 5, 5, 5]
[5, 5, 5, 5, 9, 9, 9, 9, 9, 9, 5, 5, 8, 8, 8, 8, 8, 8, 5, 5, 9, 9, 9, 9, 9, 9, 5, 5, 5, 5, 5, 5, 5, 5, 5, 5, 5, 5, 9, 9, 9, 9, 9, 9, 5, 5, 8, 8, 8, 8, 8, 8, 5, 5, 9, 9, 9, 9, 9, 9, 5, 5, 5, 5]
[5, 5, 5, 5, 9, 9, 9, 9, 9, 9, 5, 5, 8, 8, 8, 8, 8, 8, 5, 5, 9, 9, 9, 9, 9, 9, 5, 5, 5, 5, 5, 5, 5, 5, 5, 5, 5, 5, 9, 9, 9, 9, 9, 9, 5, 5, 8, 8, 8, 8, 8, 8, 5, 5, 9, 9, 9, 9, 9, 9, 5, 5, 5, 5]
[5, 5, 5, 5, 9, 9, 9, 9, 9, 9, 5, 5, 8, 8, 8, 8, 8, 8, 5, 5, 9, 9, 9, 9, 9, 9, 5, 5, 5, 5, 5, 5, 5, 5, 5, 5, 5, 5, 9, 9, 9, 9, 9, 9, 5, 5, 8, 8, 8, 8, 8, 8, 5, 5, 9, 9, 9, 9, 9, 9, 5, 5, 5, 5]
[5, 5, 5, 5, 9, 9, 9, 9, 9, 9, 5, 5, 8, 8, 8, 8, 8, 8, 5, 5, 9, 9, 9, 9, 9, 9, 5, 5, 5, 5, 5, 5, 5, 5, 5, 5, 5, 5, 9, 9, 9, 9, 9, 9, 5, 5, 8, 8, 8, 8, 8, 8, 5, 5, 9, 9, 9, 9, 9, 9, 5, 5, 5, 5]
[5, 5, 5, 5, 5, 5, 5, 5, 5, 5, 5, 5, 5, 5, 5, 5, 5, 5, 5, 5, 5, 5, 5, 5, 5, 5, 5, 5, 5, 5, 5, 5, 5, 5, 5, 5, 5, 5, 5, 5, 5, 5, 5, 5, 5, 5, 5, 5, 5, 5, 5, 5, 5, 5, 5, 5, 5, 5, 5, 5, 5, 5, 5, 5]
[5, 5, 5, 5, 5, 5, 5, 5, 5, 5, 5, 5, 5, 5, 5, 5, 5, 5, 5, 5, 5, 5, 5, 5, 5, 5, 5, 5, 5, 5, 5, 5, 5, 5, 5, 5, 5, 5, 5, 5, 5, 5, 5, 5, 5, 5, 5, 5, 5, 5, 5, 5, 5, 5, 5, 5, 5, 5, 5, 5, 5, 5, 5, 5]
[5, 5, 5, 5, 8, 8, 8, 8, 8, 8, 5, 5, 2, 2, 0, 0, 2, 2, 5, 5, 9, 9, 9, 9, 9, 9, 5, 5, 5, 5, 5, 5, 5, 5, 5, 5, 5, 5, 8, 8, 8, 8, 8, 8, 5, 5, 2, 2, 0, 0, 2, 2, 5, 5, 8, 8, 8, 8, 8, 8, 5, 5, 5, 5]
[5, 5, 5, 5, 8, 8, 8, 8, 8, 8, 5, 5, 2, 2, 0, 0, 2, 2, 5, 5, 9, 9, 9, 9, 9, 9, 5, 5, 5, 5, 5, 5, 5, 5, 5, 5, 5, 5, 8, 8, 8, 8, 8, 8, 5, 5, 2, 2, 0, 0, 2, 2, 5, 5, 8, 8, 8, 8, 8, 8, 5, 5, 5, 5]
[5, 5, 5, 5, 8, 8, 8, 8, 8, 8, 5, 5, 0, 0, 8, 8, 2, 2, 5, 5, 9, 9, 9, 9, 9, 9, 5, 5, 5, 5, 5, 5, 5, 5, 5, 5, 5, 5, 8, 8, 8, 8, 8, 8, 5, 5, 0, 0, 8, 8, 0, 0, 5, 5, 8, 8, 8, 8, 8, 8, 5, 5, 5, 5]
[5, 5, 5, 5, 8, 8, 8, 8, 8, 8, 5, 5, 0, 0, 8, 8, 2, 2, 5, 5, 9, 9, 9, 9, 9, 9, 5, 5, 5, 5, 5, 5, 5, 5, 5, 5, 5, 5, 8, 8, 8, 8, 8, 8, 5, 5, 0, 0, 8, 8, 0, 0, 5, 5, 8, 8, 8, 8, 8, 8, 5, 5, 5, 5]
[5, 5, 5, 5, 8, 8, 8, 8, 8, 8, 5, 5, 2, 2, 0, 0, 0, 0, 5, 5, 9, 9, 9, 9, 9, 9, 5, 5, 5, 5, 5, 5, 5, 5, 5, 5, 5, 5, 8, 8, 8, 8, 8, 8, 5, 5, 2, 2, 0, 0, 2, 2, 5, 5, 8, 8, 8, 8, 8, 8, 5, 5, 5, 5]
[5, 5, 5, 5, 8, 8, 8, 8, 8, 8, 5, 5, 2, 2, 0, 0, 0, 0, 5, 5, 9, 9, 9, 9, 9, 9, 5, 5, 5, 5, 5, 5, 5, 5, 5, 5, 5, 5, 8, 8, 8, 8, 8, 8, 5, 5, 2, 2, 0, 0, 2, 2, 5, 5, 8, 8, 8, 8, 8, 8, 5, 5, 5, 5]
[5, 5, 5, 5, 5, 5, 5, 5, 5, 5, 5, 5, 5, 5, 5, 5, 5, 5, 5, 5, 5, 5, 5, 5, 5, 5, 5, 5, 5, 5, 5, 5, 5, 5, 5, 5, 5, 5, 5, 5, 5, 5, 5, 5, 5, 5, 5, 5, 5, 5, 5, 5, 5, 5, 5, 5, 5, 5, 5, 5, 5, 5, 5, 5]
[5, 5, 5, 5, 5, 5, 5, 5, 5, 5, 5, 5, 5, 5, 5, 5, 5, 5, 5, 5, 5, 5, 5, 5, 5, 5, 5, 5, 5, 5, 5, 5, 5, 5, 5, 5, 5, 5, 5, 5, 5, 5, 5, 5, 5, 5, 5, 5, 5, 5, 5, 5, 5, 5, 5, 5, 5, 5, 5, 5, 5, 5, 5, 5]
[5, 5, 5, 5, 9, 9, 9, 9, 9, 9, 5, 5, 8, 8, 8, 8, 8, 8, 5, 5, 8, 8, 8, 8, 8, 8, 5, 5, 5, 5, 5, 5, 5, 5, 5, 5, 5, 5, 9, 9, 9, 9, 9, 9, 5, 5, 8, 8, 8, 8, 8, 8, 5, 5, 9, 9, 9, 9, 9, 9, 5, 5, 5, 5]
[5, 5, 5, 5, 9, 9, 9, 9, 9, 9, 5, 5, 8, 8, 8, 8, 8, 8, 5, 5, 8, 8, 8, 8, 8, 8, 5, 5, 5, 5, 5, 5, 5, 5, 5, 5, 5, 5, 9, 9, 9, 9, 9, 9, 5, 5, 8, 8, 8, 8, 8, 8, 5, 5, 9, 9, 9, 9, 9, 9, 5, 5, 5, 5]
[5, 5, 5, 5, 9, 9, 9, 9, 9, 9, 5, 5, 8, 8, 8, 8, 8, 8, 5, 5, 8, 8, 8, 8, 8, 8, 5, 5, 5, 5, 5, 5, 5, 5, 5, 5, 5, 5, 9, 9, 9, 9, 9, 9, 5, 5, 8, 8, 8, 8, 8, 8, 5, 5, 9, 9, 9, 9, 9, 9, 5, 5, 5, 5]
[5, 5, 5, 5, 9, 9, 9, 9, 9, 9, 5, 5, 8, 8, 8, 8, 8, 8, 5, 5, 8, 8, 8, 8, 8, 8, 5, 5, 5, 5, 5, 5, 5, 5, 5, 5, 5, 5, 9, 9, 9, 9, 9, 9, 5, 5, 8, 8, 8, 8, 8, 8, 5, 5, 9, 9, 9, 9, 9, 9, 5, 5, 5, 5]
[5, 5, 5, 5, 9, 9, 9, 9, 9, 9, 5, 5, 8, 8, 8, 8, 8, 8, 5, 5, 8, 8, 8, 8, 8, 8, 5, 5, 5, 5, 5, 5, 5, 5, 5, 5, 5, 5, 9, 9, 9, 9, 9, 9, 5, 5, 8, 8, 8, 8, 8, 8, 5, 5, 9, 9, 9, 9, 9, 9, 5, 5, 5, 5]
[5, 5, 5, 5, 9, 9, 9, 9, 9, 9, 5, 5, 8, 8, 8, 8, 8, 8, 5, 5, 8, 8, 8, 8, 8, 8, 5, 5, 5, 5, 5, 5, 5, 5, 5, 5, 5, 5, 9, 9, 9, 9, 9, 9, 5, 5, 8, 8, 8, 8, 8, 8, 5, 5, 9, 9, 9, 9, 9, 9, 5, 5, 5, 5]
[5, 5, 5, 5, 5, 5, 5, 5, 5, 5, 5, 5, 5, 5, 5, 5, 5, 5, 5, 5, 5, 5, 5, 5, 5, 5, 5, 5, 5, 5, 5, 5, 5, 5, 5, 5, 5, 5, 5, 5, 5, 5, 5, 5, 5, 5, 5, 5, 5, 5, 5, 5, 5, 5, 5, 5, 5, 5, 5, 5, 5, 5, 5, 5]
[5, 5, 5, 5, 5, 5, 5, 5, 5, 5, 5, 5, 5, 5, 5, 5, 5, 5, 5, 5, 5, 5, 5, 5, 5, 5, 5, 5, 5, 5, 5, 5, 5, 5, 5, 5, 5, 5, 5, 5, 5, 5, 5, 5, 5, 5, 5, 5, 5, 5, 5, 5, 5, 5, 5, 5, 5, 5, 5, 5, 5, 5, 5, 5]
[5, 5, 5, 5, 5, 5, 5, 5, 5, 5, 5, 5, 5, 5, 5, 5, 5, 5, 5, 5, 5, 5, 5, 5, 5, 5, 5, 5, 5, 5, 5, 5, 5, 5, 5, 5, 5, 5, 5, 5, 5, 5, 5, 5, 5, 5, 5, 5, 5, 5, 5, 5, 5, 5, 5, 5, 5, 5, 5, 5, 5, 5, 5, 5]
[5, 5, 5, 5, 5, 5, 5, 5, 5, 5, 5, 5, 5, 5, 5, 5, 5, 5, 5, 5, 5, 5, 5, 5, 5, 5, 5, 5, 5, 5, 5, 5, 5, 5, 5, 5, 5, 5, 5, 5, 5, 5, 5, 5, 5, 5, 5, 5, 5, 5, 5, 5, 5, 5, 5, 5, 5, 5, 5, 5, 5, 5, 5, 5]
[5, 5, 5, 5, 5, 5, 5, 5, 5, 5, 5, 5, 5, 5, 5, 5, 5, 5, 5, 5, 5, 5, 5, 5, 5, 5, 5, 5, 5, 5, 5, 5, 5, 5, 5, 5, 5, 5, 5, 5, 5, 5, 5, 5, 5, 5, 5, 5, 5, 5, 5, 5, 5, 5, 5, 5, 5, 5, 5, 5, 5, 5, 5, 5]
[5, 5, 5, 5, 5, 5, 5, 5, 5, 5, 5, 5, 5, 5, 5, 5, 5, 5, 5, 5, 5, 5, 5, 5, 5, 5, 5, 5, 5, 5, 5, 5, 5, 5, 5, 5, 5, 5, 5, 5, 5, 5, 5, 5, 5, 5, 5, 5, 5, 5, 5, 5, 5, 5, 5, 5, 5, 5, 5, 5, 5, 5, 5, 5]
[5, 5, 5, 5, 5, 5, 5, 5, 5, 5, 5, 5, 5, 5, 5, 5, 5, 5, 5, 5, 5, 5, 5, 5, 5, 5, 5, 5, 5, 5, 5, 5, 5, 5, 5, 5, 5, 5, 5, 5, 5, 5, 5, 5, 5, 5, 5, 5, 5, 5, 5, 5, 5, 5, 5, 5, 5, 5, 5, 5, 5, 5, 5, 5]
[5, 5, 5, 5, 5, 5, 5, 5, 5, 5, 5, 5, 5, 5, 5, 5, 5, 5, 5, 5, 5, 5, 5, 5, 5, 5, 5, 5, 5, 5, 5, 5, 5, 5, 5, 5, 5, 5, 5, 5, 5, 5, 5, 5, 5, 5, 5, 5, 5, 5, 5, 5, 5, 5, 5, 5, 5, 5, 5, 5, 5, 5, 5, 5]
[5, 5, 5, 5, 5, 5, 5, 5, 5, 5, 5, 5, 5, 5, 5, 5, 5, 5, 5, 5, 5, 5, 5, 5, 5, 5, 5, 5, 5, 5, 5, 5, 2, 2, 2, 2, 2, 2, 4, 4, 4, 4, 4, 4, 4, 4, 4, 4, 4, 4, 4, 4, 4, 4, 4, 4, 2, 2, 2, 2, 2, 2, 5, 5]
[5, 5, 5, 5, 5, 5, 5, 5, 5, 5, 5, 5, 5, 5, 5, 5, 5, 5, 5, 5, 5, 5, 5, 5, 5, 5, 5, 5, 5, 5, 5, 5, 2, 2, 2, 2, 2, 2, 4, 4, 4, 4, 4, 4, 4, 4, 4, 4, 4, 4, 4, 4, 4, 4, 4, 4, 2, 2, 2, 2, 2, 2, 5, 5]
[5, 5, 5, 5, 5, 5, 5, 5, 5, 5, 5, 5, 5, 5, 5, 5, 5, 5, 5, 5, 5, 5, 5, 5, 5, 5, 5, 5, 5, 5, 5, 5, 2, 2, 4, 4, 4, 4, 4, 4, 4, 4, 4, 4, 4, 4, 4, 4, 4, 4, 4, 4, 4, 4, 4, 4, 4, 4, 4, 4, 2, 2, 5, 5]
[5, 5, 5, 5, 5, 5, 5, 5, 5, 5, 5, 5, 5, 5, 5, 5, 5, 5, 5, 5, 5, 5, 5, 5, 5, 5, 5, 5, 5, 5, 5, 5, 2, 2, 4, 4, 4, 4, 4, 4, 4, 4, 4, 4, 4, 4, 4, 4, 4, 4, 4, 4, 4, 4, 4, 4, 4, 4, 4, 4, 2, 2, 5, 5]
[5, 5, 5, 5, 8, 8, 8, 8, 8, 8, 5, 5, 9, 9, 9, 9, 9, 9, 5, 5, 9, 9, 9, 9, 9, 9, 5, 5, 5, 5, 5, 5, 2, 2, 4, 4, 8, 8, 8, 8, 8, 8, 4, 4, 8, 8, 8, 8, 8, 8, 4, 4, 8, 8, 8, 8, 8, 8, 4, 4, 2, 2, 5, 5]
[5, 5, 5, 5, 8, 8, 8, 8, 8, 8, 5, 5, 9, 9, 9, 9, 9, 9, 5, 5, 9, 9, 9, 9, 9, 9, 5, 5, 5, 5, 5, 5, 2, 2, 4, 4, 8, 8, 8, 8, 8, 8, 4, 4, 8, 8, 8, 8, 8, 8, 4, 4, 8, 8, 8, 8, 8, 8, 4, 4, 2, 2, 5, 5]
[5, 5, 5, 5, 8, 8, 8, 8, 8, 8, 5, 5, 9, 9, 9, 9, 9, 9, 5, 5, 9, 9, 9, 9, 9, 9, 5, 5, 5, 5, 5, 5, 4, 4, 4, 4, 8, 8, 8, 8, 8, 8, 4, 4, 8, 8, 8, 8, 8, 8, 4, 4, 8, 8, 8, 8, 8, 8, 4, 4, 4, 4, 5, 5]
[5, 5, 5, 5, 8, 8, 8, 8, 8, 8, 5, 5, 9, 9, 9, 9, 9, 9, 5, 5, 9, 9, 9, 9, 9, 9, 5, 5, 5, 5, 5, 5, 4, 4, 4, 4, 8, 8, 8, 8, 8, 8, 4, 4, 8, 8, 8, 8, 8, 8, 4, 4, 8, 8, 8, 8, 8, 8, 4, 4, 4, 4, 5, 5]
[5, 5, 5, 5, 8, 8, 8, 8, 8, 8, 5, 5, 9, 9, 9, 9, 9, 9, 5, 5, 9, 9, 9, 9, 9, 9, 5, 5, 5, 5, 5, 5, 4, 4, 4, 4, 8, 8, 8, 8, 8, 8, 4, 4, 8, 8, 8, 8, 8, 8, 4, 4, 8, 8, 8, 8, 8, 8, 4, 4, 4, 4, 5, 5]
[5, 5, 5, 5, 8, 8, 8, 8, 8, 8, 5, 5, 9, 9, 9, 9, 9, 9, 5, 5, 9, 9, 9, 9, 9, 9, 5, 5, 5, 5, 5, 5, 4, 4, 4, 4, 8, 8, 8, 8, 8, 8, 4, 4, 8, 8, 8, 8, 8, 8, 4, 4, 8, 8, 8, 8, 8, 8, 4, 4, 4, 4, 5, 5]
[5, 5, 5, 5, 5, 5, 5, 5, 5, 5, 5, 5, 5, 5, 5, 5, 5, 5, 5, 5, 5, 5, 5, 5, 5, 5, 5, 5, 5, 5, 5, 5, 4, 4, 4, 4, 4, 4, 4, 4, 4, 4, 4, 4, 4, 4, 4, 4, 4, 4, 4, 4, 4, 4, 4, 4, 4, 4, 4, 4, 4, 4, 5, 5]
[5, 5, 5, 5, 5, 5, 5, 5, 5, 5, 5, 5, 5, 5, 5, 5, 5, 5, 5, 5, 5, 5, 5, 5, 5, 5, 5, 5, 5, 5, 5, 5, 4, 4, 4, 4, 4, 4, 4, 4, 4, 4, 4, 4, 4, 4, 4, 4, 4, 4, 4, 4, 4, 4, 4, 4, 4, 4, 4, 4, 4, 4, 5, 5]
[5, 5, 5, 5, 8, 8, 8, 8, 8, 8, 5, 5, 0, 0, 2, 2, 2, 2, 5, 5, 8, 8, 8, 8, 8, 8, 5, 5, 5, 5, 5, 5, 4, 4, 4, 4, 8, 8, 8, 8, 8, 8, 4, 4, 0, 0, 2, 2, 2, 2, 4, 4, 8, 8, 8, 8, 8, 8, 4, 4, 4, 4, 5, 5]
[5, 5, 5, 5, 8, 8, 8, 8, 8, 8, 5, 5, 0, 0, 2, 2, 2, 2, 5, 5, 8, 8, 8, 8, 8, 8, 5, 5, 5, 5, 5, 5, 4, 4, 4, 4, 8, 8, 8, 8, 8, 8, 4, 4, 0, 0, 2, 2, 2, 2, 4, 4, 8, 8, 8, 8, 8, 8, 4, 4, 4, 4, 5, 5]
[5, 5, 5, 5, 8, 8, 8, 8, 8, 8, 5, 5, 0, 0, 8, 8, 0, 0, 5, 5, 8, 8, 8, 8, 8, 8, 5, 5, 5, 5, 5, 5, 4, 4, 4, 4, 8, 8, 8, 8, 8, 8, 4, 4, 0, 0, 8, 8, 0, 0, 4, 4, 8, 8, 8, 8, 8, 8, 4, 4, 4, 4, 5, 5]
[5, 5, 5, 5, 8, 8, 8, 8, 8, 8, 5, 5, 0, 0, 8, 8, 0, 0, 5, 5, 8, 8, 8, 8, 8, 8, 5, 5, 5, 5, 5, 5, 4, 4, 4, 4, 8, 8, 8, 8, 8, 8, 4, 4, 0, 0, 8, 8, 0, 0, 4, 4, 8, 8, 8, 8, 8, 8, 4, 4, 4, 4, 5, 5]
[5, 5, 5, 5, 8, 8, 8, 8, 8, 8, 5, 5, 2, 2, 2, 2, 0, 0, 5, 5, 8, 8, 8, 8, 8, 8, 5, 5, 5, 5, 5, 5, 4, 4, 4, 4, 8, 8, 8, 8, 8, 8, 4, 4, 0, 0, 2, 2, 2, 2, 4, 4, 8, 8, 8, 8, 8, 8, 4, 4, 4, 4, 5, 5]
[5, 5, 5, 5, 8, 8, 8, 8, 8, 8, 5, 5, 2, 2, 2, 2, 0, 0, 5, 5, 8, 8, 8, 8, 8, 8, 5, 5, 5, 5, 5, 5, 4, 4, 4, 4, 8, 8, 8, 8, 8, 8, 4, 4, 0, 0, 2, 2, 2, 2, 4, 4, 8, 8, 8, 8, 8, 8, 4, 4, 4, 4, 5, 5]
[5, 5, 5, 5, 5, 5, 5, 5, 5, 5, 5, 5, 5, 5, 5, 5, 5, 5, 5, 5, 5, 5, 5, 5, 5, 5, 5, 5, 5, 5, 5, 5, 4, 4, 4, 4, 4, 4, 4, 4, 4, 4, 4, 4, 4, 4, 4, 4, 4, 4, 4, 4, 4, 4, 4, 4, 4, 4, 4, 4, 4, 4, 5, 5]
[5, 5, 5, 5, 5, 5, 5, 5, 5, 5, 5, 5, 5, 5, 5, 5, 5, 5, 5, 5, 5, 5, 5, 5, 5, 5, 5, 5, 5, 5, 5, 5, 4, 4, 4, 4, 4, 4, 4, 4, 4, 4, 4, 4, 4, 4, 4, 4, 4, 4, 4, 4, 4, 4, 4, 4, 4, 4, 4, 4, 4, 4, 5, 5]
[5, 5, 5, 5, 9, 9, 9, 9, 9, 9, 5, 5, 9, 9, 9, 9, 9, 9, 5, 5, 8, 8, 8, 8, 8, 8, 5, 5, 5, 5, 5, 5, 4, 4, 4, 4, 8, 8, 8, 8, 8, 8, 4, 4, 9, 9, 9, 9, 9, 9, 4, 4, 8, 8, 8, 8, 8, 8, 4, 4, 4, 4, 5, 5]
[5, 5, 5, 5, 9, 9, 9, 9, 9, 9, 5, 5, 9, 9, 9, 9, 9, 9, 5, 5, 8, 8, 8, 8, 8, 8, 5, 5, 5, 5, 5, 5, 4, 4, 4, 4, 8, 8, 8, 8, 8, 8, 4, 4, 9, 9, 9, 9, 9, 9, 4, 4, 8, 8, 8, 8, 8, 8, 4, 4, 4, 4, 5, 5]
[5, 5, 5, 5, 9, 9, 9, 9, 9, 9, 5, 5, 9, 9, 9, 9, 9, 9, 5, 5, 8, 8, 8, 8, 8, 8, 5, 5, 5, 5, 5, 5, 4, 4, 4, 4, 8, 8, 8, 8, 8, 8, 4, 4, 9, 9, 9, 9, 9, 9, 4, 4, 8, 8, 8, 8, 8, 8, 4, 4, 4, 4, 5, 5]
[5, 5, 5, 5, 9, 9, 9, 9, 9, 9, 5, 5, 9, 9, 9, 9, 9, 9, 5, 5, 8, 8, 8, 8, 8, 8, 5, 5, 5, 5, 5, 5, 4, 4, 4, 4, 8, 8, 8, 8, 8, 8, 4, 4, 9, 9, 9, 9, 9, 9, 4, 4, 8, 8, 8, 8, 8, 8, 4, 4, 4, 4, 5, 5]
[5, 5, 5, 5, 9, 9, 9, 9, 9, 9, 5, 5, 9, 9, 9, 9, 9, 9, 5, 5, 8, 8, 8, 8, 8, 8, 5, 5, 5, 5, 5, 5, 2, 2, 4, 4, 8, 8, 8, 8, 8, 8, 4, 4, 9, 9, 9, 9, 9, 9, 4, 4, 8, 8, 8, 8, 8, 8, 4, 4, 2, 2, 5, 5]
[5, 5, 5, 5, 9, 9, 9, 9, 9, 9, 5, 5, 9, 9, 9, 9, 9, 9, 5, 5, 8, 8, 8, 8, 8, 8, 5, 5, 5, 5, 5, 5, 2, 2, 4, 4, 8, 8, 8, 8, 8, 8, 4, 4, 9, 9, 9, 9, 9, 9, 4, 4, 8, 8, 8, 8, 8, 8, 4, 4, 2, 2, 5, 5]
[5, 5, 5, 5, 5, 5, 5, 5, 5, 5, 5, 5, 5, 5, 5, 5, 5, 5, 5, 5, 5, 5, 5, 5, 5, 5, 5, 5, 5, 5, 5, 5, 2, 2, 4, 4, 4, 4, 4, 4, 4, 4, 4, 4, 4, 4, 4, 4, 4, 4, 4, 4, 4, 4, 4, 4, 4, 4, 4, 4, 2, 2, 5, 5]
[5, 5, 5, 5, 5, 5, 5, 5, 5, 5, 5, 5, 5, 5, 5, 5, 5, 5, 5, 5, 5, 5, 5, 5, 5, 5, 5, 5, 5, 5, 5, 5, 2, 2, 4, 4, 4, 4, 4, 4, 4, 4, 4, 4, 4, 4, 4, 4, 4, 4, 4, 4, 4, 4, 4, 4, 4, 4, 4, 4, 2, 2, 5, 5]
[5, 5, 5, 5, 5, 5, 5, 5, 5, 5, 5, 5, 5, 5, 5, 5, 5, 5, 5, 5, 5, 5, 5, 5, 5, 5, 5, 5, 5, 5, 5, 5, 2, 2, 2, 2, 2, 2, 4, 4, 4, 4, 4, 4, 4, 4, 4, 4, 4, 4, 4, 4, 4, 4, 4, 4, 2, 2, 2, 2, 2, 2, 5, 5]
[5, 5, 5, 5, 5, 5, 5, 5, 5, 5, 5, 5, 5, 5, 5, 5, 5, 5, 5, 5, 5, 5, 5, 5, 5, 5, 5, 5, 5, 5, 5, 5, 2, 2, 2, 2, 2, 2, 4, 4, 4, 4, 4, 4, 4, 4, 4, 4, 4, 4, 4, 4, 4, 4, 4, 4, 2, 2, 2, 2, 2, 2, 5, 5]
[5, 5, 5, 5, 5, 5, 5, 5, 5, 5, 5, 5, 5, 5, 5, 5, 5, 5, 5, 5, 5, 5, 5, 5, 5, 5, 5, 5, 5, 5, 5, 5, 5, 5, 5, 5, 5, 5, 5, 5, 5, 5, 5, 5, 5, 5, 5, 5, 5, 5, 5, 5, 5, 5, 5, 5, 5, 5, 5, 5, 5, 5, 5, 5]
[12, 12, 12, 12, 12, 12, 12, 12, 12, 12, 12, 12, 12, 12, 12, 12, 12, 12, 12, 12, 12, 12, 12, 12, 12, 12, 11, 11, 11, 11, 11, 11, 11, 11, 11, 11, 11, 11, 11, 11, 11, 11, 11, 11, 11, 11, 11, 11, 11, 11, 11, 11, 11, 11, 11, 11, 11, 11, 11, 11, 11, 11, 11, 11]
</grid_0>
",,0.0,False
20,ACTION6 x=56 y=54,manual,"State: NOT_FINISHED
Levels completed: 0/6
Action count: 20

========== Start of Direct Observation ==========
<grid_0>
[5, 5, 5, 5, 5, 5, 5, 5, 5, 5, 5, 5, 5, 5, 5, 5, 5, 5, 5, 5, 5, 5, 5, 5, 5, 5, 5, 5, 5, 5, 5, 5, 5, 5, 5, 5, 5, 5, 5, 5, 5, 5, 5, 5, 5, 5, 5, 5, 5, 5, 5, 5, 5, 5, 5, 5, 5, 5, 5, 5, 5, 5, 5, 5]
[5, 5, 5, 5, 5, 5, 5, 5, 5, 5, 5, 5, 5, 5, 5, 5, 5, 5, 5, 5, 5, 5, 5, 5, 5, 5, 5, 5, 5, 5, 5, 5, 5, 5, 5, 5, 5, 5, 5, 5, 5, 5, 5, 5, 5, 5, 5, 5, 5, 5, 5, 5, 5, 5, 5, 5, 5, 5, 5, 5, 5, 5, 5, 5]
[5, 5, 5, 5, 9, 9, 9, 9, 9, 9, 5, 5, 8, 8, 8, 8, 8, 8, 5, 5, 9, 9, 9, 9, 9, 9, 5, 5, 5, 5, 5, 5, 5, 5, 5, 5, 5, 5, 9, 9, 9, 9, 9, 9, 5, 5, 8, 8, 8, 8, 8, 8, 5, 5, 9, 9, 9, 9, 9, 9, 5, 5, 5, 5]
[5, 5, 5, 5, 9, 9, 9, 9, 9, 9, 5, 5, 8, 8, 8, 8, 8, 8, 5, 5, 9, 9, 9, 9, 9, 9, 5, 5, 5, 5, 5, 5, 5, 5, 5, 5, 5, 5, 9, 9, 9, 9, 9, 9, 5, 5, 8, 8, 8, 8, 8, 8, 5, 5, 9, 9, 9, 9, 9, 9, 5, 5, 5, 5]
[5, 5, 5, 5, 9, 9, 9, 9, 9, 9, 5, 5, 8, 8, 8, 8, 8, 8, 5, 5, 9, 9, 9, 9, 9, 9, 5, 5, 5, 5, 5, 5, 5, 5, 5, 5, 5, 5, 9, 9, 9, 9, 9, 9, 5, 5, 8, 8, 8, 8, 8, 8, 5, 5, 9, 9, 9, 9, 9, 9, 5, 5, 5, 5]
[5, 5, 5, 5, 9, 9, 9, 9, 9, 9, 5, 5, 8, 8, 8, 8, 8, 8, 5, 5, 9, 9, 9, 9, 9, 9, 5, 5, 5, 5, 5, 5, 5, 5, 5, 5, 5, 5, 9, 9, 9, 9, 9, 9, 5, 5, 8, 8, 8, 8, 8, 8, 5, 5, 9, 9, 9, 9, 9, 9, 5, 5, 5, 5]
[5, 5, 5, 5, 9, 9, 9, 9, 9, 9, 5, 5, 8, 8, 8, 8, 8, 8, 5, 5, 9, 9, 9, 9, 9, 9, 5, 5, 5, 5, 5, 5, 5, 5, 5, 5, 5, 5, 9, 9, 9, 9, 9, 9, 5, 5, 8, 8, 8, 8, 8, 8, 5, 5, 9, 9, 9, 9, 9, 9, 5, 5, 5, 5]
[5, 5, 5, 5, 9, 9, 9, 9, 9, 9, 5, 5, 8, 8, 8, 8, 8, 8, 5, 5, 9, 9, 9, 9, 9, 9, 5, 5, 5, 5, 5, 5, 5, 5, 5, 5, 5, 5, 9, 9, 9, 9, 9, 9, 5, 5, 8, 8, 8, 8, 8, 8, 5, 5, 9, 9, 9, 9, 9, 9, 5, 5, 5, 5]
[5, 5, 5, 5, 5, 5, 5, 5, 5, 5, 5, 5, 5, 5, 5, 5, 5, 5, 5, 5, 5, 5, 5, 5, 5, 5, 5, 5, 5, 5, 5, 5, 5, 5, 5, 5, 5, 5, 5, 5, 5, 5, 5, 5, 5, 5, 5, 5, 5, 5, 5, 5, 5, 5, 5, 5, 5, 5, 5, 5, 5, 5, 5, 5]
[5, 5, 5, 5, 5, 5, 5, 5, 5, 5, 5, 5, 5, 5, 5, 5, 5, 5, 5, 5, 5, 5, 5, 5, 5, 5, 5, 5, 5, 5, 5, 5, 5, 5, 5, 5, 5, 5, 5, 5, 5, 5, 5, 5, 5, 5, 5, 5, 5, 5, 5, 5, 5, 5, 5, 5, 5, 5, 5, 5, 5, 5, 5, 5]
[5, 5, 5, 5, 8, 8, 8, 8, 8, 8, 5, 5, 2, 2, 0, 0, 2, 2, 5, 5, 9, 9, 9, 9, 9, 9, 5, 5, 5, 5, 5, 5, 5, 5, 5, 5, 5, 5, 8, 8, 8, 8, 8, 8, 5, 5, 2, 2, 0, 0, 2, 2, 5, 5, 8, 8, 8, 8, 8, 8, 5, 5, 5, 5]
[5, 5, 5, 5, 8, 8, 8, 8, 8, 8, 5, 5, 2, 2, 0, 0, 2, 2, 5, 5, 9, 9, 9, 9, 9, 9, 5, 5, 5, 5, 5, 5, 5, 5, 5, 5, 5, 5, 8, 8, 8, 8, 8, 8, 5, 5, 2, 2, 0, 0, 2, 2, 5, 5, 8, 8, 8, 8, 8, 8, 5, 5, 5, 5]
[5, 5, 5, 5, 8, 8, 8, 8, 8, 8, 5, 5, 0, 0, 8, 8, 2, 2, 5, 5, 9, 9, 9, 9, 9, 9, 5, 5, 5, 5, 5, 5, 5, 5, 5, 5, 5, 5, 8, 8, 8, 8, 8, 8, 5, 5, 0, 0, 8, 8, 0, 0, 5, 5, 8, 8, 8, 8, 8, 8, 5, 5, 5, 5]
[5, 5, 5, 5, 8, 8, 8, 8, 8, 8, 5, 5, 0, 0, 8, 8, 2, 2, 5, 5, 9, 9, 9, 9, 9, 9, 5, 5, 5, 5, 5, 5, 5, 5, 5, 5, 5, 5, 8, 8, 8, 8, 8, 8, 5, 5, 0, 0, 8, 8, 0, 0, 5, 5, 8, 8, 8, 8, 8, 8, 5, 5, 5, 5]
[5, 5, 5, 5, 8, 8, 8, 8, 8, 8, 5, 5, 2, 2, 0, 0, 0, 0, 5, 5, 9, 9, 9, 9, 9, 9, 5, 5, 5, 5, 5, 5, 5, 5, 5, 5, 5, 5, 8, 8, 8, 8, 8, 8, 5, 5, 2, 2, 0, 0, 2, 2, 5, 5, 8, 8, 8, 8, 8, 8, 5, 5, 5, 5]
[5, 5, 5, 5, 8, 8, 8, 8, 8, 8, 5, 5, 2, 2, 0, 0, 0, 0, 5, 5, 9, 9, 9, 9, 9, 9, 5, 5, 5, 5, 5, 5, 5, 5, 5, 5, 5, 5, 8, 8, 8, 8, 8, 8, 5, 5, 2, 2, 0, 0, 2, 2, 5, 5, 8, 8, 8, 8, 8, 8, 5, 5, 5, 5]
[5, 5, 5, 5, 5, 5, 5, 5, 5, 5, 5, 5, 5, 5, 5, 5, 5, 5, 5, 5, 5, 5, 5, 5, 5, 5, 5, 5, 5, 5, 5, 5, 5, 5, 5, 5, 5, 5, 5, 5, 5, 5, 5, 5, 5, 5, 5, 5, 5, 5, 5, 5, 5, 5, 5, 5, 5, 5, 5, 5, 5, 5, 5, 5]
[5, 5, 5, 5, 5, 5, 5, 5, 5, 5, 5, 5, 5, 5, 5, 5, 5, 5, 5, 5, 5, 5, 5, 5, 5, 5, 5, 5, 5, 5, 5, 5, 5, 5, 5, 5, 5, 5, 5, 5, 5, 5, 5, 5, 5, 5, 5, 5, 5, 5, 5, 5, 5, 5, 5, 5, 5, 5, 5, 5, 5, 5, 5, 5]
[5, 5, 5, 5, 9, 9, 9, 9, 9, 9, 5, 5, 8, 8, 8, 8, 8, 8, 5, 5, 8, 8, 8, 8, 8, 8, 5, 5, 5, 5, 5, 5, 5, 5, 5, 5, 5, 5, 9, 9, 9, 9, 9, 9, 5, 5, 8, 8, 8, 8, 8, 8, 5, 5, 9, 9, 9, 9, 9, 9, 5, 5, 5, 5]
[5, 5, 5, 5, 9, 9, 9, 9, 9, 9, 5, 5, 8, 8, 8, 8, 8, 8, 5, 5, 8, 8, 8, 8, 8, 8, 5, 5, 5, 5, 5, 5, 5, 5, 5, 5, 5, 5, 9, 9, 9, 9, 9, 9, 5, 5, 8, 8, 8, 8, 8, 8, 5, 5, 9, 9, 9, 9, 9, 9, 5, 5, 5, 5]
[5, 5, 5, 5, 9, 9, 9, 9, 9, 9, 5, 5, 8, 8, 8, 8, 8, 8, 5, 5, 8, 8, 8, 8, 8, 8, 5, 5, 5, 5, 5, 5, 5, 5, 5, 5, 5, 5, 9, 9, 9, 9, 9, 9, 5, 5, 8, 8, 8, 8, 8, 8, 5, 5, 9, 9, 9, 9, 9, 9, 5, 5, 5, 5]
[5, 5, 5, 5, 9, 9, 9, 9, 9, 9, 5, 5, 8, 8, 8, 8, 8, 8, 5, 5, 8, 8, 8, 8, 8, 8, 5, 5, 5, 5, 5, 5, 5, 5, 5, 5, 5, 5, 9, 9, 9, 9, 9, 9, 5, 5, 8, 8, 8, 8, 8, 8, 5, 5, 9, 9, 9, 9, 9, 9, 5, 5, 5, 5]
[5, 5, 5, 5, 9, 9, 9, 9, 9, 9, 5, 5, 8, 8, 8, 8, 8, 8, 5, 5, 8, 8, 8, 8, 8, 8, 5, 5, 5, 5, 5, 5, 5, 5, 5, 5, 5, 5, 9, 9, 9, 9, 9, 9, 5, 5, 8, 8, 8, 8, 8, 8, 5, 5, 9, 9, 9, 9, 9, 9, 5, 5, 5, 5]
[5, 5, 5, 5, 9, 9, 9, 9, 9, 9, 5, 5, 8, 8, 8, 8, 8, 8, 5, 5, 8, 8, 8, 8, 8, 8, 5, 5, 5, 5, 5, 5, 5, 5, 5, 5, 5, 5, 9, 9, 9, 9, 9, 9, 5, 5, 8, 8, 8, 8, 8, 8, 5, 5, 9, 9, 9, 9, 9, 9, 5, 5, 5, 5]
[5, 5, 5, 5, 5, 5, 5, 5, 5, 5, 5, 5, 5, 5, 5, 5, 5, 5, 5, 5, 5, 5, 5, 5, 5, 5, 5, 5, 5, 5, 5, 5, 5, 5, 5, 5, 5, 5, 5, 5, 5, 5, 5, 5, 5, 5, 5, 5, 5, 5, 5, 5, 5, 5, 5, 5, 5, 5, 5, 5, 5, 5, 5, 5]
[5, 5, 5, 5, 5, 5, 5, 5, 5, 5, 5, 5, 5, 5, 5, 5, 5, 5, 5, 5, 5, 5, 5, 5, 5, 5, 5, 5, 5, 5, 5, 5, 5, 5, 5, 5, 5, 5, 5, 5, 5, 5, 5, 5, 5, 5, 5, 5, 5, 5, 5, 5, 5, 5, 5, 5, 5, 5, 5, 5, 5, 5, 5, 5]
[5, 5, 5, 5, 5, 5, 5, 5, 5, 5, 5, 5, 5, 5, 5, 5, 5, 5, 5, 5, 5, 5, 5, 5, 5, 5, 5, 5, 5, 5, 5, 5, 5, 5, 5, 5, 5, 5, 5, 5, 5, 5, 5, 5, 5, 5, 5, 5, 5, 5, 5, 5, 5, 5, 5, 5, 5, 5, 5, 5, 5, 5, 5, 5]
[5, 5, 5, 5, 5, 5, 5, 5, 5, 5, 5, 5, 5, 5, 5, 5, 5, 5, 5, 5, 5, 5, 5, 5, 5, 5, 5, 5, 5, 5, 5, 5, 5, 5, 5, 5, 5, 5, 5, 5, 5, 5, 5, 5, 5, 5, 5, 5, 5, 5, 5, 5, 5, 5, 5, 5, 5, 5, 5, 5, 5, 5, 5, 5]
[5, 5, 5, 5, 5, 5, 5, 5, 5, 5, 5, 5, 5, 5, 5, 5, 5, 5, 5, 5, 5, 5, 5, 5, 5, 5, 5, 5, 5, 5, 5, 5, 5, 5, 5, 5, 5, 5, 5, 5, 5, 5, 5, 5, 5, 5, 5, 5, 5, 5, 5, 5, 5, 5, 5, 5, 5, 5, 5, 5, 5, 5, 5, 5]
[5, 5, 5, 5, 5, 5, 5, 5, 5, 5, 5, 5, 5, 5, 5, 5, 5, 5, 5, 5, 5, 5, 5, 5, 5, 5, 5, 5, 5, 5, 5, 5, 5, 5, 5, 5, 5, 5, 5, 5, 5, 5, 5, 5, 5, 5, 5, 5, 5, 5, 5, 5, 5, 5, 5, 5, 5, 5, 5, 5, 5, 5, 5, 5]
[5, 5, 5, 5, 5, 5, 5, 5, 5, 5, 5, 5, 5, 5, 5, 5, 5, 5, 5, 5, 5, 5, 5, 5, 5, 5, 5, 5, 5, 5, 5, 5, 5, 5, 5, 5, 5, 5, 5, 5, 5, 5, 5, 5, 5, 5, 5, 5, 5, 5, 5, 5, 5, 5, 5, 5, 5, 5, 5, 5, 5, 5, 5, 5]
[5, 5, 5, 5, 5, 5, 5, 5, 5, 5, 5, 5, 5, 5, 5, 5, 5, 5, 5, 5, 5, 5, 5, 5, 5, 5, 5, 5, 5, 5, 5, 5, 5, 5, 5, 5, 5, 5, 5, 5, 5, 5, 5, 5, 5, 5, 5, 5, 5, 5, 5, 5, 5, 5, 5, 5, 5, 5, 5, 5, 5, 5, 5, 5]
[5, 5, 5, 5, 5, 5, 5, 5, 5, 5, 5, 5, 5, 5, 5, 5, 5, 5, 5, 5, 5, 5, 5, 5, 5, 5, 5, 5, 5, 5, 5, 5, 2, 2, 2, 2, 2, 2, 4, 4, 4, 4, 4, 4, 4, 4, 4, 4, 4, 4, 4, 4, 4, 4, 4, 4, 2, 2, 2, 2, 2, 2, 5, 5]
[5, 5, 5, 5, 5, 5, 5, 5, 5, 5, 5, 5, 5, 5, 5, 5, 5, 5, 5, 5, 5, 5, 5, 5, 5, 5, 5, 5, 5, 5, 5, 5, 2, 2, 2, 2, 2, 2, 4, 4, 4, 4, 4, 4, 4, 4, 4, 4, 4, 4, 4, 4, 4, 4, 4, 4, 2, 2, 2, 2, 2, 2, 5, 5]
[5, 5, 5, 5, 5, 5, 5, 5, 5, 5, 5, 5, 5, 5, 5, 5, 5, 5, 5, 5, 5, 5, 5, 5, 5, 5, 5, 5, 5, 5, 5, 5, 2, 2, 4, 4, 4, 4, 4, 4, 4, 4, 4, 4, 4, 4, 4, 4, 4, 4, 4, 4, 4, 4, 4, 4, 4, 4, 4, 4, 2, 2, 5, 5]
[5, 5, 5, 5, 5, 5, 5, 5, 5, 5, 5, 5, 5, 5, 5, 5, 5, 5, 5, 5, 5, 5, 5, 5, 5, 5, 5, 5, 5, 5, 5, 5, 2, 2, 4, 4, 4, 4, 4, 4, 4, 4, 4, 4, 4, 4, 4, 4, 4, 4, 4, 4, 4, 4, 4, 4, 4, 4, 4, 4, 2, 2, 5, 5]
[5, 5, 5, 5, 8, 8, 8, 8, 8, 8, 5, 5, 9, 9, 9, 9, 9, 9, 5, 5, 9, 9, 9, 9, 9, 9, 5, 5, 5, 5, 5, 5, 2, 2, 4, 4, 8, 8, 8, 8, 8, 8, 4, 4, 8, 8, 8, 8, 8, 8, 4, 4, 8, 8, 8, 8, 8, 8, 4, 4, 2, 2, 5, 5]
[5, 5, 5, 5, 8, 8, 8, 8, 8, 8, 5, 5, 9, 9, 9, 9, 9, 9, 5, 5, 9, 9, 9, 9, 9, 9, 5, 5, 5, 5, 5, 5, 2, 2, 4, 4, 8, 8, 8, 8, 8, 8, 4, 4, 8, 8, 8, 8, 8, 8, 4, 4, 8, 8, 8, 8, 8, 8, 4, 4, 2, 2, 5, 5]
[5, 5, 5, 5, 8, 8, 8, 8, 8, 8, 5, 5, 9, 9, 9, 9, 9, 9, 5, 5, 9, 9, 9, 9, 9, 9, 5, 5, 5, 5, 5, 5, 4, 4, 4, 4, 8, 8, 8, 8, 8, 8, 4, 4, 8, 8, 8, 8, 8, 8, 4, 4, 8, 8, 8, 8, 8, 8, 4, 4, 4, 4, 5, 5]
[5, 5, 5, 5, 8, 8, 8, 8, 8, 8, 5, 5, 9, 9, 9, 9, 9, 9, 5, 5, 9, 9, 9, 9, 9, 9, 5, 5, 5, 5, 5, 5, 4, 4, 4, 4, 8, 8, 8, 8, 8, 8, 4, 4, 8, 8, 8, 8, 8, 8, 4, 4, 8, 8, 8, 8, 8, 8, 4, 4, 4, 4, 5, 5]
[5, 5, 5, 5, 8, 8, 8, 8, 8, 8, 5, 5, 9, 9, 9, 9, 9, 9, 5, 5, 9, 9, 9, 9, 9, 9, 5, 5, 5, 5, 5, 5, 4, 4, 4, 4, 8, 8, 8, 8, 8, 8, 4, 4, 8, 8, 8, 8, 8, 8, 4, 4, 8, 8, 8, 8, 8, 8, 4, 4, 4, 4, 5, 5]
[5, 5, 5, 5, 8, 8, 8, 8, 8, 8, 5, 5, 9, 9, 9, 9, 9, 9, 5, 5, 9, 9, 9, 9, 9, 9, 5, 5, 5, 5, 5, 5, 4, 4, 4, 4, 8, 8, 8, 8, 8, 8, 4, 4, 8, 8, 8, 8, 8, 8, 4, 4, 8, 8, 8, 8, 8, 8, 4, 4, 4, 4, 5, 5]
[5, 5, 5, 5, 5, 5, 5, 5, 5, 5, 5, 5, 5, 5, 5, 5, 5, 5, 5, 5, 5, 5, 5, 5, 5, 5, 5, 5, 5, 5, 5, 5, 4, 4, 4, 4, 4, 4, 4, 4, 4, 4, 4, 4, 4, 4, 4, 4, 4, 4, 4, 4, 4, 4, 4, 4, 4, 4, 4, 4, 4, 4, 5, 5]
[5, 5, 5, 5, 5, 5, 5, 5, 5, 5, 5, 5, 5, 5, 5, 5, 5, 5, 5, 5, 5, 5, 5, 5, 5, 5, 5, 5, 5, 5, 5, 5, 4, 4, 4, 4, 4, 4, 4, 4, 4, 4, 4, 4, 4, 4, 4, 4, 4, 4, 4, 4, 4, 4, 4, 4, 4, 4, 4, 4, 4, 4, 5, 5]
[5, 5, 5, 5, 8, 8, 8, 8, 8, 8, 5, 5, 0, 0, 2, 2, 2, 2, 5, 5, 8, 8, 8, 8, 8, 8, 5, 5, 5, 5, 5, 5, 4, 4, 4, 4, 8, 8, 8, 8, 8, 8, 4, 4, 0, 0, 2, 2, 2, 2, 4, 4, 8, 8, 8, 8, 8, 8, 4, 4, 4, 4, 5, 5]
[5, 5, 5, 5, 8, 8, 8, 8, 8, 8, 5, 5, 0, 0, 2, 2, 2, 2, 5, 5, 8, 8, 8, 8, 8, 8, 5, 5, 5, 5, 5, 5, 4, 4, 4, 4, 8, 8, 8, 8, 8, 8, 4, 4, 0, 0, 2, 2, 2, 2, 4, 4, 8, 8, 8, 8, 8, 8, 4, 4, 4, 4, 5, 5]
[5, 5, 5, 5, 8, 8, 8, 8, 8, 8, 5, 5, 0, 0, 8, 8, 0, 0, 5, 5, 8, 8, 8, 8, 8, 8, 5, 5, 5, 5, 5, 5, 4, 4, 4, 4, 8, 8, 8, 8, 8, 8, 4, 4, 0, 0, 8, 8, 0, 0, 4, 4, 8, 8, 8, 8, 8, 8, 4, 4, 4, 4, 5, 5]
[5, 5, 5, 5, 8, 8, 8, 8, 8, 8, 5, 5, 0, 0, 8, 8, 0, 0, 5, 5, 8, 8, 8, 8, 8, 8, 5, 5, 5, 5, 5, 5, 4, 4, 4, 4, 8, 8, 8, 8, 8, 8, 4, 4, 0, 0, 8, 8, 0, 0, 4, 4, 8, 8, 8, 8, 8, 8, 4, 4, 4, 4, 5, 5]
[5, 5, 5, 5, 8, 8, 8, 8, 8, 8, 5, 5, 2, 2, 2, 2, 0, 0, 5, 5, 8, 8, 8, 8, 8, 8, 5, 5, 5, 5, 5, 5, 4, 4, 4, 4, 8, 8, 8, 8, 8, 8, 4, 4, 0, 0, 2, 2, 2, 2, 4, 4, 8, 8, 8, 8, 8, 8, 4, 4, 4, 4, 5, 5]
[5, 5, 5, 5, 8, 8, 8, 8, 8, 8, 5, 5, 2, 2, 2, 2, 0, 0, 5, 5, 8, 8, 8, 8, 8, 8, 5, 5, 5, 5, 5, 5, 4, 4, 4, 4, 8, 8, 8, 8, 8, 8, 4, 4, 0, 0, 2, 2, 2, 2, 4, 4, 8, 8, 8, 8, 8, 8, 4, 4, 4, 4, 5, 5]
[5, 5, 5, 5, 5, 5, 5, 5, 5, 5, 5, 5, 5, 5, 5, 5, 5, 5, 5, 5, 5, 5, 5, 5, 5, 5, 5, 5, 5, 5, 5, 5, 4, 4, 4, 4, 4, 4, 4, 4, 4, 4, 4, 4, 4, 4, 4, 4, 4, 4, 4, 4, 4, 4, 4, 4, 4, 4, 4, 4, 4, 4, 5, 5]
[5, 5, 5, 5, 5, 5, 5, 5, 5, 5, 5, 5, 5, 5, 5, 5, 5, 5, 5, 5, 5, 5, 5, 5, 5, 5, 5, 5, 5, 5, 5, 5, 4, 4, 4, 4, 4, 4, 4, 4, 4, 4, 4, 4, 4, 4, 4, 4, 4, 4, 4, 4, 4, 4, 4, 4, 4, 4, 4, 4, 4, 4, 5, 5]
[5, 5, 5, 5, 9, 9, 9, 9, 9, 9, 5, 5, 9, 9, 9, 9, 9, 9, 5, 5, 8, 8, 8, 8, 8, 8, 5, 5, 5, 5, 5, 5, 4, 4, 4, 4, 9, 9, 9, 9, 9, 9, 4, 4, 9, 9, 9, 9, 9, 9, 4, 4, 8, 8, 8, 8, 8, 8, 4, 4, 4, 4, 5, 5]
[5, 5, 5, 5, 9, 9, 9, 9, 9, 9, 5, 5, 9, 9, 9, 9, 9, 9, 5, 5, 8, 8, 8, 8, 8, 8, 5, 5, 5, 5, 5, 5, 4, 4, 4, 4, 9, 9, 9, 9, 9, 9, 4, 4, 9, 9, 9, 9, 9, 9, 4, 4, 8, 8, 8, 8, 8, 8, 4, 4, 4, 4, 5, 5]
[5, 5, 5, 5, 9, 9, 9, 9, 9, 9, 5, 5, 9, 9, 9, 9, 9, 9, 5, 5, 8, 8, 8, 8, 8, 8, 5, 5, 5, 5, 5, 5, 4, 4, 4, 4, 9, 9, 9, 9, 9, 9, 4, 4, 9, 9, 9, 9, 9, 9, 4, 4, 8, 8, 8, 8, 8, 8, 4, 4, 4, 4, 5, 5]
[5, 5, 5, 5, 9, 9, 9, 9, 9, 9, 5, 5, 9, 9, 9, 9, 9, 9, 5, 5, 8, 8, 8, 8, 8, 8, 5, 5, 5, 5, 5, 5, 4, 4, 4, 4, 9, 9, 9, 9, 9, 9, 4, 4, 9, 9, 9, 9, 9, 9, 4, 4, 8, 8, 8, 8, 8, 8, 4, 4, 4, 4, 5, 5]
[5, 5, 5, 5, 9, 9, 9, 9, 9, 9, 5, 5, 9, 9, 9, 9, 9, 9, 5, 5, 8, 8, 8, 8, 8, 8, 5, 5, 5, 5, 5, 5, 2, 2, 4, 4, 9, 9, 9, 9, 9, 9, 4, 4, 9, 9, 9, 9, 9, 9, 4, 4, 8, 8, 8, 8, 8, 8, 4, 4, 2, 2, 5, 5]
[5, 5, 5, 5, 9, 9, 9, 9, 9, 9, 5, 5, 9, 9, 9, 9, 9, 9, 5, 5, 8, 8, 8, 8, 8, 8, 5, 5, 5, 5, 5, 5, 2, 2, 4, 4, 9, 9, 9, 9, 9, 9, 4, 4, 9, 9, 9, 9, 9, 9, 4, 4, 8, 8, 8, 8, 8, 8, 4, 4, 2, 2, 5, 5]
[5, 5, 5, 5, 5, 5, 5, 5, 5, 5, 5, 5, 5, 5, 5, 5, 5, 5, 5, 5, 5, 5, 5, 5, 5, 5, 5, 5, 5, 5, 5, 5, 2, 2, 4, 4, 4, 4, 4, 4, 4, 4, 4, 4, 4, 4, 4, 4, 4, 4, 4, 4, 4, 4, 4, 4, 4, 4, 4, 4, 2, 2, 5, 5]
[5, 5, 5, 5, 5, 5, 5, 5, 5, 5, 5, 5, 5, 5, 5, 5, 5, 5, 5, 5, 5, 5, 5, 5, 5, 5, 5, 5, 5, 5, 5, 5, 2, 2, 4, 4, 4, 4, 4, 4, 4, 4, 4, 4, 4, 4, 4, 4, 4, 4, 4, 4, 4, 4, 4, 4, 4, 4, 4, 4, 2, 2, 5, 5]
[5, 5, 5, 5, 5, 5, 5, 5, 5, 5, 5, 5, 5, 5, 5, 5, 5, 5, 5, 5, 5, 5, 5, 5, 5, 5, 5, 5, 5, 5, 5, 5, 2, 2, 2, 2, 2, 2, 4, 4, 4, 4, 4, 4, 4, 4, 4, 4, 4, 4, 4, 4, 4, 4, 4, 4, 2, 2, 2, 2, 2, 2, 5, 5]
[5, 5, 5, 5, 5, 5, 5, 5, 5, 5, 5, 5, 5, 5, 5, 5, 5, 5, 5, 5, 5, 5, 5, 5, 5, 5, 5, 5, 5, 5, 5, 5, 2, 2, 2, 2, 2, 2, 4, 4, 4, 4, 4, 4, 4, 4, 4, 4, 4, 4, 4, 4, 4, 4, 4, 4, 2, 2, 2, 2, 2, 2, 5, 5]
[5, 5, 5, 5, 5, 5, 5, 5, 5, 5, 5, 5, 5, 5, 5, 5, 5, 5, 5, 5, 5, 5, 5, 5, 5, 5, 5, 5, 5, 5, 5, 5, 5, 5, 5, 5, 5, 5, 5, 5, 5, 5, 5, 5, 5, 5, 5, 5, 5, 5, 5, 5, 5, 5, 5, 5, 5, 5, 5, 5, 5, 5, 5, 5]
[12, 12, 12, 12, 12, 12, 12, 12, 12, 12, 12, 12, 12, 12, 12, 12, 12, 12, 12, 12, 12, 12, 12, 12, 11, 11, 11, 11, 11, 11, 11, 11, 11, 11, 11, 11, 11, 11, 11, 11, 11, 11, 11, 11, 11, 11, 11, 11, 11, 11, 11, 11, 11, 11, 11, 11, 11, 11, 11, 11, 11, 11, 11, 11]
</grid_0>
",,0.0,False
21,ACTION6 x=56 y=54,manual,"State: NOT_FINISHED
Levels completed: 0/6
Action count: 21

========== Start of Direct Observation ==========
<grid_0>
[5, 5, 5, 5, 5, 5, 5, 5, 5, 5, 5, 5, 5, 5, 5, 5, 5, 5, 5, 5, 5, 5, 5, 5, 5, 5, 5, 5, 5, 5, 5, 5, 5, 5, 5, 5, 5, 5, 5, 5, 5, 5, 5, 5, 5, 5, 5, 5, 5, 5, 5, 5, 5, 5, 5, 5, 5, 5, 5, 5, 5, 5, 5, 5]
[5, 5, 5, 5, 5, 5, 5, 5, 5, 5, 5, 5, 5, 5, 5, 5, 5, 5, 5, 5, 5, 5, 5, 5, 5, 5, 5, 5, 5, 5, 5, 5, 5, 5, 5, 5, 5, 5, 5, 5, 5, 5, 5, 5, 5, 5, 5, 5, 5, 5, 5, 5, 5, 5, 5, 5, 5, 5, 5, 5, 5, 5, 5, 5]
[5, 5, 5, 5, 9, 9, 9, 9, 9, 9, 5, 5, 8, 8, 8, 8, 8, 8, 5, 5, 9, 9, 9, 9, 9, 9, 5, 5, 5, 5, 5, 5, 5, 5, 5, 5, 5, 5, 9, 9, 9, 9, 9, 9, 5, 5, 8, 8, 8, 8, 8, 8, 5, 5, 9, 9, 9, 9, 9, 9, 5, 5, 5, 5]
[5, 5, 5, 5, 9, 9, 9, 9, 9, 9, 5, 5, 8, 8, 8, 8, 8, 8, 5, 5, 9, 9, 9, 9, 9, 9, 5, 5, 5, 5, 5, 5, 5, 5, 5, 5, 5, 5, 9, 9, 9, 9, 9, 9, 5, 5, 8, 8, 8, 8, 8, 8, 5, 5, 9, 9, 9, 9, 9, 9, 5, 5, 5, 5]
[5, 5, 5, 5, 9, 9, 9, 9, 9, 9, 5, 5, 8, 8, 8, 8, 8, 8, 5, 5, 9, 9, 9, 9, 9, 9, 5, 5, 5, 5, 5, 5, 5, 5, 5, 5, 5, 5, 9, 9, 9, 9, 9, 9, 5, 5, 8, 8, 8, 8, 8, 8, 5, 5, 9, 9, 9, 9, 9, 9, 5, 5, 5, 5]
[5, 5, 5, 5, 9, 9, 9, 9, 9, 9, 5, 5, 8, 8, 8, 8, 8, 8, 5, 5, 9, 9, 9, 9, 9, 9, 5, 5, 5, 5, 5, 5, 5, 5, 5, 5, 5, 5, 9, 9, 9, 9, 9, 9, 5, 5, 8, 8, 8, 8, 8, 8, 5, 5, 9, 9, 9, 9, 9, 9, 5, 5, 5, 5]
[5, 5, 5, 5, 9, 9, 9, 9, 9, 9, 5, 5, 8, 8, 8, 8, 8, 8, 5, 5, 9, 9, 9, 9, 9, 9, 5, 5, 5, 5, 5, 5, 5, 5, 5, 5, 5, 5, 9, 9, 9, 9, 9, 9, 5, 5, 8, 8, 8, 8, 8, 8, 5, 5, 9, 9, 9, 9, 9, 9, 5, 5, 5, 5]
[5, 5, 5, 5, 9, 9, 9, 9, 9, 9, 5, 5, 8, 8, 8, 8, 8, 8, 5, 5, 9, 9, 9, 9, 9, 9, 5, 5, 5, 5, 5, 5, 5, 5, 5, 5, 5, 5, 9, 9, 9, 9, 9, 9, 5, 5, 8, 8, 8, 8, 8, 8, 5, 5, 9, 9, 9, 9, 9, 9, 5, 5, 5, 5]
[5, 5, 5, 5, 5, 5, 5, 5, 5, 5, 5, 5, 5, 5, 5, 5, 5, 5, 5, 5, 5, 5, 5, 5, 5, 5, 5, 5, 5, 5, 5, 5, 5, 5, 5, 5, 5, 5, 5, 5, 5, 5, 5, 5, 5, 5, 5, 5, 5, 5, 5, 5, 5, 5, 5, 5, 5, 5, 5, 5, 5, 5, 5, 5]
[5, 5, 5, 5, 5, 5, 5, 5, 5, 5, 5, 5, 5, 5, 5, 5, 5, 5, 5, 5, 5, 5, 5, 5, 5, 5, 5, 5, 5, 5, 5, 5, 5, 5, 5, 5, 5, 5, 5, 5, 5, 5, 5, 5, 5, 5, 5, 5, 5, 5, 5, 5, 5, 5, 5, 5, 5, 5, 5, 5, 5, 5, 5, 5]
[5, 5, 5, 5, 8, 8, 8, 8, 8, 8, 5, 5, 2, 2, 0, 0, 2, 2, 5, 5, 9, 9, 9, 9, 9, 9, 5, 5, 5, 5, 5, 5, 5, 5, 5, 5, 5, 5, 8, 8, 8, 8, 8, 8, 5, 5, 2, 2, 0, 0, 2, 2, 5, 5, 8, 8, 8, 8, 8, 8, 5, 5, 5, 5]
[5, 5, 5, 5, 8, 8, 8, 8, 8, 8, 5, 5, 2, 2, 0, 0, 2, 2, 5, 5, 9, 9, 9, 9, 9, 9, 5, 5, 5, 5, 5, 5, 5, 5, 5, 5, 5, 5, 8, 8, 8, 8, 8, 8, 5, 5, 2, 2, 0, 0, 2, 2, 5, 5, 8, 8, 8, 8, 8, 8, 5, 5, 5, 5]
[5, 5, 5, 5, 8, 8, 8, 8, 8, 8, 5, 5, 0, 0, 8, 8, 2, 2, 5, 5, 9, 9, 9, 9, 9, 9, 5, 5, 5, 5, 5, 5, 5, 5, 5, 5, 5, 5, 8, 8, 8, 8, 8, 8, 5, 5, 0, 0, 8, 8, 0, 0, 5, 5, 8, 8, 8, 8, 8, 8, 5, 5, 5, 5]
[5, 5, 5, 5, 8, 8, 8, 8, 8, 8, 5, 5, 0, 0, 8, 8, 2, 2, 5, 5, 9, 9, 9, 9, 9, 9, 5, 5, 5, 5, 5, 5, 5, 5, 5, 5, 5, 5, 8, 8, 8, 8, 8, 8, 5, 5, 0, 0, 8, 8, 0, 0, 5, 5, 8, 8, 8, 8, 8, 8, 5, 5, 5, 5]
[5, 5, 5, 5, 8, 8, 8, 8, 8, 8, 5, 5, 2, 2, 0, 0, 0, 0, 5, 5, 9, 9, 9, 9, 9, 9, 5, 5, 5, 5, 5, 5, 5, 5, 5, 5, 5, 5, 8, 8, 8, 8, 8, 8, 5, 5, 2, 2, 0, 0, 2, 2, 5, 5, 8, 8, 8, 8, 8, 8, 5, 5, 5, 5]
[5, 5, 5, 5, 8, 8, 8, 8, 8, 8, 5, 5, 2, 2, 0, 0, 0, 0, 5, 5, 9, 9, 9, 9, 9, 9, 5, 5, 5, 5, 5, 5, 5, 5, 5, 5, 5, 5, 8, 8, 8, 8, 8, 8, 5, 5, 2, 2, 0, 0, 2, 2, 5, 5, 8, 8, 8, 8, 8, 8, 5, 5, 5, 5]
[5, 5, 5, 5, 5, 5, 5, 5, 5, 5, 5, 5, 5, 5, 5, 5, 5, 5, 5, 5, 5, 5, 5, 5, 5, 5, 5, 5, 5, 5, 5, 5, 5, 5, 5, 5, 5, 5, 5, 5, 5, 5, 5, 5, 5, 5, 5, 5, 5, 5, 5, 5, 5, 5, 5, 5, 5, 5, 5, 5, 5, 5, 5, 5]
[5, 5, 5, 5, 5, 5, 5, 5, 5, 5, 5, 5, 5, 5, 5, 5, 5, 5, 5, 5, 5, 5, 5, 5, 5, 5, 5, 5, 5, 5, 5, 5, 5, 5, 5, 5, 5, 5, 5, 5, 5, 5, 5, 5, 5, 5, 5, 5, 5, 5, 5, 5, 5, 5, 5, 5, 5, 5, 5, 5, 5, 5, 5, 5]
[5, 5, 5, 5, 9, 9, 9, 9, 9, 9, 5, 5, 8, 8, 8, 8, 8, 8, 5, 5, 8, 8, 8, 8, 8, 8, 5, 5, 5, 5, 5, 5, 5, 5, 5, 5, 5, 5, 9, 9, 9, 9, 9, 9, 5, 5, 8, 8, 8, 8, 8, 8, 5, 5, 9, 9, 9, 9, 9, 9, 5, 5, 5, 5]
[5, 5, 5, 5, 9, 9, 9, 9, 9, 9, 5, 5, 8, 8, 8, 8, 8, 8, 5, 5, 8, 8, 8, 8, 8, 8, 5, 5, 5, 5, 5, 5, 5, 5, 5, 5, 5, 5, 9, 9, 9, 9, 9, 9, 5, 5, 8, 8, 8, 8, 8, 8, 5, 5, 9, 9, 9, 9, 9, 9, 5, 5, 5, 5]
[5, 5, 5, 5, 9, 9, 9, 9, 9, 9, 5, 5, 8, 8, 8, 8, 8, 8, 5, 5, 8, 8, 8, 8, 8, 8, 5, 5, 5, 5, 5, 5, 5, 5, 5, 5, 5, 5, 9, 9, 9, 9, 9, 9, 5, 5, 8, 8, 8, 8, 8, 8, 5, 5, 9, 9, 9, 9, 9, 9, 5, 5, 5, 5]
[5, 5, 5, 5, 9, 9, 9, 9, 9, 9, 5, 5, 8, 8, 8, 8, 8, 8, 5, 5, 8, 8, 8, 8, 8, 8, 5, 5, 5, 5, 5, 5, 5, 5, 5, 5, 5, 5, 9, 9, 9, 9, 9, 9, 5, 5, 8, 8, 8, 8, 8, 8, 5, 5, 9, 9, 9, 9, 9, 9, 5, 5, 5, 5]
[5, 5, 5, 5, 9, 9, 9, 9, 9, 9, 5, 5, 8, 8, 8, 8, 8, 8, 5, 5, 8, 8, 8, 8, 8, 8, 5, 5, 5, 5, 5, 5, 5, 5, 5, 5, 5, 5, 9, 9, 9, 9, 9, 9, 5, 5, 8, 8, 8, 8, 8, 8, 5, 5, 9, 9, 9, 9, 9, 9, 5, 5, 5, 5]
[5, 5, 5, 5, 9, 9, 9, 9, 9, 9, 5, 5, 8, 8, 8, 8, 8, 8, 5, 5, 8, 8, 8, 8, 8, 8, 5, 5, 5, 5, 5, 5, 5, 5, 5, 5, 5, 5, 9, 9, 9, 9, 9, 9, 5, 5, 8, 8, 8, 8, 8, 8, 5, 5, 9, 9, 9, 9, 9, 9, 5, 5, 5, 5]
[5, 5, 5, 5, 5, 5, 5, 5, 5, 5, 5, 5, 5, 5, 5, 5, 5, 5, 5, 5, 5, 5, 5, 5, 5, 5, 5, 5, 5, 5, 5, 5, 5, 5, 5, 5, 5, 5, 5, 5, 5, 5, 5, 5, 5, 5, 5, 5, 5, 5, 5, 5, 5, 5, 5, 5, 5, 5, 5, 5, 5, 5, 5, 5]
[5, 5, 5, 5, 5, 5, 5, 5, 5, 5, 5, 5, 5, 5, 5, 5, 5, 5, 5, 5, 5, 5, 5, 5, 5, 5, 5, 5, 5, 5, 5, 5, 5, 5, 5, 5, 5, 5, 5, 5, 5, 5, 5, 5, 5, 5, 5, 5, 5, 5, 5, 5, 5, 5, 5, 5, 5, 5, 5, 5, 5, 5, 5, 5]
[5, 5, 5, 5, 5, 5, 5, 5, 5, 5, 5, 5, 5, 5, 5, 5, 5, 5, 5, 5, 5, 5, 5, 5, 5, 5, 5, 5, 5, 5, 5, 5, 5, 5, 5, 5, 5, 5, 5, 5, 5, 5, 5, 5, 5, 5, 5, 5, 5, 5, 5, 5, 5, 5, 5, 5, 5, 5, 5, 5, 5, 5, 5, 5]
[5, 5, 5, 5, 5, 5, 5, 5, 5, 5, 5, 5, 5, 5, 5, 5, 5, 5, 5, 5, 5, 5, 5, 5, 5, 5, 5, 5, 5, 5, 5, 5, 5, 5, 5, 5, 5, 5, 5, 5, 5, 5, 5, 5, 5, 5, 5, 5, 5, 5, 5, 5, 5, 5, 5, 5, 5, 5, 5, 5, 5, 5, 5, 5]
[5, 5, 5, 5, 5, 5, 5, 5, 5, 5, 5, 5, 5, 5, 5, 5, 5, 5, 5, 5, 5, 5, 5, 5, 5, 5, 5, 5, 5, 5, 5, 5, 5, 5, 5, 5, 5, 5, 5, 5, 5, 5, 5, 5, 5, 5, 5, 5, 5, 5, 5, 5, 5, 5, 5, 5, 5, 5, 5, 5, 5, 5, 5, 5]
[5, 5, 5, 5, 5, 5, 5, 5, 5, 5, 5, 5, 5, 5, 5, 5, 5, 5, 5, 5, 5, 5, 5, 5, 5, 5, 5, 5, 5, 5, 5, 5, 5, 5, 5, 5, 5, 5, 5, 5, 5, 5, 5, 5, 5, 5, 5, 5, 5, 5, 5, 5, 5, 5, 5, 5, 5, 5, 5, 5, 5, 5, 5, 5]
[5, 5, 5, 5, 5, 5, 5, 5, 5, 5, 5, 5, 5, 5, 5, 5, 5, 5, 5, 5, 5, 5, 5, 5, 5, 5, 5, 5, 5, 5, 5, 5, 5, 5, 5, 5, 5, 5, 5, 5, 5, 5, 5, 5, 5, 5, 5, 5, 5, 5, 5, 5, 5, 5, 5, 5, 5, 5, 5, 5, 5, 5, 5, 5]
[5, 5, 5, 5, 5, 5, 5, 5, 5, 5, 5, 5, 5, 5, 5, 5, 5, 5, 5, 5, 5, 5, 5, 5, 5, 5, 5, 5, 5, 5, 5, 5, 5, 5, 5, 5, 5, 5, 5, 5, 5, 5, 5, 5, 5, 5, 5, 5, 5, 5, 5, 5, 5, 5, 5, 5, 5, 5, 5, 5, 5, 5, 5, 5]
[5, 5, 5, 5, 5, 5, 5, 5, 5, 5, 5, 5, 5, 5, 5, 5, 5, 5, 5, 5, 5, 5, 5, 5, 5, 5, 5, 5, 5, 5, 5, 5, 2, 2, 2, 2, 2, 2, 4, 4, 4, 4, 4, 4, 4, 4, 4, 4, 4, 4, 4, 4, 4, 4, 4, 4, 2, 2, 2, 2, 2, 2, 5, 5]
[5, 5, 5, 5, 5, 5, 5, 5, 5, 5, 5, 5, 5, 5, 5, 5, 5, 5, 5, 5, 5, 5, 5, 5, 5, 5, 5, 5, 5, 5, 5, 5, 2, 2, 2, 2, 2, 2, 4, 4, 4, 4, 4, 4, 4, 4, 4, 4, 4, 4, 4, 4, 4, 4, 4, 4, 2, 2, 2, 2, 2, 2, 5, 5]
[5, 5, 5, 5, 5, 5, 5, 5, 5, 5, 5, 5, 5, 5, 5, 5, 5, 5, 5, 5, 5, 5, 5, 5, 5, 5, 5, 5, 5, 5, 5, 5, 2, 2, 4, 4, 4, 4, 4, 4, 4, 4, 4, 4, 4, 4, 4, 4, 4, 4, 4, 4, 4, 4, 4, 4, 4, 4, 4, 4, 2, 2, 5, 5]
[5, 5, 5, 5, 5, 5, 5, 5, 5, 5, 5, 5, 5, 5, 5, 5, 5, 5, 5, 5, 5, 5, 5, 5, 5, 5, 5, 5, 5, 5, 5, 5, 2, 2, 4, 4, 4, 4, 4, 4, 4, 4, 4, 4, 4, 4, 4, 4, 4, 4, 4, 4, 4, 4, 4, 4, 4, 4, 4, 4, 2, 2, 5, 5]
[5, 5, 5, 5, 8, 8, 8, 8, 8, 8, 5, 5, 9, 9, 9, 9, 9, 9, 5, 5, 9, 9, 9, 9, 9, 9, 5, 5, 5, 5, 5, 5, 2, 2, 4, 4, 8, 8, 8, 8, 8, 8, 4, 4, 8, 8, 8, 8, 8, 8, 4, 4, 8, 8, 8, 8, 8, 8, 4, 4, 2, 2, 5, 5]
[5, 5, 5, 5, 8, 8, 8, 8, 8, 8, 5, 5, 9, 9, 9, 9, 9, 9, 5, 5, 9, 9, 9, 9, 9, 9, 5, 5, 5, 5, 5, 5, 2, 2, 4, 4, 8, 8, 8, 8, 8, 8, 4, 4, 8, 8, 8, 8, 8, 8, 4, 4, 8, 8, 8, 8, 8, 8, 4, 4, 2, 2, 5, 5]
[5, 5, 5, 5, 8, 8, 8, 8, 8, 8, 5, 5, 9, 9, 9, 9, 9, 9, 5, 5, 9, 9, 9, 9, 9, 9, 5, 5, 5, 5, 5, 5, 4, 4, 4, 4, 8, 8, 8, 8, 8, 8, 4, 4, 8, 8, 8, 8, 8, 8, 4, 4, 8, 8, 8, 8, 8, 8, 4, 4, 4, 4, 5, 5]
[5, 5, 5, 5, 8, 8, 8, 8, 8, 8, 5, 5, 9, 9, 9, 9, 9, 9, 5, 5, 9, 9, 9, 9, 9, 9, 5, 5, 5, 5, 5, 5, 4, 4, 4, 4, 8, 8, 8, 8, 8, 8, 4, 4, 8, 8, 8, 8, 8, 8, 4, 4, 8, 8, 8, 8, 8, 8, 4, 4, 4, 4, 5, 5]
[5, 5, 5, 5, 8, 8, 8, 8, 8, 8, 5, 5, 9, 9, 9, 9, 9, 9, 5, 5, 9, 9, 9, 9, 9, 9, 5, 5, 5, 5, 5, 5, 4, 4, 4, 4, 8, 8, 8, 8, 8, 8, 4, 4, 8, 8, 8, 8, 8, 8, 4, 4, 8, 8, 8, 8, 8, 8, 4, 4, 4, 4, 5, 5]
[5, 5, 5, 5, 8, 8, 8, 8, 8, 8, 5, 5, 9, 9, 9, 9, 9, 9, 5, 5, 9, 9, 9, 9, 9, 9, 5, 5, 5, 5, 5, 5, 4, 4, 4, 4, 8, 8, 8, 8, 8, 8, 4, 4, 8, 8, 8, 8, 8, 8, 4, 4, 8, 8, 8, 8, 8, 8, 4, 4, 4, 4, 5, 5]
[5, 5, 5, 5, 5, 5, 5, 5, 5, 5, 5, 5, 5, 5, 5, 5, 5, 5, 5, 5, 5, 5, 5, 5, 5, 5, 5, 5, 5, 5, 5, 5, 4, 4, 4, 4, 4, 4, 4, 4, 4, 4, 4, 4, 4, 4, 4, 4, 4, 4, 4, 4, 4, 4, 4, 4, 4, 4, 4, 4, 4, 4, 5, 5]
[5, 5, 5, 5, 5, 5, 5, 5, 5, 5, 5, 5, 5, 5, 5, 5, 5, 5, 5, 5, 5, 5, 5, 5, 5, 5, 5, 5, 5, 5, 5, 5, 4, 4, 4, 4, 4, 4, 4, 4, 4, 4, 4, 4, 4, 4, 4, 4, 4, 4, 4, 4, 4, 4, 4, 4, 4, 4, 4, 4, 4, 4, 5, 5]
[5, 5, 5, 5, 8, 8, 8, 8, 8, 8, 5, 5, 0, 0, 2, 2, 2, 2, 5, 5, 8, 8, 8, 8, 8, 8, 5, 5, 5, 5, 5, 5, 4, 4, 4, 4, 8, 8, 8, 8, 8, 8, 4, 4, 0, 0, 2, 2, 2, 2, 4, 4, 8, 8, 8, 8, 8, 8, 4, 4, 4, 4, 5, 5]
[5, 5, 5, 5, 8, 8, 8, 8, 8, 8, 5, 5, 0, 0, 2, 2, 2, 2, 5, 5, 8, 8, 8, 8, 8, 8, 5, 5, 5, 5, 5, 5, 4, 4, 4, 4, 8, 8, 8, 8, 8, 8, 4, 4, 0, 0, 2, 2, 2, 2, 4, 4, 8, 8, 8, 8, 8, 8, 4, 4, 4, 4, 5, 5]
[5, 5, 5, 5, 8, 8, 8, 8, 8, 8, 5, 5, 0, 0, 8, 8, 0, 0, 5, 5, 8, 8, 8, 8, 8, 8, 5, 5, 5, 5, 5, 5, 4, 4, 4, 4, 8, 8, 8, 8, 8, 8, 4, 4, 0, 0, 8, 8, 0, 0, 4, 4, 8, 8, 8, 8, 8, 8, 4, 4, 4, 4, 5, 5]
[5, 5, 5, 5, 8, 8, 8, 8, 8, 8, 5, 5, 0, 0, 8, 8, 0, 0, 5, 5, 8, 8, 8, 8, 8, 8, 5, 5, 5, 5, 5, 5, 4, 4, 4, 4, 8, 8, 8, 8, 8, 8, 4, 4, 0, 0, 8, 8, 0, 0, 4, 4, 8, 8, 8, 8, 8, 8, 4, 4, 4, 4, 5, 5]
[5, 5, 5, 5, 8, 8, 8, 8, 8, 8, 5, 5, 2, 2, 2, 2, 0, 0, 5, 5, 8, 8, 8, 8, 8, 8, 5, 5, 5, 5, 5, 5, 4, 4, 4, 4, 8, 8, 8, 8, 8, 8, 4, 4, 0, 0, 2, 2, 2, 2, 4, 4, 8, 8, 8, 8, 8, 8, 4, 4, 4, 4, 5, 5]
[5, 5, 5, 5, 8, 8, 8, 8, 8, 8, 5, 5, 2, 2, 2, 2, 0, 0, 5, 5, 8, 8, 8, 8, 8, 8, 5, 5, 5, 5, 5, 5, 4, 4, 4, 4, 8, 8, 8, 8, 8, 8, 4, 4, 0, 0, 2, 2, 2, 2, 4, 4, 8, 8, 8, 8, 8, 8, 4, 4, 4, 4, 5, 5]
[5, 5, 5, 5, 5, 5, 5, 5, 5, 5, 5, 5, 5, 5, 5, 5, 5, 5, 5, 5, 5, 5, 5, 5, 5, 5, 5, 5, 5, 5, 5, 5, 4, 4, 4, 4, 4, 4, 4, 4, 4, 4, 4, 4, 4, 4, 4, 4, 4, 4, 4, 4, 4, 4, 4, 4, 4, 4, 4, 4, 4, 4, 5, 5]
[5, 5, 5, 5, 5, 5, 5, 5, 5, 5, 5, 5, 5, 5, 5, 5, 5, 5, 5, 5, 5, 5, 5, 5, 5, 5, 5, 5, 5, 5, 5, 5, 4, 4, 4, 4, 4, 4, 4, 4, 4, 4, 4, 4, 4, 4, 4, 4, 4, 4, 4, 4, 4, 4, 4, 4, 4, 4, 4, 4, 4, 4, 5, 5]
[5, 5, 5, 5, 9, 9, 9, 9, 9, 9, 5, 5, 9, 9, 9, 9, 9, 9, 5, 5, 8, 8, 8, 8, 8, 8, 5, 5, 5, 5, 5, 5, 4, 4, 4, 4, 9, 9, 9, 9, 9, 9, 4, 4, 9, 9, 9, 9, 9, 9, 4, 4, 9, 9, 9, 9, 9, 9, 4, 4, 4, 4, 5, 5]
[5, 5, 5, 5, 9, 9, 9, 9, 9, 9, 5, 5, 9, 9, 9, 9, 9, 9, 5, 5, 8, 8, 8, 8, 8, 8, 5, 5, 5, 5, 5, 5, 4, 4, 4, 4, 9, 9, 9, 9, 9, 9, 4, 4, 9, 9, 9, 9, 9, 9, 4, 4, 9, 9, 9, 9, 9, 9, 4, 4, 4, 4, 5, 5]
[5, 5, 5, 5, 9, 9, 9, 9, 9, 9, 5, 5, 9, 9, 9, 9, 9, 9, 5, 5, 8, 8, 8, 8, 8, 8, 5, 5, 5, 5, 5, 5, 4, 4, 4, 4, 9, 9, 9, 9, 9, 9, 4, 4, 9, 9, 9, 9, 9, 9, 4, 4, 9, 9, 9, 9, 9, 9, 4, 4, 4, 4, 5, 5]
[5, 5, 5, 5, 9, 9, 9, 9, 9, 9, 5, 5, 9, 9, 9, 9, 9, 9, 5, 5, 8, 8, 8, 8, 8, 8, 5, 5, 5, 5, 5, 5, 4, 4, 4, 4, 9, 9, 9, 9, 9, 9, 4, 4, 9, 9, 9, 9, 9, 9, 4, 4, 9, 9, 9, 9, 9, 9, 4, 4, 4, 4, 5, 5]
[5, 5, 5, 5, 9, 9, 9, 9, 9, 9, 5, 5, 9, 9, 9, 9, 9, 9, 5, 5, 8, 8, 8, 8, 8, 8, 5, 5, 5, 5, 5, 5, 2, 2, 4, 4, 9, 9, 9, 9, 9, 9, 4, 4, 9, 9, 9, 9, 9, 9, 4, 4, 9, 9, 9, 9, 9, 9, 4, 4, 2, 2, 5, 5]
[5, 5, 5, 5, 9, 9, 9, 9, 9, 9, 5, 5, 9, 9, 9, 9, 9, 9, 5, 5, 8, 8, 8, 8, 8, 8, 5, 5, 5, 5, 5, 5, 2, 2, 4, 4, 9, 9, 9, 9, 9, 9, 4, 4, 9, 9, 9, 9, 9, 9, 4, 4, 9, 9, 9, 9, 9, 9, 4, 4, 2, 2, 5, 5]
[5, 5, 5, 5, 5, 5, 5, 5, 5, 5, 5, 5, 5, 5, 5, 5, 5, 5, 5, 5, 5, 5, 5, 5, 5, 5, 5, 5, 5, 5, 5, 5, 2, 2, 4, 4, 4, 4, 4, 4, 4, 4, 4, 4, 4, 4, 4, 4, 4, 4, 4, 4, 4, 4, 4, 4, 4, 4, 4, 4, 2, 2, 5, 5]
[5, 5, 5, 5, 5, 5, 5, 5, 5, 5, 5, 5, 5, 5, 5, 5, 5, 5, 5, 5, 5, 5, 5, 5, 5, 5, 5, 5, 5, 5, 5, 5, 2, 2, 4, 4, 4, 4, 4, 4, 4, 4, 4, 4, 4, 4, 4, 4, 4, 4, 4, 4, 4, 4, 4, 4, 4, 4, 4, 4, 2, 2, 5, 5]
[5, 5, 5, 5, 5, 5, 5, 5, 5, 5, 5, 5, 5, 5, 5, 5, 5, 5, 5, 5, 5, 5, 5, 5, 5, 5, 5, 5, 5, 5, 5, 5, 2, 2, 2, 2, 2, 2, 4, 4, 4, 4, 4, 4, 4, 4, 4, 4, 4, 4, 4, 4, 4, 4, 4, 4, 2, 2, 2, 2, 2, 2, 5, 5]
[5, 5, 5, 5, 5, 5, 5, 5, 5, 5, 5, 5, 5, 5, 5, 5, 5, 5, 5, 5, 5, 5, 5, 5, 5, 5, 5, 5, 5, 5, 5, 5, 2, 2, 2, 2, 2, 2, 4, 4, 4, 4, 4, 4, 4, 4, 4, 4, 4, 4, 4, 4, 4, 4, 4, 4, 2, 2, 2, 2, 2, 2, 5, 5]
[5, 5, 5, 5, 5, 5, 5, 5, 5, 5, 5, 5, 5, 5, 5, 5, 5, 5, 5, 5, 5, 5, 5, 5, 5, 5, 5, 5, 5, 5, 5, 5, 5, 5, 5, 5, 5, 5, 5, 5, 5, 5, 5, 5, 5, 5, 5, 5, 5, 5, 5, 5, 5, 5, 5, 5, 5, 5, 5, 5, 5, 5, 5, 5]
[12, 12, 12, 12, 12, 12, 12, 12, 12, 12, 12, 12, 12, 12, 12, 12, 12, 12, 12, 12, 12, 12, 11, 11, 11, 11, 11, 11, 11, 11, 11, 11, 11, 11, 11, 11, 11, 11, 11, 11, 11, 11, 11, 11, 11, 11, 11, 11, 11, 11, 11, 11, 11, 11, 11, 11, 11, 11, 11, 11, 11, 11, 11, 11]
</grid_0>
",,0.0,False
22,ACTION6 x=48 y=54,manual,"State: NOT_FINISHED
Levels completed: 0/6
Action count: 22

========== Start of Direct Observation ==========
<grid_0>
[5, 5, 5, 5, 5, 5, 5, 5, 5, 5, 5, 5, 5, 5, 5, 5, 5, 5, 5, 5, 5, 5, 5, 5, 5, 5, 5, 5, 5, 5, 5, 5, 5, 5, 5, 5, 5, 5, 5, 5, 5, 5, 5, 5, 5, 5, 5, 5, 5, 5, 5, 5, 5, 5, 5, 5, 5, 5, 5, 5, 5, 5, 5, 5]
[5, 5, 5, 5, 5, 5, 5, 5, 5, 5, 5, 5, 5, 5, 5, 5, 5, 5, 5, 5, 5, 5, 5, 5, 5, 5, 5, 5, 5, 5, 5, 5, 5, 5, 5, 5, 5, 5, 5, 5, 5, 5, 5, 5, 5, 5, 5, 5, 5, 5, 5, 5, 5, 5, 5, 5, 5, 5, 5, 5, 5, 5, 5, 5]
[5, 5, 5, 5, 9, 9, 9, 9, 9, 9, 5, 5, 8, 8, 8, 8, 8, 8, 5, 5, 9, 9, 9, 9, 9, 9, 5, 5, 5, 5, 5, 5, 5, 5, 5, 5, 5, 5, 9, 9, 9, 9, 9, 9, 5, 5, 8, 8, 8, 8, 8, 8, 5, 5, 9, 9, 9, 9, 9, 9, 5, 5, 5, 5]
[5, 5, 5, 5, 9, 9, 9, 9, 9, 9, 5, 5, 8, 8, 8, 8, 8, 8, 5, 5, 9, 9, 9, 9, 9, 9, 5, 5, 5, 5, 5, 5, 5, 5, 5, 5, 5, 5, 9, 9, 9, 9, 9, 9, 5, 5, 8, 8, 8, 8, 8, 8, 5, 5, 9, 9, 9, 9, 9, 9, 5, 5, 5, 5]
[5, 5, 5, 5, 9, 9, 9, 9, 9, 9, 5, 5, 8, 8, 8, 8, 8, 8, 5, 5, 9, 9, 9, 9, 9, 9, 5, 5, 5, 5, 5, 5, 5, 5, 5, 5, 5, 5, 9, 9, 9, 9, 9, 9, 5, 5, 8, 8, 8, 8, 8, 8, 5, 5, 9, 9, 9, 9, 9, 9, 5, 5, 5, 5]
[5, 5, 5, 5, 9, 9, 9, 9, 9, 9, 5, 5, 8, 8, 8, 8, 8, 8, 5, 5, 9, 9, 9, 9, 9, 9, 5, 5, 5, 5, 5, 5, 5, 5, 5, 5, 5, 5, 9, 9, 9, 9, 9, 9, 5, 5, 8, 8, 8, 8, 8, 8, 5, 5, 9, 9, 9, 9, 9, 9, 5, 5, 5, 5]
[5, 5, 5, 5, 9, 9, 9, 9, 9, 9, 5, 5, 8, 8, 8, 8, 8, 8, 5, 5, 9, 9, 9, 9, 9, 9, 5, 5, 5, 5, 5, 5, 5, 5, 5, 5, 5, 5, 9, 9, 9, 9, 9, 9, 5, 5, 8, 8, 8, 8, 8, 8, 5, 5, 9, 9, 9, 9, 9, 9, 5, 5, 5, 5]
[5, 5, 5, 5, 9, 9, 9, 9, 9, 9, 5, 5, 8, 8, 8, 8, 8, 8, 5, 5, 9, 9, 9, 9, 9, 9, 5, 5, 5, 5, 5, 5, 5, 5, 5, 5, 5, 5, 9, 9, 9, 9, 9, 9, 5, 5, 8, 8, 8, 8, 8, 8, 5, 5, 9, 9, 9, 9, 9, 9, 5, 5, 5, 5]
[5, 5, 5, 5, 5, 5, 5, 5, 5, 5, 5, 5, 5, 5, 5, 5, 5, 5, 5, 5, 5, 5, 5, 5, 5, 5, 5, 5, 5, 5, 5, 5, 5, 5, 5, 5, 5, 5, 5, 5, 5, 5, 5, 5, 5, 5, 5, 5, 5, 5, 5, 5, 5, 5, 5, 5, 5, 5, 5, 5, 5, 5, 5, 5]
[5, 5, 5, 5, 5, 5, 5, 5, 5, 5, 5, 5, 5, 5, 5, 5, 5, 5, 5, 5, 5, 5, 5, 5, 5, 5, 5, 5, 5, 5, 5, 5, 5, 5, 5, 5, 5, 5, 5, 5, 5, 5, 5, 5, 5, 5, 5, 5, 5, 5, 5, 5, 5, 5, 5, 5, 5, 5, 5, 5, 5, 5, 5, 5]
[5, 5, 5, 5, 8, 8, 8, 8, 8, 8, 5, 5, 2, 2, 0, 0, 2, 2, 5, 5, 9, 9, 9, 9, 9, 9, 5, 5, 5, 5, 5, 5, 5, 5, 5, 5, 5, 5, 8, 8, 8, 8, 8, 8, 5, 5, 2, 2, 0, 0, 2, 2, 5, 5, 8, 8, 8, 8, 8, 8, 5, 5, 5, 5]
[5, 5, 5, 5, 8, 8, 8, 8, 8, 8, 5, 5, 2, 2, 0, 0, 2, 2, 5, 5, 9, 9, 9, 9, 9, 9, 5, 5, 5, 5, 5, 5, 5, 5, 5, 5, 5, 5, 8, 8, 8, 8, 8, 8, 5, 5, 2, 2, 0, 0, 2, 2, 5, 5, 8, 8, 8, 8, 8, 8, 5, 5, 5, 5]
[5, 5, 5, 5, 8, 8, 8, 8, 8, 8, 5, 5, 0, 0, 8, 8, 2, 2, 5, 5, 9, 9, 9, 9, 9, 9, 5, 5, 5, 5, 5, 5, 5, 5, 5, 5, 5, 5, 8, 8, 8, 8, 8, 8, 5, 5, 0, 0, 8, 8, 0, 0, 5, 5, 8, 8, 8, 8, 8, 8, 5, 5, 5, 5]
[5, 5, 5, 5, 8, 8, 8, 8, 8, 8, 5, 5, 0, 0, 8, 8, 2, 2, 5, 5, 9, 9, 9, 9, 9, 9, 5, 5, 5, 5, 5, 5, 5, 5, 5, 5, 5, 5, 8, 8, 8, 8, 8, 8, 5, 5, 0, 0, 8, 8, 0, 0, 5, 5, 8, 8, 8, 8, 8, 8, 5, 5, 5, 5]
[5, 5, 5, 5, 8, 8, 8, 8, 8, 8, 5, 5, 2, 2, 0, 0, 0, 0, 5, 5, 9, 9, 9, 9, 9, 9, 5, 5, 5, 5, 5, 5, 5, 5, 5, 5, 5, 5, 8, 8, 8, 8, 8, 8, 5, 5, 2, 2, 0, 0, 2, 2, 5, 5, 8, 8, 8, 8, 8, 8, 5, 5, 5, 5]
[5, 5, 5, 5, 8, 8, 8, 8, 8, 8, 5, 5, 2, 2, 0, 0, 0, 0, 5, 5, 9, 9, 9, 9, 9, 9, 5, 5, 5, 5, 5, 5, 5, 5, 5, 5, 5, 5, 8, 8, 8, 8, 8, 8, 5, 5, 2, 2, 0, 0, 2, 2, 5, 5, 8, 8, 8, 8, 8, 8, 5, 5, 5, 5]
[5, 5, 5, 5, 5, 5, 5, 5, 5, 5, 5, 5, 5, 5, 5, 5, 5, 5, 5, 5, 5, 5, 5, 5, 5, 5, 5, 5, 5, 5, 5, 5, 5, 5, 5, 5, 5, 5, 5, 5, 5, 5, 5, 5, 5, 5, 5, 5, 5, 5, 5, 5, 5, 5, 5, 5, 5, 5, 5, 5, 5, 5, 5, 5]
[5, 5, 5, 5, 5, 5, 5, 5, 5, 5, 5, 5, 5, 5, 5, 5, 5, 5, 5, 5, 5, 5, 5, 5, 5, 5, 5, 5, 5, 5, 5, 5, 5, 5, 5, 5, 5, 5, 5, 5, 5, 5, 5, 5, 5, 5, 5, 5, 5, 5, 5, 5, 5, 5, 5, 5, 5, 5, 5, 5, 5, 5, 5, 5]
[5, 5, 5, 5, 9, 9, 9, 9, 9, 9, 5, 5, 8, 8, 8, 8, 8, 8, 5, 5, 8, 8, 8, 8, 8, 8, 5, 5, 5, 5, 5, 5, 5, 5, 5, 5, 5, 5, 9, 9, 9, 9, 9, 9, 5, 5, 8, 8, 8, 8, 8, 8, 5, 5, 9, 9, 9, 9, 9, 9, 5, 5, 5, 5]
[5, 5, 5, 5, 9, 9, 9, 9, 9, 9, 5, 5, 8, 8, 8, 8, 8, 8, 5, 5, 8, 8, 8, 8, 8, 8, 5, 5, 5, 5, 5, 5, 5, 5, 5, 5, 5, 5, 9, 9, 9, 9, 9, 9, 5, 5, 8, 8, 8, 8, 8, 8, 5, 5, 9, 9, 9, 9, 9, 9, 5, 5, 5, 5]
[5, 5, 5, 5, 9, 9, 9, 9, 9, 9, 5, 5, 8, 8, 8, 8, 8, 8, 5, 5, 8, 8, 8, 8, 8, 8, 5, 5, 5, 5, 5, 5, 5, 5, 5, 5, 5, 5, 9, 9, 9, 9, 9, 9, 5, 5, 8, 8, 8, 8, 8, 8, 5, 5, 9, 9, 9, 9, 9, 9, 5, 5, 5, 5]
[5, 5, 5, 5, 9, 9, 9, 9, 9, 9, 5, 5, 8, 8, 8, 8, 8, 8, 5, 5, 8, 8, 8, 8, 8, 8, 5, 5, 5, 5, 5, 5, 5, 5, 5, 5, 5, 5, 9, 9, 9, 9, 9, 9, 5, 5, 8, 8, 8, 8, 8, 8, 5, 5, 9, 9, 9, 9, 9, 9, 5, 5, 5, 5]
[5, 5, 5, 5, 9, 9, 9, 9, 9, 9, 5, 5, 8, 8, 8, 8, 8, 8, 5, 5, 8, 8, 8, 8, 8, 8, 5, 5, 5, 5, 5, 5, 5, 5, 5, 5, 5, 5, 9, 9, 9, 9, 9, 9, 5, 5, 8, 8, 8, 8, 8, 8, 5, 5, 9, 9, 9, 9, 9, 9, 5, 5, 5, 5]
[5, 5, 5, 5, 9, 9, 9, 9, 9, 9, 5, 5, 8, 8, 8, 8, 8, 8, 5, 5, 8, 8, 8, 8, 8, 8, 5, 5, 5, 5, 5, 5, 5, 5, 5, 5, 5, 5, 9, 9, 9, 9, 9, 9, 5, 5, 8, 8, 8, 8, 8, 8, 5, 5, 9, 9, 9, 9, 9, 9, 5, 5, 5, 5]
[5, 5, 5, 5, 5, 5, 5, 5, 5, 5, 5, 5, 5, 5, 5, 5, 5, 5, 5, 5, 5, 5, 5, 5, 5, 5, 5, 5, 5, 5, 5, 5, 5, 5, 5, 5, 5, 5, 5, 5, 5, 5, 5, 5, 5, 5, 5, 5, 5, 5, 5, 5, 5, 5, 5, 5, 5, 5, 5, 5, 5, 5, 5, 5]
[5, 5, 5, 5, 5, 5, 5, 5, 5, 5, 5, 5, 5, 5, 5, 5, 5, 5, 5, 5, 5, 5, 5, 5, 5, 5, 5, 5, 5, 5, 5, 5, 5, 5, 5, 5, 5, 5, 5, 5, 5, 5, 5, 5, 5, 5, 5, 5, 5, 5, 5, 5, 5, 5, 5, 5, 5, 5, 5, 5, 5, 5, 5, 5]
[5, 5, 5, 5, 5, 5, 5, 5, 5, 5, 5, 5, 5, 5, 5, 5, 5, 5, 5, 5, 5, 5, 5, 5, 5, 5, 5, 5, 5, 5, 5, 5, 5, 5, 5, 5, 5, 5, 5, 5, 5, 5, 5, 5, 5, 5, 5, 5, 5, 5, 5, 5, 5, 5, 5, 5, 5, 5, 5, 5, 5, 5, 5, 5]
[5, 5, 5, 5, 5, 5, 5, 5, 5, 5, 5, 5, 5, 5, 5, 5, 5, 5, 5, 5, 5, 5, 5, 5, 5, 5, 5, 5, 5, 5, 5, 5, 5, 5, 5, 5, 5, 5, 5, 5, 5, 5, 5, 5, 5, 5, 5, 5, 5, 5, 5, 5, 5, 5, 5, 5, 5, 5, 5, 5, 5, 5, 5, 5]
[5, 5, 5, 5, 5, 5, 5, 5, 5, 5, 5, 5, 5, 5, 5, 5, 5, 5, 5, 5, 5, 5, 5, 5, 5, 5, 5, 5, 5, 5, 5, 5, 5, 5, 5, 5, 5, 5, 5, 5, 5, 5, 5, 5, 5, 5, 5, 5, 5, 5, 5, 5, 5, 5, 5, 5, 5, 5, 5, 5, 5, 5, 5, 5]
[5, 5, 5, 5, 5, 5, 5, 5, 5, 5, 5, 5, 5, 5, 5, 5, 5, 5, 5, 5, 5, 5, 5, 5, 5, 5, 5, 5, 5, 5, 5, 5, 5, 5, 5, 5, 5, 5, 5, 5, 5, 5, 5, 5, 5, 5, 5, 5, 5, 5, 5, 5, 5, 5, 5, 5, 5, 5, 5, 5, 5, 5, 5, 5]
[5, 5, 5, 5, 5, 5, 5, 5, 5, 5, 5, 5, 5, 5, 5, 5, 5, 5, 5, 5, 5, 5, 5, 5, 5, 5, 5, 5, 5, 5, 5, 5, 5, 5, 5, 5, 5, 5, 5, 5, 5, 5, 5, 5, 5, 5, 5, 5, 5, 5, 5, 5, 5, 5, 5, 5, 5, 5, 5, 5, 5, 5, 5, 5]
[5, 5, 5, 5, 5, 5, 5, 5, 5, 5, 5, 5, 5, 5, 5, 5, 5, 5, 5, 5, 5, 5, 5, 5, 5, 5, 5, 5, 5, 5, 5, 5, 5, 5, 5, 5, 5, 5, 5, 5, 5, 5, 5, 5, 5, 5, 5, 5, 5, 5, 5, 5, 5, 5, 5, 5, 5, 5, 5, 5, 5, 5, 5, 5]
[5, 5, 5, 5, 5, 5, 5, 5, 5, 5, 5, 5, 5, 5, 5, 5, 5, 5, 5, 5, 5, 5, 5, 5, 5, 5, 5, 5, 5, 5, 5, 5, 2, 2, 2, 2, 2, 2, 4, 4, 4, 4, 4, 4, 4, 4, 4, 4, 4, 4, 4, 4, 4, 4, 4, 4, 2, 2, 2, 2, 2, 2, 5, 5]
[5, 5, 5, 5, 5, 5, 5, 5, 5, 5, 5, 5, 5, 5, 5, 5, 5, 5, 5, 5, 5, 5, 5, 5, 5, 5, 5, 5, 5, 5, 5, 5, 2, 2, 2, 2, 2, 2, 4, 4, 4, 4, 4, 4, 4, 4, 4, 4, 4, 4, 4, 4, 4, 4, 4, 4, 2, 2, 2, 2, 2, 2, 5, 5]
[5, 5, 5, 5, 5, 5, 5, 5, 5, 5, 5, 5, 5, 5, 5, 5, 5, 5, 5, 5, 5, 5, 5, 5, 5, 5, 5, 5, 5, 5, 5, 5, 2, 2, 4, 4, 4, 4, 4, 4, 4, 4, 4, 4, 4, 4, 4, 4, 4, 4, 4, 4, 4, 4, 4, 4, 4, 4, 4, 4, 2, 2, 5, 5]
[5, 5, 5, 5, 5, 5, 5, 5, 5, 5, 5, 5, 5, 5, 5, 5, 5, 5, 5, 5, 5, 5, 5, 5, 5, 5, 5, 5, 5, 5, 5, 5, 2, 2, 4, 4, 4, 4, 4, 4, 4, 4, 4, 4, 4, 4, 4, 4, 4, 4, 4, 4, 4, 4, 4, 4, 4, 4, 4, 4, 2, 2, 5, 5]
[5, 5, 5, 5, 8, 8, 8, 8, 8, 8, 5, 5, 9, 9, 9, 9, 9, 9, 5, 5, 9, 9, 9, 9, 9, 9, 5, 5, 5, 5, 5, 5, 2, 2, 4, 4, 8, 8, 8, 8, 8, 8, 4, 4, 8, 8, 8, 8, 8, 8, 4, 4, 8, 8, 8, 8, 8, 8, 4, 4, 2, 2, 5, 5]
[5, 5, 5, 5, 8, 8, 8, 8, 8, 8, 5, 5, 9, 9, 9, 9, 9, 9, 5, 5, 9, 9, 9, 9, 9, 9, 5, 5, 5, 5, 5, 5, 2, 2, 4, 4, 8, 8, 8, 8, 8, 8, 4, 4, 8, 8, 8, 8, 8, 8, 4, 4, 8, 8, 8, 8, 8, 8, 4, 4, 2, 2, 5, 5]
[5, 5, 5, 5, 8, 8, 8, 8, 8, 8, 5, 5, 9, 9, 9, 9, 9, 9, 5, 5, 9, 9, 9, 9, 9, 9, 5, 5, 5, 5, 5, 5, 4, 4, 4, 4, 8, 8, 8, 8, 8, 8, 4, 4, 8, 8, 8, 8, 8, 8, 4, 4, 8, 8, 8, 8, 8, 8, 4, 4, 4, 4, 5, 5]
[5, 5, 5, 5, 8, 8, 8, 8, 8, 8, 5, 5, 9, 9, 9, 9, 9, 9, 5, 5, 9, 9, 9, 9, 9, 9, 5, 5, 5, 5, 5, 5, 4, 4, 4, 4, 8, 8, 8, 8, 8, 8, 4, 4, 8, 8, 8, 8, 8, 8, 4, 4, 8, 8, 8, 8, 8, 8, 4, 4, 4, 4, 5, 5]
[5, 5, 5, 5, 8, 8, 8, 8, 8, 8, 5, 5, 9, 9, 9, 9, 9, 9, 5, 5, 9, 9, 9, 9, 9, 9, 5, 5, 5, 5, 5, 5, 4, 4, 4, 4, 8, 8, 8, 8, 8, 8, 4, 4, 8, 8, 8, 8, 8, 8, 4, 4, 8, 8, 8, 8, 8, 8, 4, 4, 4, 4, 5, 5]
[5, 5, 5, 5, 8, 8, 8, 8, 8, 8, 5, 5, 9, 9, 9, 9, 9, 9, 5, 5, 9, 9, 9, 9, 9, 9, 5, 5, 5, 5, 5, 5, 4, 4, 4, 4, 8, 8, 8, 8, 8, 8, 4, 4, 8, 8, 8, 8, 8, 8, 4, 4, 8, 8, 8, 8, 8, 8, 4, 4, 4, 4, 5, 5]
[5, 5, 5, 5, 5, 5, 5, 5, 5, 5, 5, 5, 5, 5, 5, 5, 5, 5, 5, 5, 5, 5, 5, 5, 5, 5, 5, 5, 5, 5, 5, 5, 4, 4, 4, 4, 4, 4, 4, 4, 4, 4, 4, 4, 4, 4, 4, 4, 4, 4, 4, 4, 4, 4, 4, 4, 4, 4, 4, 4, 4, 4, 5, 5]
[5, 5, 5, 5, 5, 5, 5, 5, 5, 5, 5, 5, 5, 5, 5, 5, 5, 5, 5, 5, 5, 5, 5, 5, 5, 5, 5, 5, 5, 5, 5, 5, 4, 4, 4, 4, 4, 4, 4, 4, 4, 4, 4, 4, 4, 4, 4, 4, 4, 4, 4, 4, 4, 4, 4, 4, 4, 4, 4, 4, 4, 4, 5, 5]
[5, 5, 5, 5, 8, 8, 8, 8, 8, 8, 5, 5, 0, 0, 2, 2, 2, 2, 5, 5, 8, 8, 8, 8, 8, 8, 5, 5, 5, 5, 5, 5, 4, 4, 4, 4, 8, 8, 8, 8, 8, 8, 4, 4, 0, 0, 2, 2, 2, 2, 4, 4, 8, 8, 8, 8, 8, 8, 4, 4, 4, 4, 5, 5]
[5, 5, 5, 5, 8, 8, 8, 8, 8, 8, 5, 5, 0, 0, 2, 2, 2, 2, 5, 5, 8, 8, 8, 8, 8, 8, 5, 5, 5, 5, 5, 5, 4, 4, 4, 4, 8, 8, 8, 8, 8, 8, 4, 4, 0, 0, 2, 2, 2, 2, 4, 4, 8, 8, 8, 8, 8, 8, 4, 4, 4, 4, 5, 5]
[5, 5, 5, 5, 8, 8, 8, 8, 8, 8, 5, 5, 0, 0, 8, 8, 0, 0, 5, 5, 8, 8, 8, 8, 8, 8, 5, 5, 5, 5, 5, 5, 4, 4, 4, 4, 8, 8, 8, 8, 8, 8, 4, 4, 0, 0, 8, 8, 0, 0, 4, 4, 8, 8, 8, 8, 8, 8, 4, 4, 4, 4, 5, 5]
[5, 5, 5, 5, 8, 8, 8, 8, 8, 8, 5, 5, 0, 0, 8, 8, 0, 0, 5, 5, 8, 8, 8, 8, 8, 8, 5, 5, 5, 5, 5, 5, 4, 4, 4, 4, 8, 8, 8, 8, 8, 8, 4, 4, 0, 0, 8, 8, 0, 0, 4, 4, 8, 8, 8, 8, 8, 8, 4, 4, 4, 4, 5, 5]
[5, 5, 5, 5, 8, 8, 8, 8, 8, 8, 5, 5, 2, 2, 2, 2, 0, 0, 5, 5, 8, 8, 8, 8, 8, 8, 5, 5, 5, 5, 5, 5, 4, 4, 4, 4, 8, 8, 8, 8, 8, 8, 4, 4, 0, 0, 2, 2, 2, 2, 4, 4, 8, 8, 8, 8, 8, 8, 4, 4, 4, 4, 5, 5]
[5, 5, 5, 5, 8, 8, 8, 8, 8, 8, 5, 5, 2, 2, 2, 2, 0, 0, 5, 5, 8, 8, 8, 8, 8, 8, 5, 5, 5, 5, 5, 5, 4, 4, 4, 4, 8, 8, 8, 8, 8, 8, 4, 4, 0, 0, 2, 2, 2, 2, 4, 4, 8, 8, 8, 8, 8, 8, 4, 4, 4, 4, 5, 5]
[5, 5, 5, 5, 5, 5, 5, 5, 5, 5, 5, 5, 5, 5, 5, 5, 5, 5, 5, 5, 5, 5, 5, 5, 5, 5, 5, 5, 5, 5, 5, 5, 4, 4, 4, 4, 4, 4, 4, 4, 4, 4, 4, 4, 4, 4, 4, 4, 4, 4, 4, 4, 4, 4, 4, 4, 4, 4, 4, 4, 4, 4, 5, 5]
[5, 5, 5, 5, 5, 5, 5, 5, 5, 5, 5, 5, 5, 5, 5, 5, 5, 5, 5, 5, 5, 5, 5, 5, 5, 5, 5, 5, 5, 5, 5, 5, 4, 4, 4, 4, 4, 4, 4, 4, 4, 4, 4, 4, 4, 4, 4, 4, 4, 4, 4, 4, 4, 4, 4, 4, 4, 4, 4, 4, 4, 4, 5, 5]
[5, 5, 5, 5, 9, 9, 9, 9, 9, 9, 5, 5, 9, 9, 9, 9, 9, 9, 5, 5, 8, 8, 8, 8, 8, 8, 5, 5, 5, 5, 5, 5, 4, 4, 4, 4, 9, 9, 9, 9, 9, 9, 4, 4, 9, 9, 9, 9, 9, 9, 4, 4, 8, 8, 8, 8, 8, 8, 4, 4, 4, 4, 5, 5]
[5, 5, 5, 5, 9, 9, 9, 9, 9, 9, 5, 5, 9, 9, 9, 9, 9, 9, 5, 5, 8, 8, 8, 8, 8, 8, 5, 5, 5, 5, 5, 5, 4, 4, 4, 4, 9, 9, 9, 9, 9, 9, 4, 4, 9, 9, 9, 9, 9, 9, 4, 4, 8, 8, 8, 8, 8, 8, 4, 4, 4, 4, 5, 5]
[5, 5, 5, 5, 9, 9, 9, 9, 9, 9, 5, 5, 9, 9, 9, 9, 9, 9, 5, 5, 8, 8, 8, 8, 8, 8, 5, 5, 5, 5, 5, 5, 4, 4, 4, 4, 9, 9, 9, 9, 9, 9, 4, 4, 9, 9, 9, 9, 9, 9, 4, 4, 8, 8, 8, 8, 8, 8, 4, 4, 4, 4, 5, 5]
[5, 5, 5, 5, 9, 9, 9, 9, 9, 9, 5, 5, 9, 9, 9, 9, 9, 9, 5, 5, 8, 8, 8, 8, 8, 8, 5, 5, 5, 5, 5, 5, 4, 4, 4, 4, 9, 9, 9, 9, 9, 9, 4, 4, 9, 9, 9, 9, 9, 9, 4, 4, 8, 8, 8, 8, 8, 8, 4, 4, 4, 4, 5, 5]
[5, 5, 5, 5, 9, 9, 9, 9, 9, 9, 5, 5, 9, 9, 9, 9, 9, 9, 5, 5, 8, 8, 8, 8, 8, 8, 5, 5, 5, 5, 5, 5, 2, 2, 4, 4, 9, 9, 9, 9, 9, 9, 4, 4, 9, 9, 9, 9, 9, 9, 4, 4, 8, 8, 8, 8, 8, 8, 4, 4, 2, 2, 5, 5]
[5, 5, 5, 5, 9, 9, 9, 9, 9, 9, 5, 5, 9, 9, 9, 9, 9, 9, 5, 5, 8, 8, 8, 8, 8, 8, 5, 5, 5, 5, 5, 5, 2, 2, 4, 4, 9, 9, 9, 9, 9, 9, 4, 4, 9, 9, 9, 9, 9, 9, 4, 4, 8, 8, 8, 8, 8, 8, 4, 4, 2, 2, 5, 5]
[5, 5, 5, 5, 5, 5, 5, 5, 5, 5, 5, 5, 5, 5, 5, 5, 5, 5, 5, 5, 5, 5, 5, 5, 5, 5, 5, 5, 5, 5, 5, 5, 2, 2, 4, 4, 4, 4, 4, 4, 4, 4, 4, 4, 4, 4, 4, 4, 4, 4, 4, 4, 4, 4, 4, 4, 4, 4, 4, 4, 2, 2, 5, 5]
[5, 5, 5, 5, 5, 5, 5, 5, 5, 5, 5, 5, 5, 5, 5, 5, 5, 5, 5, 5, 5, 5, 5, 5, 5, 5, 5, 5, 5, 5, 5, 5, 2, 2, 4, 4, 4, 4, 4, 4, 4, 4, 4, 4, 4, 4, 4, 4, 4, 4, 4, 4, 4, 4, 4, 4, 4, 4, 4, 4, 2, 2, 5, 5]
[5, 5, 5, 5, 5, 5, 5, 5, 5, 5, 5, 5, 5, 5, 5, 5, 5, 5, 5, 5, 5, 5, 5, 5, 5, 5, 5, 5, 5, 5, 5, 5, 2, 2, 2, 2, 2, 2, 4, 4, 4, 4, 4, 4, 4, 4, 4, 4, 4, 4, 4, 4, 4, 4, 4, 4, 2, 2, 2, 2, 2, 2, 5, 5]
[5, 5, 5, 5, 5, 5, 5, 5, 5, 5, 5, 5, 5, 5, 5, 5, 5, 5, 5, 5, 5, 5, 5, 5, 5, 5, 5, 5, 5, 5, 5, 5, 2, 2, 2, 2, 2, 2, 4, 4, 4, 4, 4, 4, 4, 4, 4, 4, 4, 4, 4, 4, 4, 4, 4, 4, 2, 2, 2, 2, 2, 2, 5, 5]
[5, 5, 5, 5, 5, 5, 5, 5, 5, 5, 5, 5, 5, 5, 5, 5, 5, 5, 5, 5, 5, 5, 5, 5, 5, 5, 5, 5, 5, 5, 5, 5, 5, 5, 5, 5, 5, 5, 5, 5, 5, 5, 5, 5, 5, 5, 5, 5, 5, 5, 5, 5, 5, 5, 5, 5, 5, 5, 5, 5, 5, 5, 5, 5]
[12, 12, 12, 12, 12, 12, 12, 12, 12, 12, 12, 12, 12, 12, 12, 12, 12, 12, 12, 12, 11, 11, 11, 11, 11, 11, 11, 11, 11, 11, 11, 11, 11, 11, 11, 11, 11, 11, 11, 11, 11, 11, 11, 11, 11, 11, 11, 11, 11, 11, 11, 11, 11, 11, 11, 11, 11, 11, 11, 11, 11, 11, 11, 11]
</grid_0>
",,0.0,False
23,ACTION6 x=38 y=38,manual,"State: NOT_FINISHED
Levels completed: 0/6
Action count: 23

========== Start of Direct Observation ==========
<grid_0>
[5, 5, 5, 5, 5, 5, 5, 5, 5, 5, 5, 5, 5, 5, 5, 5, 5, 5, 5, 5, 5, 5, 5, 5, 5, 5, 5, 5, 5, 5, 5, 5, 5, 5, 5, 5, 5, 5, 5, 5, 5, 5, 5, 5, 5, 5, 5, 5, 5, 5, 5, 5, 5, 5, 5, 5, 5, 5, 5, 5, 5, 5, 5, 5]
[5, 5, 5, 5, 5, 5, 5, 5, 5, 5, 5, 5, 5, 5, 5, 5, 5, 5, 5, 5, 5, 5, 5, 5, 5, 5, 5, 5, 5, 5, 5, 5, 5, 5, 5, 5, 5, 5, 5, 5, 5, 5, 5, 5, 5, 5, 5, 5, 5, 5, 5, 5, 5, 5, 5, 5, 5, 5, 5, 5, 5, 5, 5, 5]
[5, 5, 5, 5, 9, 9, 9, 9, 9, 9, 5, 5, 8, 8, 8, 8, 8, 8, 5, 5, 9, 9, 9, 9, 9, 9, 5, 5, 5, 5, 5, 5, 5, 5, 5, 5, 5, 5, 9, 9, 9, 9, 9, 9, 5, 5, 8, 8, 8, 8, 8, 8, 5, 5, 9, 9, 9, 9, 9, 9, 5, 5, 5, 5]
[5, 5, 5, 5, 9, 9, 9, 9, 9, 9, 5, 5, 8, 8, 8, 8, 8, 8, 5, 5, 9, 9, 9, 9, 9, 9, 5, 5, 5, 5, 5, 5, 5, 5, 5, 5, 5, 5, 9, 9, 9, 9, 9, 9, 5, 5, 8, 8, 8, 8, 8, 8, 5, 5, 9, 9, 9, 9, 9, 9, 5, 5, 5, 5]
[5, 5, 5, 5, 9, 9, 9, 9, 9, 9, 5, 5, 8, 8, 8, 8, 8, 8, 5, 5, 9, 9, 9, 9, 9, 9, 5, 5, 5, 5, 5, 5, 5, 5, 5, 5, 5, 5, 9, 9, 9, 9, 9, 9, 5, 5, 8, 8, 8, 8, 8, 8, 5, 5, 9, 9, 9, 9, 9, 9, 5, 5, 5, 5]
[5, 5, 5, 5, 9, 9, 9, 9, 9, 9, 5, 5, 8, 8, 8, 8, 8, 8, 5, 5, 9, 9, 9, 9, 9, 9, 5, 5, 5, 5, 5, 5, 5, 5, 5, 5, 5, 5, 9, 9, 9, 9, 9, 9, 5, 5, 8, 8, 8, 8, 8, 8, 5, 5, 9, 9, 9, 9, 9, 9, 5, 5, 5, 5]
[5, 5, 5, 5, 9, 9, 9, 9, 9, 9, 5, 5, 8, 8, 8, 8, 8, 8, 5, 5, 9, 9, 9, 9, 9, 9, 5, 5, 5, 5, 5, 5, 5, 5, 5, 5, 5, 5, 9, 9, 9, 9, 9, 9, 5, 5, 8, 8, 8, 8, 8, 8, 5, 5, 9, 9, 9, 9, 9, 9, 5, 5, 5, 5]
[5, 5, 5, 5, 9, 9, 9, 9, 9, 9, 5, 5, 8, 8, 8, 8, 8, 8, 5, 5, 9, 9, 9, 9, 9, 9, 5, 5, 5, 5, 5, 5, 5, 5, 5, 5, 5, 5, 9, 9, 9, 9, 9, 9, 5, 5, 8, 8, 8, 8, 8, 8, 5, 5, 9, 9, 9, 9, 9, 9, 5, 5, 5, 5]
[5, 5, 5, 5, 5, 5, 5, 5, 5, 5, 5, 5, 5, 5, 5, 5, 5, 5, 5, 5, 5, 5, 5, 5, 5, 5, 5, 5, 5, 5, 5, 5, 5, 5, 5, 5, 5, 5, 5, 5, 5, 5, 5, 5, 5, 5, 5, 5, 5, 5, 5, 5, 5, 5, 5, 5, 5, 5, 5, 5, 5, 5, 5, 5]
[5, 5, 5, 5, 5, 5, 5, 5, 5, 5, 5, 5, 5, 5, 5, 5, 5, 5, 5, 5, 5, 5, 5, 5, 5, 5, 5, 5, 5, 5, 5, 5, 5, 5, 5, 5, 5, 5, 5, 5, 5, 5, 5, 5, 5, 5, 5, 5, 5, 5, 5, 5, 5, 5, 5, 5, 5, 5, 5, 5, 5, 5, 5, 5]
[5, 5, 5, 5, 8, 8, 8, 8, 8, 8, 5, 5, 2, 2, 0, 0, 2, 2, 5, 5, 9, 9, 9, 9, 9, 9, 5, 5, 5, 5, 5, 5, 5, 5, 5, 5, 5, 5, 8, 8, 8, 8, 8, 8, 5, 5, 2, 2, 0, 0, 2, 2, 5, 5, 8, 8, 8, 8, 8, 8, 5, 5, 5, 5]
[5, 5, 5, 5, 8, 8, 8, 8, 8, 8, 5, 5, 2, 2, 0, 0, 2, 2, 5, 5, 9, 9, 9, 9, 9, 9, 5, 5, 5, 5, 5, 5, 5, 5, 5, 5, 5, 5, 8, 8, 8, 8, 8, 8, 5, 5, 2, 2, 0, 0, 2, 2, 5, 5, 8, 8, 8, 8, 8, 8, 5, 5, 5, 5]
[5, 5, 5, 5, 8, 8, 8, 8, 8, 8, 5, 5, 0, 0, 8, 8, 2, 2, 5, 5, 9, 9, 9, 9, 9, 9, 5, 5, 5, 5, 5, 5, 5, 5, 5, 5, 5, 5, 8, 8, 8, 8, 8, 8, 5, 5, 0, 0, 8, 8, 0, 0, 5, 5, 8, 8, 8, 8, 8, 8, 5, 5, 5, 5]
[5, 5, 5, 5, 8, 8, 8, 8, 8, 8, 5, 5, 0, 0, 8, 8, 2, 2, 5, 5, 9, 9, 9, 9, 9, 9, 5, 5, 5, 5, 5, 5, 5, 5, 5, 5, 5, 5, 8, 8, 8, 8, 8, 8, 5, 5, 0, 0, 8, 8, 0, 0, 5, 5, 8, 8, 8, 8, 8, 8, 5, 5, 5, 5]
[5, 5, 5, 5, 8, 8, 8, 8, 8, 8, 5, 5, 2, 2, 0, 0, 0, 0, 5, 5, 9, 9, 9, 9, 9, 9, 5, 5, 5, 5, 5, 5, 5, 5, 5, 5, 5, 5, 8, 8, 8, 8, 8, 8, 5, 5, 2, 2, 0, 0, 2, 2, 5, 5, 8, 8, 8, 8, 8, 8, 5, 5, 5, 5]
[5, 5, 5, 5, 8, 8, 8, 8, 8, 8, 5, 5, 2, 2, 0, 0, 0, 0, 5, 5, 9, 9, 9, 9, 9, 9, 5, 5, 5, 5, 5, 5, 5, 5, 5, 5, 5, 5, 8, 8, 8, 8, 8, 8, 5, 5, 2, 2, 0, 0, 2, 2, 5, 5, 8, 8, 8, 8, 8, 8, 5, 5, 5, 5]
[5, 5, 5, 5, 5, 5, 5, 5, 5, 5, 5, 5, 5, 5, 5, 5, 5, 5, 5, 5, 5, 5, 5, 5, 5, 5, 5, 5, 5, 5, 5, 5, 5, 5, 5, 5, 5, 5, 5, 5, 5, 5, 5, 5, 5, 5, 5, 5, 5, 5, 5, 5, 5, 5, 5, 5, 5, 5, 5, 5, 5, 5, 5, 5]
[5, 5, 5, 5, 5, 5, 5, 5, 5, 5, 5, 5, 5, 5, 5, 5, 5, 5, 5, 5, 5, 5, 5, 5, 5, 5, 5, 5, 5, 5, 5, 5, 5, 5, 5, 5, 5, 5, 5, 5, 5, 5, 5, 5, 5, 5, 5, 5, 5, 5, 5, 5, 5, 5, 5, 5, 5, 5, 5, 5, 5, 5, 5, 5]
[5, 5, 5, 5, 9, 9, 9, 9, 9, 9, 5, 5, 8, 8, 8, 8, 8, 8, 5, 5, 8, 8, 8, 8, 8, 8, 5, 5, 5, 5, 5, 5, 5, 5, 5, 5, 5, 5, 9, 9, 9, 9, 9, 9, 5, 5, 8, 8, 8, 8, 8, 8, 5, 5, 9, 9, 9, 9, 9, 9, 5, 5, 5, 5]
[5, 5, 5, 5, 9, 9, 9, 9, 9, 9, 5, 5, 8, 8, 8, 8, 8, 8, 5, 5, 8, 8, 8, 8, 8, 8, 5, 5, 5, 5, 5, 5, 5, 5, 5, 5, 5, 5, 9, 9, 9, 9, 9, 9, 5, 5, 8, 8, 8, 8, 8, 8, 5, 5, 9, 9, 9, 9, 9, 9, 5, 5, 5, 5]
[5, 5, 5, 5, 9, 9, 9, 9, 9, 9, 5, 5, 8, 8, 8, 8, 8, 8, 5, 5, 8, 8, 8, 8, 8, 8, 5, 5, 5, 5, 5, 5, 5, 5, 5, 5, 5, 5, 9, 9, 9, 9, 9, 9, 5, 5, 8, 8, 8, 8, 8, 8, 5, 5, 9, 9, 9, 9, 9, 9, 5, 5, 5, 5]
[5, 5, 5, 5, 9, 9, 9, 9, 9, 9, 5, 5, 8, 8, 8, 8, 8, 8, 5, 5, 8, 8, 8, 8, 8, 8, 5, 5, 5, 5, 5, 5, 5, 5, 5, 5, 5, 5, 9, 9, 9, 9, 9, 9, 5, 5, 8, 8, 8, 8, 8, 8, 5, 5, 9, 9, 9, 9, 9, 9, 5, 5, 5, 5]
[5, 5, 5, 5, 9, 9, 9, 9, 9, 9, 5, 5, 8, 8, 8, 8, 8, 8, 5, 5, 8, 8, 8, 8, 8, 8, 5, 5, 5, 5, 5, 5, 5, 5, 5, 5, 5, 5, 9, 9, 9, 9, 9, 9, 5, 5, 8, 8, 8, 8, 8, 8, 5, 5, 9, 9, 9, 9, 9, 9, 5, 5, 5, 5]
[5, 5, 5, 5, 9, 9, 9, 9, 9, 9, 5, 5, 8, 8, 8, 8, 8, 8, 5, 5, 8, 8, 8, 8, 8, 8, 5, 5, 5, 5, 5, 5, 5, 5, 5, 5, 5, 5, 9, 9, 9, 9, 9, 9, 5, 5, 8, 8, 8, 8, 8, 8, 5, 5, 9, 9, 9, 9, 9, 9, 5, 5, 5, 5]
[5, 5, 5, 5, 5, 5, 5, 5, 5, 5, 5, 5, 5, 5, 5, 5, 5, 5, 5, 5, 5, 5, 5, 5, 5, 5, 5, 5, 5, 5, 5, 5, 5, 5, 5, 5, 5, 5, 5, 5, 5, 5, 5, 5, 5, 5, 5, 5, 5, 5, 5, 5, 5, 5, 5, 5, 5, 5, 5, 5, 5, 5, 5, 5]
[5, 5, 5, 5, 5, 5, 5, 5, 5, 5, 5, 5, 5, 5, 5, 5, 5, 5, 5, 5, 5, 5, 5, 5, 5, 5, 5, 5, 5, 5, 5, 5, 5, 5, 5, 5, 5, 5, 5, 5, 5, 5, 5, 5, 5, 5, 5, 5, 5, 5, 5, 5, 5, 5, 5, 5, 5, 5, 5, 5, 5, 5, 5, 5]
[5, 5, 5, 5, 5, 5, 5, 5, 5, 5, 5, 5, 5, 5, 5, 5, 5, 5, 5, 5, 5, 5, 5, 5, 5, 5, 5, 5, 5, 5, 5, 5, 5, 5, 5, 5, 5, 5, 5, 5, 5, 5, 5, 5, 5, 5, 5, 5, 5, 5, 5, 5, 5, 5, 5, 5, 5, 5, 5, 5, 5, 5, 5, 5]
[5, 5, 5, 5, 5, 5, 5, 5, 5, 5, 5, 5, 5, 5, 5, 5, 5, 5, 5, 5, 5, 5, 5, 5, 5, 5, 5, 5, 5, 5, 5, 5, 5, 5, 5, 5, 5, 5, 5, 5, 5, 5, 5, 5, 5, 5, 5, 5, 5, 5, 5, 5, 5, 5, 5, 5, 5, 5, 5, 5, 5, 5, 5, 5]
[5, 5, 5, 5, 5, 5, 5, 5, 5, 5, 5, 5, 5, 5, 5, 5, 5, 5, 5, 5, 5, 5, 5, 5, 5, 5, 5, 5, 5, 5, 5, 5, 5, 5, 5, 5, 5, 5, 5, 5, 5, 5, 5, 5, 5, 5, 5, 5, 5, 5, 5, 5, 5, 5, 5, 5, 5, 5, 5, 5, 5, 5, 5, 5]
[5, 5, 5, 5, 5, 5, 5, 5, 5, 5, 5, 5, 5, 5, 5, 5, 5, 5, 5, 5, 5, 5, 5, 5, 5, 5, 5, 5, 5, 5, 5, 5, 5, 5, 5, 5, 5, 5, 5, 5, 5, 5, 5, 5, 5, 5, 5, 5, 5, 5, 5, 5, 5, 5, 5, 5, 5, 5, 5, 5, 5, 5, 5, 5]
[5, 5, 5, 5, 5, 5, 5, 5, 5, 5, 5, 5, 5, 5, 5, 5, 5, 5, 5, 5, 5, 5, 5, 5, 5, 5, 5, 5, 5, 5, 5, 5, 5, 5, 5, 5, 5, 5, 5, 5, 5, 5, 5, 5, 5, 5, 5, 5, 5, 5, 5, 5, 5, 5, 5, 5, 5, 5, 5, 5, 5, 5, 5, 5]
[5, 5, 5, 5, 5, 5, 5, 5, 5, 5, 5, 5, 5, 5, 5, 5, 5, 5, 5, 5, 5, 5, 5, 5, 5, 5, 5, 5, 5, 5, 5, 5, 5, 5, 5, 5, 5, 5, 5, 5, 5, 5, 5, 5, 5, 5, 5, 5, 5, 5, 5, 5, 5, 5, 5, 5, 5, 5, 5, 5, 5, 5, 5, 5]
[5, 5, 5, 5, 5, 5, 5, 5, 5, 5, 5, 5, 5, 5, 5, 5, 5, 5, 5, 5, 5, 5, 5, 5, 5, 5, 5, 5, 5, 5, 5, 5, 2, 2, 2, 2, 2, 2, 4, 4, 4, 4, 4, 4, 4, 4, 4, 4, 4, 4, 4, 4, 4, 4, 4, 4, 2, 2, 2, 2, 2, 2, 5, 5]
[5, 5, 5, 5, 5, 5, 5, 5, 5, 5, 5, 5, 5, 5, 5, 5, 5, 5, 5, 5, 5, 5, 5, 5, 5, 5, 5, 5, 5, 5, 5, 5, 2, 2, 2, 2, 2, 2, 4, 4, 4, 4, 4, 4, 4, 4, 4, 4, 4, 4, 4, 4, 4, 4, 4, 4, 2, 2, 2, 2, 2, 2, 5, 5]
[5, 5, 5, 5, 5, 5, 5, 5, 5, 5, 5, 5, 5, 5, 5, 5, 5, 5, 5, 5, 5, 5, 5, 5, 5, 5, 5, 5, 5, 5, 5, 5, 2, 2, 4, 4, 4, 4, 4, 4, 4, 4, 4, 4, 4, 4, 4, 4, 4, 4, 4, 4, 4, 4, 4, 4, 4, 4, 4, 4, 2, 2, 5, 5]
[5, 5, 5, 5, 5, 5, 5, 5, 5, 5, 5, 5, 5, 5, 5, 5, 5, 5, 5, 5, 5, 5, 5, 5, 5, 5, 5, 5, 5, 5, 5, 5, 2, 2, 4, 4, 4, 4, 4, 4, 4, 4, 4, 4, 4, 4, 4, 4, 4, 4, 4, 4, 4, 4, 4, 4, 4, 4, 4, 4, 2, 2, 5, 5]
[5, 5, 5, 5, 8, 8, 8, 8, 8, 8, 5, 5, 9, 9, 9, 9, 9, 9, 5, 5, 9, 9, 9, 9, 9, 9, 5, 5, 5, 5, 5, 5, 2, 2, 4, 4, 8, 8, 8, 8, 8, 8, 4, 4, 8, 8, 8, 8, 8, 8, 4, 4, 8, 8, 8, 8, 8, 8, 4, 4, 2, 2, 5, 5]
[5, 5, 5, 5, 8, 8, 8, 8, 8, 8, 5, 5, 9, 9, 9, 9, 9, 9, 5, 5, 9, 9, 9, 9, 9, 9, 5, 5, 5, 5, 5, 5, 2, 2, 4, 4, 8, 8, 8, 8, 8, 8, 4, 4, 8, 8, 8, 8, 8, 8, 4, 4, 8, 8, 8, 8, 8, 8, 4, 4, 2, 2, 5, 5]
[5, 5, 5, 5, 8, 8, 8, 8, 8, 8, 5, 5, 9, 9, 9, 9, 9, 9, 5, 5, 9, 9, 9, 9, 9, 9, 5, 5, 5, 5, 5, 5, 4, 4, 4, 4, 8, 8, 8, 8, 8, 8, 4, 4, 8, 8, 8, 8, 8, 8, 4, 4, 8, 8, 8, 8, 8, 8, 4, 4, 4, 4, 5, 5]
[5, 5, 5, 5, 8, 8, 8, 8, 8, 8, 5, 5, 9, 9, 9, 9, 9, 9, 5, 5, 9, 9, 9, 9, 9, 9, 5, 5, 5, 5, 5, 5, 4, 4, 4, 4, 8, 8, 8, 8, 8, 8, 4, 4, 8, 8, 8, 8, 8, 8, 4, 4, 8, 8, 8, 8, 8, 8, 4, 4, 4, 4, 5, 5]
[5, 5, 5, 5, 8, 8, 8, 8, 8, 8, 5, 5, 9, 9, 9, 9, 9, 9, 5, 5, 9, 9, 9, 9, 9, 9, 5, 5, 5, 5, 5, 5, 4, 4, 4, 4, 8, 8, 8, 8, 8, 8, 4, 4, 8, 8, 8, 8, 8, 8, 4, 4, 8, 8, 8, 8, 8, 8, 4, 4, 4, 4, 5, 5]
[5, 5, 5, 5, 8, 8, 8, 8, 8, 8, 5, 5, 9, 9, 9, 9, 9, 9, 5, 5, 9, 9, 9, 9, 9, 9, 5, 5, 5, 5, 5, 5, 4, 4, 4, 4, 8, 8, 8, 8, 8, 8, 4, 4, 8, 8, 8, 8, 8, 8, 4, 4, 8, 8, 8, 8, 8, 8, 4, 4, 4, 4, 5, 5]
[5, 5, 5, 5, 5, 5, 5, 5, 5, 5, 5, 5, 5, 5, 5, 5, 5, 5, 5, 5, 5, 5, 5, 5, 5, 5, 5, 5, 5, 5, 5, 5, 4, 4, 4, 4, 4, 4, 4, 4, 4, 4, 4, 4, 4, 4, 4, 4, 4, 4, 4, 4, 4, 4, 4, 4, 4, 4, 4, 4, 4, 4, 5, 5]
[5, 5, 5, 5, 5, 5, 5, 5, 5, 5, 5, 5, 5, 5, 5, 5, 5, 5, 5, 5, 5, 5, 5, 5, 5, 5, 5, 5, 5, 5, 5, 5, 4, 4, 4, 4, 4, 4, 4, 4, 4, 4, 4, 4, 4, 4, 4, 4, 4, 4, 4, 4, 4, 4, 4, 4, 4, 4, 4, 4, 4, 4, 5, 5]
[5, 5, 5, 5, 8, 8, 8, 8, 8, 8, 5, 5, 0, 0, 2, 2, 2, 2, 5, 5, 8, 8, 8, 8, 8, 8, 5, 5, 5, 5, 5, 5, 4, 4, 4, 4, 8, 8, 8, 8, 8, 8, 4, 4, 0, 0, 2, 2, 2, 2, 4, 4, 8, 8, 8, 8, 8, 8, 4, 4, 4, 4, 5, 5]
[5, 5, 5, 5, 8, 8, 8, 8, 8, 8, 5, 5, 0, 0, 2, 2, 2, 2, 5, 5, 8, 8, 8, 8, 8, 8, 5, 5, 5, 5, 5, 5, 4, 4, 4, 4, 8, 8, 8, 8, 8, 8, 4, 4, 0, 0, 2, 2, 2, 2, 4, 4, 8, 8, 8, 8, 8, 8, 4, 4, 4, 4, 5, 5]
[5, 5, 5, 5, 8, 8, 8, 8, 8, 8, 5, 5, 0, 0, 8, 8, 0, 0, 5, 5, 8, 8, 8, 8, 8, 8, 5, 5, 5, 5, 5, 5, 4, 4, 4, 4, 8, 8, 8, 8, 8, 8, 4, 4, 0, 0, 8, 8, 0, 0, 4, 4, 8, 8, 8, 8, 8, 8, 4, 4, 4, 4, 5, 5]
[5, 5, 5, 5, 8, 8, 8, 8, 8, 8, 5, 5, 0, 0, 8, 8, 0, 0, 5, 5, 8, 8, 8, 8, 8, 8, 5, 5, 5, 5, 5, 5, 4, 4, 4, 4, 8, 8, 8, 8, 8, 8, 4, 4, 0, 0, 8, 8, 0, 0, 4, 4, 8, 8, 8, 8, 8, 8, 4, 4, 4, 4, 5, 5]
[5, 5, 5, 5, 8, 8, 8, 8, 8, 8, 5, 5, 2, 2, 2, 2, 0, 0, 5, 5, 8, 8, 8, 8, 8, 8, 5, 5, 5, 5, 5, 5, 4, 4, 4, 4, 8, 8, 8, 8, 8, 8, 4, 4, 0, 0, 2, 2, 2, 2, 4, 4, 8, 8, 8, 8, 8, 8, 4, 4, 4, 4, 5, 5]
[5, 5, 5, 5, 8, 8, 8, 8, 8, 8, 5, 5, 2, 2, 2, 2, 0, 0, 5, 5, 8, 8, 8, 8, 8, 8, 5, 5, 5, 5, 5, 5, 4, 4, 4, 4, 8, 8, 8, 8, 8, 8, 4, 4, 0, 0, 2, 2, 2, 2, 4, 4, 8, 8, 8, 8, 8, 8, 4, 4, 4, 4, 5, 5]
[5, 5, 5, 5, 5, 5, 5, 5, 5, 5, 5, 5, 5, 5, 5, 5, 5, 5, 5, 5, 5, 5, 5, 5, 5, 5, 5, 5, 5, 5, 5, 5, 4, 4, 4, 4, 4, 4, 4, 4, 4, 4, 4, 4, 4, 4, 4, 4, 4, 4, 4, 4, 4, 4, 4, 4, 4, 4, 4, 4, 4, 4, 5, 5]
[5, 5, 5, 5, 5, 5, 5, 5, 5, 5, 5, 5, 5, 5, 5, 5, 5, 5, 5, 5, 5, 5, 5, 5, 5, 5, 5, 5, 5, 5, 5, 5, 4, 4, 4, 4, 4, 4, 4, 4, 4, 4, 4, 4, 4, 4, 4, 4, 4, 4, 4, 4, 4, 4, 4, 4, 4, 4, 4, 4, 4, 4, 5, 5]
[5, 5, 5, 5, 9, 9, 9, 9, 9, 9, 5, 5, 9, 9, 9, 9, 9, 9, 5, 5, 8, 8, 8, 8, 8, 8, 5, 5, 5, 5, 5, 5, 4, 4, 4, 4, 9, 9, 9, 9, 9, 9, 4, 4, 8, 8, 8, 8, 8, 8, 4, 4, 8, 8, 8, 8, 8, 8, 4, 4, 4, 4, 5, 5]
[5, 5, 5, 5, 9, 9, 9, 9, 9, 9, 5, 5, 9, 9, 9, 9, 9, 9, 5, 5, 8, 8, 8, 8, 8, 8, 5, 5, 5, 5, 5, 5, 4, 4, 4, 4, 9, 9, 9, 9, 9, 9, 4, 4, 8, 8, 8, 8, 8, 8, 4, 4, 8, 8, 8, 8, 8, 8, 4, 4, 4, 4, 5, 5]
[5, 5, 5, 5, 9, 9, 9, 9, 9, 9, 5, 5, 9, 9, 9, 9, 9, 9, 5, 5, 8, 8, 8, 8, 8, 8, 5, 5, 5, 5, 5, 5, 4, 4, 4, 4, 9, 9, 9, 9, 9, 9, 4, 4, 8, 8, 8, 8, 8, 8, 4, 4, 8, 8, 8, 8, 8, 8, 4, 4, 4, 4, 5, 5]
[5, 5, 5, 5, 9, 9, 9, 9, 9, 9, 5, 5, 9, 9, 9, 9, 9, 9, 5, 5, 8, 8, 8, 8, 8, 8, 5, 5, 5, 5, 5, 5, 4, 4, 4, 4, 9, 9, 9, 9, 9, 9, 4, 4, 8, 8, 8, 8, 8, 8, 4, 4, 8, 8, 8, 8, 8, 8, 4, 4, 4, 4, 5, 5]
[5, 5, 5, 5, 9, 9, 9, 9, 9, 9, 5, 5, 9, 9, 9, 9, 9, 9, 5, 5, 8, 8, 8, 8, 8, 8, 5, 5, 5, 5, 5, 5, 2, 2, 4, 4, 9, 9, 9, 9, 9, 9, 4, 4, 8, 8, 8, 8, 8, 8, 4, 4, 8, 8, 8, 8, 8, 8, 4, 4, 2, 2, 5, 5]
[5, 5, 5, 5, 9, 9, 9, 9, 9, 9, 5, 5, 9, 9, 9, 9, 9, 9, 5, 5, 8, 8, 8, 8, 8, 8, 5, 5, 5, 5, 5, 5, 2, 2, 4, 4, 9, 9, 9, 9, 9, 9, 4, 4, 8, 8, 8, 8, 8, 8, 4, 4, 8, 8, 8, 8, 8, 8, 4, 4, 2, 2, 5, 5]
[5, 5, 5, 5, 5, 5, 5, 5, 5, 5, 5, 5, 5, 5, 5, 5, 5, 5, 5, 5, 5, 5, 5, 5, 5, 5, 5, 5, 5, 5, 5, 5, 2, 2, 4, 4, 4, 4, 4, 4, 4, 4, 4, 4, 4, 4, 4, 4, 4, 4, 4, 4, 4, 4, 4, 4, 4, 4, 4, 4, 2, 2, 5, 5]
[5, 5, 5, 5, 5, 5, 5, 5, 5, 5, 5, 5, 5, 5, 5, 5, 5, 5, 5, 5, 5, 5, 5, 5, 5, 5, 5, 5, 5, 5, 5, 5, 2, 2, 4, 4, 4, 4, 4, 4, 4, 4, 4, 4, 4, 4, 4, 4, 4, 4, 4, 4, 4, 4, 4, 4, 4, 4, 4, 4, 2, 2, 5, 5]
[5, 5, 5, 5, 5, 5, 5, 5, 5, 5, 5, 5, 5, 5, 5, 5, 5, 5, 5, 5, 5, 5, 5, 5, 5, 5, 5, 5, 5, 5, 5, 5, 2, 2, 2, 2, 2, 2, 4, 4, 4, 4, 4, 4, 4, 4, 4, 4, 4, 4, 4, 4, 4, 4, 4, 4, 2, 2, 2, 2, 2, 2, 5, 5]
[5, 5, 5, 5, 5, 5, 5, 5, 5, 5, 5, 5, 5, 5, 5, 5, 5, 5, 5, 5, 5, 5, 5, 5, 5, 5, 5, 5, 5, 5, 5, 5, 2, 2, 2, 2, 2, 2, 4, 4, 4, 4, 4, 4, 4, 4, 4, 4, 4, 4, 4, 4, 4, 4, 4, 4, 2, 2, 2, 2, 2, 2, 5, 5]
[5, 5, 5, 5, 5, 5, 5, 5, 5, 5, 5, 5, 5, 5, 5, 5, 5, 5, 5, 5, 5, 5, 5, 5, 5, 5, 5, 5, 5, 5, 5, 5, 5, 5, 5, 5, 5, 5, 5, 5, 5, 5, 5, 5, 5, 5, 5, 5, 5, 5, 5, 5, 5, 5, 5, 5, 5, 5, 5, 5, 5, 5, 5, 5]
[12, 12, 12, 12, 12, 12, 12, 12, 12, 12, 12, 12, 12, 12, 12, 12, 12, 12, 11, 11, 11, 11, 11, 11, 11, 11, 11, 11, 11, 11, 11, 11, 11, 11, 11, 11, 11, 11, 11, 11, 11, 11, 11, 11, 11, 11, 11, 11, 11, 11, 11, 11, 11, 11, 11, 11, 11, 11, 11, 11, 11, 11, 11, 11]
</grid_0>
",,0.0,False
24,ACTION6 x=56 y=38,manual,"State: NOT_FINISHED
Levels completed: 0/6
Action count: 24

========== Start of Direct Observation ==========
<grid_0>
[5, 5, 5, 5, 5, 5, 5, 5, 5, 5, 5, 5, 5, 5, 5, 5, 5, 5, 5, 5, 5, 5, 5, 5, 5, 5, 5, 5, 5, 5, 5, 5, 5, 5, 5, 5, 5, 5, 5, 5, 5, 5, 5, 5, 5, 5, 5, 5, 5, 5, 5, 5, 5, 5, 5, 5, 5, 5, 5, 5, 5, 5, 5, 5]
[5, 5, 5, 5, 5, 5, 5, 5, 5, 5, 5, 5, 5, 5, 5, 5, 5, 5, 5, 5, 5, 5, 5, 5, 5, 5, 5, 5, 5, 5, 5, 5, 5, 5, 5, 5, 5, 5, 5, 5, 5, 5, 5, 5, 5, 5, 5, 5, 5, 5, 5, 5, 5, 5, 5, 5, 5, 5, 5, 5, 5, 5, 5, 5]
[5, 5, 5, 5, 9, 9, 9, 9, 9, 9, 5, 5, 8, 8, 8, 8, 8, 8, 5, 5, 9, 9, 9, 9, 9, 9, 5, 5, 5, 5, 5, 5, 5, 5, 5, 5, 5, 5, 9, 9, 9, 9, 9, 9, 5, 5, 8, 8, 8, 8, 8, 8, 5, 5, 9, 9, 9, 9, 9, 9, 5, 5, 5, 5]
[5, 5, 5, 5, 9, 9, 9, 9, 9, 9, 5, 5, 8, 8, 8, 8, 8, 8, 5, 5, 9, 9, 9, 9, 9, 9, 5, 5, 5, 5, 5, 5, 5, 5, 5, 5, 5, 5, 9, 9, 9, 9, 9, 9, 5, 5, 8, 8, 8, 8, 8, 8, 5, 5, 9, 9, 9, 9, 9, 9, 5, 5, 5, 5]
[5, 5, 5, 5, 9, 9, 9, 9, 9, 9, 5, 5, 8, 8, 8, 8, 8, 8, 5, 5, 9, 9, 9, 9, 9, 9, 5, 5, 5, 5, 5, 5, 5, 5, 5, 5, 5, 5, 9, 9, 9, 9, 9, 9, 5, 5, 8, 8, 8, 8, 8, 8, 5, 5, 9, 9, 9, 9, 9, 9, 5, 5, 5, 5]
[5, 5, 5, 5, 9, 9, 9, 9, 9, 9, 5, 5, 8, 8, 8, 8, 8, 8, 5, 5, 9, 9, 9, 9, 9, 9, 5, 5, 5, 5, 5, 5, 5, 5, 5, 5, 5, 5, 9, 9, 9, 9, 9, 9, 5, 5, 8, 8, 8, 8, 8, 8, 5, 5, 9, 9, 9, 9, 9, 9, 5, 5, 5, 5]
[5, 5, 5, 5, 9, 9, 9, 9, 9, 9, 5, 5, 8, 8, 8, 8, 8, 8, 5, 5, 9, 9, 9, 9, 9, 9, 5, 5, 5, 5, 5, 5, 5, 5, 5, 5, 5, 5, 9, 9, 9, 9, 9, 9, 5, 5, 8, 8, 8, 8, 8, 8, 5, 5, 9, 9, 9, 9, 9, 9, 5, 5, 5, 5]
[5, 5, 5, 5, 9, 9, 9, 9, 9, 9, 5, 5, 8, 8, 8, 8, 8, 8, 5, 5, 9, 9, 9, 9, 9, 9, 5, 5, 5, 5, 5, 5, 5, 5, 5, 5, 5, 5, 9, 9, 9, 9, 9, 9, 5, 5, 8, 8, 8, 8, 8, 8, 5, 5, 9, 9, 9, 9, 9, 9, 5, 5, 5, 5]
[5, 5, 5, 5, 5, 5, 5, 5, 5, 5, 5, 5, 5, 5, 5, 5, 5, 5, 5, 5, 5, 5, 5, 5, 5, 5, 5, 5, 5, 5, 5, 5, 5, 5, 5, 5, 5, 5, 5, 5, 5, 5, 5, 5, 5, 5, 5, 5, 5, 5, 5, 5, 5, 5, 5, 5, 5, 5, 5, 5, 5, 5, 5, 5]
[5, 5, 5, 5, 5, 5, 5, 5, 5, 5, 5, 5, 5, 5, 5, 5, 5, 5, 5, 5, 5, 5, 5, 5, 5, 5, 5, 5, 5, 5, 5, 5, 5, 5, 5, 5, 5, 5, 5, 5, 5, 5, 5, 5, 5, 5, 5, 5, 5, 5, 5, 5, 5, 5, 5, 5, 5, 5, 5, 5, 5, 5, 5, 5]
[5, 5, 5, 5, 8, 8, 8, 8, 8, 8, 5, 5, 2, 2, 0, 0, 2, 2, 5, 5, 9, 9, 9, 9, 9, 9, 5, 5, 5, 5, 5, 5, 5, 5, 5, 5, 5, 5, 8, 8, 8, 8, 8, 8, 5, 5, 2, 2, 0, 0, 2, 2, 5, 5, 8, 8, 8, 8, 8, 8, 5, 5, 5, 5]
[5, 5, 5, 5, 8, 8, 8, 8, 8, 8, 5, 5, 2, 2, 0, 0, 2, 2, 5, 5, 9, 9, 9, 9, 9, 9, 5, 5, 5, 5, 5, 5, 5, 5, 5, 5, 5, 5, 8, 8, 8, 8, 8, 8, 5, 5, 2, 2, 0, 0, 2, 2, 5, 5, 8, 8, 8, 8, 8, 8, 5, 5, 5, 5]
[5, 5, 5, 5, 8, 8, 8, 8, 8, 8, 5, 5, 0, 0, 8, 8, 2, 2, 5, 5, 9, 9, 9, 9, 9, 9, 5, 5, 5, 5, 5, 5, 5, 5, 5, 5, 5, 5, 8, 8, 8, 8, 8, 8, 5, 5, 0, 0, 8, 8, 0, 0, 5, 5, 8, 8, 8, 8, 8, 8, 5, 5, 5, 5]
[5, 5, 5, 5, 8, 8, 8, 8, 8, 8, 5, 5, 0, 0, 8, 8, 2, 2, 5, 5, 9, 9, 9, 9, 9, 9, 5, 5, 5, 5, 5, 5, 5, 5, 5, 5, 5, 5, 8, 8, 8, 8, 8, 8, 5, 5, 0, 0, 8, 8, 0, 0, 5, 5, 8, 8, 8, 8, 8, 8, 5, 5, 5, 5]
[5, 5, 5, 5, 8, 8, 8, 8, 8, 8, 5, 5, 2, 2, 0, 0, 0, 0, 5, 5, 9, 9, 9, 9, 9, 9, 5, 5, 5, 5, 5, 5, 5, 5, 5, 5, 5, 5, 8, 8, 8, 8, 8, 8, 5, 5, 2, 2, 0, 0, 2, 2, 5, 5, 8, 8, 8, 8, 8, 8, 5, 5, 5, 5]
[5, 5, 5, 5, 8, 8, 8, 8, 8, 8, 5, 5, 2, 2, 0, 0, 0, 0, 5, 5, 9, 9, 9, 9, 9, 9, 5, 5, 5, 5, 5, 5, 5, 5, 5, 5, 5, 5, 8, 8, 8, 8, 8, 8, 5, 5, 2, 2, 0, 0, 2, 2, 5, 5, 8, 8, 8, 8, 8, 8, 5, 5, 5, 5]
[5, 5, 5, 5, 5, 5, 5, 5, 5, 5, 5, 5, 5, 5, 5, 5, 5, 5, 5, 5, 5, 5, 5, 5, 5, 5, 5, 5, 5, 5, 5, 5, 5, 5, 5, 5, 5, 5, 5, 5, 5, 5, 5, 5, 5, 5, 5, 5, 5, 5, 5, 5, 5, 5, 5, 5, 5, 5, 5, 5, 5, 5, 5, 5]
[5, 5, 5, 5, 5, 5, 5, 5, 5, 5, 5, 5, 5, 5, 5, 5, 5, 5, 5, 5, 5, 5, 5, 5, 5, 5, 5, 5, 5, 5, 5, 5, 5, 5, 5, 5, 5, 5, 5, 5, 5, 5, 5, 5, 5, 5, 5, 5, 5, 5, 5, 5, 5, 5, 5, 5, 5, 5, 5, 5, 5, 5, 5, 5]
[5, 5, 5, 5, 9, 9, 9, 9, 9, 9, 5, 5, 8, 8, 8, 8, 8, 8, 5, 5, 8, 8, 8, 8, 8, 8, 5, 5, 5, 5, 5, 5, 5, 5, 5, 5, 5, 5, 9, 9, 9, 9, 9, 9, 5, 5, 8, 8, 8, 8, 8, 8, 5, 5, 9, 9, 9, 9, 9, 9, 5, 5, 5, 5]
[5, 5, 5, 5, 9, 9, 9, 9, 9, 9, 5, 5, 8, 8, 8, 8, 8, 8, 5, 5, 8, 8, 8, 8, 8, 8, 5, 5, 5, 5, 5, 5, 5, 5, 5, 5, 5, 5, 9, 9, 9, 9, 9, 9, 5, 5, 8, 8, 8, 8, 8, 8, 5, 5, 9, 9, 9, 9, 9, 9, 5, 5, 5, 5]
[5, 5, 5, 5, 9, 9, 9, 9, 9, 9, 5, 5, 8, 8, 8, 8, 8, 8, 5, 5, 8, 8, 8, 8, 8, 8, 5, 5, 5, 5, 5, 5, 5, 5, 5, 5, 5, 5, 9, 9, 9, 9, 9, 9, 5, 5, 8, 8, 8, 8, 8, 8, 5, 5, 9, 9, 9, 9, 9, 9, 5, 5, 5, 5]
[5, 5, 5, 5, 9, 9, 9, 9, 9, 9, 5, 5, 8, 8, 8, 8, 8, 8, 5, 5, 8, 8, 8, 8, 8, 8, 5, 5, 5, 5, 5, 5, 5, 5, 5, 5, 5, 5, 9, 9, 9, 9, 9, 9, 5, 5, 8, 8, 8, 8, 8, 8, 5, 5, 9, 9, 9, 9, 9, 9, 5, 5, 5, 5]
[5, 5, 5, 5, 9, 9, 9, 9, 9, 9, 5, 5, 8, 8, 8, 8, 8, 8, 5, 5, 8, 8, 8, 8, 8, 8, 5, 5, 5, 5, 5, 5, 5, 5, 5, 5, 5, 5, 9, 9, 9, 9, 9, 9, 5, 5, 8, 8, 8, 8, 8, 8, 5, 5, 9, 9, 9, 9, 9, 9, 5, 5, 5, 5]
[5, 5, 5, 5, 9, 9, 9, 9, 9, 9, 5, 5, 8, 8, 8, 8, 8, 8, 5, 5, 8, 8, 8, 8, 8, 8, 5, 5, 5, 5, 5, 5, 5, 5, 5, 5, 5, 5, 9, 9, 9, 9, 9, 9, 5, 5, 8, 8, 8, 8, 8, 8, 5, 5, 9, 9, 9, 9, 9, 9, 5, 5, 5, 5]
[5, 5, 5, 5, 5, 5, 5, 5, 5, 5, 5, 5, 5, 5, 5, 5, 5, 5, 5, 5, 5, 5, 5, 5, 5, 5, 5, 5, 5, 5, 5, 5, 5, 5, 5, 5, 5, 5, 5, 5, 5, 5, 5, 5, 5, 5, 5, 5, 5, 5, 5, 5, 5, 5, 5, 5, 5, 5, 5, 5, 5, 5, 5, 5]
[5, 5, 5, 5, 5, 5, 5, 5, 5, 5, 5, 5, 5, 5, 5, 5, 5, 5, 5, 5, 5, 5, 5, 5, 5, 5, 5, 5, 5, 5, 5, 5, 5, 5, 5, 5, 5, 5, 5, 5, 5, 5, 5, 5, 5, 5, 5, 5, 5, 5, 5, 5, 5, 5, 5, 5, 5, 5, 5, 5, 5, 5, 5, 5]
[5, 5, 5, 5, 5, 5, 5, 5, 5, 5, 5, 5, 5, 5, 5, 5, 5, 5, 5, 5, 5, 5, 5, 5, 5, 5, 5, 5, 5, 5, 5, 5, 5, 5, 5, 5, 5, 5, 5, 5, 5, 5, 5, 5, 5, 5, 5, 5, 5, 5, 5, 5, 5, 5, 5, 5, 5, 5, 5, 5, 5, 5, 5, 5]
[5, 5, 5, 5, 5, 5, 5, 5, 5, 5, 5, 5, 5, 5, 5, 5, 5, 5, 5, 5, 5, 5, 5, 5, 5, 5, 5, 5, 5, 5, 5, 5, 5, 5, 5, 5, 5, 5, 5, 5, 5, 5, 5, 5, 5, 5, 5, 5, 5, 5, 5, 5, 5, 5, 5, 5, 5, 5, 5, 5, 5, 5, 5, 5]
[5, 5, 5, 5, 5, 5, 5, 5, 5, 5, 5, 5, 5, 5, 5, 5, 5, 5, 5, 5, 5, 5, 5, 5, 5, 5, 5, 5, 5, 5, 5, 5, 5, 5, 5, 5, 5, 5, 5, 5, 5, 5, 5, 5, 5, 5, 5, 5, 5, 5, 5, 5, 5, 5, 5, 5, 5, 5, 5, 5, 5, 5, 5, 5]
[5, 5, 5, 5, 5, 5, 5, 5, 5, 5, 5, 5, 5, 5, 5, 5, 5, 5, 5, 5, 5, 5, 5, 5, 5, 5, 5, 5, 5, 5, 5, 5, 5, 5, 5, 5, 5, 5, 5, 5, 5, 5, 5, 5, 5, 5, 5, 5, 5, 5, 5, 5, 5, 5, 5, 5, 5, 5, 5, 5, 5, 5, 5, 5]
[5, 5, 5, 5, 5, 5, 5, 5, 5, 5, 5, 5, 5, 5, 5, 5, 5, 5, 5, 5, 5, 5, 5, 5, 5, 5, 5, 5, 5, 5, 5, 5, 5, 5, 5, 5, 5, 5, 5, 5, 5, 5, 5, 5, 5, 5, 5, 5, 5, 5, 5, 5, 5, 5, 5, 5, 5, 5, 5, 5, 5, 5, 5, 5]
[5, 5, 5, 5, 5, 5, 5, 5, 5, 5, 5, 5, 5, 5, 5, 5, 5, 5, 5, 5, 5, 5, 5, 5, 5, 5, 5, 5, 5, 5, 5, 5, 5, 5, 5, 5, 5, 5, 5, 5, 5, 5, 5, 5, 5, 5, 5, 5, 5, 5, 5, 5, 5, 5, 5, 5, 5, 5, 5, 5, 5, 5, 5, 5]
[5, 5, 5, 5, 5, 5, 5, 5, 5, 5, 5, 5, 5, 5, 5, 5, 5, 5, 5, 5, 5, 5, 5, 5, 5, 5, 5, 5, 5, 5, 5, 5, 2, 2, 2, 2, 2, 2, 4, 4, 4, 4, 4, 4, 4, 4, 4, 4, 4, 4, 4, 4, 4, 4, 4, 4, 2, 2, 2, 2, 2, 2, 5, 5]
[5, 5, 5, 5, 5, 5, 5, 5, 5, 5, 5, 5, 5, 5, 5, 5, 5, 5, 5, 5, 5, 5, 5, 5, 5, 5, 5, 5, 5, 5, 5, 5, 2, 2, 2, 2, 2, 2, 4, 4, 4, 4, 4, 4, 4, 4, 4, 4, 4, 4, 4, 4, 4, 4, 4, 4, 2, 2, 2, 2, 2, 2, 5, 5]
[5, 5, 5, 5, 5, 5, 5, 5, 5, 5, 5, 5, 5, 5, 5, 5, 5, 5, 5, 5, 5, 5, 5, 5, 5, 5, 5, 5, 5, 5, 5, 5, 2, 2, 4, 4, 4, 4, 4, 4, 4, 4, 4, 4, 4, 4, 4, 4, 4, 4, 4, 4, 4, 4, 4, 4, 4, 4, 4, 4, 2, 2, 5, 5]
[5, 5, 5, 5, 5, 5, 5, 5, 5, 5, 5, 5, 5, 5, 5, 5, 5, 5, 5, 5, 5, 5, 5, 5, 5, 5, 5, 5, 5, 5, 5, 5, 2, 2, 4, 4, 4, 4, 4, 4, 4, 4, 4, 4, 4, 4, 4, 4, 4, 4, 4, 4, 4, 4, 4, 4, 4, 4, 4, 4, 2, 2, 5, 5]
[5, 5, 5, 5, 8, 8, 8, 8, 8, 8, 5, 5, 9, 9, 9, 9, 9, 9, 5, 5, 9, 9, 9, 9, 9, 9, 5, 5, 5, 5, 5, 5, 2, 2, 4, 4, 9, 9, 9, 9, 9, 9, 4, 4, 8, 8, 8, 8, 8, 8, 4, 4, 8, 8, 8, 8, 8, 8, 4, 4, 2, 2, 5, 5]
[5, 5, 5, 5, 8, 8, 8, 8, 8, 8, 5, 5, 9, 9, 9, 9, 9, 9, 5, 5, 9, 9, 9, 9, 9, 9, 5, 5, 5, 5, 5, 5, 2, 2, 4, 4, 9, 9, 9, 9, 9, 9, 4, 4, 8, 8, 8, 8, 8, 8, 4, 4, 8, 8, 8, 8, 8, 8, 4, 4, 2, 2, 5, 5]
[5, 5, 5, 5, 8, 8, 8, 8, 8, 8, 5, 5, 9, 9, 9, 9, 9, 9, 5, 5, 9, 9, 9, 9, 9, 9, 5, 5, 5, 5, 5, 5, 4, 4, 4, 4, 9, 9, 9, 9, 9, 9, 4, 4, 8, 8, 8, 8, 8, 8, 4, 4, 8, 8, 8, 8, 8, 8, 4, 4, 4, 4, 5, 5]
[5, 5, 5, 5, 8, 8, 8, 8, 8, 8, 5, 5, 9, 9, 9, 9, 9, 9, 5, 5, 9, 9, 9, 9, 9, 9, 5, 5, 5, 5, 5, 5, 4, 4, 4, 4, 9, 9, 9, 9, 9, 9, 4, 4, 8, 8, 8, 8, 8, 8, 4, 4, 8, 8, 8, 8, 8, 8, 4, 4, 4, 4, 5, 5]
[5, 5, 5, 5, 8, 8, 8, 8, 8, 8, 5, 5, 9, 9, 9, 9, 9, 9, 5, 5, 9, 9, 9, 9, 9, 9, 5, 5, 5, 5, 5, 5, 4, 4, 4, 4, 9, 9, 9, 9, 9, 9, 4, 4, 8, 8, 8, 8, 8, 8, 4, 4, 8, 8, 8, 8, 8, 8, 4, 4, 4, 4, 5, 5]
[5, 5, 5, 5, 8, 8, 8, 8, 8, 8, 5, 5, 9, 9, 9, 9, 9, 9, 5, 5, 9, 9, 9, 9, 9, 9, 5, 5, 5, 5, 5, 5, 4, 4, 4, 4, 9, 9, 9, 9, 9, 9, 4, 4, 8, 8, 8, 8, 8, 8, 4, 4, 8, 8, 8, 8, 8, 8, 4, 4, 4, 4, 5, 5]
[5, 5, 5, 5, 5, 5, 5, 5, 5, 5, 5, 5, 5, 5, 5, 5, 5, 5, 5, 5, 5, 5, 5, 5, 5, 5, 5, 5, 5, 5, 5, 5, 4, 4, 4, 4, 4, 4, 4, 4, 4, 4, 4, 4, 4, 4, 4, 4, 4, 4, 4, 4, 4, 4, 4, 4, 4, 4, 4, 4, 4, 4, 5, 5]
[5, 5, 5, 5, 5, 5, 5, 5, 5, 5, 5, 5, 5, 5, 5, 5, 5, 5, 5, 5, 5, 5, 5, 5, 5, 5, 5, 5, 5, 5, 5, 5, 4, 4, 4, 4, 4, 4, 4, 4, 4, 4, 4, 4, 4, 4, 4, 4, 4, 4, 4, 4, 4, 4, 4, 4, 4, 4, 4, 4, 4, 4, 5, 5]
[5, 5, 5, 5, 8, 8, 8, 8, 8, 8, 5, 5, 0, 0, 2, 2, 2, 2, 5, 5, 8, 8, 8, 8, 8, 8, 5, 5, 5, 5, 5, 5, 4, 4, 4, 4, 8, 8, 8, 8, 8, 8, 4, 4, 0, 0, 2, 2, 2, 2, 4, 4, 8, 8, 8, 8, 8, 8, 4, 4, 4, 4, 5, 5]
[5, 5, 5, 5, 8, 8, 8, 8, 8, 8, 5, 5, 0, 0, 2, 2, 2, 2, 5, 5, 8, 8, 8, 8, 8, 8, 5, 5, 5, 5, 5, 5, 4, 4, 4, 4, 8, 8, 8, 8, 8, 8, 4, 4, 0, 0, 2, 2, 2, 2, 4, 4, 8, 8, 8, 8, 8, 8, 4, 4, 4, 4, 5, 5]
[5, 5, 5, 5, 8, 8, 8, 8, 8, 8, 5, 5, 0, 0, 8, 8, 0, 0, 5, 5, 8, 8, 8, 8, 8, 8, 5, 5, 5, 5, 5, 5, 4, 4, 4, 4, 8, 8, 8, 8, 8, 8, 4, 4, 0, 0, 8, 8, 0, 0, 4, 4, 8, 8, 8, 8, 8, 8, 4, 4, 4, 4, 5, 5]
[5, 5, 5, 5, 8, 8, 8, 8, 8, 8, 5, 5, 0, 0, 8, 8, 0, 0, 5, 5, 8, 8, 8, 8, 8, 8, 5, 5, 5, 5, 5, 5, 4, 4, 4, 4, 8, 8, 8, 8, 8, 8, 4, 4, 0, 0, 8, 8, 0, 0, 4, 4, 8, 8, 8, 8, 8, 8, 4, 4, 4, 4, 5, 5]
[5, 5, 5, 5, 8, 8, 8, 8, 8, 8, 5, 5, 2, 2, 2, 2, 0, 0, 5, 5, 8, 8, 8, 8, 8, 8, 5, 5, 5, 5, 5, 5, 4, 4, 4, 4, 8, 8, 8, 8, 8, 8, 4, 4, 0, 0, 2, 2, 2, 2, 4, 4, 8, 8, 8, 8, 8, 8, 4, 4, 4, 4, 5, 5]
[5, 5, 5, 5, 8, 8, 8, 8, 8, 8, 5, 5, 2, 2, 2, 2, 0, 0, 5, 5, 8, 8, 8, 8, 8, 8, 5, 5, 5, 5, 5, 5, 4, 4, 4, 4, 8, 8, 8, 8, 8, 8, 4, 4, 0, 0, 2, 2, 2, 2, 4, 4, 8, 8, 8, 8, 8, 8, 4, 4, 4, 4, 5, 5]
[5, 5, 5, 5, 5, 5, 5, 5, 5, 5, 5, 5, 5, 5, 5, 5, 5, 5, 5, 5, 5, 5, 5, 5, 5, 5, 5, 5, 5, 5, 5, 5, 4, 4, 4, 4, 4, 4, 4, 4, 4, 4, 4, 4, 4, 4, 4, 4, 4, 4, 4, 4, 4, 4, 4, 4, 4, 4, 4, 4, 4, 4, 5, 5]
[5, 5, 5, 5, 5, 5, 5, 5, 5, 5, 5, 5, 5, 5, 5, 5, 5, 5, 5, 5, 5, 5, 5, 5, 5, 5, 5, 5, 5, 5, 5, 5, 4, 4, 4, 4, 4, 4, 4, 4, 4, 4, 4, 4, 4, 4, 4, 4, 4, 4, 4, 4, 4, 4, 4, 4, 4, 4, 4, 4, 4, 4, 5, 5]
[5, 5, 5, 5, 9, 9, 9, 9, 9, 9, 5, 5, 9, 9, 9, 9, 9, 9, 5, 5, 8, 8, 8, 8, 8, 8, 5, 5, 5, 5, 5, 5, 4, 4, 4, 4, 9, 9, 9, 9, 9, 9, 4, 4, 8, 8, 8, 8, 8, 8, 4, 4, 8, 8, 8, 8, 8, 8, 4, 4, 4, 4, 5, 5]
[5, 5, 5, 5, 9, 9, 9, 9, 9, 9, 5, 5, 9, 9, 9, 9, 9, 9, 5, 5, 8, 8, 8, 8, 8, 8, 5, 5, 5, 5, 5, 5, 4, 4, 4, 4, 9, 9, 9, 9, 9, 9, 4, 4, 8, 8, 8, 8, 8, 8, 4, 4, 8, 8, 8, 8, 8, 8, 4, 4, 4, 4, 5, 5]
[5, 5, 5, 5, 9, 9, 9, 9, 9, 9, 5, 5, 9, 9, 9, 9, 9, 9, 5, 5, 8, 8, 8, 8, 8, 8, 5, 5, 5, 5, 5, 5, 4, 4, 4, 4, 9, 9, 9, 9, 9, 9, 4, 4, 8, 8, 8, 8, 8, 8, 4, 4, 8, 8, 8, 8, 8, 8, 4, 4, 4, 4, 5, 5]
[5, 5, 5, 5, 9, 9, 9, 9, 9, 9, 5, 5, 9, 9, 9, 9, 9, 9, 5, 5, 8, 8, 8, 8, 8, 8, 5, 5, 5, 5, 5, 5, 4, 4, 4, 4, 9, 9, 9, 9, 9, 9, 4, 4, 8, 8, 8, 8, 8, 8, 4, 4, 8, 8, 8, 8, 8, 8, 4, 4, 4, 4, 5, 5]
[5, 5, 5, 5, 9, 9, 9, 9, 9, 9, 5, 5, 9, 9, 9, 9, 9, 9, 5, 5, 8, 8, 8, 8, 8, 8, 5, 5, 5, 5, 5, 5, 2, 2, 4, 4, 9, 9, 9, 9, 9, 9, 4, 4, 8, 8, 8, 8, 8, 8, 4, 4, 8, 8, 8, 8, 8, 8, 4, 4, 2, 2, 5, 5]
[5, 5, 5, 5, 9, 9, 9, 9, 9, 9, 5, 5, 9, 9, 9, 9, 9, 9, 5, 5, 8, 8, 8, 8, 8, 8, 5, 5, 5, 5, 5, 5, 2, 2, 4, 4, 9, 9, 9, 9, 9, 9, 4, 4, 8, 8, 8, 8, 8, 8, 4, 4, 8, 8, 8, 8, 8, 8, 4, 4, 2, 2, 5, 5]
[5, 5, 5, 5, 5, 5, 5, 5, 5, 5, 5, 5, 5, 5, 5, 5, 5, 5, 5, 5, 5, 5, 5, 5, 5, 5, 5, 5, 5, 5, 5, 5, 2, 2, 4, 4, 4, 4, 4, 4, 4, 4, 4, 4, 4, 4, 4, 4, 4, 4, 4, 4, 4, 4, 4, 4, 4, 4, 4, 4, 2, 2, 5, 5]
[5, 5, 5, 5, 5, 5, 5, 5, 5, 5, 5, 5, 5, 5, 5, 5, 5, 5, 5, 5, 5, 5, 5, 5, 5, 5, 5, 5, 5, 5, 5, 5, 2, 2, 4, 4, 4, 4, 4, 4, 4, 4, 4, 4, 4, 4, 4, 4, 4, 4, 4, 4, 4, 4, 4, 4, 4, 4, 4, 4, 2, 2, 5, 5]
[5, 5, 5, 5, 5, 5, 5, 5, 5, 5, 5, 5, 5, 5, 5, 5, 5, 5, 5, 5, 5, 5, 5, 5, 5, 5, 5, 5, 5, 5, 5, 5, 2, 2, 2, 2, 2, 2, 4, 4, 4, 4, 4, 4, 4, 4, 4, 4, 4, 4, 4, 4, 4, 4, 4, 4, 2, 2, 2, 2, 2, 2, 5, 5]
[5, 5, 5, 5, 5, 5, 5, 5, 5, 5, 5, 5, 5, 5, 5, 5, 5, 5, 5, 5, 5, 5, 5, 5, 5, 5, 5, 5, 5, 5, 5, 5, 2, 2, 2, 2, 2, 2, 4, 4, 4, 4, 4, 4, 4, 4, 4, 4, 4, 4, 4, 4, 4, 4, 4, 4, 2, 2, 2, 2, 2, 2, 5, 5]
[5, 5, 5, 5, 5, 5, 5, 5, 5, 5, 5, 5, 5, 5, 5, 5, 5, 5, 5, 5, 5, 5, 5, 5, 5, 5, 5, 5, 5, 5, 5, 5, 5, 5, 5, 5, 5, 5, 5, 5, 5, 5, 5, 5, 5, 5, 5, 5, 5, 5, 5, 5, 5, 5, 5, 5, 5, 5, 5, 5, 5, 5, 5, 5]
[12, 12, 12, 12, 12, 12, 12, 12, 12, 12, 12, 12, 12, 12, 12, 12, 11, 11, 11, 11, 11, 11, 11, 11, 11, 11, 11, 11, 11, 11, 11, 11, 11, 11, 11, 11, 11, 11, 11, 11, 11, 11, 11, 11, 11, 11, 11, 11, 11, 11, 11, 11, 11, 11, 11, 11, 11, 11, 11, 11, 11, 11, 11, 11]
</grid_0>
",,0.0,False
25,ACTION6 x=38 y=46,manual,"State: NOT_FINISHED
Levels completed: 0/6
Action count: 25

========== Start of Direct Observation ==========
<grid_0>
[5, 5, 5, 5, 5, 5, 5, 5, 5, 5, 5, 5, 5, 5, 5, 5, 5, 5, 5, 5, 5, 5, 5, 5, 5, 5, 5, 5, 5, 5, 5, 5, 5, 5, 5, 5, 5, 5, 5, 5, 5, 5, 5, 5, 5, 5, 5, 5, 5, 5, 5, 5, 5, 5, 5, 5, 5, 5, 5, 5, 5, 5, 5, 5]
[5, 5, 5, 5, 5, 5, 5, 5, 5, 5, 5, 5, 5, 5, 5, 5, 5, 5, 5, 5, 5, 5, 5, 5, 5, 5, 5, 5, 5, 5, 5, 5, 5, 5, 5, 5, 5, 5, 5, 5, 5, 5, 5, 5, 5, 5, 5, 5, 5, 5, 5, 5, 5, 5, 5, 5, 5, 5, 5, 5, 5, 5, 5, 5]
[5, 5, 5, 5, 9, 9, 9, 9, 9, 9, 5, 5, 8, 8, 8, 8, 8, 8, 5, 5, 9, 9, 9, 9, 9, 9, 5, 5, 5, 5, 5, 5, 5, 5, 5, 5, 5, 5, 9, 9, 9, 9, 9, 9, 5, 5, 8, 8, 8, 8, 8, 8, 5, 5, 9, 9, 9, 9, 9, 9, 5, 5, 5, 5]
[5, 5, 5, 5, 9, 9, 9, 9, 9, 9, 5, 5, 8, 8, 8, 8, 8, 8, 5, 5, 9, 9, 9, 9, 9, 9, 5, 5, 5, 5, 5, 5, 5, 5, 5, 5, 5, 5, 9, 9, 9, 9, 9, 9, 5, 5, 8, 8, 8, 8, 8, 8, 5, 5, 9, 9, 9, 9, 9, 9, 5, 5, 5, 5]
[5, 5, 5, 5, 9, 9, 9, 9, 9, 9, 5, 5, 8, 8, 8, 8, 8, 8, 5, 5, 9, 9, 9, 9, 9, 9, 5, 5, 5, 5, 5, 5, 5, 5, 5, 5, 5, 5, 9, 9, 9, 9, 9, 9, 5, 5, 8, 8, 8, 8, 8, 8, 5, 5, 9, 9, 9, 9, 9, 9, 5, 5, 5, 5]
[5, 5, 5, 5, 9, 9, 9, 9, 9, 9, 5, 5, 8, 8, 8, 8, 8, 8, 5, 5, 9, 9, 9, 9, 9, 9, 5, 5, 5, 5, 5, 5, 5, 5, 5, 5, 5, 5, 9, 9, 9, 9, 9, 9, 5, 5, 8, 8, 8, 8, 8, 8, 5, 5, 9, 9, 9, 9, 9, 9, 5, 5, 5, 5]
[5, 5, 5, 5, 9, 9, 9, 9, 9, 9, 5, 5, 8, 8, 8, 8, 8, 8, 5, 5, 9, 9, 9, 9, 9, 9, 5, 5, 5, 5, 5, 5, 5, 5, 5, 5, 5, 5, 9, 9, 9, 9, 9, 9, 5, 5, 8, 8, 8, 8, 8, 8, 5, 5, 9, 9, 9, 9, 9, 9, 5, 5, 5, 5]
[5, 5, 5, 5, 9, 9, 9, 9, 9, 9, 5, 5, 8, 8, 8, 8, 8, 8, 5, 5, 9, 9, 9, 9, 9, 9, 5, 5, 5, 5, 5, 5, 5, 5, 5, 5, 5, 5, 9, 9, 9, 9, 9, 9, 5, 5, 8, 8, 8, 8, 8, 8, 5, 5, 9, 9, 9, 9, 9, 9, 5, 5, 5, 5]
[5, 5, 5, 5, 5, 5, 5, 5, 5, 5, 5, 5, 5, 5, 5, 5, 5, 5, 5, 5, 5, 5, 5, 5, 5, 5, 5, 5, 5, 5, 5, 5, 5, 5, 5, 5, 5, 5, 5, 5, 5, 5, 5, 5, 5, 5, 5, 5, 5, 5, 5, 5, 5, 5, 5, 5, 5, 5, 5, 5, 5, 5, 5, 5]
[5, 5, 5, 5, 5, 5, 5, 5, 5, 5, 5, 5, 5, 5, 5, 5, 5, 5, 5, 5, 5, 5, 5, 5, 5, 5, 5, 5, 5, 5, 5, 5, 5, 5, 5, 5, 5, 5, 5, 5, 5, 5, 5, 5, 5, 5, 5, 5, 5, 5, 5, 5, 5, 5, 5, 5, 5, 5, 5, 5, 5, 5, 5, 5]
[5, 5, 5, 5, 8, 8, 8, 8, 8, 8, 5, 5, 2, 2, 0, 0, 2, 2, 5, 5, 9, 9, 9, 9, 9, 9, 5, 5, 5, 5, 5, 5, 5, 5, 5, 5, 5, 5, 8, 8, 8, 8, 8, 8, 5, 5, 2, 2, 0, 0, 2, 2, 5, 5, 8, 8, 8, 8, 8, 8, 5, 5, 5, 5]
[5, 5, 5, 5, 8, 8, 8, 8, 8, 8, 5, 5, 2, 2, 0, 0, 2, 2, 5, 5, 9, 9, 9, 9, 9, 9, 5, 5, 5, 5, 5, 5, 5, 5, 5, 5, 5, 5, 8, 8, 8, 8, 8, 8, 5, 5, 2, 2, 0, 0, 2, 2, 5, 5, 8, 8, 8, 8, 8, 8, 5, 5, 5, 5]
[5, 5, 5, 5, 8, 8, 8, 8, 8, 8, 5, 5, 0, 0, 8, 8, 2, 2, 5, 5, 9, 9, 9, 9, 9, 9, 5, 5, 5, 5, 5, 5, 5, 5, 5, 5, 5, 5, 8, 8, 8, 8, 8, 8, 5, 5, 0, 0, 8, 8, 0, 0, 5, 5, 8, 8, 8, 8, 8, 8, 5, 5, 5, 5]
[5, 5, 5, 5, 8, 8, 8, 8, 8, 8, 5, 5, 0, 0, 8, 8, 2, 2, 5, 5, 9, 9, 9, 9, 9, 9, 5, 5, 5, 5, 5, 5, 5, 5, 5, 5, 5, 5, 8, 8, 8, 8, 8, 8, 5, 5, 0, 0, 8, 8, 0, 0, 5, 5, 8, 8, 8, 8, 8, 8, 5, 5, 5, 5]
[5, 5, 5, 5, 8, 8, 8, 8, 8, 8, 5, 5, 2, 2, 0, 0, 0, 0, 5, 5, 9, 9, 9, 9, 9, 9, 5, 5, 5, 5, 5, 5, 5, 5, 5, 5, 5, 5, 8, 8, 8, 8, 8, 8, 5, 5, 2, 2, 0, 0, 2, 2, 5, 5, 8, 8, 8, 8, 8, 8, 5, 5, 5, 5]
[5, 5, 5, 5, 8, 8, 8, 8, 8, 8, 5, 5, 2, 2, 0, 0, 0, 0, 5, 5, 9, 9, 9, 9, 9, 9, 5, 5, 5, 5, 5, 5, 5, 5, 5, 5, 5, 5, 8, 8, 8, 8, 8, 8, 5, 5, 2, 2, 0, 0, 2, 2, 5, 5, 8, 8, 8, 8, 8, 8, 5, 5, 5, 5]
[5, 5, 5, 5, 5, 5, 5, 5, 5, 5, 5, 5, 5, 5, 5, 5, 5, 5, 5, 5, 5, 5, 5, 5, 5, 5, 5, 5, 5, 5, 5, 5, 5, 5, 5, 5, 5, 5, 5, 5, 5, 5, 5, 5, 5, 5, 5, 5, 5, 5, 5, 5, 5, 5, 5, 5, 5, 5, 5, 5, 5, 5, 5, 5]
[5, 5, 5, 5, 5, 5, 5, 5, 5, 5, 5, 5, 5, 5, 5, 5, 5, 5, 5, 5, 5, 5, 5, 5, 5, 5, 5, 5, 5, 5, 5, 5, 5, 5, 5, 5, 5, 5, 5, 5, 5, 5, 5, 5, 5, 5, 5, 5, 5, 5, 5, 5, 5, 5, 5, 5, 5, 5, 5, 5, 5, 5, 5, 5]
[5, 5, 5, 5, 9, 9, 9, 9, 9, 9, 5, 5, 8, 8, 8, 8, 8, 8, 5, 5, 8, 8, 8, 8, 8, 8, 5, 5, 5, 5, 5, 5, 5, 5, 5, 5, 5, 5, 9, 9, 9, 9, 9, 9, 5, 5, 8, 8, 8, 8, 8, 8, 5, 5, 9, 9, 9, 9, 9, 9, 5, 5, 5, 5]
[5, 5, 5, 5, 9, 9, 9, 9, 9, 9, 5, 5, 8, 8, 8, 8, 8, 8, 5, 5, 8, 8, 8, 8, 8, 8, 5, 5, 5, 5, 5, 5, 5, 5, 5, 5, 5, 5, 9, 9, 9, 9, 9, 9, 5, 5, 8, 8, 8, 8, 8, 8, 5, 5, 9, 9, 9, 9, 9, 9, 5, 5, 5, 5]
[5, 5, 5, 5, 9, 9, 9, 9, 9, 9, 5, 5, 8, 8, 8, 8, 8, 8, 5, 5, 8, 8, 8, 8, 8, 8, 5, 5, 5, 5, 5, 5, 5, 5, 5, 5, 5, 5, 9, 9, 9, 9, 9, 9, 5, 5, 8, 8, 8, 8, 8, 8, 5, 5, 9, 9, 9, 9, 9, 9, 5, 5, 5, 5]
[5, 5, 5, 5, 9, 9, 9, 9, 9, 9, 5, 5, 8, 8, 8, 8, 8, 8, 5, 5, 8, 8, 8, 8, 8, 8, 5, 5, 5, 5, 5, 5, 5, 5, 5, 5, 5, 5, 9, 9, 9, 9, 9, 9, 5, 5, 8, 8, 8, 8, 8, 8, 5, 5, 9, 9, 9, 9, 9, 9, 5, 5, 5, 5]
[5, 5, 5, 5, 9, 9, 9, 9, 9, 9, 5, 5, 8, 8, 8, 8, 8, 8, 5, 5, 8, 8, 8, 8, 8, 8, 5, 5, 5, 5, 5, 5, 5, 5, 5, 5, 5, 5, 9, 9, 9, 9, 9, 9, 5, 5, 8, 8, 8, 8, 8, 8, 5, 5, 9, 9, 9, 9, 9, 9, 5, 5, 5, 5]
[5, 5, 5, 5, 9, 9, 9, 9, 9, 9, 5, 5, 8, 8, 8, 8, 8, 8, 5, 5, 8, 8, 8, 8, 8, 8, 5, 5, 5, 5, 5, 5, 5, 5, 5, 5, 5, 5, 9, 9, 9, 9, 9, 9, 5, 5, 8, 8, 8, 8, 8, 8, 5, 5, 9, 9, 9, 9, 9, 9, 5, 5, 5, 5]
[5, 5, 5, 5, 5, 5, 5, 5, 5, 5, 5, 5, 5, 5, 5, 5, 5, 5, 5, 5, 5, 5, 5, 5, 5, 5, 5, 5, 5, 5, 5, 5, 5, 5, 5, 5, 5, 5, 5, 5, 5, 5, 5, 5, 5, 5, 5, 5, 5, 5, 5, 5, 5, 5, 5, 5, 5, 5, 5, 5, 5, 5, 5, 5]
[5, 5, 5, 5, 5, 5, 5, 5, 5, 5, 5, 5, 5, 5, 5, 5, 5, 5, 5, 5, 5, 5, 5, 5, 5, 5, 5, 5, 5, 5, 5, 5, 5, 5, 5, 5, 5, 5, 5, 5, 5, 5, 5, 5, 5, 5, 5, 5, 5, 5, 5, 5, 5, 5, 5, 5, 5, 5, 5, 5, 5, 5, 5, 5]
[5, 5, 5, 5, 5, 5, 5, 5, 5, 5, 5, 5, 5, 5, 5, 5, 5, 5, 5, 5, 5, 5, 5, 5, 5, 5, 5, 5, 5, 5, 5, 5, 5, 5, 5, 5, 5, 5, 5, 5, 5, 5, 5, 5, 5, 5, 5, 5, 5, 5, 5, 5, 5, 5, 5, 5, 5, 5, 5, 5, 5, 5, 5, 5]
[5, 5, 5, 5, 5, 5, 5, 5, 5, 5, 5, 5, 5, 5, 5, 5, 5, 5, 5, 5, 5, 5, 5, 5, 5, 5, 5, 5, 5, 5, 5, 5, 5, 5, 5, 5, 5, 5, 5, 5, 5, 5, 5, 5, 5, 5, 5, 5, 5, 5, 5, 5, 5, 5, 5, 5, 5, 5, 5, 5, 5, 5, 5, 5]
[5, 5, 5, 5, 5, 5, 5, 5, 5, 5, 5, 5, 5, 5, 5, 5, 5, 5, 5, 5, 5, 5, 5, 5, 5, 5, 5, 5, 5, 5, 5, 5, 5, 5, 5, 5, 5, 5, 5, 5, 5, 5, 5, 5, 5, 5, 5, 5, 5, 5, 5, 5, 5, 5, 5, 5, 5, 5, 5, 5, 5, 5, 5, 5]
[5, 5, 5, 5, 5, 5, 5, 5, 5, 5, 5, 5, 5, 5, 5, 5, 5, 5, 5, 5, 5, 5, 5, 5, 5, 5, 5, 5, 5, 5, 5, 5, 5, 5, 5, 5, 5, 5, 5, 5, 5, 5, 5, 5, 5, 5, 5, 5, 5, 5, 5, 5, 5, 5, 5, 5, 5, 5, 5, 5, 5, 5, 5, 5]
[5, 5, 5, 5, 5, 5, 5, 5, 5, 5, 5, 5, 5, 5, 5, 5, 5, 5, 5, 5, 5, 5, 5, 5, 5, 5, 5, 5, 5, 5, 5, 5, 5, 5, 5, 5, 5, 5, 5, 5, 5, 5, 5, 5, 5, 5, 5, 5, 5, 5, 5, 5, 5, 5, 5, 5, 5, 5, 5, 5, 5, 5, 5, 5]
[5, 5, 5, 5, 5, 5, 5, 5, 5, 5, 5, 5, 5, 5, 5, 5, 5, 5, 5, 5, 5, 5, 5, 5, 5, 5, 5, 5, 5, 5, 5, 5, 5, 5, 5, 5, 5, 5, 5, 5, 5, 5, 5, 5, 5, 5, 5, 5, 5, 5, 5, 5, 5, 5, 5, 5, 5, 5, 5, 5, 5, 5, 5, 5]
[5, 5, 5, 5, 5, 5, 5, 5, 5, 5, 5, 5, 5, 5, 5, 5, 5, 5, 5, 5, 5, 5, 5, 5, 5, 5, 5, 5, 5, 5, 5, 5, 2, 2, 2, 2, 2, 2, 4, 4, 4, 4, 4, 4, 4, 4, 4, 4, 4, 4, 4, 4, 4, 4, 4, 4, 2, 2, 2, 2, 2, 2, 5, 5]
[5, 5, 5, 5, 5, 5, 5, 5, 5, 5, 5, 5, 5, 5, 5, 5, 5, 5, 5, 5, 5, 5, 5, 5, 5, 5, 5, 5, 5, 5, 5, 5, 2, 2, 2, 2, 2, 2, 4, 4, 4, 4, 4, 4, 4, 4, 4, 4, 4, 4, 4, 4, 4, 4, 4, 4, 2, 2, 2, 2, 2, 2, 5, 5]
[5, 5, 5, 5, 5, 5, 5, 5, 5, 5, 5, 5, 5, 5, 5, 5, 5, 5, 5, 5, 5, 5, 5, 5, 5, 5, 5, 5, 5, 5, 5, 5, 2, 2, 4, 4, 4, 4, 4, 4, 4, 4, 4, 4, 4, 4, 4, 4, 4, 4, 4, 4, 4, 4, 4, 4, 4, 4, 4, 4, 2, 2, 5, 5]
[5, 5, 5, 5, 5, 5, 5, 5, 5, 5, 5, 5, 5, 5, 5, 5, 5, 5, 5, 5, 5, 5, 5, 5, 5, 5, 5, 5, 5, 5, 5, 5, 2, 2, 4, 4, 4, 4, 4, 4, 4, 4, 4, 4, 4, 4, 4, 4, 4, 4, 4, 4, 4, 4, 4, 4, 4, 4, 4, 4, 2, 2, 5, 5]
[5, 5, 5, 5, 8, 8, 8, 8, 8, 8, 5, 5, 9, 9, 9, 9, 9, 9, 5, 5, 9, 9, 9, 9, 9, 9, 5, 5, 5, 5, 5, 5, 2, 2, 4, 4, 9, 9, 9, 9, 9, 9, 4, 4, 8, 8, 8, 8, 8, 8, 4, 4, 9, 9, 9, 9, 9, 9, 4, 4, 2, 2, 5, 5]
[5, 5, 5, 5, 8, 8, 8, 8, 8, 8, 5, 5, 9, 9, 9, 9, 9, 9, 5, 5, 9, 9, 9, 9, 9, 9, 5, 5, 5, 5, 5, 5, 2, 2, 4, 4, 9, 9, 9, 9, 9, 9, 4, 4, 8, 8, 8, 8, 8, 8, 4, 4, 9, 9, 9, 9, 9, 9, 4, 4, 2, 2, 5, 5]
[5, 5, 5, 5, 8, 8, 8, 8, 8, 8, 5, 5, 9, 9, 9, 9, 9, 9, 5, 5, 9, 9, 9, 9, 9, 9, 5, 5, 5, 5, 5, 5, 4, 4, 4, 4, 9, 9, 9, 9, 9, 9, 4, 4, 8, 8, 8, 8, 8, 8, 4, 4, 9, 9, 9, 9, 9, 9, 4, 4, 4, 4, 5, 5]
[5, 5, 5, 5, 8, 8, 8, 8, 8, 8, 5, 5, 9, 9, 9, 9, 9, 9, 5, 5, 9, 9, 9, 9, 9, 9, 5, 5, 5, 5, 5, 5, 4, 4, 4, 4, 9, 9, 9, 9, 9, 9, 4, 4, 8, 8, 8, 8, 8, 8, 4, 4, 9, 9, 9, 9, 9, 9, 4, 4, 4, 4, 5, 5]
[5, 5, 5, 5, 8, 8, 8, 8, 8, 8, 5, 5, 9, 9, 9, 9, 9, 9, 5, 5, 9, 9, 9, 9, 9, 9, 5, 5, 5, 5, 5, 5, 4, 4, 4, 4, 9, 9, 9, 9, 9, 9, 4, 4, 8, 8, 8, 8, 8, 8, 4, 4, 9, 9, 9, 9, 9, 9, 4, 4, 4, 4, 5, 5]
[5, 5, 5, 5, 8, 8, 8, 8, 8, 8, 5, 5, 9, 9, 9, 9, 9, 9, 5, 5, 9, 9, 9, 9, 9, 9, 5, 5, 5, 5, 5, 5, 4, 4, 4, 4, 9, 9, 9, 9, 9, 9, 4, 4, 8, 8, 8, 8, 8, 8, 4, 4, 9, 9, 9, 9, 9, 9, 4, 4, 4, 4, 5, 5]
[5, 5, 5, 5, 5, 5, 5, 5, 5, 5, 5, 5, 5, 5, 5, 5, 5, 5, 5, 5, 5, 5, 5, 5, 5, 5, 5, 5, 5, 5, 5, 5, 4, 4, 4, 4, 4, 4, 4, 4, 4, 4, 4, 4, 4, 4, 4, 4, 4, 4, 4, 4, 4, 4, 4, 4, 4, 4, 4, 4, 4, 4, 5, 5]
[5, 5, 5, 5, 5, 5, 5, 5, 5, 5, 5, 5, 5, 5, 5, 5, 5, 5, 5, 5, 5, 5, 5, 5, 5, 5, 5, 5, 5, 5, 5, 5, 4, 4, 4, 4, 4, 4, 4, 4, 4, 4, 4, 4, 4, 4, 4, 4, 4, 4, 4, 4, 4, 4, 4, 4, 4, 4, 4, 4, 4, 4, 5, 5]
[5, 5, 5, 5, 8, 8, 8, 8, 8, 8, 5, 5, 0, 0, 2, 2, 2, 2, 5, 5, 8, 8, 8, 8, 8, 8, 5, 5, 5, 5, 5, 5, 4, 4, 4, 4, 8, 8, 8, 8, 8, 8, 4, 4, 0, 0, 2, 2, 2, 2, 4, 4, 8, 8, 8, 8, 8, 8, 4, 4, 4, 4, 5, 5]
[5, 5, 5, 5, 8, 8, 8, 8, 8, 8, 5, 5, 0, 0, 2, 2, 2, 2, 5, 5, 8, 8, 8, 8, 8, 8, 5, 5, 5, 5, 5, 5, 4, 4, 4, 4, 8, 8, 8, 8, 8, 8, 4, 4, 0, 0, 2, 2, 2, 2, 4, 4, 8, 8, 8, 8, 8, 8, 4, 4, 4, 4, 5, 5]
[5, 5, 5, 5, 8, 8, 8, 8, 8, 8, 5, 5, 0, 0, 8, 8, 0, 0, 5, 5, 8, 8, 8, 8, 8, 8, 5, 5, 5, 5, 5, 5, 4, 4, 4, 4, 8, 8, 8, 8, 8, 8, 4, 4, 0, 0, 8, 8, 0, 0, 4, 4, 8, 8, 8, 8, 8, 8, 4, 4, 4, 4, 5, 5]
[5, 5, 5, 5, 8, 8, 8, 8, 8, 8, 5, 5, 0, 0, 8, 8, 0, 0, 5, 5, 8, 8, 8, 8, 8, 8, 5, 5, 5, 5, 5, 5, 4, 4, 4, 4, 8, 8, 8, 8, 8, 8, 4, 4, 0, 0, 8, 8, 0, 0, 4, 4, 8, 8, 8, 8, 8, 8, 4, 4, 4, 4, 5, 5]
[5, 5, 5, 5, 8, 8, 8, 8, 8, 8, 5, 5, 2, 2, 2, 2, 0, 0, 5, 5, 8, 8, 8, 8, 8, 8, 5, 5, 5, 5, 5, 5, 4, 4, 4, 4, 8, 8, 8, 8, 8, 8, 4, 4, 0, 0, 2, 2, 2, 2, 4, 4, 8, 8, 8, 8, 8, 8, 4, 4, 4, 4, 5, 5]
[5, 5, 5, 5, 8, 8, 8, 8, 8, 8, 5, 5, 2, 2, 2, 2, 0, 0, 5, 5, 8, 8, 8, 8, 8, 8, 5, 5, 5, 5, 5, 5, 4, 4, 4, 4, 8, 8, 8, 8, 8, 8, 4, 4, 0, 0, 2, 2, 2, 2, 4, 4, 8, 8, 8, 8, 8, 8, 4, 4, 4, 4, 5, 5]
[5, 5, 5, 5, 5, 5, 5, 5, 5, 5, 5, 5, 5, 5, 5, 5, 5, 5, 5, 5, 5, 5, 5, 5, 5, 5, 5, 5, 5, 5, 5, 5, 4, 4, 4, 4, 4, 4, 4, 4, 4, 4, 4, 4, 4, 4, 4, 4, 4, 4, 4, 4, 4, 4, 4, 4, 4, 4, 4, 4, 4, 4, 5, 5]
[5, 5, 5, 5, 5, 5, 5, 5, 5, 5, 5, 5, 5, 5, 5, 5, 5, 5, 5, 5, 5, 5, 5, 5, 5, 5, 5, 5, 5, 5, 5, 5, 4, 4, 4, 4, 4, 4, 4, 4, 4, 4, 4, 4, 4, 4, 4, 4, 4, 4, 4, 4, 4, 4, 4, 4, 4, 4, 4, 4, 4, 4, 5, 5]
[5, 5, 5, 5, 9, 9, 9, 9, 9, 9, 5, 5, 9, 9, 9, 9, 9, 9, 5, 5, 8, 8, 8, 8, 8, 8, 5, 5, 5, 5, 5, 5, 4, 4, 4, 4, 9, 9, 9, 9, 9, 9, 4, 4, 8, 8, 8, 8, 8, 8, 4, 4, 8, 8, 8, 8, 8, 8, 4, 4, 4, 4, 5, 5]
[5, 5, 5, 5, 9, 9, 9, 9, 9, 9, 5, 5, 9, 9, 9, 9, 9, 9, 5, 5, 8, 8, 8, 8, 8, 8, 5, 5, 5, 5, 5, 5, 4, 4, 4, 4, 9, 9, 9, 9, 9, 9, 4, 4, 8, 8, 8, 8, 8, 8, 4, 4, 8, 8, 8, 8, 8, 8, 4, 4, 4, 4, 5, 5]
[5, 5, 5, 5, 9, 9, 9, 9, 9, 9, 5, 5, 9, 9, 9, 9, 9, 9, 5, 5, 8, 8, 8, 8, 8, 8, 5, 5, 5, 5, 5, 5, 4, 4, 4, 4, 9, 9, 9, 9, 9, 9, 4, 4, 8, 8, 8, 8, 8, 8, 4, 4, 8, 8, 8, 8, 8, 8, 4, 4, 4, 4, 5, 5]
[5, 5, 5, 5, 9, 9, 9, 9, 9, 9, 5, 5, 9, 9, 9, 9, 9, 9, 5, 5, 8, 8, 8, 8, 8, 8, 5, 5, 5, 5, 5, 5, 4, 4, 4, 4, 9, 9, 9, 9, 9, 9, 4, 4, 8, 8, 8, 8, 8, 8, 4, 4, 8, 8, 8, 8, 8, 8, 4, 4, 4, 4, 5, 5]
[5, 5, 5, 5, 9, 9, 9, 9, 9, 9, 5, 5, 9, 9, 9, 9, 9, 9, 5, 5, 8, 8, 8, 8, 8, 8, 5, 5, 5, 5, 5, 5, 2, 2, 4, 4, 9, 9, 9, 9, 9, 9, 4, 4, 8, 8, 8, 8, 8, 8, 4, 4, 8, 8, 8, 8, 8, 8, 4, 4, 2, 2, 5, 5]
[5, 5, 5, 5, 9, 9, 9, 9, 9, 9, 5, 5, 9, 9, 9, 9, 9, 9, 5, 5, 8, 8, 8, 8, 8, 8, 5, 5, 5, 5, 5, 5, 2, 2, 4, 4, 9, 9, 9, 9, 9, 9, 4, 4, 8, 8, 8, 8, 8, 8, 4, 4, 8, 8, 8, 8, 8, 8, 4, 4, 2, 2, 5, 5]
[5, 5, 5, 5, 5, 5, 5, 5, 5, 5, 5, 5, 5, 5, 5, 5, 5, 5, 5, 5, 5, 5, 5, 5, 5, 5, 5, 5, 5, 5, 5, 5, 2, 2, 4, 4, 4, 4, 4, 4, 4, 4, 4, 4, 4, 4, 4, 4, 4, 4, 4, 4, 4, 4, 4, 4, 4, 4, 4, 4, 2, 2, 5, 5]
[5, 5, 5, 5, 5, 5, 5, 5, 5, 5, 5, 5, 5, 5, 5, 5, 5, 5, 5, 5, 5, 5, 5, 5, 5, 5, 5, 5, 5, 5, 5, 5, 2, 2, 4, 4, 4, 4, 4, 4, 4, 4, 4, 4, 4, 4, 4, 4, 4, 4, 4, 4, 4, 4, 4, 4, 4, 4, 4, 4, 2, 2, 5, 5]
[5, 5, 5, 5, 5, 5, 5, 5, 5, 5, 5, 5, 5, 5, 5, 5, 5, 5, 5, 5, 5, 5, 5, 5, 5, 5, 5, 5, 5, 5, 5, 5, 2, 2, 2, 2, 2, 2, 4, 4, 4, 4, 4, 4, 4, 4, 4, 4, 4, 4, 4, 4, 4, 4, 4, 4, 2, 2, 2, 2, 2, 2, 5, 5]
[5, 5, 5, 5, 5, 5, 5, 5, 5, 5, 5, 5, 5, 5, 5, 5, 5, 5, 5, 5, 5, 5, 5, 5, 5, 5, 5, 5, 5, 5, 5, 5, 2, 2, 2, 2, 2, 2, 4, 4, 4, 4, 4, 4, 4, 4, 4, 4, 4, 4, 4, 4, 4, 4, 4, 4, 2, 2, 2, 2, 2, 2, 5, 5]
[5, 5, 5, 5, 5, 5, 5, 5, 5, 5, 5, 5, 5, 5, 5, 5, 5, 5, 5, 5, 5, 5, 5, 5, 5, 5, 5, 5, 5, 5, 5, 5, 5, 5, 5, 5, 5, 5, 5, 5, 5, 5, 5, 5, 5, 5, 5, 5, 5, 5, 5, 5, 5, 5, 5, 5, 5, 5, 5, 5, 5, 5, 5, 5]
[12, 12, 12, 12, 12, 12, 12, 12, 12, 12, 12, 12, 12, 12, 11, 11, 11, 11, 11, 11, 11, 11, 11, 11, 11, 11, 11, 11, 11, 11, 11, 11, 11, 11, 11, 11, 11, 11, 11, 11, 11, 11, 11, 11, 11, 11, 11, 11, 11, 11, 11, 11, 11, 11, 11, 11, 11, 11, 11, 11, 11, 11, 11, 11]
</grid_0>
",,0.0,False
26,ACTION6 x=38 y=54,manual,"State: NOT_FINISHED
Levels completed: 0/6
Action count: 26

========== Start of Direct Observation ==========
<grid_0>
[5, 5, 5, 5, 5, 5, 5, 5, 5, 5, 5, 5, 5, 5, 5, 5, 5, 5, 5, 5, 5, 5, 5, 5, 5, 5, 5, 5, 5, 5, 5, 5, 5, 5, 5, 5, 5, 5, 5, 5, 5, 5, 5, 5, 5, 5, 5, 5, 5, 5, 5, 5, 5, 5, 5, 5, 5, 5, 5, 5, 5, 5, 5, 5]
[5, 5, 5, 5, 5, 5, 5, 5, 5, 5, 5, 5, 5, 5, 5, 5, 5, 5, 5, 5, 5, 5, 5, 5, 5, 5, 5, 5, 5, 5, 5, 5, 5, 5, 5, 5, 5, 5, 5, 5, 5, 5, 5, 5, 5, 5, 5, 5, 5, 5, 5, 5, 5, 5, 5, 5, 5, 5, 5, 5, 5, 5, 5, 5]
[5, 5, 5, 5, 9, 9, 9, 9, 9, 9, 5, 5, 8, 8, 8, 8, 8, 8, 5, 5, 9, 9, 9, 9, 9, 9, 5, 5, 5, 5, 5, 5, 5, 5, 5, 5, 5, 5, 9, 9, 9, 9, 9, 9, 5, 5, 8, 8, 8, 8, 8, 8, 5, 5, 9, 9, 9, 9, 9, 9, 5, 5, 5, 5]
[5, 5, 5, 5, 9, 9, 9, 9, 9, 9, 5, 5, 8, 8, 8, 8, 8, 8, 5, 5, 9, 9, 9, 9, 9, 9, 5, 5, 5, 5, 5, 5, 5, 5, 5, 5, 5, 5, 9, 9, 9, 9, 9, 9, 5, 5, 8, 8, 8, 8, 8, 8, 5, 5, 9, 9, 9, 9, 9, 9, 5, 5, 5, 5]
[5, 5, 5, 5, 9, 9, 9, 9, 9, 9, 5, 5, 8, 8, 8, 8, 8, 8, 5, 5, 9, 9, 9, 9, 9, 9, 5, 5, 5, 5, 5, 5, 5, 5, 5, 5, 5, 5, 9, 9, 9, 9, 9, 9, 5, 5, 8, 8, 8, 8, 8, 8, 5, 5, 9, 9, 9, 9, 9, 9, 5, 5, 5, 5]
[5, 5, 5, 5, 9, 9, 9, 9, 9, 9, 5, 5, 8, 8, 8, 8, 8, 8, 5, 5, 9, 9, 9, 9, 9, 9, 5, 5, 5, 5, 5, 5, 5, 5, 5, 5, 5, 5, 9, 9, 9, 9, 9, 9, 5, 5, 8, 8, 8, 8, 8, 8, 5, 5, 9, 9, 9, 9, 9, 9, 5, 5, 5, 5]
[5, 5, 5, 5, 9, 9, 9, 9, 9, 9, 5, 5, 8, 8, 8, 8, 8, 8, 5, 5, 9, 9, 9, 9, 9, 9, 5, 5, 5, 5, 5, 5, 5, 5, 5, 5, 5, 5, 9, 9, 9, 9, 9, 9, 5, 5, 8, 8, 8, 8, 8, 8, 5, 5, 9, 9, 9, 9, 9, 9, 5, 5, 5, 5]
[5, 5, 5, 5, 9, 9, 9, 9, 9, 9, 5, 5, 8, 8, 8, 8, 8, 8, 5, 5, 9, 9, 9, 9, 9, 9, 5, 5, 5, 5, 5, 5, 5, 5, 5, 5, 5, 5, 9, 9, 9, 9, 9, 9, 5, 5, 8, 8, 8, 8, 8, 8, 5, 5, 9, 9, 9, 9, 9, 9, 5, 5, 5, 5]
[5, 5, 5, 5, 5, 5, 5, 5, 5, 5, 5, 5, 5, 5, 5, 5, 5, 5, 5, 5, 5, 5, 5, 5, 5, 5, 5, 5, 5, 5, 5, 5, 5, 5, 5, 5, 5, 5, 5, 5, 5, 5, 5, 5, 5, 5, 5, 5, 5, 5, 5, 5, 5, 5, 5, 5, 5, 5, 5, 5, 5, 5, 5, 5]
[5, 5, 5, 5, 5, 5, 5, 5, 5, 5, 5, 5, 5, 5, 5, 5, 5, 5, 5, 5, 5, 5, 5, 5, 5, 5, 5, 5, 5, 5, 5, 5, 5, 5, 5, 5, 5, 5, 5, 5, 5, 5, 5, 5, 5, 5, 5, 5, 5, 5, 5, 5, 5, 5, 5, 5, 5, 5, 5, 5, 5, 5, 5, 5]
[5, 5, 5, 5, 8, 8, 8, 8, 8, 8, 5, 5, 2, 2, 0, 0, 2, 2, 5, 5, 9, 9, 9, 9, 9, 9, 5, 5, 5, 5, 5, 5, 5, 5, 5, 5, 5, 5, 8, 8, 8, 8, 8, 8, 5, 5, 2, 2, 0, 0, 2, 2, 5, 5, 8, 8, 8, 8, 8, 8, 5, 5, 5, 5]
[5, 5, 5, 5, 8, 8, 8, 8, 8, 8, 5, 5, 2, 2, 0, 0, 2, 2, 5, 5, 9, 9, 9, 9, 9, 9, 5, 5, 5, 5, 5, 5, 5, 5, 5, 5, 5, 5, 8, 8, 8, 8, 8, 8, 5, 5, 2, 2, 0, 0, 2, 2, 5, 5, 8, 8, 8, 8, 8, 8, 5, 5, 5, 5]
[5, 5, 5, 5, 8, 8, 8, 8, 8, 8, 5, 5, 0, 0, 8, 8, 2, 2, 5, 5, 9, 9, 9, 9, 9, 9, 5, 5, 5, 5, 5, 5, 5, 5, 5, 5, 5, 5, 8, 8, 8, 8, 8, 8, 5, 5, 0, 0, 8, 8, 0, 0, 5, 5, 8, 8, 8, 8, 8, 8, 5, 5, 5, 5]
[5, 5, 5, 5, 8, 8, 8, 8, 8, 8, 5, 5, 0, 0, 8, 8, 2, 2, 5, 5, 9, 9, 9, 9, 9, 9, 5, 5, 5, 5, 5, 5, 5, 5, 5, 5, 5, 5, 8, 8, 8, 8, 8, 8, 5, 5, 0, 0, 8, 8, 0, 0, 5, 5, 8, 8, 8, 8, 8, 8, 5, 5, 5, 5]
[5, 5, 5, 5, 8, 8, 8, 8, 8, 8, 5, 5, 2, 2, 0, 0, 0, 0, 5, 5, 9, 9, 9, 9, 9, 9, 5, 5, 5, 5, 5, 5, 5, 5, 5, 5, 5, 5, 8, 8, 8, 8, 8, 8, 5, 5, 2, 2, 0, 0, 2, 2, 5, 5, 8, 8, 8, 8, 8, 8, 5, 5, 5, 5]
[5, 5, 5, 5, 8, 8, 8, 8, 8, 8, 5, 5, 2, 2, 0, 0, 0, 0, 5, 5, 9, 9, 9, 9, 9, 9, 5, 5, 5, 5, 5, 5, 5, 5, 5, 5, 5, 5, 8, 8, 8, 8, 8, 8, 5, 5, 2, 2, 0, 0, 2, 2, 5, 5, 8, 8, 8, 8, 8, 8, 5, 5, 5, 5]
[5, 5, 5, 5, 5, 5, 5, 5, 5, 5, 5, 5, 5, 5, 5, 5, 5, 5, 5, 5, 5, 5, 5, 5, 5, 5, 5, 5, 5, 5, 5, 5, 5, 5, 5, 5, 5, 5, 5, 5, 5, 5, 5, 5, 5, 5, 5, 5, 5, 5, 5, 5, 5, 5, 5, 5, 5, 5, 5, 5, 5, 5, 5, 5]
[5, 5, 5, 5, 5, 5, 5, 5, 5, 5, 5, 5, 5, 5, 5, 5, 5, 5, 5, 5, 5, 5, 5, 5, 5, 5, 5, 5, 5, 5, 5, 5, 5, 5, 5, 5, 5, 5, 5, 5, 5, 5, 5, 5, 5, 5, 5, 5, 5, 5, 5, 5, 5, 5, 5, 5, 5, 5, 5, 5, 5, 5, 5, 5]
[5, 5, 5, 5, 9, 9, 9, 9, 9, 9, 5, 5, 8, 8, 8, 8, 8, 8, 5, 5, 8, 8, 8, 8, 8, 8, 5, 5, 5, 5, 5, 5, 5, 5, 5, 5, 5, 5, 9, 9, 9, 9, 9, 9, 5, 5, 8, 8, 8, 8, 8, 8, 5, 5, 9, 9, 9, 9, 9, 9, 5, 5, 5, 5]
[5, 5, 5, 5, 9, 9, 9, 9, 9, 9, 5, 5, 8, 8, 8, 8, 8, 8, 5, 5, 8, 8, 8, 8, 8, 8, 5, 5, 5, 5, 5, 5, 5, 5, 5, 5, 5, 5, 9, 9, 9, 9, 9, 9, 5, 5, 8, 8, 8, 8, 8, 8, 5, 5, 9, 9, 9, 9, 9, 9, 5, 5, 5, 5]
[5, 5, 5, 5, 9, 9, 9, 9, 9, 9, 5, 5, 8, 8, 8, 8, 8, 8, 5, 5, 8, 8, 8, 8, 8, 8, 5, 5, 5, 5, 5, 5, 5, 5, 5, 5, 5, 5, 9, 9, 9, 9, 9, 9, 5, 5, 8, 8, 8, 8, 8, 8, 5, 5, 9, 9, 9, 9, 9, 9, 5, 5, 5, 5]
[5, 5, 5, 5, 9, 9, 9, 9, 9, 9, 5, 5, 8, 8, 8, 8, 8, 8, 5, 5, 8, 8, 8, 8, 8, 8, 5, 5, 5, 5, 5, 5, 5, 5, 5, 5, 5, 5, 9, 9, 9, 9, 9, 9, 5, 5, 8, 8, 8, 8, 8, 8, 5, 5, 9, 9, 9, 9, 9, 9, 5, 5, 5, 5]
[5, 5, 5, 5, 9, 9, 9, 9, 9, 9, 5, 5, 8, 8, 8, 8, 8, 8, 5, 5, 8, 8, 8, 8, 8, 8, 5, 5, 5, 5, 5, 5, 5, 5, 5, 5, 5, 5, 9, 9, 9, 9, 9, 9, 5, 5, 8, 8, 8, 8, 8, 8, 5, 5, 9, 9, 9, 9, 9, 9, 5, 5, 5, 5]
[5, 5, 5, 5, 9, 9, 9, 9, 9, 9, 5, 5, 8, 8, 8, 8, 8, 8, 5, 5, 8, 8, 8, 8, 8, 8, 5, 5, 5, 5, 5, 5, 5, 5, 5, 5, 5, 5, 9, 9, 9, 9, 9, 9, 5, 5, 8, 8, 8, 8, 8, 8, 5, 5, 9, 9, 9, 9, 9, 9, 5, 5, 5, 5]
[5, 5, 5, 5, 5, 5, 5, 5, 5, 5, 5, 5, 5, 5, 5, 5, 5, 5, 5, 5, 5, 5, 5, 5, 5, 5, 5, 5, 5, 5, 5, 5, 5, 5, 5, 5, 5, 5, 5, 5, 5, 5, 5, 5, 5, 5, 5, 5, 5, 5, 5, 5, 5, 5, 5, 5, 5, 5, 5, 5, 5, 5, 5, 5]
[5, 5, 5, 5, 5, 5, 5, 5, 5, 5, 5, 5, 5, 5, 5, 5, 5, 5, 5, 5, 5, 5, 5, 5, 5, 5, 5, 5, 5, 5, 5, 5, 5, 5, 5, 5, 5, 5, 5, 5, 5, 5, 5, 5, 5, 5, 5, 5, 5, 5, 5, 5, 5, 5, 5, 5, 5, 5, 5, 5, 5, 5, 5, 5]
[5, 5, 5, 5, 5, 5, 5, 5, 5, 5, 5, 5, 5, 5, 5, 5, 5, 5, 5, 5, 5, 5, 5, 5, 5, 5, 5, 5, 5, 5, 5, 5, 5, 5, 5, 5, 5, 5, 5, 5, 5, 5, 5, 5, 5, 5, 5, 5, 5, 5, 5, 5, 5, 5, 5, 5, 5, 5, 5, 5, 5, 5, 5, 5]
[5, 5, 5, 5, 5, 5, 5, 5, 5, 5, 5, 5, 5, 5, 5, 5, 5, 5, 5, 5, 5, 5, 5, 5, 5, 5, 5, 5, 5, 5, 5, 5, 5, 5, 5, 5, 5, 5, 5, 5, 5, 5, 5, 5, 5, 5, 5, 5, 5, 5, 5, 5, 5, 5, 5, 5, 5, 5, 5, 5, 5, 5, 5, 5]
[5, 5, 5, 5, 5, 5, 5, 5, 5, 5, 5, 5, 5, 5, 5, 5, 5, 5, 5, 5, 5, 5, 5, 5, 5, 5, 5, 5, 5, 5, 5, 5, 5, 5, 5, 5, 5, 5, 5, 5, 5, 5, 5, 5, 5, 5, 5, 5, 5, 5, 5, 5, 5, 5, 5, 5, 5, 5, 5, 5, 5, 5, 5, 5]
[5, 5, 5, 5, 5, 5, 5, 5, 5, 5, 5, 5, 5, 5, 5, 5, 5, 5, 5, 5, 5, 5, 5, 5, 5, 5, 5, 5, 5, 5, 5, 5, 5, 5, 5, 5, 5, 5, 5, 5, 5, 5, 5, 5, 5, 5, 5, 5, 5, 5, 5, 5, 5, 5, 5, 5, 5, 5, 5, 5, 5, 5, 5, 5]
[5, 5, 5, 5, 5, 5, 5, 5, 5, 5, 5, 5, 5, 5, 5, 5, 5, 5, 5, 5, 5, 5, 5, 5, 5, 5, 5, 5, 5, 5, 5, 5, 5, 5, 5, 5, 5, 5, 5, 5, 5, 5, 5, 5, 5, 5, 5, 5, 5, 5, 5, 5, 5, 5, 5, 5, 5, 5, 5, 5, 5, 5, 5, 5]
[5, 5, 5, 5, 5, 5, 5, 5, 5, 5, 5, 5, 5, 5, 5, 5, 5, 5, 5, 5, 5, 5, 5, 5, 5, 5, 5, 5, 5, 5, 5, 5, 5, 5, 5, 5, 5, 5, 5, 5, 5, 5, 5, 5, 5, 5, 5, 5, 5, 5, 5, 5, 5, 5, 5, 5, 5, 5, 5, 5, 5, 5, 5, 5]
[5, 5, 5, 5, 5, 5, 5, 5, 5, 5, 5, 5, 5, 5, 5, 5, 5, 5, 5, 5, 5, 5, 5, 5, 5, 5, 5, 5, 5, 5, 5, 5, 2, 2, 2, 2, 2, 2, 4, 4, 4, 4, 4, 4, 4, 4, 4, 4, 4, 4, 4, 4, 4, 4, 4, 4, 2, 2, 2, 2, 2, 2, 5, 5]
[5, 5, 5, 5, 5, 5, 5, 5, 5, 5, 5, 5, 5, 5, 5, 5, 5, 5, 5, 5, 5, 5, 5, 5, 5, 5, 5, 5, 5, 5, 5, 5, 2, 2, 2, 2, 2, 2, 4, 4, 4, 4, 4, 4, 4, 4, 4, 4, 4, 4, 4, 4, 4, 4, 4, 4, 2, 2, 2, 2, 2, 2, 5, 5]
[5, 5, 5, 5, 5, 5, 5, 5, 5, 5, 5, 5, 5, 5, 5, 5, 5, 5, 5, 5, 5, 5, 5, 5, 5, 5, 5, 5, 5, 5, 5, 5, 2, 2, 4, 4, 4, 4, 4, 4, 4, 4, 4, 4, 4, 4, 4, 4, 4, 4, 4, 4, 4, 4, 4, 4, 4, 4, 4, 4, 2, 2, 5, 5]
[5, 5, 5, 5, 5, 5, 5, 5, 5, 5, 5, 5, 5, 5, 5, 5, 5, 5, 5, 5, 5, 5, 5, 5, 5, 5, 5, 5, 5, 5, 5, 5, 2, 2, 4, 4, 4, 4, 4, 4, 4, 4, 4, 4, 4, 4, 4, 4, 4, 4, 4, 4, 4, 4, 4, 4, 4, 4, 4, 4, 2, 2, 5, 5]
[5, 5, 5, 5, 8, 8, 8, 8, 8, 8, 5, 5, 9, 9, 9, 9, 9, 9, 5, 5, 9, 9, 9, 9, 9, 9, 5, 5, 5, 5, 5, 5, 2, 2, 4, 4, 9, 9, 9, 9, 9, 9, 4, 4, 8, 8, 8, 8, 8, 8, 4, 4, 9, 9, 9, 9, 9, 9, 4, 4, 2, 2, 5, 5]
[5, 5, 5, 5, 8, 8, 8, 8, 8, 8, 5, 5, 9, 9, 9, 9, 9, 9, 5, 5, 9, 9, 9, 9, 9, 9, 5, 5, 5, 5, 5, 5, 2, 2, 4, 4, 9, 9, 9, 9, 9, 9, 4, 4, 8, 8, 8, 8, 8, 8, 4, 4, 9, 9, 9, 9, 9, 9, 4, 4, 2, 2, 5, 5]
[5, 5, 5, 5, 8, 8, 8, 8, 8, 8, 5, 5, 9, 9, 9, 9, 9, 9, 5, 5, 9, 9, 9, 9, 9, 9, 5, 5, 5, 5, 5, 5, 4, 4, 4, 4, 9, 9, 9, 9, 9, 9, 4, 4, 8, 8, 8, 8, 8, 8, 4, 4, 9, 9, 9, 9, 9, 9, 4, 4, 4, 4, 5, 5]
[5, 5, 5, 5, 8, 8, 8, 8, 8, 8, 5, 5, 9, 9, 9, 9, 9, 9, 5, 5, 9, 9, 9, 9, 9, 9, 5, 5, 5, 5, 5, 5, 4, 4, 4, 4, 9, 9, 9, 9, 9, 9, 4, 4, 8, 8, 8, 8, 8, 8, 4, 4, 9, 9, 9, 9, 9, 9, 4, 4, 4, 4, 5, 5]
[5, 5, 5, 5, 8, 8, 8, 8, 8, 8, 5, 5, 9, 9, 9, 9, 9, 9, 5, 5, 9, 9, 9, 9, 9, 9, 5, 5, 5, 5, 5, 5, 4, 4, 4, 4, 9, 9, 9, 9, 9, 9, 4, 4, 8, 8, 8, 8, 8, 8, 4, 4, 9, 9, 9, 9, 9, 9, 4, 4, 4, 4, 5, 5]
[5, 5, 5, 5, 8, 8, 8, 8, 8, 8, 5, 5, 9, 9, 9, 9, 9, 9, 5, 5, 9, 9, 9, 9, 9, 9, 5, 5, 5, 5, 5, 5, 4, 4, 4, 4, 9, 9, 9, 9, 9, 9, 4, 4, 8, 8, 8, 8, 8, 8, 4, 4, 9, 9, 9, 9, 9, 9, 4, 4, 4, 4, 5, 5]
[5, 5, 5, 5, 5, 5, 5, 5, 5, 5, 5, 5, 5, 5, 5, 5, 5, 5, 5, 5, 5, 5, 5, 5, 5, 5, 5, 5, 5, 5, 5, 5, 4, 4, 4, 4, 4, 4, 4, 4, 4, 4, 4, 4, 4, 4, 4, 4, 4, 4, 4, 4, 4, 4, 4, 4, 4, 4, 4, 4, 4, 4, 5, 5]
[5, 5, 5, 5, 5, 5, 5, 5, 5, 5, 5, 5, 5, 5, 5, 5, 5, 5, 5, 5, 5, 5, 5, 5, 5, 5, 5, 5, 5, 5, 5, 5, 4, 4, 4, 4, 4, 4, 4, 4, 4, 4, 4, 4, 4, 4, 4, 4, 4, 4, 4, 4, 4, 4, 4, 4, 4, 4, 4, 4, 4, 4, 5, 5]
[5, 5, 5, 5, 8, 8, 8, 8, 8, 8, 5, 5, 0, 0, 2, 2, 2, 2, 5, 5, 8, 8, 8, 8, 8, 8, 5, 5, 5, 5, 5, 5, 4, 4, 4, 4, 9, 9, 9, 9, 9, 9, 4, 4, 0, 0, 2, 2, 2, 2, 4, 4, 8, 8, 8, 8, 8, 8, 4, 4, 4, 4, 5, 5]
[5, 5, 5, 5, 8, 8, 8, 8, 8, 8, 5, 5, 0, 0, 2, 2, 2, 2, 5, 5, 8, 8, 8, 8, 8, 8, 5, 5, 5, 5, 5, 5, 4, 4, 4, 4, 9, 9, 9, 9, 9, 9, 4, 4, 0, 0, 2, 2, 2, 2, 4, 4, 8, 8, 8, 8, 8, 8, 4, 4, 4, 4, 5, 5]
[5, 5, 5, 5, 8, 8, 8, 8, 8, 8, 5, 5, 0, 0, 8, 8, 0, 0, 5, 5, 8, 8, 8, 8, 8, 8, 5, 5, 5, 5, 5, 5, 4, 4, 4, 4, 9, 9, 9, 9, 9, 9, 4, 4, 0, 0, 8, 8, 0, 0, 4, 4, 8, 8, 8, 8, 8, 8, 4, 4, 4, 4, 5, 5]
[5, 5, 5, 5, 8, 8, 8, 8, 8, 8, 5, 5, 0, 0, 8, 8, 0, 0, 5, 5, 8, 8, 8, 8, 8, 8, 5, 5, 5, 5, 5, 5, 4, 4, 4, 4, 9, 9, 9, 9, 9, 9, 4, 4, 0, 0, 8, 8, 0, 0, 4, 4, 8, 8, 8, 8, 8, 8, 4, 4, 4, 4, 5, 5]
[5, 5, 5, 5, 8, 8, 8, 8, 8, 8, 5, 5, 2, 2, 2, 2, 0, 0, 5, 5, 8, 8, 8, 8, 8, 8, 5, 5, 5, 5, 5, 5, 4, 4, 4, 4, 9, 9, 9, 9, 9, 9, 4, 4, 0, 0, 2, 2, 2, 2, 4, 4, 8, 8, 8, 8, 8, 8, 4, 4, 4, 4, 5, 5]
[5, 5, 5, 5, 8, 8, 8, 8, 8, 8, 5, 5, 2, 2, 2, 2, 0, 0, 5, 5, 8, 8, 8, 8, 8, 8, 5, 5, 5, 5, 5, 5, 4, 4, 4, 4, 9, 9, 9, 9, 9, 9, 4, 4, 0, 0, 2, 2, 2, 2, 4, 4, 8, 8, 8, 8, 8, 8, 4, 4, 4, 4, 5, 5]
[5, 5, 5, 5, 5, 5, 5, 5, 5, 5, 5, 5, 5, 5, 5, 5, 5, 5, 5, 5, 5, 5, 5, 5, 5, 5, 5, 5, 5, 5, 5, 5, 4, 4, 4, 4, 4, 4, 4, 4, 4, 4, 4, 4, 4, 4, 4, 4, 4, 4, 4, 4, 4, 4, 4, 4, 4, 4, 4, 4, 4, 4, 5, 5]
[5, 5, 5, 5, 5, 5, 5, 5, 5, 5, 5, 5, 5, 5, 5, 5, 5, 5, 5, 5, 5, 5, 5, 5, 5, 5, 5, 5, 5, 5, 5, 5, 4, 4, 4, 4, 4, 4, 4, 4, 4, 4, 4, 4, 4, 4, 4, 4, 4, 4, 4, 4, 4, 4, 4, 4, 4, 4, 4, 4, 4, 4, 5, 5]
[5, 5, 5, 5, 9, 9, 9, 9, 9, 9, 5, 5, 9, 9, 9, 9, 9, 9, 5, 5, 8, 8, 8, 8, 8, 8, 5, 5, 5, 5, 5, 5, 4, 4, 4, 4, 9, 9, 9, 9, 9, 9, 4, 4, 8, 8, 8, 8, 8, 8, 4, 4, 8, 8, 8, 8, 8, 8, 4, 4, 4, 4, 5, 5]
[5, 5, 5, 5, 9, 9, 9, 9, 9, 9, 5, 5, 9, 9, 9, 9, 9, 9, 5, 5, 8, 8, 8, 8, 8, 8, 5, 5, 5, 5, 5, 5, 4, 4, 4, 4, 9, 9, 9, 9, 9, 9, 4, 4, 8, 8, 8, 8, 8, 8, 4, 4, 8, 8, 8, 8, 8, 8, 4, 4, 4, 4, 5, 5]
[5, 5, 5, 5, 9, 9, 9, 9, 9, 9, 5, 5, 9, 9, 9, 9, 9, 9, 5, 5, 8, 8, 8, 8, 8, 8, 5, 5, 5, 5, 5, 5, 4, 4, 4, 4, 9, 9, 9, 9, 9, 9, 4, 4, 8, 8, 8, 8, 8, 8, 4, 4, 8, 8, 8, 8, 8, 8, 4, 4, 4, 4, 5, 5]
[5, 5, 5, 5, 9, 9, 9, 9, 9, 9, 5, 5, 9, 9, 9, 9, 9, 9, 5, 5, 8, 8, 8, 8, 8, 8, 5, 5, 5, 5, 5, 5, 4, 4, 4, 4, 9, 9, 9, 9, 9, 9, 4, 4, 8, 8, 8, 8, 8, 8, 4, 4, 8, 8, 8, 8, 8, 8, 4, 4, 4, 4, 5, 5]
[5, 5, 5, 5, 9, 9, 9, 9, 9, 9, 5, 5, 9, 9, 9, 9, 9, 9, 5, 5, 8, 8, 8, 8, 8, 8, 5, 5, 5, 5, 5, 5, 2, 2, 4, 4, 9, 9, 9, 9, 9, 9, 4, 4, 8, 8, 8, 8, 8, 8, 4, 4, 8, 8, 8, 8, 8, 8, 4, 4, 2, 2, 5, 5]
[5, 5, 5, 5, 9, 9, 9, 9, 9, 9, 5, 5, 9, 9, 9, 9, 9, 9, 5, 5, 8, 8, 8, 8, 8, 8, 5, 5, 5, 5, 5, 5, 2, 2, 4, 4, 9, 9, 9, 9, 9, 9, 4, 4, 8, 8, 8, 8, 8, 8, 4, 4, 8, 8, 8, 8, 8, 8, 4, 4, 2, 2, 5, 5]
[5, 5, 5, 5, 5, 5, 5, 5, 5, 5, 5, 5, 5, 5, 5, 5, 5, 5, 5, 5, 5, 5, 5, 5, 5, 5, 5, 5, 5, 5, 5, 5, 2, 2, 4, 4, 4, 4, 4, 4, 4, 4, 4, 4, 4, 4, 4, 4, 4, 4, 4, 4, 4, 4, 4, 4, 4, 4, 4, 4, 2, 2, 5, 5]
[5, 5, 5, 5, 5, 5, 5, 5, 5, 5, 5, 5, 5, 5, 5, 5, 5, 5, 5, 5, 5, 5, 5, 5, 5, 5, 5, 5, 5, 5, 5, 5, 2, 2, 4, 4, 4, 4, 4, 4, 4, 4, 4, 4, 4, 4, 4, 4, 4, 4, 4, 4, 4, 4, 4, 4, 4, 4, 4, 4, 2, 2, 5, 5]
[5, 5, 5, 5, 5, 5, 5, 5, 5, 5, 5, 5, 5, 5, 5, 5, 5, 5, 5, 5, 5, 5, 5, 5, 5, 5, 5, 5, 5, 5, 5, 5, 2, 2, 2, 2, 2, 2, 4, 4, 4, 4, 4, 4, 4, 4, 4, 4, 4, 4, 4, 4, 4, 4, 4, 4, 2, 2, 2, 2, 2, 2, 5, 5]
[5, 5, 5, 5, 5, 5, 5, 5, 5, 5, 5, 5, 5, 5, 5, 5, 5, 5, 5, 5, 5, 5, 5, 5, 5, 5, 5, 5, 5, 5, 5, 5, 2, 2, 2, 2, 2, 2, 4, 4, 4, 4, 4, 4, 4, 4, 4, 4, 4, 4, 4, 4, 4, 4, 4, 4, 2, 2, 2, 2, 2, 2, 5, 5]
[5, 5, 5, 5, 5, 5, 5, 5, 5, 5, 5, 5, 5, 5, 5, 5, 5, 5, 5, 5, 5, 5, 5, 5, 5, 5, 5, 5, 5, 5, 5, 5, 5, 5, 5, 5, 5, 5, 5, 5, 5, 5, 5, 5, 5, 5, 5, 5, 5, 5, 5, 5, 5, 5, 5, 5, 5, 5, 5, 5, 5, 5, 5, 5]
[12, 12, 12, 12, 12, 12, 12, 12, 12, 12, 12, 12, 11, 11, 11, 11, 11, 11, 11, 11, 11, 11, 11, 11, 11, 11, 11, 11, 11, 11, 11, 11, 11, 11, 11, 11, 11, 11, 11, 11, 11, 11, 11, 11, 11, 11, 11, 11, 11, 11, 11, 11, 11, 11, 11, 11, 11, 11, 11, 11, 11, 11, 11, 11]
</grid_0>
",,0.0,False
27,ACTION6 x=48 y=54,manual,"State: NOT_FINISHED
Levels completed: 0/6
Action count: 27

========== Start of Direct Observation ==========
<grid_0>
[5, 5, 5, 5, 5, 5, 5, 5, 5, 5, 5, 5, 5, 5, 5, 5, 5, 5, 5, 5, 5, 5, 5, 5, 5, 5, 5, 5, 5, 5, 5, 5, 5, 5, 5, 5, 5, 5, 5, 5, 5, 5, 5, 5, 5, 5, 5, 5, 5, 5, 5, 5, 5, 5, 5, 5, 5, 5, 5, 5, 5, 5, 5, 5]
[5, 5, 5, 5, 5, 5, 5, 5, 5, 5, 5, 5, 5, 5, 5, 5, 5, 5, 5, 5, 5, 5, 5, 5, 5, 5, 5, 5, 5, 5, 5, 5, 5, 5, 5, 5, 5, 5, 5, 5, 5, 5, 5, 5, 5, 5, 5, 5, 5, 5, 5, 5, 5, 5, 5, 5, 5, 5, 5, 5, 5, 5, 5, 5]
[5, 5, 5, 5, 9, 9, 9, 9, 9, 9, 5, 5, 8, 8, 8, 8, 8, 8, 5, 5, 9, 9, 9, 9, 9, 9, 5, 5, 5, 5, 5, 5, 5, 5, 5, 5, 5, 5, 9, 9, 9, 9, 9, 9, 5, 5, 8, 8, 8, 8, 8, 8, 5, 5, 9, 9, 9, 9, 9, 9, 5, 5, 5, 5]
[5, 5, 5, 5, 9, 9, 9, 9, 9, 9, 5, 5, 8, 8, 8, 8, 8, 8, 5, 5, 9, 9, 9, 9, 9, 9, 5, 5, 5, 5, 5, 5, 5, 5, 5, 5, 5, 5, 9, 9, 9, 9, 9, 9, 5, 5, 8, 8, 8, 8, 8, 8, 5, 5, 9, 9, 9, 9, 9, 9, 5, 5, 5, 5]
[5, 5, 5, 5, 9, 9, 9, 9, 9, 9, 5, 5, 8, 8, 8, 8, 8, 8, 5, 5, 9, 9, 9, 9, 9, 9, 5, 5, 5, 5, 5, 5, 5, 5, 5, 5, 5, 5, 9, 9, 9, 9, 9, 9, 5, 5, 8, 8, 8, 8, 8, 8, 5, 5, 9, 9, 9, 9, 9, 9, 5, 5, 5, 5]
[5, 5, 5, 5, 9, 9, 9, 9, 9, 9, 5, 5, 8, 8, 8, 8, 8, 8, 5, 5, 9, 9, 9, 9, 9, 9, 5, 5, 5, 5, 5, 5, 5, 5, 5, 5, 5, 5, 9, 9, 9, 9, 9, 9, 5, 5, 8, 8, 8, 8, 8, 8, 5, 5, 9, 9, 9, 9, 9, 9, 5, 5, 5, 5]
[5, 5, 5, 5, 9, 9, 9, 9, 9, 9, 5, 5, 8, 8, 8, 8, 8, 8, 5, 5, 9, 9, 9, 9, 9, 9, 5, 5, 5, 5, 5, 5, 5, 5, 5, 5, 5, 5, 9, 9, 9, 9, 9, 9, 5, 5, 8, 8, 8, 8, 8, 8, 5, 5, 9, 9, 9, 9, 9, 9, 5, 5, 5, 5]
[5, 5, 5, 5, 9, 9, 9, 9, 9, 9, 5, 5, 8, 8, 8, 8, 8, 8, 5, 5, 9, 9, 9, 9, 9, 9, 5, 5, 5, 5, 5, 5, 5, 5, 5, 5, 5, 5, 9, 9, 9, 9, 9, 9, 5, 5, 8, 8, 8, 8, 8, 8, 5, 5, 9, 9, 9, 9, 9, 9, 5, 5, 5, 5]
[5, 5, 5, 5, 5, 5, 5, 5, 5, 5, 5, 5, 5, 5, 5, 5, 5, 5, 5, 5, 5, 5, 5, 5, 5, 5, 5, 5, 5, 5, 5, 5, 5, 5, 5, 5, 5, 5, 5, 5, 5, 5, 5, 5, 5, 5, 5, 5, 5, 5, 5, 5, 5, 5, 5, 5, 5, 5, 5, 5, 5, 5, 5, 5]
[5, 5, 5, 5, 5, 5, 5, 5, 5, 5, 5, 5, 5, 5, 5, 5, 5, 5, 5, 5, 5, 5, 5, 5, 5, 5, 5, 5, 5, 5, 5, 5, 5, 5, 5, 5, 5, 5, 5, 5, 5, 5, 5, 5, 5, 5, 5, 5, 5, 5, 5, 5, 5, 5, 5, 5, 5, 5, 5, 5, 5, 5, 5, 5]
[5, 5, 5, 5, 8, 8, 8, 8, 8, 8, 5, 5, 2, 2, 0, 0, 2, 2, 5, 5, 9, 9, 9, 9, 9, 9, 5, 5, 5, 5, 5, 5, 5, 5, 5, 5, 5, 5, 8, 8, 8, 8, 8, 8, 5, 5, 2, 2, 0, 0, 2, 2, 5, 5, 8, 8, 8, 8, 8, 8, 5, 5, 5, 5]
[5, 5, 5, 5, 8, 8, 8, 8, 8, 8, 5, 5, 2, 2, 0, 0, 2, 2, 5, 5, 9, 9, 9, 9, 9, 9, 5, 5, 5, 5, 5, 5, 5, 5, 5, 5, 5, 5, 8, 8, 8, 8, 8, 8, 5, 5, 2, 2, 0, 0, 2, 2, 5, 5, 8, 8, 8, 8, 8, 8, 5, 5, 5, 5]
[5, 5, 5, 5, 8, 8, 8, 8, 8, 8, 5, 5, 0, 0, 8, 8, 2, 2, 5, 5, 9, 9, 9, 9, 9, 9, 5, 5, 5, 5, 5, 5, 5, 5, 5, 5, 5, 5, 8, 8, 8, 8, 8, 8, 5, 5, 0, 0, 8, 8, 0, 0, 5, 5, 8, 8, 8, 8, 8, 8, 5, 5, 5, 5]
[5, 5, 5, 5, 8, 8, 8, 8, 8, 8, 5, 5, 0, 0, 8, 8, 2, 2, 5, 5, 9, 9, 9, 9, 9, 9, 5, 5, 5, 5, 5, 5, 5, 5, 5, 5, 5, 5, 8, 8, 8, 8, 8, 8, 5, 5, 0, 0, 8, 8, 0, 0, 5, 5, 8, 8, 8, 8, 8, 8, 5, 5, 5, 5]
[5, 5, 5, 5, 8, 8, 8, 8, 8, 8, 5, 5, 2, 2, 0, 0, 0, 0, 5, 5, 9, 9, 9, 9, 9, 9, 5, 5, 5, 5, 5, 5, 5, 5, 5, 5, 5, 5, 8, 8, 8, 8, 8, 8, 5, 5, 2, 2, 0, 0, 2, 2, 5, 5, 8, 8, 8, 8, 8, 8, 5, 5, 5, 5]
[5, 5, 5, 5, 8, 8, 8, 8, 8, 8, 5, 5, 2, 2, 0, 0, 0, 0, 5, 5, 9, 9, 9, 9, 9, 9, 5, 5, 5, 5, 5, 5, 5, 5, 5, 5, 5, 5, 8, 8, 8, 8, 8, 8, 5, 5, 2, 2, 0, 0, 2, 2, 5, 5, 8, 8, 8, 8, 8, 8, 5, 5, 5, 5]
[5, 5, 5, 5, 5, 5, 5, 5, 5, 5, 5, 5, 5, 5, 5, 5, 5, 5, 5, 5, 5, 5, 5, 5, 5, 5, 5, 5, 5, 5, 5, 5, 5, 5, 5, 5, 5, 5, 5, 5, 5, 5, 5, 5, 5, 5, 5, 5, 5, 5, 5, 5, 5, 5, 5, 5, 5, 5, 5, 5, 5, 5, 5, 5]
[5, 5, 5, 5, 5, 5, 5, 5, 5, 5, 5, 5, 5, 5, 5, 5, 5, 5, 5, 5, 5, 5, 5, 5, 5, 5, 5, 5, 5, 5, 5, 5, 5, 5, 5, 5, 5, 5, 5, 5, 5, 5, 5, 5, 5, 5, 5, 5, 5, 5, 5, 5, 5, 5, 5, 5, 5, 5, 5, 5, 5, 5, 5, 5]
[5, 5, 5, 5, 9, 9, 9, 9, 9, 9, 5, 5, 8, 8, 8, 8, 8, 8, 5, 5, 8, 8, 8, 8, 8, 8, 5, 5, 5, 5, 5, 5, 5, 5, 5, 5, 5, 5, 9, 9, 9, 9, 9, 9, 5, 5, 8, 8, 8, 8, 8, 8, 5, 5, 9, 9, 9, 9, 9, 9, 5, 5, 5, 5]
[5, 5, 5, 5, 9, 9, 9, 9, 9, 9, 5, 5, 8, 8, 8, 8, 8, 8, 5, 5, 8, 8, 8, 8, 8, 8, 5, 5, 5, 5, 5, 5, 5, 5, 5, 5, 5, 5, 9, 9, 9, 9, 9, 9, 5, 5, 8, 8, 8, 8, 8, 8, 5, 5, 9, 9, 9, 9, 9, 9, 5, 5, 5, 5]
[5, 5, 5, 5, 9, 9, 9, 9, 9, 9, 5, 5, 8, 8, 8, 8, 8, 8, 5, 5, 8, 8, 8, 8, 8, 8, 5, 5, 5, 5, 5, 5, 5, 5, 5, 5, 5, 5, 9, 9, 9, 9, 9, 9, 5, 5, 8, 8, 8, 8, 8, 8, 5, 5, 9, 9, 9, 9, 9, 9, 5, 5, 5, 5]
[5, 5, 5, 5, 9, 9, 9, 9, 9, 9, 5, 5, 8, 8, 8, 8, 8, 8, 5, 5, 8, 8, 8, 8, 8, 8, 5, 5, 5, 5, 5, 5, 5, 5, 5, 5, 5, 5, 9, 9, 9, 9, 9, 9, 5, 5, 8, 8, 8, 8, 8, 8, 5, 5, 9, 9, 9, 9, 9, 9, 5, 5, 5, 5]
[5, 5, 5, 5, 9, 9, 9, 9, 9, 9, 5, 5, 8, 8, 8, 8, 8, 8, 5, 5, 8, 8, 8, 8, 8, 8, 5, 5, 5, 5, 5, 5, 5, 5, 5, 5, 5, 5, 9, 9, 9, 9, 9, 9, 5, 5, 8, 8, 8, 8, 8, 8, 5, 5, 9, 9, 9, 9, 9, 9, 5, 5, 5, 5]
[5, 5, 5, 5, 9, 9, 9, 9, 9, 9, 5, 5, 8, 8, 8, 8, 8, 8, 5, 5, 8, 8, 8, 8, 8, 8, 5, 5, 5, 5, 5, 5, 5, 5, 5, 5, 5, 5, 9, 9, 9, 9, 9, 9, 5, 5, 8, 8, 8, 8, 8, 8, 5, 5, 9, 9, 9, 9, 9, 9, 5, 5, 5, 5]
[5, 5, 5, 5, 5, 5, 5, 5, 5, 5, 5, 5, 5, 5, 5, 5, 5, 5, 5, 5, 5, 5, 5, 5, 5, 5, 5, 5, 5, 5, 5, 5, 5, 5, 5, 5, 5, 5, 5, 5, 5, 5, 5, 5, 5, 5, 5, 5, 5, 5, 5, 5, 5, 5, 5, 5, 5, 5, 5, 5, 5, 5, 5, 5]
[5, 5, 5, 5, 5, 5, 5, 5, 5, 5, 5, 5, 5, 5, 5, 5, 5, 5, 5, 5, 5, 5, 5, 5, 5, 5, 5, 5, 5, 5, 5, 5, 5, 5, 5, 5, 5, 5, 5, 5, 5, 5, 5, 5, 5, 5, 5, 5, 5, 5, 5, 5, 5, 5, 5, 5, 5, 5, 5, 5, 5, 5, 5, 5]
[5, 5, 5, 5, 5, 5, 5, 5, 5, 5, 5, 5, 5, 5, 5, 5, 5, 5, 5, 5, 5, 5, 5, 5, 5, 5, 5, 5, 5, 5, 5, 5, 5, 5, 5, 5, 5, 5, 5, 5, 5, 5, 5, 5, 5, 5, 5, 5, 5, 5, 5, 5, 5, 5, 5, 5, 5, 5, 5, 5, 5, 5, 5, 5]
[5, 5, 5, 5, 5, 5, 5, 5, 5, 5, 5, 5, 5, 5, 5, 5, 5, 5, 5, 5, 5, 5, 5, 5, 5, 5, 5, 5, 5, 5, 5, 5, 5, 5, 5, 5, 5, 5, 5, 5, 5, 5, 5, 5, 5, 5, 5, 5, 5, 5, 5, 5, 5, 5, 5, 5, 5, 5, 5, 5, 5, 5, 5, 5]
[5, 5, 5, 5, 5, 5, 5, 5, 5, 5, 5, 5, 5, 5, 5, 5, 5, 5, 5, 5, 5, 5, 5, 5, 5, 5, 5, 5, 5, 5, 5, 5, 5, 5, 5, 5, 5, 5, 5, 5, 5, 5, 5, 5, 5, 5, 5, 5, 5, 5, 5, 5, 5, 5, 5, 5, 5, 5, 5, 5, 5, 5, 5, 5]
[5, 5, 5, 5, 5, 5, 5, 5, 5, 5, 5, 5, 5, 5, 5, 5, 5, 5, 5, 5, 5, 5, 5, 5, 5, 5, 5, 5, 5, 5, 5, 5, 5, 5, 5, 5, 5, 5, 5, 5, 5, 5, 5, 5, 5, 5, 5, 5, 5, 5, 5, 5, 5, 5, 5, 5, 5, 5, 5, 5, 5, 5, 5, 5]
[5, 5, 5, 5, 5, 5, 5, 5, 5, 5, 5, 5, 5, 5, 5, 5, 5, 5, 5, 5, 5, 5, 5, 5, 5, 5, 5, 5, 5, 5, 5, 5, 5, 5, 5, 5, 5, 5, 5, 5, 5, 5, 5, 5, 5, 5, 5, 5, 5, 5, 5, 5, 5, 5, 5, 5, 5, 5, 5, 5, 5, 5, 5, 5]
[5, 5, 5, 5, 5, 5, 5, 5, 5, 5, 5, 5, 5, 5, 5, 5, 5, 5, 5, 5, 5, 5, 5, 5, 5, 5, 5, 5, 5, 5, 5, 5, 5, 5, 5, 5, 5, 5, 5, 5, 5, 5, 5, 5, 5, 5, 5, 5, 5, 5, 5, 5, 5, 5, 5, 5, 5, 5, 5, 5, 5, 5, 5, 5]
[5, 5, 5, 5, 5, 5, 5, 5, 5, 5, 5, 5, 5, 5, 5, 5, 5, 5, 5, 5, 5, 5, 5, 5, 5, 5, 5, 5, 5, 5, 5, 5, 2, 2, 2, 2, 2, 2, 4, 4, 4, 4, 4, 4, 4, 4, 4, 4, 4, 4, 4, 4, 4, 4, 4, 4, 2, 2, 2, 2, 2, 2, 5, 5]
[5, 5, 5, 5, 5, 5, 5, 5, 5, 5, 5, 5, 5, 5, 5, 5, 5, 5, 5, 5, 5, 5, 5, 5, 5, 5, 5, 5, 5, 5, 5, 5, 2, 2, 2, 2, 2, 2, 4, 4, 4, 4, 4, 4, 4, 4, 4, 4, 4, 4, 4, 4, 4, 4, 4, 4, 2, 2, 2, 2, 2, 2, 5, 5]
[5, 5, 5, 5, 5, 5, 5, 5, 5, 5, 5, 5, 5, 5, 5, 5, 5, 5, 5, 5, 5, 5, 5, 5, 5, 5, 5, 5, 5, 5, 5, 5, 2, 2, 4, 4, 4, 4, 4, 4, 4, 4, 4, 4, 4, 4, 4, 4, 4, 4, 4, 4, 4, 4, 4, 4, 4, 4, 4, 4, 2, 2, 5, 5]
[5, 5, 5, 5, 5, 5, 5, 5, 5, 5, 5, 5, 5, 5, 5, 5, 5, 5, 5, 5, 5, 5, 5, 5, 5, 5, 5, 5, 5, 5, 5, 5, 2, 2, 4, 4, 4, 4, 4, 4, 4, 4, 4, 4, 4, 4, 4, 4, 4, 4, 4, 4, 4, 4, 4, 4, 4, 4, 4, 4, 2, 2, 5, 5]
[5, 5, 5, 5, 8, 8, 8, 8, 8, 8, 5, 5, 9, 9, 9, 9, 9, 9, 5, 5, 9, 9, 9, 9, 9, 9, 5, 5, 5, 5, 5, 5, 2, 2, 4, 4, 9, 9, 9, 9, 9, 9, 4, 4, 8, 8, 8, 8, 8, 8, 4, 4, 9, 9, 9, 9, 9, 9, 4, 4, 2, 2, 5, 5]
[5, 5, 5, 5, 8, 8, 8, 8, 8, 8, 5, 5, 9, 9, 9, 9, 9, 9, 5, 5, 9, 9, 9, 9, 9, 9, 5, 5, 5, 5, 5, 5, 2, 2, 4, 4, 9, 9, 9, 9, 9, 9, 4, 4, 8, 8, 8, 8, 8, 8, 4, 4, 9, 9, 9, 9, 9, 9, 4, 4, 2, 2, 5, 5]
[5, 5, 5, 5, 8, 8, 8, 8, 8, 8, 5, 5, 9, 9, 9, 9, 9, 9, 5, 5, 9, 9, 9, 9, 9, 9, 5, 5, 5, 5, 5, 5, 4, 4, 4, 4, 9, 9, 9, 9, 9, 9, 4, 4, 8, 8, 8, 8, 8, 8, 4, 4, 9, 9, 9, 9, 9, 9, 4, 4, 4, 4, 5, 5]
[5, 5, 5, 5, 8, 8, 8, 8, 8, 8, 5, 5, 9, 9, 9, 9, 9, 9, 5, 5, 9, 9, 9, 9, 9, 9, 5, 5, 5, 5, 5, 5, 4, 4, 4, 4, 9, 9, 9, 9, 9, 9, 4, 4, 8, 8, 8, 8, 8, 8, 4, 4, 9, 9, 9, 9, 9, 9, 4, 4, 4, 4, 5, 5]
[5, 5, 5, 5, 8, 8, 8, 8, 8, 8, 5, 5, 9, 9, 9, 9, 9, 9, 5, 5, 9, 9, 9, 9, 9, 9, 5, 5, 5, 5, 5, 5, 4, 4, 4, 4, 9, 9, 9, 9, 9, 9, 4, 4, 8, 8, 8, 8, 8, 8, 4, 4, 9, 9, 9, 9, 9, 9, 4, 4, 4, 4, 5, 5]
[5, 5, 5, 5, 8, 8, 8, 8, 8, 8, 5, 5, 9, 9, 9, 9, 9, 9, 5, 5, 9, 9, 9, 9, 9, 9, 5, 5, 5, 5, 5, 5, 4, 4, 4, 4, 9, 9, 9, 9, 9, 9, 4, 4, 8, 8, 8, 8, 8, 8, 4, 4, 9, 9, 9, 9, 9, 9, 4, 4, 4, 4, 5, 5]
[5, 5, 5, 5, 5, 5, 5, 5, 5, 5, 5, 5, 5, 5, 5, 5, 5, 5, 5, 5, 5, 5, 5, 5, 5, 5, 5, 5, 5, 5, 5, 5, 4, 4, 4, 4, 4, 4, 4, 4, 4, 4, 4, 4, 4, 4, 4, 4, 4, 4, 4, 4, 4, 4, 4, 4, 4, 4, 4, 4, 4, 4, 5, 5]
[5, 5, 5, 5, 5, 5, 5, 5, 5, 5, 5, 5, 5, 5, 5, 5, 5, 5, 5, 5, 5, 5, 5, 5, 5, 5, 5, 5, 5, 5, 5, 5, 4, 4, 4, 4, 4, 4, 4, 4, 4, 4, 4, 4, 4, 4, 4, 4, 4, 4, 4, 4, 4, 4, 4, 4, 4, 4, 4, 4, 4, 4, 5, 5]
[5, 5, 5, 5, 8, 8, 8, 8, 8, 8, 5, 5, 0, 0, 2, 2, 2, 2, 5, 5, 8, 8, 8, 8, 8, 8, 5, 5, 5, 5, 5, 5, 4, 4, 4, 4, 9, 9, 9, 9, 9, 9, 4, 4, 0, 0, 2, 2, 2, 2, 4, 4, 8, 8, 8, 8, 8, 8, 4, 4, 4, 4, 5, 5]
[5, 5, 5, 5, 8, 8, 8, 8, 8, 8, 5, 5, 0, 0, 2, 2, 2, 2, 5, 5, 8, 8, 8, 8, 8, 8, 5, 5, 5, 5, 5, 5, 4, 4, 4, 4, 9, 9, 9, 9, 9, 9, 4, 4, 0, 0, 2, 2, 2, 2, 4, 4, 8, 8, 8, 8, 8, 8, 4, 4, 4, 4, 5, 5]
[5, 5, 5, 5, 8, 8, 8, 8, 8, 8, 5, 5, 0, 0, 8, 8, 0, 0, 5, 5, 8, 8, 8, 8, 8, 8, 5, 5, 5, 5, 5, 5, 4, 4, 4, 4, 9, 9, 9, 9, 9, 9, 4, 4, 0, 0, 8, 8, 0, 0, 4, 4, 8, 8, 8, 8, 8, 8, 4, 4, 4, 4, 5, 5]
[5, 5, 5, 5, 8, 8, 8, 8, 8, 8, 5, 5, 0, 0, 8, 8, 0, 0, 5, 5, 8, 8, 8, 8, 8, 8, 5, 5, 5, 5, 5, 5, 4, 4, 4, 4, 9, 9, 9, 9, 9, 9, 4, 4, 0, 0, 8, 8, 0, 0, 4, 4, 8, 8, 8, 8, 8, 8, 4, 4, 4, 4, 5, 5]
[5, 5, 5, 5, 8, 8, 8, 8, 8, 8, 5, 5, 2, 2, 2, 2, 0, 0, 5, 5, 8, 8, 8, 8, 8, 8, 5, 5, 5, 5, 5, 5, 4, 4, 4, 4, 9, 9, 9, 9, 9, 9, 4, 4, 0, 0, 2, 2, 2, 2, 4, 4, 8, 8, 8, 8, 8, 8, 4, 4, 4, 4, 5, 5]
[5, 5, 5, 5, 8, 8, 8, 8, 8, 8, 5, 5, 2, 2, 2, 2, 0, 0, 5, 5, 8, 8, 8, 8, 8, 8, 5, 5, 5, 5, 5, 5, 4, 4, 4, 4, 9, 9, 9, 9, 9, 9, 4, 4, 0, 0, 2, 2, 2, 2, 4, 4, 8, 8, 8, 8, 8, 8, 4, 4, 4, 4, 5, 5]
[5, 5, 5, 5, 5, 5, 5, 5, 5, 5, 5, 5, 5, 5, 5, 5, 5, 5, 5, 5, 5, 5, 5, 5, 5, 5, 5, 5, 5, 5, 5, 5, 4, 4, 4, 4, 4, 4, 4, 4, 4, 4, 4, 4, 4, 4, 4, 4, 4, 4, 4, 4, 4, 4, 4, 4, 4, 4, 4, 4, 4, 4, 5, 5]
[5, 5, 5, 5, 5, 5, 5, 5, 5, 5, 5, 5, 5, 5, 5, 5, 5, 5, 5, 5, 5, 5, 5, 5, 5, 5, 5, 5, 5, 5, 5, 5, 4, 4, 4, 4, 4, 4, 4, 4, 4, 4, 4, 4, 4, 4, 4, 4, 4, 4, 4, 4, 4, 4, 4, 4, 4, 4, 4, 4, 4, 4, 5, 5]
[5, 5, 5, 5, 9, 9, 9, 9, 9, 9, 5, 5, 9, 9, 9, 9, 9, 9, 5, 5, 8, 8, 8, 8, 8, 8, 5, 5, 5, 5, 5, 5, 4, 4, 4, 4, 8, 8, 8, 8, 8, 8, 4, 4, 8, 8, 8, 8, 8, 8, 4, 4, 8, 8, 8, 8, 8, 8, 4, 4, 4, 4, 5, 5]
[5, 5, 5, 5, 9, 9, 9, 9, 9, 9, 5, 5, 9, 9, 9, 9, 9, 9, 5, 5, 8, 8, 8, 8, 8, 8, 5, 5, 5, 5, 5, 5, 4, 4, 4, 4, 8, 8, 8, 8, 8, 8, 4, 4, 8, 8, 8, 8, 8, 8, 4, 4, 8, 8, 8, 8, 8, 8, 4, 4, 4, 4, 5, 5]
[5, 5, 5, 5, 9, 9, 9, 9, 9, 9, 5, 5, 9, 9, 9, 9, 9, 9, 5, 5, 8, 8, 8, 8, 8, 8, 5, 5, 5, 5, 5, 5, 4, 4, 4, 4, 8, 8, 8, 8, 8, 8, 4, 4, 8, 8, 8, 8, 8, 8, 4, 4, 8, 8, 8, 8, 8, 8, 4, 4, 4, 4, 5, 5]
[5, 5, 5, 5, 9, 9, 9, 9, 9, 9, 5, 5, 9, 9, 9, 9, 9, 9, 5, 5, 8, 8, 8, 8, 8, 8, 5, 5, 5, 5, 5, 5, 4, 4, 4, 4, 8, 8, 8, 8, 8, 8, 4, 4, 8, 8, 8, 8, 8, 8, 4, 4, 8, 8, 8, 8, 8, 8, 4, 4, 4, 4, 5, 5]
[5, 5, 5, 5, 9, 9, 9, 9, 9, 9, 5, 5, 9, 9, 9, 9, 9, 9, 5, 5, 8, 8, 8, 8, 8, 8, 5, 5, 5, 5, 5, 5, 2, 2, 4, 4, 8, 8, 8, 8, 8, 8, 4, 4, 8, 8, 8, 8, 8, 8, 4, 4, 8, 8, 8, 8, 8, 8, 4, 4, 2, 2, 5, 5]
[5, 5, 5, 5, 9, 9, 9, 9, 9, 9, 5, 5, 9, 9, 9, 9, 9, 9, 5, 5, 8, 8, 8, 8, 8, 8, 5, 5, 5, 5, 5, 5, 2, 2, 4, 4, 8, 8, 8, 8, 8, 8, 4, 4, 8, 8, 8, 8, 8, 8, 4, 4, 8, 8, 8, 8, 8, 8, 4, 4, 2, 2, 5, 5]
[5, 5, 5, 5, 5, 5, 5, 5, 5, 5, 5, 5, 5, 5, 5, 5, 5, 5, 5, 5, 5, 5, 5, 5, 5, 5, 5, 5, 5, 5, 5, 5, 2, 2, 4, 4, 4, 4, 4, 4, 4, 4, 4, 4, 4, 4, 4, 4, 4, 4, 4, 4, 4, 4, 4, 4, 4, 4, 4, 4, 2, 2, 5, 5]
[5, 5, 5, 5, 5, 5, 5, 5, 5, 5, 5, 5, 5, 5, 5, 5, 5, 5, 5, 5, 5, 5, 5, 5, 5, 5, 5, 5, 5, 5, 5, 5, 2, 2, 4, 4, 4, 4, 4, 4, 4, 4, 4, 4, 4, 4, 4, 4, 4, 4, 4, 4, 4, 4, 4, 4, 4, 4, 4, 4, 2, 2, 5, 5]
[5, 5, 5, 5, 5, 5, 5, 5, 5, 5, 5, 5, 5, 5, 5, 5, 5, 5, 5, 5, 5, 5, 5, 5, 5, 5, 5, 5, 5, 5, 5, 5, 2, 2, 2, 2, 2, 2, 4, 4, 4, 4, 4, 4, 4, 4, 4, 4, 4, 4, 4, 4, 4, 4, 4, 4, 2, 2, 2, 2, 2, 2, 5, 5]
[5, 5, 5, 5, 5, 5, 5, 5, 5, 5, 5, 5, 5, 5, 5, 5, 5, 5, 5, 5, 5, 5, 5, 5, 5, 5, 5, 5, 5, 5, 5, 5, 2, 2, 2, 2, 2, 2, 4, 4, 4, 4, 4, 4, 4, 4, 4, 4, 4, 4, 4, 4, 4, 4, 4, 4, 2, 2, 2, 2, 2, 2, 5, 5]
[5, 5, 5, 5, 5, 5, 5, 5, 5, 5, 5, 5, 5, 5, 5, 5, 5, 5, 5, 5, 5, 5, 5, 5, 5, 5, 5, 5, 5, 5, 5, 5, 5, 5, 5, 5, 5, 5, 5, 5, 5, 5, 5, 5, 5, 5, 5, 5, 5, 5, 5, 5, 5, 5, 5, 5, 5, 5, 5, 5, 5, 5, 5, 5]
[12, 12, 12, 12, 12, 12, 12, 12, 12, 12, 11, 11, 11, 11, 11, 11, 11, 11, 11, 11, 11, 11, 11, 11, 11, 11, 11, 11, 11, 11, 11, 11, 11, 11, 11, 11, 11, 11, 11, 11, 11, 11, 11, 11, 11, 11, 11, 11, 11, 11, 11, 11, 11, 11, 11, 11, 11, 11, 11, 11, 11, 11, 11, 11]
</grid_0>
",,0.0,False
28,ACTION6 x=56 y=54,manual,"State: NOT_FINISHED
Levels completed: 0/6
Action count: 28

========== Start of Direct Observation ==========
<grid_0>
[5, 5, 5, 5, 5, 5, 5, 5, 5, 5, 5, 5, 5, 5, 5, 5, 5, 5, 5, 5, 5, 5, 5, 5, 5, 5, 5, 5, 5, 5, 5, 5, 5, 5, 5, 5, 5, 5, 5, 5, 5, 5, 5, 5, 5, 5, 5, 5, 5, 5, 5, 5, 5, 5, 5, 5, 5, 5, 5, 5, 5, 5, 5, 5]
[5, 5, 5, 5, 5, 5, 5, 5, 5, 5, 5, 5, 5, 5, 5, 5, 5, 5, 5, 5, 5, 5, 5, 5, 5, 5, 5, 5, 5, 5, 5, 5, 5, 5, 5, 5, 5, 5, 5, 5, 5, 5, 5, 5, 5, 5, 5, 5, 5, 5, 5, 5, 5, 5, 5, 5, 5, 5, 5, 5, 5, 5, 5, 5]
[5, 5, 5, 5, 9, 9, 9, 9, 9, 9, 5, 5, 8, 8, 8, 8, 8, 8, 5, 5, 9, 9, 9, 9, 9, 9, 5, 5, 5, 5, 5, 5, 5, 5, 5, 5, 5, 5, 9, 9, 9, 9, 9, 9, 5, 5, 8, 8, 8, 8, 8, 8, 5, 5, 9, 9, 9, 9, 9, 9, 5, 5, 5, 5]
[5, 5, 5, 5, 9, 9, 9, 9, 9, 9, 5, 5, 8, 8, 8, 8, 8, 8, 5, 5, 9, 9, 9, 9, 9, 9, 5, 5, 5, 5, 5, 5, 5, 5, 5, 5, 5, 5, 9, 9, 9, 9, 9, 9, 5, 5, 8, 8, 8, 8, 8, 8, 5, 5, 9, 9, 9, 9, 9, 9, 5, 5, 5, 5]
[5, 5, 5, 5, 9, 9, 9, 9, 9, 9, 5, 5, 8, 8, 8, 8, 8, 8, 5, 5, 9, 9, 9, 9, 9, 9, 5, 5, 5, 5, 5, 5, 5, 5, 5, 5, 5, 5, 9, 9, 9, 9, 9, 9, 5, 5, 8, 8, 8, 8, 8, 8, 5, 5, 9, 9, 9, 9, 9, 9, 5, 5, 5, 5]
[5, 5, 5, 5, 9, 9, 9, 9, 9, 9, 5, 5, 8, 8, 8, 8, 8, 8, 5, 5, 9, 9, 9, 9, 9, 9, 5, 5, 5, 5, 5, 5, 5, 5, 5, 5, 5, 5, 9, 9, 9, 9, 9, 9, 5, 5, 8, 8, 8, 8, 8, 8, 5, 5, 9, 9, 9, 9, 9, 9, 5, 5, 5, 5]
[5, 5, 5, 5, 9, 9, 9, 9, 9, 9, 5, 5, 8, 8, 8, 8, 8, 8, 5, 5, 9, 9, 9, 9, 9, 9, 5, 5, 5, 5, 5, 5, 5, 5, 5, 5, 5, 5, 9, 9, 9, 9, 9, 9, 5, 5, 8, 8, 8, 8, 8, 8, 5, 5, 9, 9, 9, 9, 9, 9, 5, 5, 5, 5]
[5, 5, 5, 5, 9, 9, 9, 9, 9, 9, 5, 5, 8, 8, 8, 8, 8, 8, 5, 5, 9, 9, 9, 9, 9, 9, 5, 5, 5, 5, 5, 5, 5, 5, 5, 5, 5, 5, 9, 9, 9, 9, 9, 9, 5, 5, 8, 8, 8, 8, 8, 8, 5, 5, 9, 9, 9, 9, 9, 9, 5, 5, 5, 5]
[5, 5, 5, 5, 5, 5, 5, 5, 5, 5, 5, 5, 5, 5, 5, 5, 5, 5, 5, 5, 5, 5, 5, 5, 5, 5, 5, 5, 5, 5, 5, 5, 5, 5, 5, 5, 5, 5, 5, 5, 5, 5, 5, 5, 5, 5, 5, 5, 5, 5, 5, 5, 5, 5, 5, 5, 5, 5, 5, 5, 5, 5, 5, 5]
[5, 5, 5, 5, 5, 5, 5, 5, 5, 5, 5, 5, 5, 5, 5, 5, 5, 5, 5, 5, 5, 5, 5, 5, 5, 5, 5, 5, 5, 5, 5, 5, 5, 5, 5, 5, 5, 5, 5, 5, 5, 5, 5, 5, 5, 5, 5, 5, 5, 5, 5, 5, 5, 5, 5, 5, 5, 5, 5, 5, 5, 5, 5, 5]
[5, 5, 5, 5, 8, 8, 8, 8, 8, 8, 5, 5, 2, 2, 0, 0, 2, 2, 5, 5, 9, 9, 9, 9, 9, 9, 5, 5, 5, 5, 5, 5, 5, 5, 5, 5, 5, 5, 8, 8, 8, 8, 8, 8, 5, 5, 2, 2, 0, 0, 2, 2, 5, 5, 8, 8, 8, 8, 8, 8, 5, 5, 5, 5]
[5, 5, 5, 5, 8, 8, 8, 8, 8, 8, 5, 5, 2, 2, 0, 0, 2, 2, 5, 5, 9, 9, 9, 9, 9, 9, 5, 5, 5, 5, 5, 5, 5, 5, 5, 5, 5, 5, 8, 8, 8, 8, 8, 8, 5, 5, 2, 2, 0, 0, 2, 2, 5, 5, 8, 8, 8, 8, 8, 8, 5, 5, 5, 5]
[5, 5, 5, 5, 8, 8, 8, 8, 8, 8, 5, 5, 0, 0, 8, 8, 2, 2, 5, 5, 9, 9, 9, 9, 9, 9, 5, 5, 5, 5, 5, 5, 5, 5, 5, 5, 5, 5, 8, 8, 8, 8, 8, 8, 5, 5, 0, 0, 8, 8, 0, 0, 5, 5, 8, 8, 8, 8, 8, 8, 5, 5, 5, 5]
[5, 5, 5, 5, 8, 8, 8, 8, 8, 8, 5, 5, 0, 0, 8, 8, 2, 2, 5, 5, 9, 9, 9, 9, 9, 9, 5, 5, 5, 5, 5, 5, 5, 5, 5, 5, 5, 5, 8, 8, 8, 8, 8, 8, 5, 5, 0, 0, 8, 8, 0, 0, 5, 5, 8, 8, 8, 8, 8, 8, 5, 5, 5, 5]
[5, 5, 5, 5, 8, 8, 8, 8, 8, 8, 5, 5, 2, 2, 0, 0, 0, 0, 5, 5, 9, 9, 9, 9, 9, 9, 5, 5, 5, 5, 5, 5, 5, 5, 5, 5, 5, 5, 8, 8, 8, 8, 8, 8, 5, 5, 2, 2, 0, 0, 2, 2, 5, 5, 8, 8, 8, 8, 8, 8, 5, 5, 5, 5]
[5, 5, 5, 5, 8, 8, 8, 8, 8, 8, 5, 5, 2, 2, 0, 0, 0, 0, 5, 5, 9, 9, 9, 9, 9, 9, 5, 5, 5, 5, 5, 5, 5, 5, 5, 5, 5, 5, 8, 8, 8, 8, 8, 8, 5, 5, 2, 2, 0, 0, 2, 2, 5, 5, 8, 8, 8, 8, 8, 8, 5, 5, 5, 5]
[5, 5, 5, 5, 5, 5, 5, 5, 5, 5, 5, 5, 5, 5, 5, 5, 5, 5, 5, 5, 5, 5, 5, 5, 5, 5, 5, 5, 5, 5, 5, 5, 5, 5, 5, 5, 5, 5, 5, 5, 5, 5, 5, 5, 5, 5, 5, 5, 5, 5, 5, 5, 5, 5, 5, 5, 5, 5, 5, 5, 5, 5, 5, 5]
[5, 5, 5, 5, 5, 5, 5, 5, 5, 5, 5, 5, 5, 5, 5, 5, 5, 5, 5, 5, 5, 5, 5, 5, 5, 5, 5, 5, 5, 5, 5, 5, 5, 5, 5, 5, 5, 5, 5, 5, 5, 5, 5, 5, 5, 5, 5, 5, 5, 5, 5, 5, 5, 5, 5, 5, 5, 5, 5, 5, 5, 5, 5, 5]
[5, 5, 5, 5, 9, 9, 9, 9, 9, 9, 5, 5, 8, 8, 8, 8, 8, 8, 5, 5, 8, 8, 8, 8, 8, 8, 5, 5, 5, 5, 5, 5, 5, 5, 5, 5, 5, 5, 9, 9, 9, 9, 9, 9, 5, 5, 8, 8, 8, 8, 8, 8, 5, 5, 9, 9, 9, 9, 9, 9, 5, 5, 5, 5]
[5, 5, 5, 5, 9, 9, 9, 9, 9, 9, 5, 5, 8, 8, 8, 8, 8, 8, 5, 5, 8, 8, 8, 8, 8, 8, 5, 5, 5, 5, 5, 5, 5, 5, 5, 5, 5, 5, 9, 9, 9, 9, 9, 9, 5, 5, 8, 8, 8, 8, 8, 8, 5, 5, 9, 9, 9, 9, 9, 9, 5, 5, 5, 5]
[5, 5, 5, 5, 9, 9, 9, 9, 9, 9, 5, 5, 8, 8, 8, 8, 8, 8, 5, 5, 8, 8, 8, 8, 8, 8, 5, 5, 5, 5, 5, 5, 5, 5, 5, 5, 5, 5, 9, 9, 9, 9, 9, 9, 5, 5, 8, 8, 8, 8, 8, 8, 5, 5, 9, 9, 9, 9, 9, 9, 5, 5, 5, 5]
[5, 5, 5, 5, 9, 9, 9, 9, 9, 9, 5, 5, 8, 8, 8, 8, 8, 8, 5, 5, 8, 8, 8, 8, 8, 8, 5, 5, 5, 5, 5, 5, 5, 5, 5, 5, 5, 5, 9, 9, 9, 9, 9, 9, 5, 5, 8, 8, 8, 8, 8, 8, 5, 5, 9, 9, 9, 9, 9, 9, 5, 5, 5, 5]
[5, 5, 5, 5, 9, 9, 9, 9, 9, 9, 5, 5, 8, 8, 8, 8, 8, 8, 5, 5, 8, 8, 8, 8, 8, 8, 5, 5, 5, 5, 5, 5, 5, 5, 5, 5, 5, 5, 9, 9, 9, 9, 9, 9, 5, 5, 8, 8, 8, 8, 8, 8, 5, 5, 9, 9, 9, 9, 9, 9, 5, 5, 5, 5]
[5, 5, 5, 5, 9, 9, 9, 9, 9, 9, 5, 5, 8, 8, 8, 8, 8, 8, 5, 5, 8, 8, 8, 8, 8, 8, 5, 5, 5, 5, 5, 5, 5, 5, 5, 5, 5, 5, 9, 9, 9, 9, 9, 9, 5, 5, 8, 8, 8, 8, 8, 8, 5, 5, 9, 9, 9, 9, 9, 9, 5, 5, 5, 5]
[5, 5, 5, 5, 5, 5, 5, 5, 5, 5, 5, 5, 5, 5, 5, 5, 5, 5, 5, 5, 5, 5, 5, 5, 5, 5, 5, 5, 5, 5, 5, 5, 5, 5, 5, 5, 5, 5, 5, 5, 5, 5, 5, 5, 5, 5, 5, 5, 5, 5, 5, 5, 5, 5, 5, 5, 5, 5, 5, 5, 5, 5, 5, 5]
[5, 5, 5, 5, 5, 5, 5, 5, 5, 5, 5, 5, 5, 5, 5, 5, 5, 5, 5, 5, 5, 5, 5, 5, 5, 5, 5, 5, 5, 5, 5, 5, 5, 5, 5, 5, 5, 5, 5, 5, 5, 5, 5, 5, 5, 5, 5, 5, 5, 5, 5, 5, 5, 5, 5, 5, 5, 5, 5, 5, 5, 5, 5, 5]
[5, 5, 5, 5, 5, 5, 5, 5, 5, 5, 5, 5, 5, 5, 5, 5, 5, 5, 5, 5, 5, 5, 5, 5, 5, 5, 5, 5, 5, 5, 5, 5, 5, 5, 5, 5, 5, 5, 5, 5, 5, 5, 5, 5, 5, 5, 5, 5, 5, 5, 5, 5, 5, 5, 5, 5, 5, 5, 5, 5, 5, 5, 5, 5]
[5, 5, 5, 5, 5, 5, 5, 5, 5, 5, 5, 5, 5, 5, 5, 5, 5, 5, 5, 5, 5, 5, 5, 5, 5, 5, 5, 5, 5, 5, 5, 5, 5, 5, 5, 5, 5, 5, 5, 5, 5, 5, 5, 5, 5, 5, 5, 5, 5, 5, 5, 5, 5, 5, 5, 5, 5, 5, 5, 5, 5, 5, 5, 5]
[5, 5, 5, 5, 5, 5, 5, 5, 5, 5, 5, 5, 5, 5, 5, 5, 5, 5, 5, 5, 5, 5, 5, 5, 5, 5, 5, 5, 5, 5, 5, 5, 5, 5, 5, 5, 5, 5, 5, 5, 5, 5, 5, 5, 5, 5, 5, 5, 5, 5, 5, 5, 5, 5, 5, 5, 5, 5, 5, 5, 5, 5, 5, 5]
[5, 5, 5, 5, 5, 5, 5, 5, 5, 5, 5, 5, 5, 5, 5, 5, 5, 5, 5, 5, 5, 5, 5, 5, 5, 5, 5, 5, 5, 5, 5, 5, 5, 5, 5, 5, 5, 5, 5, 5, 5, 5, 5, 5, 5, 5, 5, 5, 5, 5, 5, 5, 5, 5, 5, 5, 5, 5, 5, 5, 5, 5, 5, 5]
[5, 5, 5, 5, 5, 5, 5, 5, 5, 5, 5, 5, 5, 5, 5, 5, 5, 5, 5, 5, 5, 5, 5, 5, 5, 5, 5, 5, 5, 5, 5, 5, 5, 5, 5, 5, 5, 5, 5, 5, 5, 5, 5, 5, 5, 5, 5, 5, 5, 5, 5, 5, 5, 5, 5, 5, 5, 5, 5, 5, 5, 5, 5, 5]
[5, 5, 5, 5, 5, 5, 5, 5, 5, 5, 5, 5, 5, 5, 5, 5, 5, 5, 5, 5, 5, 5, 5, 5, 5, 5, 5, 5, 5, 5, 5, 5, 5, 5, 5, 5, 5, 5, 5, 5, 5, 5, 5, 5, 5, 5, 5, 5, 5, 5, 5, 5, 5, 5, 5, 5, 5, 5, 5, 5, 5, 5, 5, 5]
[5, 5, 5, 5, 5, 5, 5, 5, 5, 5, 5, 5, 5, 5, 5, 5, 5, 5, 5, 5, 5, 5, 5, 5, 5, 5, 5, 5, 5, 5, 5, 5, 2, 2, 2, 2, 2, 2, 4, 4, 4, 4, 4, 4, 4, 4, 4, 4, 4, 4, 4, 4, 4, 4, 4, 4, 2, 2, 2, 2, 2, 2, 5, 5]
[5, 5, 5, 5, 5, 5, 5, 5, 5, 5, 5, 5, 5, 5, 5, 5, 5, 5, 5, 5, 5, 5, 5, 5, 5, 5, 5, 5, 5, 5, 5, 5, 2, 2, 2, 2, 2, 2, 4, 4, 4, 4, 4, 4, 4, 4, 4, 4, 4, 4, 4, 4, 4, 4, 4, 4, 2, 2, 2, 2, 2, 2, 5, 5]
[5, 5, 5, 5, 5, 5, 5, 5, 5, 5, 5, 5, 5, 5, 5, 5, 5, 5, 5, 5, 5, 5, 5, 5, 5, 5, 5, 5, 5, 5, 5, 5, 2, 2, 4, 4, 4, 4, 4, 4, 4, 4, 4, 4, 4, 4, 4, 4, 4, 4, 4, 4, 4, 4, 4, 4, 4, 4, 4, 4, 2, 2, 5, 5]
[5, 5, 5, 5, 5, 5, 5, 5, 5, 5, 5, 5, 5, 5, 5, 5, 5, 5, 5, 5, 5, 5, 5, 5, 5, 5, 5, 5, 5, 5, 5, 5, 2, 2, 4, 4, 4, 4, 4, 4, 4, 4, 4, 4, 4, 4, 4, 4, 4, 4, 4, 4, 4, 4, 4, 4, 4, 4, 4, 4, 2, 2, 5, 5]
[5, 5, 5, 5, 8, 8, 8, 8, 8, 8, 5, 5, 9, 9, 9, 9, 9, 9, 5, 5, 9, 9, 9, 9, 9, 9, 5, 5, 5, 5, 5, 5, 2, 2, 4, 4, 9, 9, 9, 9, 9, 9, 4, 4, 8, 8, 8, 8, 8, 8, 4, 4, 9, 9, 9, 9, 9, 9, 4, 4, 2, 2, 5, 5]
[5, 5, 5, 5, 8, 8, 8, 8, 8, 8, 5, 5, 9, 9, 9, 9, 9, 9, 5, 5, 9, 9, 9, 9, 9, 9, 5, 5, 5, 5, 5, 5, 2, 2, 4, 4, 9, 9, 9, 9, 9, 9, 4, 4, 8, 8, 8, 8, 8, 8, 4, 4, 9, 9, 9, 9, 9, 9, 4, 4, 2, 2, 5, 5]
[5, 5, 5, 5, 8, 8, 8, 8, 8, 8, 5, 5, 9, 9, 9, 9, 9, 9, 5, 5, 9, 9, 9, 9, 9, 9, 5, 5, 5, 5, 5, 5, 4, 4, 4, 4, 9, 9, 9, 9, 9, 9, 4, 4, 8, 8, 8, 8, 8, 8, 4, 4, 9, 9, 9, 9, 9, 9, 4, 4, 4, 4, 5, 5]
[5, 5, 5, 5, 8, 8, 8, 8, 8, 8, 5, 5, 9, 9, 9, 9, 9, 9, 5, 5, 9, 9, 9, 9, 9, 9, 5, 5, 5, 5, 5, 5, 4, 4, 4, 4, 9, 9, 9, 9, 9, 9, 4, 4, 8, 8, 8, 8, 8, 8, 4, 4, 9, 9, 9, 9, 9, 9, 4, 4, 4, 4, 5, 5]
[5, 5, 5, 5, 8, 8, 8, 8, 8, 8, 5, 5, 9, 9, 9, 9, 9, 9, 5, 5, 9, 9, 9, 9, 9, 9, 5, 5, 5, 5, 5, 5, 4, 4, 4, 4, 9, 9, 9, 9, 9, 9, 4, 4, 8, 8, 8, 8, 8, 8, 4, 4, 9, 9, 9, 9, 9, 9, 4, 4, 4, 4, 5, 5]
[5, 5, 5, 5, 8, 8, 8, 8, 8, 8, 5, 5, 9, 9, 9, 9, 9, 9, 5, 5, 9, 9, 9, 9, 9, 9, 5, 5, 5, 5, 5, 5, 4, 4, 4, 4, 9, 9, 9, 9, 9, 9, 4, 4, 8, 8, 8, 8, 8, 8, 4, 4, 9, 9, 9, 9, 9, 9, 4, 4, 4, 4, 5, 5]
[5, 5, 5, 5, 5, 5, 5, 5, 5, 5, 5, 5, 5, 5, 5, 5, 5, 5, 5, 5, 5, 5, 5, 5, 5, 5, 5, 5, 5, 5, 5, 5, 4, 4, 4, 4, 4, 4, 4, 4, 4, 4, 4, 4, 4, 4, 4, 4, 4, 4, 4, 4, 4, 4, 4, 4, 4, 4, 4, 4, 4, 4, 5, 5]
[5, 5, 5, 5, 5, 5, 5, 5, 5, 5, 5, 5, 5, 5, 5, 5, 5, 5, 5, 5, 5, 5, 5, 5, 5, 5, 5, 5, 5, 5, 5, 5, 4, 4, 4, 4, 4, 4, 4, 4, 4, 4, 4, 4, 4, 4, 4, 4, 4, 4, 4, 4, 4, 4, 4, 4, 4, 4, 4, 4, 4, 4, 5, 5]
[5, 5, 5, 5, 8, 8, 8, 8, 8, 8, 5, 5, 0, 0, 2, 2, 2, 2, 5, 5, 8, 8, 8, 8, 8, 8, 5, 5, 5, 5, 5, 5, 4, 4, 4, 4, 9, 9, 9, 9, 9, 9, 4, 4, 0, 0, 2, 2, 2, 2, 4, 4, 8, 8, 8, 8, 8, 8, 4, 4, 4, 4, 5, 5]
[5, 5, 5, 5, 8, 8, 8, 8, 8, 8, 5, 5, 0, 0, 2, 2, 2, 2, 5, 5, 8, 8, 8, 8, 8, 8, 5, 5, 5, 5, 5, 5, 4, 4, 4, 4, 9, 9, 9, 9, 9, 9, 4, 4, 0, 0, 2, 2, 2, 2, 4, 4, 8, 8, 8, 8, 8, 8, 4, 4, 4, 4, 5, 5]
[5, 5, 5, 5, 8, 8, 8, 8, 8, 8, 5, 5, 0, 0, 8, 8, 0, 0, 5, 5, 8, 8, 8, 8, 8, 8, 5, 5, 5, 5, 5, 5, 4, 4, 4, 4, 9, 9, 9, 9, 9, 9, 4, 4, 0, 0, 8, 8, 0, 0, 4, 4, 8, 8, 8, 8, 8, 8, 4, 4, 4, 4, 5, 5]
[5, 5, 5, 5, 8, 8, 8, 8, 8, 8, 5, 5, 0, 0, 8, 8, 0, 0, 5, 5, 8, 8, 8, 8, 8, 8, 5, 5, 5, 5, 5, 5, 4, 4, 4, 4, 9, 9, 9, 9, 9, 9, 4, 4, 0, 0, 8, 8, 0, 0, 4, 4, 8, 8, 8, 8, 8, 8, 4, 4, 4, 4, 5, 5]
[5, 5, 5, 5, 8, 8, 8, 8, 8, 8, 5, 5, 2, 2, 2, 2, 0, 0, 5, 5, 8, 8, 8, 8, 8, 8, 5, 5, 5, 5, 5, 5, 4, 4, 4, 4, 9, 9, 9, 9, 9, 9, 4, 4, 0, 0, 2, 2, 2, 2, 4, 4, 8, 8, 8, 8, 8, 8, 4, 4, 4, 4, 5, 5]
[5, 5, 5, 5, 8, 8, 8, 8, 8, 8, 5, 5, 2, 2, 2, 2, 0, 0, 5, 5, 8, 8, 8, 8, 8, 8, 5, 5, 5, 5, 5, 5, 4, 4, 4, 4, 9, 9, 9, 9, 9, 9, 4, 4, 0, 0, 2, 2, 2, 2, 4, 4, 8, 8, 8, 8, 8, 8, 4, 4, 4, 4, 5, 5]
[5, 5, 5, 5, 5, 5, 5, 5, 5, 5, 5, 5, 5, 5, 5, 5, 5, 5, 5, 5, 5, 5, 5, 5, 5, 5, 5, 5, 5, 5, 5, 5, 4, 4, 4, 4, 4, 4, 4, 4, 4, 4, 4, 4, 4, 4, 4, 4, 4, 4, 4, 4, 4, 4, 4, 4, 4, 4, 4, 4, 4, 4, 5, 5]
[5, 5, 5, 5, 5, 5, 5, 5, 5, 5, 5, 5, 5, 5, 5, 5, 5, 5, 5, 5, 5, 5, 5, 5, 5, 5, 5, 5, 5, 5, 5, 5, 4, 4, 4, 4, 4, 4, 4, 4, 4, 4, 4, 4, 4, 4, 4, 4, 4, 4, 4, 4, 4, 4, 4, 4, 4, 4, 4, 4, 4, 4, 5, 5]
[5, 5, 5, 5, 9, 9, 9, 9, 9, 9, 5, 5, 9, 9, 9, 9, 9, 9, 5, 5, 8, 8, 8, 8, 8, 8, 5, 5, 5, 5, 5, 5, 4, 4, 4, 4, 8, 8, 8, 8, 8, 8, 4, 4, 9, 9, 9, 9, 9, 9, 4, 4, 8, 8, 8, 8, 8, 8, 4, 4, 4, 4, 5, 5]
[5, 5, 5, 5, 9, 9, 9, 9, 9, 9, 5, 5, 9, 9, 9, 9, 9, 9, 5, 5, 8, 8, 8, 8, 8, 8, 5, 5, 5, 5, 5, 5, 4, 4, 4, 4, 8, 8, 8, 8, 8, 8, 4, 4, 9, 9, 9, 9, 9, 9, 4, 4, 8, 8, 8, 8, 8, 8, 4, 4, 4, 4, 5, 5]
[5, 5, 5, 5, 9, 9, 9, 9, 9, 9, 5, 5, 9, 9, 9, 9, 9, 9, 5, 5, 8, 8, 8, 8, 8, 8, 5, 5, 5, 5, 5, 5, 4, 4, 4, 4, 8, 8, 8, 8, 8, 8, 4, 4, 9, 9, 9, 9, 9, 9, 4, 4, 8, 8, 8, 8, 8, 8, 4, 4, 4, 4, 5, 5]
[5, 5, 5, 5, 9, 9, 9, 9, 9, 9, 5, 5, 9, 9, 9, 9, 9, 9, 5, 5, 8, 8, 8, 8, 8, 8, 5, 5, 5, 5, 5, 5, 4, 4, 4, 4, 8, 8, 8, 8, 8, 8, 4, 4, 9, 9, 9, 9, 9, 9, 4, 4, 8, 8, 8, 8, 8, 8, 4, 4, 4, 4, 5, 5]
[5, 5, 5, 5, 9, 9, 9, 9, 9, 9, 5, 5, 9, 9, 9, 9, 9, 9, 5, 5, 8, 8, 8, 8, 8, 8, 5, 5, 5, 5, 5, 5, 2, 2, 4, 4, 8, 8, 8, 8, 8, 8, 4, 4, 9, 9, 9, 9, 9, 9, 4, 4, 8, 8, 8, 8, 8, 8, 4, 4, 2, 2, 5, 5]
[5, 5, 5, 5, 9, 9, 9, 9, 9, 9, 5, 5, 9, 9, 9, 9, 9, 9, 5, 5, 8, 8, 8, 8, 8, 8, 5, 5, 5, 5, 5, 5, 2, 2, 4, 4, 8, 8, 8, 8, 8, 8, 4, 4, 9, 9, 9, 9, 9, 9, 4, 4, 8, 8, 8, 8, 8, 8, 4, 4, 2, 2, 5, 5]
[5, 5, 5, 5, 5, 5, 5, 5, 5, 5, 5, 5, 5, 5, 5, 5, 5, 5, 5, 5, 5, 5, 5, 5, 5, 5, 5, 5, 5, 5, 5, 5, 2, 2, 4, 4, 4, 4, 4, 4, 4, 4, 4, 4, 4, 4, 4, 4, 4, 4, 4, 4, 4, 4, 4, 4, 4, 4, 4, 4, 2, 2, 5, 5]
[5, 5, 5, 5, 5, 5, 5, 5, 5, 5, 5, 5, 5, 5, 5, 5, 5, 5, 5, 5, 5, 5, 5, 5, 5, 5, 5, 5, 5, 5, 5, 5, 2, 2, 4, 4, 4, 4, 4, 4, 4, 4, 4, 4, 4, 4, 4, 4, 4, 4, 4, 4, 4, 4, 4, 4, 4, 4, 4, 4, 2, 2, 5, 5]
[5, 5, 5, 5, 5, 5, 5, 5, 5, 5, 5, 5, 5, 5, 5, 5, 5, 5, 5, 5, 5, 5, 5, 5, 5, 5, 5, 5, 5, 5, 5, 5, 2, 2, 2, 2, 2, 2, 4, 4, 4, 4, 4, 4, 4, 4, 4, 4, 4, 4, 4, 4, 4, 4, 4, 4, 2, 2, 2, 2, 2, 2, 5, 5]
[5, 5, 5, 5, 5, 5, 5, 5, 5, 5, 5, 5, 5, 5, 5, 5, 5, 5, 5, 5, 5, 5, 5, 5, 5, 5, 5, 5, 5, 5, 5, 5, 2, 2, 2, 2, 2, 2, 4, 4, 4, 4, 4, 4, 4, 4, 4, 4, 4, 4, 4, 4, 4, 4, 4, 4, 2, 2, 2, 2, 2, 2, 5, 5]
[5, 5, 5, 5, 5, 5, 5, 5, 5, 5, 5, 5, 5, 5, 5, 5, 5, 5, 5, 5, 5, 5, 5, 5, 5, 5, 5, 5, 5, 5, 5, 5, 5, 5, 5, 5, 5, 5, 5, 5, 5, 5, 5, 5, 5, 5, 5, 5, 5, 5, 5, 5, 5, 5, 5, 5, 5, 5, 5, 5, 5, 5, 5, 5]
[12, 12, 12, 12, 12, 12, 12, 12, 11, 11, 11, 11, 11, 11, 11, 11, 11, 11, 11, 11, 11, 11, 11, 11, 11, 11, 11, 11, 11, 11, 11, 11, 11, 11, 11, 11, 11, 11, 11, 11, 11, 11, 11, 11, 11, 11, 11, 11, 11, 11, 11, 11, 11, 11, 11, 11, 11, 11, 11, 11, 11, 11, 11, 11]
</grid_0>
",,0.0,False
29,ACTION6 x=48 y=38,manual,"State: NOT_FINISHED
Levels completed: 0/6
Action count: 29

========== Start of Direct Observation ==========
<grid_0>
[5, 5, 5, 5, 5, 5, 5, 5, 5, 5, 5, 5, 5, 5, 5, 5, 5, 5, 5, 5, 5, 5, 5, 5, 5, 5, 5, 5, 5, 5, 5, 5, 5, 5, 5, 5, 5, 5, 5, 5, 5, 5, 5, 5, 5, 5, 5, 5, 5, 5, 5, 5, 5, 5, 5, 5, 5, 5, 5, 5, 5, 5, 5, 5]
[5, 5, 5, 5, 5, 5, 5, 5, 5, 5, 5, 5, 5, 5, 5, 5, 5, 5, 5, 5, 5, 5, 5, 5, 5, 5, 5, 5, 5, 5, 5, 5, 5, 5, 5, 5, 5, 5, 5, 5, 5, 5, 5, 5, 5, 5, 5, 5, 5, 5, 5, 5, 5, 5, 5, 5, 5, 5, 5, 5, 5, 5, 5, 5]
[5, 5, 5, 5, 9, 9, 9, 9, 9, 9, 5, 5, 8, 8, 8, 8, 8, 8, 5, 5, 9, 9, 9, 9, 9, 9, 5, 5, 5, 5, 5, 5, 5, 5, 5, 5, 5, 5, 9, 9, 9, 9, 9, 9, 5, 5, 8, 8, 8, 8, 8, 8, 5, 5, 9, 9, 9, 9, 9, 9, 5, 5, 5, 5]
[5, 5, 5, 5, 9, 9, 9, 9, 9, 9, 5, 5, 8, 8, 8, 8, 8, 8, 5, 5, 9, 9, 9, 9, 9, 9, 5, 5, 5, 5, 5, 5, 5, 5, 5, 5, 5, 5, 9, 9, 9, 9, 9, 9, 5, 5, 8, 8, 8, 8, 8, 8, 5, 5, 9, 9, 9, 9, 9, 9, 5, 5, 5, 5]
[5, 5, 5, 5, 9, 9, 9, 9, 9, 9, 5, 5, 8, 8, 8, 8, 8, 8, 5, 5, 9, 9, 9, 9, 9, 9, 5, 5, 5, 5, 5, 5, 5, 5, 5, 5, 5, 5, 9, 9, 9, 9, 9, 9, 5, 5, 8, 8, 8, 8, 8, 8, 5, 5, 9, 9, 9, 9, 9, 9, 5, 5, 5, 5]
[5, 5, 5, 5, 9, 9, 9, 9, 9, 9, 5, 5, 8, 8, 8, 8, 8, 8, 5, 5, 9, 9, 9, 9, 9, 9, 5, 5, 5, 5, 5, 5, 5, 5, 5, 5, 5, 5, 9, 9, 9, 9, 9, 9, 5, 5, 8, 8, 8, 8, 8, 8, 5, 5, 9, 9, 9, 9, 9, 9, 5, 5, 5, 5]
[5, 5, 5, 5, 9, 9, 9, 9, 9, 9, 5, 5, 8, 8, 8, 8, 8, 8, 5, 5, 9, 9, 9, 9, 9, 9, 5, 5, 5, 5, 5, 5, 5, 5, 5, 5, 5, 5, 9, 9, 9, 9, 9, 9, 5, 5, 8, 8, 8, 8, 8, 8, 5, 5, 9, 9, 9, 9, 9, 9, 5, 5, 5, 5]
[5, 5, 5, 5, 9, 9, 9, 9, 9, 9, 5, 5, 8, 8, 8, 8, 8, 8, 5, 5, 9, 9, 9, 9, 9, 9, 5, 5, 5, 5, 5, 5, 5, 5, 5, 5, 5, 5, 9, 9, 9, 9, 9, 9, 5, 5, 8, 8, 8, 8, 8, 8, 5, 5, 9, 9, 9, 9, 9, 9, 5, 5, 5, 5]
[5, 5, 5, 5, 5, 5, 5, 5, 5, 5, 5, 5, 5, 5, 5, 5, 5, 5, 5, 5, 5, 5, 5, 5, 5, 5, 5, 5, 5, 5, 5, 5, 5, 5, 5, 5, 5, 5, 5, 5, 5, 5, 5, 5, 5, 5, 5, 5, 5, 5, 5, 5, 5, 5, 5, 5, 5, 5, 5, 5, 5, 5, 5, 5]
[5, 5, 5, 5, 5, 5, 5, 5, 5, 5, 5, 5, 5, 5, 5, 5, 5, 5, 5, 5, 5, 5, 5, 5, 5, 5, 5, 5, 5, 5, 5, 5, 5, 5, 5, 5, 5, 5, 5, 5, 5, 5, 5, 5, 5, 5, 5, 5, 5, 5, 5, 5, 5, 5, 5, 5, 5, 5, 5, 5, 5, 5, 5, 5]
[5, 5, 5, 5, 8, 8, 8, 8, 8, 8, 5, 5, 2, 2, 0, 0, 2, 2, 5, 5, 9, 9, 9, 9, 9, 9, 5, 5, 5, 5, 5, 5, 5, 5, 5, 5, 5, 5, 8, 8, 8, 8, 8, 8, 5, 5, 2, 2, 0, 0, 2, 2, 5, 5, 8, 8, 8, 8, 8, 8, 5, 5, 5, 5]
[5, 5, 5, 5, 8, 8, 8, 8, 8, 8, 5, 5, 2, 2, 0, 0, 2, 2, 5, 5, 9, 9, 9, 9, 9, 9, 5, 5, 5, 5, 5, 5, 5, 5, 5, 5, 5, 5, 8, 8, 8, 8, 8, 8, 5, 5, 2, 2, 0, 0, 2, 2, 5, 5, 8, 8, 8, 8, 8, 8, 5, 5, 5, 5]
[5, 5, 5, 5, 8, 8, 8, 8, 8, 8, 5, 5, 0, 0, 8, 8, 2, 2, 5, 5, 9, 9, 9, 9, 9, 9, 5, 5, 5, 5, 5, 5, 5, 5, 5, 5, 5, 5, 8, 8, 8, 8, 8, 8, 5, 5, 0, 0, 8, 8, 0, 0, 5, 5, 8, 8, 8, 8, 8, 8, 5, 5, 5, 5]
[5, 5, 5, 5, 8, 8, 8, 8, 8, 8, 5, 5, 0, 0, 8, 8, 2, 2, 5, 5, 9, 9, 9, 9, 9, 9, 5, 5, 5, 5, 5, 5, 5, 5, 5, 5, 5, 5, 8, 8, 8, 8, 8, 8, 5, 5, 0, 0, 8, 8, 0, 0, 5, 5, 8, 8, 8, 8, 8, 8, 5, 5, 5, 5]
[5, 5, 5, 5, 8, 8, 8, 8, 8, 8, 5, 5, 2, 2, 0, 0, 0, 0, 5, 5, 9, 9, 9, 9, 9, 9, 5, 5, 5, 5, 5, 5, 5, 5, 5, 5, 5, 5, 8, 8, 8, 8, 8, 8, 5, 5, 2, 2, 0, 0, 2, 2, 5, 5, 8, 8, 8, 8, 8, 8, 5, 5, 5, 5]
[5, 5, 5, 5, 8, 8, 8, 8, 8, 8, 5, 5, 2, 2, 0, 0, 0, 0, 5, 5, 9, 9, 9, 9, 9, 9, 5, 5, 5, 5, 5, 5, 5, 5, 5, 5, 5, 5, 8, 8, 8, 8, 8, 8, 5, 5, 2, 2, 0, 0, 2, 2, 5, 5, 8, 8, 8, 8, 8, 8, 5, 5, 5, 5]
[5, 5, 5, 5, 5, 5, 5, 5, 5, 5, 5, 5, 5, 5, 5, 5, 5, 5, 5, 5, 5, 5, 5, 5, 5, 5, 5, 5, 5, 5, 5, 5, 5, 5, 5, 5, 5, 5, 5, 5, 5, 5, 5, 5, 5, 5, 5, 5, 5, 5, 5, 5, 5, 5, 5, 5, 5, 5, 5, 5, 5, 5, 5, 5]
[5, 5, 5, 5, 5, 5, 5, 5, 5, 5, 5, 5, 5, 5, 5, 5, 5, 5, 5, 5, 5, 5, 5, 5, 5, 5, 5, 5, 5, 5, 5, 5, 5, 5, 5, 5, 5, 5, 5, 5, 5, 5, 5, 5, 5, 5, 5, 5, 5, 5, 5, 5, 5, 5, 5, 5, 5, 5, 5, 5, 5, 5, 5, 5]
[5, 5, 5, 5, 9, 9, 9, 9, 9, 9, 5, 5, 8, 8, 8, 8, 8, 8, 5, 5, 8, 8, 8, 8, 8, 8, 5, 5, 5, 5, 5, 5, 5, 5, 5, 5, 5, 5, 9, 9, 9, 9, 9, 9, 5, 5, 8, 8, 8, 8, 8, 8, 5, 5, 9, 9, 9, 9, 9, 9, 5, 5, 5, 5]
[5, 5, 5, 5, 9, 9, 9, 9, 9, 9, 5, 5, 8, 8, 8, 8, 8, 8, 5, 5, 8, 8, 8, 8, 8, 8, 5, 5, 5, 5, 5, 5, 5, 5, 5, 5, 5, 5, 9, 9, 9, 9, 9, 9, 5, 5, 8, 8, 8, 8, 8, 8, 5, 5, 9, 9, 9, 9, 9, 9, 5, 5, 5, 5]
[5, 5, 5, 5, 9, 9, 9, 9, 9, 9, 5, 5, 8, 8, 8, 8, 8, 8, 5, 5, 8, 8, 8, 8, 8, 8, 5, 5, 5, 5, 5, 5, 5, 5, 5, 5, 5, 5, 9, 9, 9, 9, 9, 9, 5, 5, 8, 8, 8, 8, 8, 8, 5, 5, 9, 9, 9, 9, 9, 9, 5, 5, 5, 5]
[5, 5, 5, 5, 9, 9, 9, 9, 9, 9, 5, 5, 8, 8, 8, 8, 8, 8, 5, 5, 8, 8, 8, 8, 8, 8, 5, 5, 5, 5, 5, 5, 5, 5, 5, 5, 5, 5, 9, 9, 9, 9, 9, 9, 5, 5, 8, 8, 8, 8, 8, 8, 5, 5, 9, 9, 9, 9, 9, 9, 5, 5, 5, 5]
[5, 5, 5, 5, 9, 9, 9, 9, 9, 9, 5, 5, 8, 8, 8, 8, 8, 8, 5, 5, 8, 8, 8, 8, 8, 8, 5, 5, 5, 5, 5, 5, 5, 5, 5, 5, 5, 5, 9, 9, 9, 9, 9, 9, 5, 5, 8, 8, 8, 8, 8, 8, 5, 5, 9, 9, 9, 9, 9, 9, 5, 5, 5, 5]
[5, 5, 5, 5, 9, 9, 9, 9, 9, 9, 5, 5, 8, 8, 8, 8, 8, 8, 5, 5, 8, 8, 8, 8, 8, 8, 5, 5, 5, 5, 5, 5, 5, 5, 5, 5, 5, 5, 9, 9, 9, 9, 9, 9, 5, 5, 8, 8, 8, 8, 8, 8, 5, 5, 9, 9, 9, 9, 9, 9, 5, 5, 5, 5]
[5, 5, 5, 5, 5, 5, 5, 5, 5, 5, 5, 5, 5, 5, 5, 5, 5, 5, 5, 5, 5, 5, 5, 5, 5, 5, 5, 5, 5, 5, 5, 5, 5, 5, 5, 5, 5, 5, 5, 5, 5, 5, 5, 5, 5, 5, 5, 5, 5, 5, 5, 5, 5, 5, 5, 5, 5, 5, 5, 5, 5, 5, 5, 5]
[5, 5, 5, 5, 5, 5, 5, 5, 5, 5, 5, 5, 5, 5, 5, 5, 5, 5, 5, 5, 5, 5, 5, 5, 5, 5, 5, 5, 5, 5, 5, 5, 5, 5, 5, 5, 5, 5, 5, 5, 5, 5, 5, 5, 5, 5, 5, 5, 5, 5, 5, 5, 5, 5, 5, 5, 5, 5, 5, 5, 5, 5, 5, 5]
[5, 5, 5, 5, 5, 5, 5, 5, 5, 5, 5, 5, 5, 5, 5, 5, 5, 5, 5, 5, 5, 5, 5, 5, 5, 5, 5, 5, 5, 5, 5, 5, 5, 5, 5, 5, 5, 5, 5, 5, 5, 5, 5, 5, 5, 5, 5, 5, 5, 5, 5, 5, 5, 5, 5, 5, 5, 5, 5, 5, 5, 5, 5, 5]
[5, 5, 5, 5, 5, 5, 5, 5, 5, 5, 5, 5, 5, 5, 5, 5, 5, 5, 5, 5, 5, 5, 5, 5, 5, 5, 5, 5, 5, 5, 5, 5, 5, 5, 5, 5, 5, 5, 5, 5, 5, 5, 5, 5, 5, 5, 5, 5, 5, 5, 5, 5, 5, 5, 5, 5, 5, 5, 5, 5, 5, 5, 5, 5]
[5, 5, 5, 5, 5, 5, 5, 5, 5, 5, 5, 5, 5, 5, 5, 5, 5, 5, 5, 5, 5, 5, 5, 5, 5, 5, 5, 5, 5, 5, 5, 5, 5, 5, 5, 5, 5, 5, 5, 5, 5, 5, 5, 5, 5, 5, 5, 5, 5, 5, 5, 5, 5, 5, 5, 5, 5, 5, 5, 5, 5, 5, 5, 5]
[5, 5, 5, 5, 5, 5, 5, 5, 5, 5, 5, 5, 5, 5, 5, 5, 5, 5, 5, 5, 5, 5, 5, 5, 5, 5, 5, 5, 5, 5, 5, 5, 5, 5, 5, 5, 5, 5, 5, 5, 5, 5, 5, 5, 5, 5, 5, 5, 5, 5, 5, 5, 5, 5, 5, 5, 5, 5, 5, 5, 5, 5, 5, 5]
[5, 5, 5, 5, 5, 5, 5, 5, 5, 5, 5, 5, 5, 5, 5, 5, 5, 5, 5, 5, 5, 5, 5, 5, 5, 5, 5, 5, 5, 5, 5, 5, 5, 5, 5, 5, 5, 5, 5, 5, 5, 5, 5, 5, 5, 5, 5, 5, 5, 5, 5, 5, 5, 5, 5, 5, 5, 5, 5, 5, 5, 5, 5, 5]
[5, 5, 5, 5, 5, 5, 5, 5, 5, 5, 5, 5, 5, 5, 5, 5, 5, 5, 5, 5, 5, 5, 5, 5, 5, 5, 5, 5, 5, 5, 5, 5, 5, 5, 5, 5, 5, 5, 5, 5, 5, 5, 5, 5, 5, 5, 5, 5, 5, 5, 5, 5, 5, 5, 5, 5, 5, 5, 5, 5, 5, 5, 5, 5]
[5, 5, 5, 5, 5, 5, 5, 5, 5, 5, 5, 5, 5, 5, 5, 5, 5, 5, 5, 5, 5, 5, 5, 5, 5, 5, 5, 5, 5, 5, 5, 5, 2, 2, 2, 2, 2, 2, 4, 4, 4, 4, 4, 4, 4, 4, 4, 4, 4, 4, 4, 4, 4, 4, 4, 4, 2, 2, 2, 2, 2, 2, 5, 5]
[5, 5, 5, 5, 5, 5, 5, 5, 5, 5, 5, 5, 5, 5, 5, 5, 5, 5, 5, 5, 5, 5, 5, 5, 5, 5, 5, 5, 5, 5, 5, 5, 2, 2, 2, 2, 2, 2, 4, 4, 4, 4, 4, 4, 4, 4, 4, 4, 4, 4, 4, 4, 4, 4, 4, 4, 2, 2, 2, 2, 2, 2, 5, 5]
[5, 5, 5, 5, 5, 5, 5, 5, 5, 5, 5, 5, 5, 5, 5, 5, 5, 5, 5, 5, 5, 5, 5, 5, 5, 5, 5, 5, 5, 5, 5, 5, 2, 2, 4, 4, 4, 4, 4, 4, 4, 4, 4, 4, 4, 4, 4, 4, 4, 4, 4, 4, 4, 4, 4, 4, 4, 4, 4, 4, 2, 2, 5, 5]
[5, 5, 5, 5, 5, 5, 5, 5, 5, 5, 5, 5, 5, 5, 5, 5, 5, 5, 5, 5, 5, 5, 5, 5, 5, 5, 5, 5, 5, 5, 5, 5, 2, 2, 4, 4, 4, 4, 4, 4, 4, 4, 4, 4, 4, 4, 4, 4, 4, 4, 4, 4, 4, 4, 4, 4, 4, 4, 4, 4, 2, 2, 5, 5]
[5, 5, 5, 5, 8, 8, 8, 8, 8, 8, 5, 5, 9, 9, 9, 9, 9, 9, 5, 5, 9, 9, 9, 9, 9, 9, 5, 5, 5, 5, 5, 5, 2, 2, 4, 4, 9, 9, 9, 9, 9, 9, 4, 4, 8, 8, 8, 8, 8, 8, 4, 4, 9, 9, 9, 9, 9, 9, 4, 4, 2, 2, 5, 5]
[5, 5, 5, 5, 8, 8, 8, 8, 8, 8, 5, 5, 9, 9, 9, 9, 9, 9, 5, 5, 9, 9, 9, 9, 9, 9, 5, 5, 5, 5, 5, 5, 2, 2, 4, 4, 9, 9, 9, 9, 9, 9, 4, 4, 8, 8, 8, 8, 8, 8, 4, 4, 9, 9, 9, 9, 9, 9, 4, 4, 2, 2, 5, 5]
[5, 5, 5, 5, 8, 8, 8, 8, 8, 8, 5, 5, 9, 9, 9, 9, 9, 9, 5, 5, 9, 9, 9, 9, 9, 9, 5, 5, 5, 5, 5, 5, 4, 4, 4, 4, 9, 9, 9, 9, 9, 9, 4, 4, 8, 8, 8, 8, 8, 8, 4, 4, 9, 9, 9, 9, 9, 9, 4, 4, 4, 4, 5, 5]
[5, 5, 5, 5, 8, 8, 8, 8, 8, 8, 5, 5, 9, 9, 9, 9, 9, 9, 5, 5, 9, 9, 9, 9, 9, 9, 5, 5, 5, 5, 5, 5, 4, 4, 4, 4, 9, 9, 9, 9, 9, 9, 4, 4, 8, 8, 8, 8, 8, 8, 4, 4, 9, 9, 9, 9, 9, 9, 4, 4, 4, 4, 5, 5]
[5, 5, 5, 5, 8, 8, 8, 8, 8, 8, 5, 5, 9, 9, 9, 9, 9, 9, 5, 5, 9, 9, 9, 9, 9, 9, 5, 5, 5, 5, 5, 5, 4, 4, 4, 4, 9, 9, 9, 9, 9, 9, 4, 4, 8, 8, 8, 8, 8, 8, 4, 4, 9, 9, 9, 9, 9, 9, 4, 4, 4, 4, 5, 5]
[5, 5, 5, 5, 8, 8, 8, 8, 8, 8, 5, 5, 9, 9, 9, 9, 9, 9, 5, 5, 9, 9, 9, 9, 9, 9, 5, 5, 5, 5, 5, 5, 4, 4, 4, 4, 9, 9, 9, 9, 9, 9, 4, 4, 8, 8, 8, 8, 8, 8, 4, 4, 9, 9, 9, 9, 9, 9, 4, 4, 4, 4, 5, 5]
[5, 5, 5, 5, 5, 5, 5, 5, 5, 5, 5, 5, 5, 5, 5, 5, 5, 5, 5, 5, 5, 5, 5, 5, 5, 5, 5, 5, 5, 5, 5, 5, 4, 4, 4, 4, 4, 4, 4, 4, 4, 4, 4, 4, 4, 4, 4, 4, 4, 4, 4, 4, 4, 4, 4, 4, 4, 4, 4, 4, 4, 4, 5, 5]
[5, 5, 5, 5, 5, 5, 5, 5, 5, 5, 5, 5, 5, 5, 5, 5, 5, 5, 5, 5, 5, 5, 5, 5, 5, 5, 5, 5, 5, 5, 5, 5, 4, 4, 4, 4, 4, 4, 4, 4, 4, 4, 4, 4, 4, 4, 4, 4, 4, 4, 4, 4, 4, 4, 4, 4, 4, 4, 4, 4, 4, 4, 5, 5]
[5, 5, 5, 5, 8, 8, 8, 8, 8, 8, 5, 5, 0, 0, 2, 2, 2, 2, 5, 5, 8, 8, 8, 8, 8, 8, 5, 5, 5, 5, 5, 5, 4, 4, 4, 4, 9, 9, 9, 9, 9, 9, 4, 4, 0, 0, 2, 2, 2, 2, 4, 4, 8, 8, 8, 8, 8, 8, 4, 4, 4, 4, 5, 5]
[5, 5, 5, 5, 8, 8, 8, 8, 8, 8, 5, 5, 0, 0, 2, 2, 2, 2, 5, 5, 8, 8, 8, 8, 8, 8, 5, 5, 5, 5, 5, 5, 4, 4, 4, 4, 9, 9, 9, 9, 9, 9, 4, 4, 0, 0, 2, 2, 2, 2, 4, 4, 8, 8, 8, 8, 8, 8, 4, 4, 4, 4, 5, 5]
[5, 5, 5, 5, 8, 8, 8, 8, 8, 8, 5, 5, 0, 0, 8, 8, 0, 0, 5, 5, 8, 8, 8, 8, 8, 8, 5, 5, 5, 5, 5, 5, 4, 4, 4, 4, 9, 9, 9, 9, 9, 9, 4, 4, 0, 0, 8, 8, 0, 0, 4, 4, 8, 8, 8, 8, 8, 8, 4, 4, 4, 4, 5, 5]
[5, 5, 5, 5, 8, 8, 8, 8, 8, 8, 5, 5, 0, 0, 8, 8, 0, 0, 5, 5, 8, 8, 8, 8, 8, 8, 5, 5, 5, 5, 5, 5, 4, 4, 4, 4, 9, 9, 9, 9, 9, 9, 4, 4, 0, 0, 8, 8, 0, 0, 4, 4, 8, 8, 8, 8, 8, 8, 4, 4, 4, 4, 5, 5]
[5, 5, 5, 5, 8, 8, 8, 8, 8, 8, 5, 5, 2, 2, 2, 2, 0, 0, 5, 5, 8, 8, 8, 8, 8, 8, 5, 5, 5, 5, 5, 5, 4, 4, 4, 4, 9, 9, 9, 9, 9, 9, 4, 4, 0, 0, 2, 2, 2, 2, 4, 4, 8, 8, 8, 8, 8, 8, 4, 4, 4, 4, 5, 5]
[5, 5, 5, 5, 8, 8, 8, 8, 8, 8, 5, 5, 2, 2, 2, 2, 0, 0, 5, 5, 8, 8, 8, 8, 8, 8, 5, 5, 5, 5, 5, 5, 4, 4, 4, 4, 9, 9, 9, 9, 9, 9, 4, 4, 0, 0, 2, 2, 2, 2, 4, 4, 8, 8, 8, 8, 8, 8, 4, 4, 4, 4, 5, 5]
[5, 5, 5, 5, 5, 5, 5, 5, 5, 5, 5, 5, 5, 5, 5, 5, 5, 5, 5, 5, 5, 5, 5, 5, 5, 5, 5, 5, 5, 5, 5, 5, 4, 4, 4, 4, 4, 4, 4, 4, 4, 4, 4, 4, 4, 4, 4, 4, 4, 4, 4, 4, 4, 4, 4, 4, 4, 4, 4, 4, 4, 4, 5, 5]
[5, 5, 5, 5, 5, 5, 5, 5, 5, 5, 5, 5, 5, 5, 5, 5, 5, 5, 5, 5, 5, 5, 5, 5, 5, 5, 5, 5, 5, 5, 5, 5, 4, 4, 4, 4, 4, 4, 4, 4, 4, 4, 4, 4, 4, 4, 4, 4, 4, 4, 4, 4, 4, 4, 4, 4, 4, 4, 4, 4, 4, 4, 5, 5]
[5, 5, 5, 5, 9, 9, 9, 9, 9, 9, 5, 5, 9, 9, 9, 9, 9, 9, 5, 5, 8, 8, 8, 8, 8, 8, 5, 5, 5, 5, 5, 5, 4, 4, 4, 4, 8, 8, 8, 8, 8, 8, 4, 4, 9, 9, 9, 9, 9, 9, 4, 4, 9, 9, 9, 9, 9, 9, 4, 4, 4, 4, 5, 5]
[5, 5, 5, 5, 9, 9, 9, 9, 9, 9, 5, 5, 9, 9, 9, 9, 9, 9, 5, 5, 8, 8, 8, 8, 8, 8, 5, 5, 5, 5, 5, 5, 4, 4, 4, 4, 8, 8, 8, 8, 8, 8, 4, 4, 9, 9, 9, 9, 9, 9, 4, 4, 9, 9, 9, 9, 9, 9, 4, 4, 4, 4, 5, 5]
[5, 5, 5, 5, 9, 9, 9, 9, 9, 9, 5, 5, 9, 9, 9, 9, 9, 9, 5, 5, 8, 8, 8, 8, 8, 8, 5, 5, 5, 5, 5, 5, 4, 4, 4, 4, 8, 8, 8, 8, 8, 8, 4, 4, 9, 9, 9, 9, 9, 9, 4, 4, 9, 9, 9, 9, 9, 9, 4, 4, 4, 4, 5, 5]
[5, 5, 5, 5, 9, 9, 9, 9, 9, 9, 5, 5, 9, 9, 9, 9, 9, 9, 5, 5, 8, 8, 8, 8, 8, 8, 5, 5, 5, 5, 5, 5, 4, 4, 4, 4, 8, 8, 8, 8, 8, 8, 4, 4, 9, 9, 9, 9, 9, 9, 4, 4, 9, 9, 9, 9, 9, 9, 4, 4, 4, 4, 5, 5]
[5, 5, 5, 5, 9, 9, 9, 9, 9, 9, 5, 5, 9, 9, 9, 9, 9, 9, 5, 5, 8, 8, 8, 8, 8, 8, 5, 5, 5, 5, 5, 5, 2, 2, 4, 4, 8, 8, 8, 8, 8, 8, 4, 4, 9, 9, 9, 9, 9, 9, 4, 4, 9, 9, 9, 9, 9, 9, 4, 4, 2, 2, 5, 5]
[5, 5, 5, 5, 9, 9, 9, 9, 9, 9, 5, 5, 9, 9, 9, 9, 9, 9, 5, 5, 8, 8, 8, 8, 8, 8, 5, 5, 5, 5, 5, 5, 2, 2, 4, 4, 8, 8, 8, 8, 8, 8, 4, 4, 9, 9, 9, 9, 9, 9, 4, 4, 9, 9, 9, 9, 9, 9, 4, 4, 2, 2, 5, 5]
[5, 5, 5, 5, 5, 5, 5, 5, 5, 5, 5, 5, 5, 5, 5, 5, 5, 5, 5, 5, 5, 5, 5, 5, 5, 5, 5, 5, 5, 5, 5, 5, 2, 2, 4, 4, 4, 4, 4, 4, 4, 4, 4, 4, 4, 4, 4, 4, 4, 4, 4, 4, 4, 4, 4, 4, 4, 4, 4, 4, 2, 2, 5, 5]
[5, 5, 5, 5, 5, 5, 5, 5, 5, 5, 5, 5, 5, 5, 5, 5, 5, 5, 5, 5, 5, 5, 5, 5, 5, 5, 5, 5, 5, 5, 5, 5, 2, 2, 4, 4, 4, 4, 4, 4, 4, 4, 4, 4, 4, 4, 4, 4, 4, 4, 4, 4, 4, 4, 4, 4, 4, 4, 4, 4, 2, 2, 5, 5]
[5, 5, 5, 5, 5, 5, 5, 5, 5, 5, 5, 5, 5, 5, 5, 5, 5, 5, 5, 5, 5, 5, 5, 5, 5, 5, 5, 5, 5, 5, 5, 5, 2, 2, 2, 2, 2, 2, 4, 4, 4, 4, 4, 4, 4, 4, 4, 4, 4, 4, 4, 4, 4, 4, 4, 4, 2, 2, 2, 2, 2, 2, 5, 5]
[5, 5, 5, 5, 5, 5, 5, 5, 5, 5, 5, 5, 5, 5, 5, 5, 5, 5, 5, 5, 5, 5, 5, 5, 5, 5, 5, 5, 5, 5, 5, 5, 2, 2, 2, 2, 2, 2, 4, 4, 4, 4, 4, 4, 4, 4, 4, 4, 4, 4, 4, 4, 4, 4, 4, 4, 2, 2, 2, 2, 2, 2, 5, 5]
[5, 5, 5, 5, 5, 5, 5, 5, 5, 5, 5, 5, 5, 5, 5, 5, 5, 5, 5, 5, 5, 5, 5, 5, 5, 5, 5, 5, 5, 5, 5, 5, 5, 5, 5, 5, 5, 5, 5, 5, 5, 5, 5, 5, 5, 5, 5, 5, 5, 5, 5, 5, 5, 5, 5, 5, 5, 5, 5, 5, 5, 5, 5, 5]
[12, 12, 12, 12, 12, 12, 11, 11, 11, 11, 11, 11, 11, 11, 11, 11, 11, 11, 11, 11, 11, 11, 11, 11, 11, 11, 11, 11, 11, 11, 11, 11, 11, 11, 11, 11, 11, 11, 11, 11, 11, 11, 11, 11, 11, 11, 11, 11, 11, 11, 11, 11, 11, 11, 11, 11, 11, 11, 11, 11, 11, 11, 11, 11]
</grid_0>
",,0.0,False
30,,manual,"State: NOT_FINISHED
Levels completed: 0/6
Action count: 30

========== Start of Direct Observation ==========
<grid_0>
[5, 5, 5, 5, 5, 5, 5, 5, 5, 5, 5, 5, 5, 5, 5, 5, 5, 5, 5, 5, 5, 5, 5, 5, 5, 5, 5, 5, 5, 5, 5, 5, 5, 5, 5, 5, 5, 5, 5, 5, 5, 5, 5, 5, 5, 5, 5, 5, 5, 5, 5, 5, 5, 5, 5, 5, 5, 5, 5, 5, 5, 5, 5, 5]
[5, 5, 5, 5, 5, 5, 5, 5, 5, 5, 5, 5, 5, 5, 5, 5, 5, 5, 5, 5, 5, 5, 5, 5, 5, 5, 5, 5, 5, 5, 5, 5, 5, 5, 5, 5, 5, 5, 5, 5, 5, 5, 5, 5, 5, 5, 5, 5, 5, 5, 5, 5, 5, 5, 5, 5, 5, 5, 5, 5, 5, 5, 5, 5]
[5, 5, 5, 5, 9, 9, 9, 9, 9, 9, 5, 5, 8, 8, 8, 8, 8, 8, 5, 5, 9, 9, 9, 9, 9, 9, 5, 5, 5, 5, 5, 5, 5, 5, 5, 5, 5, 5, 9, 9, 9, 9, 9, 9, 5, 5, 8, 8, 8, 8, 8, 8, 5, 5, 9, 9, 9, 9, 9, 9, 5, 5, 5, 5]
[5, 5, 5, 5, 9, 9, 9, 9, 9, 9, 5, 5, 8, 8, 8, 8, 8, 8, 5, 5, 9, 9, 9, 9, 9, 9, 5, 5, 5, 5, 5, 5, 5, 5, 5, 5, 5, 5, 9, 9, 9, 9, 9, 9, 5, 5, 8, 8, 8, 8, 8, 8, 5, 5, 9, 9, 9, 9, 9, 9, 5, 5, 5, 5]
[5, 5, 5, 5, 9, 9, 9, 9, 9, 9, 5, 5, 8, 8, 8, 8, 8, 8, 5, 5, 9, 9, 9, 9, 9, 9, 5, 5, 5, 5, 5, 5, 5, 5, 5, 5, 5, 5, 9, 9, 9, 9, 9, 9, 5, 5, 8, 8, 8, 8, 8, 8, 5, 5, 9, 9, 9, 9, 9, 9, 5, 5, 5, 5]
[5, 5, 5, 5, 9, 9, 9, 9, 9, 9, 5, 5, 8, 8, 8, 8, 8, 8, 5, 5, 9, 9, 9, 9, 9, 9, 5, 5, 5, 5, 5, 5, 5, 5, 5, 5, 5, 5, 9, 9, 9, 9, 9, 9, 5, 5, 8, 8, 8, 8, 8, 8, 5, 5, 9, 9, 9, 9, 9, 9, 5, 5, 5, 5]
[5, 5, 5, 5, 9, 9, 9, 9, 9, 9, 5, 5, 8, 8, 8, 8, 8, 8, 5, 5, 9, 9, 9, 9, 9, 9, 5, 5, 5, 5, 5, 5, 5, 5, 5, 5, 5, 5, 9, 9, 9, 9, 9, 9, 5, 5, 8, 8, 8, 8, 8, 8, 5, 5, 9, 9, 9, 9, 9, 9, 5, 5, 5, 5]
[5, 5, 5, 5, 9, 9, 9, 9, 9, 9, 5, 5, 8, 8, 8, 8, 8, 8, 5, 5, 9, 9, 9, 9, 9, 9, 5, 5, 5, 5, 5, 5, 5, 5, 5, 5, 5, 5, 9, 9, 9, 9, 9, 9, 5, 5, 8, 8, 8, 8, 8, 8, 5, 5, 9, 9, 9, 9, 9, 9, 5, 5, 5, 5]
[5, 5, 5, 5, 5, 5, 5, 5, 5, 5, 5, 5, 5, 5, 5, 5, 5, 5, 5, 5, 5, 5, 5, 5, 5, 5, 5, 5, 5, 5, 5, 5, 5, 5, 5, 5, 5, 5, 5, 5, 5, 5, 5, 5, 5, 5, 5, 5, 5, 5, 5, 5, 5, 5, 5, 5, 5, 5, 5, 5, 5, 5, 5, 5]
[5, 5, 5, 5, 5, 5, 5, 5, 5, 5, 5, 5, 5, 5, 5, 5, 5, 5, 5, 5, 5, 5, 5, 5, 5, 5, 5, 5, 5, 5, 5, 5, 5, 5, 5, 5, 5, 5, 5, 5, 5, 5, 5, 5, 5, 5, 5, 5, 5, 5, 5, 5, 5, 5, 5, 5, 5, 5, 5, 5, 5, 5, 5, 5]
[5, 5, 5, 5, 8, 8, 8, 8, 8, 8, 5, 5, 2, 2, 0, 0, 2, 2, 5, 5, 9, 9, 9, 9, 9, 9, 5, 5, 5, 5, 5, 5, 5, 5, 5, 5, 5, 5, 8, 8, 8, 8, 8, 8, 5, 5, 2, 2, 0, 0, 2, 2, 5, 5, 8, 8, 8, 8, 8, 8, 5, 5, 5, 5]
[5, 5, 5, 5, 8, 8, 8, 8, 8, 8, 5, 5, 2, 2, 0, 0, 2, 2, 5, 5, 9, 9, 9, 9, 9, 9, 5, 5, 5, 5, 5, 5, 5, 5, 5, 5, 5, 5, 8, 8, 8, 8, 8, 8, 5, 5, 2, 2, 0, 0, 2, 2, 5, 5, 8, 8, 8, 8, 8, 8, 5, 5, 5, 5]
[5, 5, 5, 5, 8, 8, 8, 8, 8, 8, 5, 5, 0, 0, 8, 8, 2, 2, 5, 5, 9, 9, 9, 9, 9, 9, 5, 5, 5, 5, 5, 5, 5, 5, 5, 5, 5, 5, 8, 8, 8, 8, 8, 8, 5, 5, 0, 0, 8, 8, 0, 0, 5, 5, 8, 8, 8, 8, 8, 8, 5, 5, 5, 5]
[5, 5, 5, 5, 8, 8, 8, 8, 8, 8, 5, 5, 0, 0, 8, 8, 2, 2, 5, 5, 9, 9, 9, 9, 9, 9, 5, 5, 5, 5, 5, 5, 5, 5, 5, 5, 5, 5, 8, 8, 8, 8, 8, 8, 5, 5, 0, 0, 8, 8, 0, 0, 5, 5, 8, 8, 8, 8, 8, 8, 5, 5, 5, 5]
[5, 5, 5, 5, 8, 8, 8, 8, 8, 8, 5, 5, 2, 2, 0, 0, 0, 0, 5, 5, 9, 9, 9, 9, 9, 9, 5, 5, 5, 5, 5, 5, 5, 5, 5, 5, 5, 5, 8, 8, 8, 8, 8, 8, 5, 5, 2, 2, 0, 0, 2, 2, 5, 5, 8, 8, 8, 8, 8, 8, 5, 5, 5, 5]
[5, 5, 5, 5, 8, 8, 8, 8, 8, 8, 5, 5, 2, 2, 0, 0, 0, 0, 5, 5, 9, 9, 9, 9, 9, 9, 5, 5, 5, 5, 5, 5, 5, 5, 5, 5, 5, 5, 8, 8, 8, 8, 8, 8, 5, 5, 2, 2, 0, 0, 2, 2, 5, 5, 8, 8, 8, 8, 8, 8, 5, 5, 5, 5]
[5, 5, 5, 5, 5, 5, 5, 5, 5, 5, 5, 5, 5, 5, 5, 5, 5, 5, 5, 5, 5, 5, 5, 5, 5, 5, 5, 5, 5, 5, 5, 5, 5, 5, 5, 5, 5, 5, 5, 5, 5, 5, 5, 5, 5, 5, 5, 5, 5, 5, 5, 5, 5, 5, 5, 5, 5, 5, 5, 5, 5, 5, 5, 5]
[5, 5, 5, 5, 5, 5, 5, 5, 5, 5, 5, 5, 5, 5, 5, 5, 5, 5, 5, 5, 5, 5, 5, 5, 5, 5, 5, 5, 5, 5, 5, 5, 5, 5, 5, 5, 5, 5, 5, 5, 5, 5, 5, 5, 5, 5, 5, 5, 5, 5, 5, 5, 5, 5, 5, 5, 5, 5, 5, 5, 5, 5, 5, 5]
[5, 5, 5, 5, 9, 9, 9, 9, 9, 9, 5, 5, 8, 8, 8, 8, 8, 8, 5, 5, 8, 8, 8, 8, 8, 8, 5, 5, 5, 5, 5, 5, 5, 5, 5, 5, 5, 5, 9, 9, 9, 9, 9, 9, 5, 5, 8, 8, 8, 8, 8, 8, 5, 5, 9, 9, 9, 9, 9, 9, 5, 5, 5, 5]
[5, 5, 5, 5, 9, 9, 9, 9, 9, 9, 5, 5, 8, 8, 8, 8, 8, 8, 5, 5, 8, 8, 8, 8, 8, 8, 5, 5, 5, 5, 5, 5, 5, 5, 5, 5, 5, 5, 9, 9, 9, 9, 9, 9, 5, 5, 8, 8, 8, 8, 8, 8, 5, 5, 9, 9, 9, 9, 9, 9, 5, 5, 5, 5]
[5, 5, 5, 5, 9, 9, 9, 9, 9, 9, 5, 5, 8, 8, 8, 8, 8, 8, 5, 5, 8, 8, 8, 8, 8, 8, 5, 5, 5, 5, 5, 5, 5, 5, 5, 5, 5, 5, 9, 9, 9, 9, 9, 9, 5, 5, 8, 8, 8, 8, 8, 8, 5, 5, 9, 9, 9, 9, 9, 9, 5, 5, 5, 5]
[5, 5, 5, 5, 9, 9, 9, 9, 9, 9, 5, 5, 8, 8, 8, 8, 8, 8, 5, 5, 8, 8, 8, 8, 8, 8, 5, 5, 5, 5, 5, 5, 5, 5, 5, 5, 5, 5, 9, 9, 9, 9, 9, 9, 5, 5, 8, 8, 8, 8, 8, 8, 5, 5, 9, 9, 9, 9, 9, 9, 5, 5, 5, 5]
[5, 5, 5, 5, 9, 9, 9, 9, 9, 9, 5, 5, 8, 8, 8, 8, 8, 8, 5, 5, 8, 8, 8, 8, 8, 8, 5, 5, 5, 5, 5, 5, 5, 5, 5, 5, 5, 5, 9, 9, 9, 9, 9, 9, 5, 5, 8, 8, 8, 8, 8, 8, 5, 5, 9, 9, 9, 9, 9, 9, 5, 5, 5, 5]
[5, 5, 5, 5, 9, 9, 9, 9, 9, 9, 5, 5, 8, 8, 8, 8, 8, 8, 5, 5, 8, 8, 8, 8, 8, 8, 5, 5, 5, 5, 5, 5, 5, 5, 5, 5, 5, 5, 9, 9, 9, 9, 9, 9, 5, 5, 8, 8, 8, 8, 8, 8, 5, 5, 9, 9, 9, 9, 9, 9, 5, 5, 5, 5]
[5, 5, 5, 5, 5, 5, 5, 5, 5, 5, 5, 5, 5, 5, 5, 5, 5, 5, 5, 5, 5, 5, 5, 5, 5, 5, 5, 5, 5, 5, 5, 5, 5, 5, 5, 5, 5, 5, 5, 5, 5, 5, 5, 5, 5, 5, 5, 5, 5, 5, 5, 5, 5, 5, 5, 5, 5, 5, 5, 5, 5, 5, 5, 5]
[5, 5, 5, 5, 5, 5, 5, 5, 5, 5, 5, 5, 5, 5, 5, 5, 5, 5, 5, 5, 5, 5, 5, 5, 5, 5, 5, 5, 5, 5, 5, 5, 5, 5, 5, 5, 5, 5, 5, 5, 5, 5, 5, 5, 5, 5, 5, 5, 5, 5, 5, 5, 5, 5, 5, 5, 5, 5, 5, 5, 5, 5, 5, 5]
[5, 5, 5, 5, 5, 5, 5, 5, 5, 5, 5, 5, 5, 5, 5, 5, 5, 5, 5, 5, 5, 5, 5, 5, 5, 5, 5, 5, 5, 5, 5, 5, 5, 5, 5, 5, 5, 5, 5, 5, 5, 5, 5, 5, 5, 5, 5, 5, 5, 5, 5, 5, 5, 5, 5, 5, 5, 5, 5, 5, 5, 5, 5, 5]
[5, 5, 5, 5, 5, 5, 5, 5, 5, 5, 5, 5, 5, 5, 5, 5, 5, 5, 5, 5, 5, 5, 5, 5, 5, 5, 5, 5, 5, 5, 5, 5, 5, 5, 5, 5, 5, 5, 5, 5, 5, 5, 5, 5, 5, 5, 5, 5, 5, 5, 5, 5, 5, 5, 5, 5, 5, 5, 5, 5, 5, 5, 5, 5]
[5, 5, 5, 5, 5, 5, 5, 5, 5, 5, 5, 5, 5, 5, 5, 5, 5, 5, 5, 5, 5, 5, 5, 5, 5, 5, 5, 5, 5, 5, 5, 5, 5, 5, 5, 5, 5, 5, 5, 5, 5, 5, 5, 5, 5, 5, 5, 5, 5, 5, 5, 5, 5, 5, 5, 5, 5, 5, 5, 5, 5, 5, 5, 5]
[5, 5, 5, 5, 5, 5, 5, 5, 5, 5, 5, 5, 5, 5, 5, 5, 5, 5, 5, 5, 5, 5, 5, 5, 5, 5, 5, 5, 5, 5, 5, 5, 5, 5, 5, 5, 5, 5, 5, 5, 5, 5, 5, 5, 5, 5, 5, 5, 5, 5, 5, 5, 5, 5, 5, 5, 5, 5, 5, 5, 5, 5, 5, 5]
[5, 5, 5, 5, 5, 5, 5, 5, 5, 5, 5, 5, 5, 5, 5, 5, 5, 5, 5, 5, 5, 5, 5, 5, 5, 5, 5, 5, 5, 5, 5, 5, 5, 5, 5, 5, 5, 5, 5, 5, 5, 5, 5, 5, 5, 5, 5, 5, 5, 5, 5, 5, 5, 5, 5, 5, 5, 5, 5, 5, 5, 5, 5, 5]
[5, 5, 5, 5, 5, 5, 5, 5, 5, 5, 5, 5, 5, 5, 5, 5, 5, 5, 5, 5, 5, 5, 5, 5, 5, 5, 5, 5, 5, 5, 5, 5, 5, 5, 5, 5, 5, 5, 5, 5, 5, 5, 5, 5, 5, 5, 5, 5, 5, 5, 5, 5, 5, 5, 5, 5, 5, 5, 5, 5, 5, 5, 5, 5]
[5, 5, 5, 5, 5, 5, 5, 5, 5, 5, 5, 5, 5, 5, 5, 5, 5, 5, 5, 5, 5, 5, 5, 5, 5, 5, 5, 5, 5, 5, 5, 5, 2, 2, 2, 2, 2, 2, 4, 4, 4, 4, 4, 4, 4, 4, 4, 4, 4, 4, 4, 4, 4, 4, 4, 4, 2, 2, 2, 2, 2, 2, 5, 5]
[5, 5, 5, 5, 5, 5, 5, 5, 5, 5, 5, 5, 5, 5, 5, 5, 5, 5, 5, 5, 5, 5, 5, 5, 5, 5, 5, 5, 5, 5, 5, 5, 2, 2, 2, 2, 2, 2, 4, 4, 4, 4, 4, 4, 4, 4, 4, 4, 4, 4, 4, 4, 4, 4, 4, 4, 2, 2, 2, 2, 2, 2, 5, 5]
[5, 5, 5, 5, 5, 5, 5, 5, 5, 5, 5, 5, 5, 5, 5, 5, 5, 5, 5, 5, 5, 5, 5, 5, 5, 5, 5, 5, 5, 5, 5, 5, 2, 2, 4, 4, 4, 4, 4, 4, 4, 4, 4, 4, 4, 4, 4, 4, 4, 4, 4, 4, 4, 4, 4, 4, 4, 4, 4, 4, 2, 2, 5, 5]
[5, 5, 5, 5, 5, 5, 5, 5, 5, 5, 5, 5, 5, 5, 5, 5, 5, 5, 5, 5, 5, 5, 5, 5, 5, 5, 5, 5, 5, 5, 5, 5, 2, 2, 4, 4, 4, 4, 4, 4, 4, 4, 4, 4, 4, 4, 4, 4, 4, 4, 4, 4, 4, 4, 4, 4, 4, 4, 4, 4, 2, 2, 5, 5]
[5, 5, 5, 5, 8, 8, 8, 8, 8, 8, 5, 5, 9, 9, 9, 9, 9, 9, 5, 5, 9, 9, 9, 9, 9, 9, 5, 5, 5, 5, 5, 5, 2, 2, 4, 4, 9, 9, 9, 9, 9, 9, 4, 4, 9, 9, 9, 9, 9, 9, 4, 4, 9, 9, 9, 9, 9, 9, 4, 4, 2, 2, 5, 5]
[5, 5, 5, 5, 8, 8, 8, 8, 8, 8, 5, 5, 9, 9, 9, 9, 9, 9, 5, 5, 9, 9, 9, 9, 9, 9, 5, 5, 5, 5, 5, 5, 2, 2, 4, 4, 9, 9, 9, 9, 9, 9, 4, 4, 9, 9, 9, 9, 9, 9, 4, 4, 9, 9, 9, 9, 9, 9, 4, 4, 2, 2, 5, 5]
[5, 5, 5, 5, 8, 8, 8, 8, 8, 8, 5, 5, 9, 9, 9, 9, 9, 9, 5, 5, 9, 9, 9, 9, 9, 9, 5, 5, 5, 5, 5, 5, 4, 4, 4, 4, 9, 9, 9, 9, 9, 9, 4, 4, 9, 9, 9, 9, 9, 9, 4, 4, 9, 9, 9, 9, 9, 9, 4, 4, 4, 4, 5, 5]
[5, 5, 5, 5, 8, 8, 8, 8, 8, 8, 5, 5, 9, 9, 9, 9, 9, 9, 5, 5, 9, 9, 9, 9, 9, 9, 5, 5, 5, 5, 5, 5, 4, 4, 4, 4, 9, 9, 9, 9, 9, 9, 4, 4, 9, 9, 9, 9, 9, 9, 4, 4, 9, 9, 9, 9, 9, 9, 4, 4, 4, 4, 5, 5]
[5, 5, 5, 5, 8, 8, 8, 8, 8, 8, 5, 5, 9, 9, 9, 9, 9, 9, 5, 5, 9, 9, 9, 9, 9, 9, 5, 5, 5, 5, 5, 5, 4, 4, 4, 4, 9, 9, 9, 9, 9, 9, 4, 4, 9, 9, 9, 9, 9, 9, 4, 4, 9, 9, 9, 9, 9, 9, 4, 4, 4, 4, 5, 5]
[5, 5, 5, 5, 8, 8, 8, 8, 8, 8, 5, 5, 9, 9, 9, 9, 9, 9, 5, 5, 9, 9, 9, 9, 9, 9, 5, 5, 5, 5, 5, 5, 4, 4, 4, 4, 9, 9, 9, 9, 9, 9, 4, 4, 9, 9, 9, 9, 9, 9, 4, 4, 9, 9, 9, 9, 9, 9, 4, 4, 4, 4, 5, 5]
[5, 5, 5, 5, 5, 5, 5, 5, 5, 5, 5, 5, 5, 5, 5, 5, 5, 5, 5, 5, 5, 5, 5, 5, 5, 5, 5, 5, 5, 5, 5, 5, 4, 4, 4, 4, 4, 4, 4, 4, 4, 4, 4, 4, 4, 4, 4, 4, 4, 4, 4, 4, 4, 4, 4, 4, 4, 4, 4, 4, 4, 4, 5, 5]
[5, 5, 5, 5, 5, 5, 5, 5, 5, 5, 5, 5, 5, 5, 5, 5, 5, 5, 5, 5, 5, 5, 5, 5, 5, 5, 5, 5, 5, 5, 5, 5, 4, 4, 4, 4, 4, 4, 4, 4, 4, 4, 4, 4, 4, 4, 4, 4, 4, 4, 4, 4, 4, 4, 4, 4, 4, 4, 4, 4, 4, 4, 5, 5]
[5, 5, 5, 5, 8, 8, 8, 8, 8, 8, 5, 5, 0, 0, 2, 2, 2, 2, 5, 5, 8, 8, 8, 8, 8, 8, 5, 5, 5, 5, 5, 5, 4, 4, 4, 4, 9, 9, 9, 9, 9, 9, 4, 4, 0, 0, 2, 2, 2, 2, 4, 4, 8, 8, 8, 8, 8, 8, 4, 4, 4, 4, 5, 5]
[5, 5, 5, 5, 8, 8, 8, 8, 8, 8, 5, 5, 0, 0, 2, 2, 2, 2, 5, 5, 8, 8, 8, 8, 8, 8, 5, 5, 5, 5, 5, 5, 4, 4, 4, 4, 9, 9, 9, 9, 9, 9, 4, 4, 0, 0, 2, 2, 2, 2, 4, 4, 8, 8, 8, 8, 8, 8, 4, 4, 4, 4, 5, 5]
[5, 5, 5, 5, 8, 8, 8, 8, 8, 8, 5, 5, 0, 0, 8, 8, 0, 0, 5, 5, 8, 8, 8, 8, 8, 8, 5, 5, 5, 5, 5, 5, 4, 4, 4, 4, 9, 9, 9, 9, 9, 9, 4, 4, 0, 0, 8, 8, 0, 0, 4, 4, 8, 8, 8, 8, 8, 8, 4, 4, 4, 4, 5, 5]
[5, 5, 5, 5, 8, 8, 8, 8, 8, 8, 5, 5, 0, 0, 8, 8, 0, 0, 5, 5, 8, 8, 8, 8, 8, 8, 5, 5, 5, 5, 5, 5, 4, 4, 4, 4, 9, 9, 9, 9, 9, 9, 4, 4, 0, 0, 8, 8, 0, 0, 4, 4, 8, 8, 8, 8, 8, 8, 4, 4, 4, 4, 5, 5]
[5, 5, 5, 5, 8, 8, 8, 8, 8, 8, 5, 5, 2, 2, 2, 2, 0, 0, 5, 5, 8, 8, 8, 8, 8, 8, 5, 5, 5, 5, 5, 5, 4, 4, 4, 4, 9, 9, 9, 9, 9, 9, 4, 4, 0, 0, 2, 2, 2, 2, 4, 4, 8, 8, 8, 8, 8, 8, 4, 4, 4, 4, 5, 5]
[5, 5, 5, 5, 8, 8, 8, 8, 8, 8, 5, 5, 2, 2, 2, 2, 0, 0, 5, 5, 8, 8, 8, 8, 8, 8, 5, 5, 5, 5, 5, 5, 4, 4, 4, 4, 9, 9, 9, 9, 9, 9, 4, 4, 0, 0, 2, 2, 2, 2, 4, 4, 8, 8, 8, 8, 8, 8, 4, 4, 4, 4, 5, 5]
[5, 5, 5, 5, 5, 5, 5, 5, 5, 5, 5, 5, 5, 5, 5, 5, 5, 5, 5, 5, 5, 5, 5, 5, 5, 5, 5, 5, 5, 5, 5, 5, 4, 4, 4, 4, 4, 4, 4, 4, 4, 4, 4, 4, 4, 4, 4, 4, 4, 4, 4, 4, 4, 4, 4, 4, 4, 4, 4, 4, 4, 4, 5, 5]
[5, 5, 5, 5, 5, 5, 5, 5, 5, 5, 5, 5, 5, 5, 5, 5, 5, 5, 5, 5, 5, 5, 5, 5, 5, 5, 5, 5, 5, 5, 5, 5, 4, 4, 4, 4, 4, 4, 4, 4, 4, 4, 4, 4, 4, 4, 4, 4, 4, 4, 4, 4, 4, 4, 4, 4, 4, 4, 4, 4, 4, 4, 5, 5]
[5, 5, 5, 5, 9, 9, 9, 9, 9, 9, 5, 5, 9, 9, 9, 9, 9, 9, 5, 5, 8, 8, 8, 8, 8, 8, 5, 5, 5, 5, 5, 5, 4, 4, 4, 4, 8, 8, 8, 8, 8, 8, 4, 4, 9, 9, 9, 9, 9, 9, 4, 4, 9, 9, 9, 9, 9, 9, 4, 4, 4, 4, 5, 5]
[5, 5, 5, 5, 9, 9, 9, 9, 9, 9, 5, 5, 9, 9, 9, 9, 9, 9, 5, 5, 8, 8, 8, 8, 8, 8, 5, 5, 5, 5, 5, 5, 4, 4, 4, 4, 8, 8, 8, 8, 8, 8, 4, 4, 9, 9, 9, 9, 9, 9, 4, 4, 9, 9, 9, 9, 9, 9, 4, 4, 4, 4, 5, 5]
[5, 5, 5, 5, 9, 9, 9, 9, 9, 9, 5, 5, 9, 9, 9, 9, 9, 9, 5, 5, 8, 8, 8, 8, 8, 8, 5, 5, 5, 5, 5, 5, 4, 4, 4, 4, 8, 8, 8, 8, 8, 8, 4, 4, 9, 9, 9, 9, 9, 9, 4, 4, 9, 9, 9, 9, 9, 9, 4, 4, 4, 4, 5, 5]
[5, 5, 5, 5, 9, 9, 9, 9, 9, 9, 5, 5, 9, 9, 9, 9, 9, 9, 5, 5, 8, 8, 8, 8, 8, 8, 5, 5, 5, 5, 5, 5, 4, 4, 4, 4, 8, 8, 8, 8, 8, 8, 4, 4, 9, 9, 9, 9, 9, 9, 4, 4, 9, 9, 9, 9, 9, 9, 4, 4, 4, 4, 5, 5]
[5, 5, 5, 5, 9, 9, 9, 9, 9, 9, 5, 5, 9, 9, 9, 9, 9, 9, 5, 5, 8, 8, 8, 8, 8, 8, 5, 5, 5, 5, 5, 5, 2, 2, 4, 4, 8, 8, 8, 8, 8, 8, 4, 4, 9, 9, 9, 9, 9, 9, 4, 4, 9, 9, 9, 9, 9, 9, 4, 4, 2, 2, 5, 5]
[5, 5, 5, 5, 9, 9, 9, 9, 9, 9, 5, 5, 9, 9, 9, 9, 9, 9, 5, 5, 8, 8, 8, 8, 8, 8, 5, 5, 5, 5, 5, 5, 2, 2, 4, 4, 8, 8, 8, 8, 8, 8, 4, 4, 9, 9, 9, 9, 9, 9, 4, 4, 9, 9, 9, 9, 9, 9, 4, 4, 2, 2, 5, 5]
[5, 5, 5, 5, 5, 5, 5, 5, 5, 5, 5, 5, 5, 5, 5, 5, 5, 5, 5, 5, 5, 5, 5, 5, 5, 5, 5, 5, 5, 5, 5, 5, 2, 2, 4, 4, 4, 4, 4, 4, 4, 4, 4, 4, 4, 4, 4, 4, 4, 4, 4, 4, 4, 4, 4, 4, 4, 4, 4, 4, 2, 2, 5, 5]
[5, 5, 5, 5, 5, 5, 5, 5, 5, 5, 5, 5, 5, 5, 5, 5, 5, 5, 5, 5, 5, 5, 5, 5, 5, 5, 5, 5, 5, 5, 5, 5, 2, 2, 4, 4, 4, 4, 4, 4, 4, 4, 4, 4, 4, 4, 4, 4, 4, 4, 4, 4, 4, 4, 4, 4, 4, 4, 4, 4, 2, 2, 5, 5]
[5, 5, 5, 5, 5, 5, 5, 5, 5, 5, 5, 5, 5, 5, 5, 5, 5, 5, 5, 5, 5, 5, 5, 5, 5, 5, 5, 5, 5, 5, 5, 5, 2, 2, 2, 2, 2, 2, 4, 4, 4, 4, 4, 4, 4, 4, 4, 4, 4, 4, 4, 4, 4, 4, 4, 4, 2, 2, 2, 2, 2, 2, 5, 5]
[5, 5, 5, 5, 5, 5, 5, 5, 5, 5, 5, 5, 5, 5, 5, 5, 5, 5, 5, 5, 5, 5, 5, 5, 5, 5, 5, 5, 5, 5, 5, 5, 2, 2, 2, 2, 2, 2, 4, 4, 4, 4, 4, 4, 4, 4, 4, 4, 4, 4, 4, 4, 4, 4, 4, 4, 2, 2, 2, 2, 2, 2, 5, 5]
[5, 5, 5, 5, 5, 5, 5, 5, 5, 5, 5, 5, 5, 5, 5, 5, 5, 5, 5, 5, 5, 5, 5, 5, 5, 5, 5, 5, 5, 5, 5, 5, 5, 5, 5, 5, 5, 5, 5, 5, 5, 5, 5, 5, 5, 5, 5, 5, 5, 5, 5, 5, 5, 5, 5, 5, 5, 5, 5, 5, 5, 5, 5, 5]
[12, 12, 12, 12, 11, 11, 11, 11, 11, 11, 11, 11, 11, 11, 11, 11, 11, 11, 11, 11, 11, 11, 11, 11, 11, 11, 11, 11, 11, 11, 11, 11, 11, 11, 11, 11, 11, 11, 11, 11, 11, 11, 11, 11, 11, 11, 11, 11, 11, 11, 11, 11, 11, 11, 11, 11, 11, 11, 11, 11, 11, 11, 11, 11]
</grid_0>
",,0.0,True
